date,crime_group,count,domestic_count,arrest_count,domestic_rate,arrest_rate,avg_dist,avg_max_dist,avg_cm_area,avg_total_area,avg_cm_len,total_cm_len,avg_pct_housing,avg_pct_below_pvty,avg_pct_unemployed,avg_pct_without_hsd,avg_pct_dependents,avg_per_capita_income,avg_hardship_index
2022-01-01,ASLT,385,168,67,0.43636363636363634,0.17402597402597403,2.214930258794712,26.23792324339294,92.66925835247605,758.2972125030483,45.63956225911289,383.25591200146704,0.056488311688311685,0.2555298701298701,0.17889870129870128,0.21623376623376622,0.3576961038961039,24638.457142857143,57.311688311688314
2022-01-01,THFT,271,20,11,0.07380073800738007,0.04059040590405904,2.1938473057699666,26.016692895102974,88.5882909827881,753.6920991578664,45.14434038499846,389.5351370418845,0.04423247232472324,0.2217822878228782,0.14579335793357934,0.17265313653136533,0.3203284132841328,34800.881918819185,43.2029520295203
2022-01-02,ASLT,192,74,27,0.3854166666666667,0.140625,2.2623878222050084,26.807017567036592,91.95710660083238,786.937100584575,45.425811662631936,395.98193613214374,0.05563541666666666,0.24773437499999998,0.17012499999999997,0.20982291666666666,0.35219791666666667,25608.619791666668,55.286458333333336
2022-01-02,THFT,188,6,9,0.031914893617021274,0.047872340425531915,2.334804197141442,26.124523511521986,87.91883645813056,710.4395117478707,45.36960340696184,370.8397160113324,0.04097340425531914,0.205281914893617,0.1372872340425532,0.15382978723404253,0.3076117021276596,37277.05319148936,37.638297872340424
2022-01-03,ASLT,184,63,29,0.3423913043478261,0.15760869565217392,2.337973760063345,27.08464152580646,90.57964878632289,785.944554961751,45.008886831756925,397.78520823361356,0.05394565217391303,0.25790760869565216,0.17657065217391302,0.21023369565217392,0.3573858695652174,23635.309782608696,56.05978260869565
2022-01-03,THFT,205,10,12,0.04878048780487805,0.05853658536585366,2.471411315325666,26.177145597603865,89.49756113289567,740.5541245682381,45.50351691196991,382.39641394182,0.048160975609756095,0.21968780487804876,0.14479512195121952,0.18694146341463413,0.32110731707317075,32083.682926829268,44.79024390243902
2022-01-04,ASLT,199,70,31,0.35175879396984927,0.15577889447236182,2.5732127518498453,27.108498772035727,91.75728100762653,834.0707466740885,45.1583227887345,416.4026386594734,0.054231155778894466,0.2608793969849246,0.18083417085427134,0.21888442211055276,0.3647286432160804,22394.447236180906,58.44221105527638
2022-01-04,THFT,239,12,14,0.0502092050209205,0.058577405857740586,2.3148176952216173,26.732343782951318,85.02584847069197,732.0749258078765,44.47708314068404,386.1695260558439,0.042317991631799154,0.21257740585774057,0.13952719665271968,0.16302928870292888,0.3144351464435146,33952.22175732218,40.38912133891213
2022-01-05,ASLT,165,64,30,0.3878787878787879,0.18181818181818182,2.249108650464354,27.094017021667838,90.26630164541717,748.1082686287054,45.218152115440155,381.2820888018794,0.05153333333333331,0.25525454545454546,0.17944848484848483,0.20649090909090909,0.3533636363636364,23239.654545454545,55.448484848484846
2022-01-05,THFT,218,8,13,0.03669724770642202,0.05963302752293578,2.418789767054732,27.087063250829008,89.75131351863322,769.995442307845,45.515015101868336,398.1293219435128,0.04781651376146788,0.21988990825688073,0.14895871559633028,0.18164678899082567,0.33872477064220186,30014.077981651375,45.69724770642202
2022-01-06,ASLT,193,69,31,0.35751295336787564,0.16062176165803108,2.354103611189871,27.231623448827637,92.58844255014333,815.6805803769342,45.48394993165771,406.9431095079834,0.05125906735751294,0.2616217616580311,0.18738341968911917,0.21464766839378238,0.3684507772020726,22650.17098445596,59.27461139896373
2022-01-06,THFT,248,4,6,0.016129032258064516,0.024193548387096774,2.261788636527658,26.956825654678326,89.34833481589587,730.9369871182347,45.90988705805084,384.4884149294274,0.04352016129032257,0.20888709677419354,0.13666129032258062,0.16368951612903226,0.3134677419354838,34523.709677419356,39.274193548387096
2022-01-07,ASLT,220,83,43,0.37727272727272726,0.19545454545454546,2.2997092128961802,26.35808347181582,91.25220343121866,781.328526639134,45.31084227647608,395.2277218602514,0.052740909090909074,0.25345454545454543,0.17300454545454547,0.2092772727272727,0.3579,24008.03181818182,55.7
2022-01-07,THFT,212,4,13,0.018867924528301886,0.06132075471698113,2.181702161079888,26.378525860221146,89.97190555366109,712.7165505207184,45.95526417280722,372.55097153796794,0.043863207547169804,0.22264150943396224,0.14318396226415092,0.16972169811320756,0.32233962264150945,32841.54245283019,42.556603773584904
2022-01-08,ASLT,180,59,31,0.3277777777777778,0.17222222222222222,2.1828708491959525,26.171768799253165,91.75727635210973,749.6501982506512,45.52317898755603,379.4247007861189,0.05015555555555555,0.25102777777777774,0.17134444444444444,0.20442777777777776,0.3471722222222222,26523.62777777778,53.8
2022-01-08,THFT,206,9,13,0.043689320388349516,0.06310679611650485,2.349647919998431,26.02735303324065,89.1898452873535,734.9929372581572,45.60661903089727,381.9884198881685,0.046082524271844644,0.21827184466019417,0.14509708737864077,0.17586407766990292,0.3196699029126214,34305.8932038835,43.019417475728154
2022-01-09,ASLT,194,87,33,0.4484536082474227,0.17010309278350516,2.2970369197373994,26.624487797943797,97.82179884345018,789.9264055186495,47.337468708719804,395.3203903781335,0.06016494845360823,0.25203092783505154,0.17317525773195874,0.23109793814432988,0.35381958762886595,24242.943298969072,58.20103092783505
2022-01-09,THFT,193,11,12,0.05699481865284974,0.06217616580310881,2.3395118273772058,26.556743488015744,90.69045651668185,740.1270066528533,45.74025418831912,379.97212559219844,0.048191709844559574,0.22403108808290156,0.1425699481865285,0.18215025906735752,0.3220777202072539,32269.24352331606,43.92746113989637
2022-01-10,ASLT,192,81,18,0.421875,0.09375,2.323921254276025,26.701463743299286,94.374924960084,777.9355575417936,46.254752635070766,397.23017864881353,0.049468749999999985,0.26037499999999997,0.18593749999999998,0.20153645833333333,0.3614322916666666,23828.552083333332,56.640625
2022-01-10,THFT,226,6,15,0.02654867256637168,0.06637168141592921,2.4710370831394806,26.929784511609988,86.54579269214983,735.0469665908208,44.610119539934146,385.5555387671925,0.04544690265486724,0.22486283185840705,0.14812831858407077,0.18034070796460175,0.3335929203539823,29420.05309734513,44.991150442477874
2022-01-11,ASLT,196,70,29,0.35714285714285715,0.14795918367346939,2.2603453911180544,26.79206808490543,95.17862035242646,778.252327194201,46.21908423299486,387.6677715928923,0.05423979591836733,0.26152040816326527,0.1780816326530612,0.21220918367346936,0.363515306122449,22708.60714285714,58.224489795918366
2022-01-11,THFT,218,5,9,0.022935779816513763,0.04128440366972477,2.4332207704315323,26.42280608625165,87.12145703753723,753.6061825358138,44.941216684952394,389.81241235044035,0.04592201834862384,0.22444954128440367,0.1466743119266055,0.1756697247706422,0.32068348623853205,32745.275229357798,43.58256880733945
2022-01-12,ASLT,220,60,31,0.2727272727272727,0.1409090909090909,2.1413913265400093,26.761891474167463,94.99758638362822,776.0653124124473,46.2610748942596,388.23378538886544,0.055390909090909074,0.2687181818181818,0.18558181818181815,0.217,0.36066363636363635,22734.045454545456,59.57272727272727
2022-01-12,THFT,274,11,14,0.040145985401459854,0.051094890510948905,2.1051072852487467,26.450923561964238,86.93535847269584,735.2873773597453,44.696137542985,380.55389430132664,0.047149635036496336,0.22656569343065694,0.14672262773722627,0.17935036496350362,0.3236605839416058,31416.98905109489,44.36131386861314
2022-01-13,ASLT,246,85,32,0.34552845528455284,0.13008130081300814,2.194701358831204,26.41450607464414,92.79419923667618,759.1960050652248,45.578027924768485,381.9685776240138,0.055203252032520314,0.26418292682926825,0.18039837398373984,0.21697967479674796,0.3623089430894309,23596.47967479675,58.760162601626014
2022-01-13,THFT,269,6,18,0.022304832713754646,0.06691449814126393,2.5105907492757056,27.069332004812708,88.11447258370283,764.9563893391045,45.468243025196685,399.28436537286876,0.04516728624535315,0.21913754646840147,0.14624907063197026,0.17421561338289962,0.3242267657992565,31482.01115241636,43.394052044609666
2022-01-14,ASLT,273,94,49,0.3443223443223443,0.1794871794871795,2.225108923165775,26.46504968050314,96.14994275743362,784.0635549497216,46.66462195982926,391.90421043887255,0.053172161172161156,0.25525274725274727,0.17598534798534798,0.21102564102564103,0.3567179487179487,24969.714285714286,56.57509157509158
2022-01-14,THFT,283,12,12,0.04240282685512368,0.04240282685512368,2.1562888559106916,26.72044537033207,85.65186591839355,763.4650470872729,44.64086657147773,399.4276629100784,0.043819787985865714,0.21975971731448762,0.14591519434628974,0.17459717314487633,0.3248763250883392,32092.56183745583,43.303886925795055
2022-01-15,ASLT,262,85,49,0.3244274809160305,0.18702290076335878,2.209024166180412,26.38374261957238,95.385997983576,725.9760915265703,46.7025233554523,366.9745136814733,0.052790076335877845,0.2445419847328244,0.17056870229007634,0.2041679389312977,0.3481908396946565,26119.385496183208,53.465648854961835
2022-01-15,THFT,245,4,15,0.0163265306122449,0.061224489795918366,2.347884941828119,26.84171124720448,88.02270420938676,733.3044199484245,44.971737164280945,381.2307952131706,0.05060408163265304,0.21520816326530612,0.1458408163265306,0.1886734693877551,0.3265959183673469,30914.502040816325,44.755102040816325
2022-01-16,ASLT,253,92,59,0.36363636363636365,0.233201581027668,2.43236358498991,27.261765987523347,91.43013444940503,778.8496269625236,45.5967497180733,394.26106015238065,0.05355335968379445,0.2443596837944664,0.16505138339920947,0.20819367588932805,0.3459130434782609,26100.794466403164,52.77865612648221
2022-01-16,THFT,218,8,24,0.03669724770642202,0.11009174311926606,2.178469622219925,26.216115710361194,89.06490605000566,722.1720120972926,45.25434464138914,374.9431991046578,0.049206422018348614,0.23092660550458716,0.15354587155963303,0.18142660550458714,0.3249908256880734,31446.83486238532,46.37614678899082
2022-01-17,ASLT,212,87,38,0.41037735849056606,0.1792452830188679,2.3956018299274335,26.988590654203513,92.63312809272865,764.8230419275925,45.76108423746581,387.1133362903863,0.051528301886792444,0.24601415094339624,0.16943396226415092,0.20501415094339623,0.3482216981132075,25969.95283018868,53.43867924528302
2022-01-17,THFT,244,11,14,0.045081967213114756,0.05737704918032787,2.3009134733500476,26.71627265861642,87.1187975477345,714.8579209310237,44.86208378500275,376.9046476964754,0.04911065573770491,0.22811065573770492,0.15367622950819673,0.18819262295081965,0.32903278688524584,28770.68442622951,47.032786885245905
2022-01-18,ASLT,269,97,46,0.36059479553903345,0.17100371747211895,2.2722158028602086,26.360276131282337,92.01484595245091,742.7421271214033,45.617316959624425,379.5425736791613,0.05341635687732341,0.26263940520446094,0.183089219330855,0.21909293680297398,0.35885873605947954,22967.338289962827,58.27137546468401
2022-01-18,THFT,295,12,17,0.04067796610169491,0.0576271186440678,2.4436948327719237,26.77890531357607,87.85147980857793,745.9789537921502,45.066638827562514,389.65964340133695,0.04726440677966101,0.2191728813559322,0.1443050847457627,0.17824067796610168,0.3228881355932203,31697.637288135593,43.271186440677965
2022-01-19,ASLT,232,81,31,0.34913793103448276,0.1336206896551724,2.5211212463839923,26.83574461195816,92.66675832714535,799.896125682616,45.53731159827992,403.01561281371465,0.05430603448275861,0.2616551724137931,0.17889655172413793,0.21759913793103447,0.35885775862068964,22844.560344827587,57.875
2022-01-19,THFT,244,5,13,0.020491803278688523,0.05327868852459016,2.2887545975379533,27.275418269109796,85.98069123528808,733.2845882931516,44.70894254972639,383.99511182976886,0.04514754098360655,0.2039139344262295,0.13698770491803278,0.17365983606557375,0.3183852459016393,32985.54918032787,40.631147540983605
2022-01-20,ASLT,224,79,55,0.35267857142857145,0.24553571428571427,2.2084028398081945,27.14808108428607,97.06039313523763,777.0282895180742,47.06274578025495,389.6017659494478,0.05390178571428571,0.2493080357142857,0.17553124999999997,0.21154464285714283,0.3532008928571429,23816.540178571428,55.625
2022-01-20,THFT,228,12,9,0.05263157894736842,0.039473684210526314,2.2395153580219263,26.65916810375709,88.80985311645313,707.4579997781632,45.40949362021383,372.7831702077342,0.048657894736842094,0.21743421052631576,0.14411403508771928,0.17789473684210524,0.32053070175438597,32051.092105263157,43.228070175438596
2022-01-21,ASLT,254,85,47,0.3346456692913386,0.18503937007874016,2.284284663681136,27.593055447968606,93.374198841913,781.6585146705488,45.923919978631396,393.11042573726456,0.054405511811023606,0.2555354330708661,0.17358661417322835,0.20824409448818898,0.3622362204724409,22983.716535433072,56.2992125984252
2022-01-21,THFT,264,6,15,0.022727272727272728,0.056818181818181816,2.279223806520172,26.005638968231214,86.39269955814324,720.7446002400447,45.228088657915045,379.16573445204205,0.04026136363636363,0.2073219696969697,0.132155303030303,0.15323484848484847,0.30226136363636363,37868.405303030304,36.44318181818182
2022-01-22,ASLT,248,94,33,0.3790322580645161,0.13306451612903225,2.3045385862638135,26.447348445967712,92.46550907952262,753.6067588622666,45.69473909139258,382.7711566437887,0.05648790322580644,0.24428225806451612,0.1710524193548387,0.21775403225806453,0.34788709677419355,24892.358870967742,54.91532258064516
2022-01-22,THFT,245,14,7,0.05714285714285714,0.02857142857142857,2.32466133894601,26.012165824466166,85.50652595066718,734.0838143404849,44.38592697395043,383.87057352545554,0.04528163265306121,0.22184897959183672,0.1439387755102041,0.1833673469387755,0.3221877551020408,33247.72244897959,43.563265306122446
2022-01-23,ASLT,248,103,57,0.4153225806451613,0.22983870967741934,2.2131199399442343,26.963641679633252,93.19715889794423,783.8109952684366,45.802518805693424,390.88544077063546,0.05647580645161289,0.2583266129032258,0.17771370967741937,0.21704435483870968,0.3579959677419355,24422.95564516129,57.57258064516129
2022-01-23,THFT,162,10,10,0.06172839506172839,0.06172839506172839,2.4550924186476824,26.55260120771948,89.67048248834202,775.1011457103772,45.88283386363709,402.89269724955926,0.04565432098765431,0.22199382716049385,0.1467037037037037,0.1739074074074074,0.32480246913580246,32052.03086419753,43.864197530864196
2022-01-24,ASLT,205,81,44,0.3951219512195122,0.2146341463414634,2.341788304512307,26.93050411980032,90.83530792235493,775.6121417885014,45.17663217186511,392.65067637559906,0.05778536585365852,0.24898048780487803,0.16648780487804876,0.21678048780487805,0.3556731707317073,23934.526829268292,55.53658536585366
2022-01-24,THFT,208,12,14,0.057692307692307696,0.0673076923076923,2.3315643674079523,26.766335982799994,88.04521809083093,748.2699714401726,45.15351619626209,386.20008573979226,0.04438942307692307,0.21681250000000002,0.1440673076923077,0.1743221153846154,0.3241105769230769,33024.956730769234,42.70192307692308
2022-01-25,ASLT,204,76,38,0.37254901960784315,0.18627450980392157,2.367241201461565,26.668699885368788,92.90193289697878,766.3235246487676,45.903778626336035,388.92160316631225,0.05940686274509802,0.2643627450980392,0.17543627450980392,0.23099019607843138,0.3591960784313725,21958.41176470588,59.254901960784316
2022-01-25,THFT,247,7,15,0.02834008097165992,0.06072874493927125,2.3780719591083956,26.652355392529735,87.19949878299967,748.9993290249215,45.099143818252045,390.9314418799668,0.047331983805668006,0.21304453441295546,0.14068016194331984,0.17475708502024292,0.31432388663967614,33000.327935222675,41.76518218623482
2022-01-26,ASLT,217,78,39,0.35944700460829493,0.17972350230414746,2.2373258537420186,27.049049470583817,91.16442180858604,793.5931413883665,45.3016902781547,400.93388086336086,0.05353456221198155,0.2537511520737327,0.1746820276497696,0.2050322580645161,0.3572626728110599,24043.382488479263,55.55760368663594
2022-01-26,THFT,229,6,10,0.026200873362445413,0.043668122270742356,2.4778368130850996,26.88296790238107,85.66776441016461,765.0202424922624,44.71389109193558,401.87306719763495,0.04844978165938863,0.20390393013100436,0.1325414847161572,0.1771659388646288,0.3148296943231441,32605.14847161572,40.55458515283843
2022-01-27,ASLT,264,84,57,0.3181818181818182,0.2159090909090909,2.4075977130766044,26.837753864809393,91.77220746456548,788.395296572256,45.48722346461606,398.98877725431703,0.054560606060606046,0.25860606060606056,0.1795643939393939,0.2129280303030303,0.3596212121212121,23337.208333333332,57.39772727272727
2022-01-27,THFT,273,18,17,0.06593406593406594,0.06227106227106227,2.3119486955613757,26.16462844839447,88.89304766500827,774.7507307400305,45.08469454626133,398.01674750602893,0.048827838827838824,0.2285128205128205,0.15304761904761904,0.18362271062271063,0.3299010989010989,30550.809523809523,46.32234432234432
2022-01-28,ASLT,206,69,37,0.33495145631067963,0.1796116504854369,2.2970807664953354,26.284221874283286,91.30844849377623,775.8115989303199,45.18338920032223,393.2028463657908,0.05770873786407765,0.2673592233009709,0.17815533980582524,0.2215728155339806,0.3618446601941747,22127.344660194176,59.029126213592235
2022-01-28,THFT,211,13,17,0.061611374407582936,0.08056872037914692,2.1107505497075505,26.509382932007362,87.58340770192984,736.741381577093,45.11519565967219,382.3909924298886,0.047412322274881506,0.2262985781990521,0.14757345971563982,0.17975829383886255,0.33099526066350715,31348.981042654028,45.132701421800945
2022-01-29,ASLT,254,100,53,0.3937007874015748,0.20866141732283464,2.124813954488437,26.496507093902856,91.54869521237451,769.322285832435,45.1640641080135,384.73040814903425,0.055893700787401565,0.2533740157480315,0.1779055118110236,0.22021259842519683,0.3609763779527559,23149.122047244095,57.75984251968504
2022-01-29,THFT,184,8,9,0.043478260869565216,0.04891304347826087,2.329144666360763,26.158739488488283,85.71003101608781,732.1626107250592,44.58792420266074,382.0049774443804,0.044396739130434765,0.2225869565217391,0.14815760869565217,0.1732445652173913,0.32416304347826086,32758.434782608696,43.27717391304348
2022-01-30,ASLT,272,110,53,0.40441176470588236,0.1948529411764706,2.387392549407335,27.022395421413066,91.3834164770784,747.9893240466893,45.15087650063574,378.71759839439153,0.05817647058823528,0.25859191176470586,0.17106249999999998,0.22366176470588234,0.3605441176470588,22742.783088235294,57.70955882352941
2022-01-30,THFT,184,6,21,0.03260869565217391,0.11413043478260869,2.328990348959303,26.47638023060253,88.59768684525348,732.8571566377053,45.15071427882076,380.73177984745814,0.05231521739130433,0.2259945652173913,0.14572282608695653,0.19620108695652175,0.3268260869565217,30248.021739130436,46.44565217391305
2022-01-31,ASLT,237,83,38,0.350210970464135,0.16033755274261605,2.298947877528472,26.965612867447188,88.85387877343085,749.2374066609123,44.73775485857686,383.9687037803363,0.05045569620253163,0.2548776371308017,0.1791561181434599,0.19754852320675104,0.35728270042194094,25105.354430379746,55.06751054852321
2022-01-31,THFT,231,13,12,0.05627705627705628,0.05194805194805195,2.397526847850467,26.449301918709924,86.58009986685678,784.4836201129788,44.24286195984982,404.1802829627861,0.05192207792207791,0.22962770562770562,0.15752813852813852,0.2072034632034632,0.3402121212121212,26700.58008658009,50.63636363636363
2022-02-01,ASLT,290,92,64,0.31724137931034485,0.2206896551724138,2.28886564370106,26.449724054373473,93.07698717700258,775.3427977357138,45.73540214419888,390.7947508292176,0.05772758620689654,0.26830344827586206,0.1787344827586207,0.22299310344827583,0.35988620689655176,23173.38620689655,59.34137931034483
2022-02-01,THFT,284,11,9,0.03873239436619718,0.03169014084507042,2.1409467680060503,26.537073476237165,91.4242230852591,744.7382289761017,45.97430715821854,386.09160571303556,0.049556338028169,0.23175352112676056,0.15724295774647887,0.1931443661971831,0.3335774647887324,28243.390845070422,48.683098591549296
2022-02-02,ASLT,182,64,38,0.3516483516483517,0.2087912087912088,2.165918647223281,26.568505464244087,93.07440537628783,708.39322687186,45.94855065523312,360.9153381668181,0.05109340659340658,0.2512857142857143,0.16467032967032966,0.19704395604395603,0.34552197802197804,26198.945054945056,52.65384615384615
2022-02-02,THFT,169,11,11,0.0650887573964497,0.0650887573964497,2.426859653060515,26.488788389404416,86.616249127616,740.9715722495366,45.309710818186495,390.10666198550064,0.04501183431952662,0.21611242603550293,0.1413846153846154,0.17252071005917158,0.3112189349112426,33629.10059171598,41.50887573964497
2022-02-03,ASLT,235,74,58,0.3148936170212766,0.24680851063829787,2.3541853767035716,26.309844222686724,91.75372723755731,775.6772953903825,45.433008953978245,392.3844361697915,0.05119574468085105,0.2564595744680851,0.17434893617021274,0.20562978723404254,0.3550255319148936,24556.817021276594,55.15744680851064
2022-02-03,THFT,214,14,15,0.06542056074766354,0.07009345794392523,2.4894190519728934,26.7004498889901,87.43414868072843,756.9504424605019,44.75308410471231,392.50103615180325,0.04728971962616822,0.2277056074766355,0.15142523364485982,0.18839252336448595,0.3314345794392523,30529.607476635512,47.21495327102804
2022-02-04,ASLT,245,79,54,0.3224489795918367,0.22040816326530613,2.211830732135073,26.804882600255343,92.27330797291462,757.6594742897497,45.53579266174053,381.7996327227947,0.05117551020408161,0.2665020408163265,0.1846204081632653,0.20487346938775508,0.35936326530612245,24280.714285714286,57.10204081632653
2022-02-04,THFT,249,7,21,0.028112449799196786,0.08433734939759036,2.4364933958608423,25.686373137345523,85.9743736548906,758.7432703711562,44.883305695920996,399.62881004029396,0.04255421686746987,0.2146345381526104,0.1365301204819277,0.16313654618473894,0.30810441767068275,36737.36546184739,38.78714859437751
2022-02-05,ASLT,248,101,58,0.40725806451612906,0.23387096774193547,2.308145365463839,26.405394347631166,97.68360218892514,774.5336454141584,47.09195167475873,385.66013498941294,0.05538709677419354,0.25497983870967744,0.17810483870967742,0.21824193548387094,0.3569516129032258,24029.524193548386,56.71370967741935
2022-02-05,THFT,218,3,14,0.013761467889908258,0.06422018348623854,2.1832338542037846,26.327895081219435,86.98421078277805,713.6320917762564,45.28391740591395,376.3781567010688,0.03883486238532109,0.2108440366972477,0.13504587155963302,0.14993577981651376,0.31083944954128445,37873.39908256881,36.93577981651376
2022-02-06,ASLT,251,83,57,0.33067729083665337,0.22709163346613545,2.320609369267938,26.760537714781524,93.80697099449712,805.8353285289685,46.107232656738304,402.96660502934265,0.056752988047808754,0.25092430278884464,0.1663585657370518,0.2165418326693227,0.35135458167330674,26056.669322709164,55.06374501992032
2022-02-06,THFT,208,5,18,0.02403846153846154,0.08653846153846154,2.309031150443674,26.413044273839542,90.1707070570413,749.7325276277855,45.66933722612634,387.0659526215346,0.04711538461538461,0.229375,0.14978846153846154,0.18583173076923076,0.3238846153846154,31778.951923076922,46.32692307692308
2022-02-07,ASLT,250,79,50,0.316,0.2,2.211614669246667,26.846551245695032,92.48754056880213,768.9452856146384,45.82836990165441,389.44233159349636,0.054691999999999984,0.266196,0.177952,0.211892,0.35528,23872.412,57.076
2022-02-07,THFT,238,9,10,0.037815126050420166,0.04201680672268908,2.5229944558686768,26.89576832093336,88.10945782785431,779.2372494853189,45.383922914152414,406.94924233920926,0.043079831932773094,0.21758403361344536,0.14739075630252102,0.16910924369747898,0.32532773109243696,31496.197478991595,42.98739495798319
2022-02-08,ASLT,286,84,63,0.2937062937062937,0.2202797202797203,2.45489459250867,26.942189208077814,92.2392031379016,787.9368273181311,45.34713788532976,396.07570828257724,0.05758041958041957,0.25444405594405595,0.17301398601398602,0.22555944055944052,0.35814335664335667,22988.975524475525,57.91258741258741
2022-02-08,THFT,253,10,20,0.039525691699604744,0.07905138339920949,2.3084179418734063,26.385683952789815,86.76879981000346,748.349768521,44.58687715961707,388.15246324050196,0.048703557312252954,0.22801581027667983,0.15114229249011857,0.18991699604743084,0.32746640316205533,30541.707509881424,46.62845849802372
2022-02-09,ASLT,268,85,60,0.31716417910447764,0.22388059701492538,2.3264145089191883,26.372171825896377,96.5305358448721,778.0694563359641,46.60973662289252,388.46246694851527,0.057108208955223866,0.2669328358208955,0.18844776119402984,0.2214328358208955,0.36647014925373134,22186.264925373136,60.39179104477612
2022-02-09,THFT,241,13,18,0.05394190871369295,0.07468879668049792,2.4487600237320097,27.169867919075212,89.87791724058776,786.1177442340561,45.451739018459186,404.80320173616843,0.049323651452282145,0.2128381742738589,0.14916597510373444,0.1866473029045643,0.3339626556016598,29477.663900414937,45.23651452282158
2022-02-10,ASLT,253,66,67,0.2608695652173913,0.2648221343873518,2.1779189721447563,26.484404241193992,92.50224740957755,761.0453375579237,45.647650714877706,384.88879305167393,0.05464426877470355,0.2618695652173913,0.17480632411067193,0.2124505928853755,0.3535217391304348,23900.505928853756,56.608695652173914
2022-02-10,THFT,289,9,17,0.031141868512110725,0.058823529411764705,2.5764888925670952,26.729480149585324,88.8132394520634,787.9447867436104,45.27314427117091,408.5204384911831,0.047730103806228365,0.21961245674740484,0.14596539792387542,0.19199307958477507,0.33154671280276815,29626.190311418686,45.2560553633218
2022-02-11,ASLT,271,76,70,0.28044280442804426,0.25830258302583026,2.3681299596268164,26.596314510511807,94.315567213041,746.0104334008915,46.320463323324546,377.1596003364723,0.053782287822878215,0.2599889298892989,0.17281549815498154,0.20827306273062732,0.35477490774907744,25423.21771217712,56.01476014760148
2022-02-11,THFT,251,11,17,0.043824701195219126,0.06772908366533864,2.2922270034991237,26.134240239862446,88.08494151499306,749.8356456796716,45.24634565909171,392.08448837892627,0.04503585657370517,0.2199402390438247,0.146,0.1722788844621514,0.32201593625498004,32905.42629482072,42.66135458167331
2022-02-12,ASLT,293,104,70,0.35494880546075086,0.23890784982935154,2.1474086046913947,26.520502802679413,95.40258261358721,786.3717377116105,46.59816696405562,394.5671521708266,0.0534334470989761,0.25290784982935155,0.17302389078498293,0.21093174061433445,0.35813651877133107,24824.709897610923,56.177474402730375
2022-02-12,THFT,245,4,9,0.0163265306122449,0.036734693877551024,2.2823549279368476,25.902157232120064,85.16511250059833,744.745701313651,44.42930241719449,391.7135179240241,0.04539999999999999,0.21855510204081632,0.13834285714285713,0.174934693877551,0.31436326530612246,33715.857142857145,42.06938775510204
2022-02-13,ASLT,238,108,35,0.453781512605042,0.14705882352941177,2.424911886992566,27.163186912798256,92.63699452905166,777.7249872846819,45.752384618633194,394.05450545783737,0.05244117647058822,0.253390756302521,0.1741638655462185,0.20758403361344535,0.35497899159663865,24132.029411764706,54.634453781512605
2022-02-13,THFT,201,12,15,0.05970149253731343,0.07462686567164178,2.2766778897565025,25.712100715632396,86.41502991231579,740.3053939939562,44.54917779063104,385.6476189963478,0.047263681592039794,0.23266666666666666,0.15533830845771143,0.17893532338308457,0.3281293532338308,33108.81094527363,46.507462686567166
2022-02-14,ASLT,269,111,56,0.41263940520446096,0.20817843866171004,2.225778952524357,26.602841275659593,91.76220048917345,754.0621080011539,45.41032775512752,383.93080029715765,0.051327137546468386,0.2549405204460966,0.17518959107806692,0.20477695167286242,0.3563420074349442,24639.063197026022,55.226765799256505
2022-02-14,THFT,246,8,9,0.032520325203252036,0.036585365853658534,2.208367390555483,26.655352603561713,84.86217746996321,736.1702548708244,44.411357713890006,387.1902889297813,0.03910569105691056,0.21273983739837396,0.15050406504065042,0.1623089430894309,0.3224349593495935,32290.80081300813,41.609756097560975
2022-02-15,ASLT,288,92,66,0.3194444444444444,0.22916666666666666,2.2926979319637093,26.111017557895487,93.60510121353117,780.2245204243708,45.725145657936345,391.2260184015219,0.06410069444444443,0.2670416666666667,0.17759027777777775,0.23460069444444442,0.36149305555555555,22183.76736111111,60.37847222222222
2022-02-15,THFT,249,11,18,0.04417670682730924,0.07228915662650602,2.3614138584958004,26.316146790499126,88.52446865490329,795.1074537982257,45.19489474084261,409.1486986875225,0.05149799196787147,0.22924899598393575,0.15280722891566265,0.1961325301204819,0.3378755020080321,29127.26907630522,48.53815261044177
2022-02-16,ASLT,272,78,54,0.2867647058823529,0.19852941176470587,2.3285659843516946,26.76823854291677,93.49955127044078,765.4950334279155,46.02589462194845,387.20064487721135,0.053977941176470576,0.25435661764705886,0.17560661764705882,0.21029779411764707,0.3547169117647058,24004.117647058825,55.67279411764706
2022-02-16,THFT,259,9,19,0.03474903474903475,0.07335907335907337,2.551887303207986,27.115952879607025,88.59604761301239,779.8031894929217,45.16892311081055,402.5535944146533,0.047054054054054044,0.2182162162162162,0.14588416988416988,0.1883899613899614,0.32962548262548264,29529.513513513513,45.57142857142857
2022-02-17,ASLT,251,91,42,0.36254980079681276,0.16733067729083664,2.264615259001753,26.847882482662783,93.70225966859921,789.1644815558865,46.21821168214185,399.56780514150796,0.05750597609561752,0.2541354581673307,0.17045019920318727,0.21753784860557768,0.3554382470119522,23814.19123505976,56.29482071713147
2022-02-17,THFT,217,6,10,0.027649769585253458,0.04608294930875576,2.3608030138403273,26.733802413901504,87.75422224482861,738.7511524513534,45.05791864548756,384.0454248065249,0.048493087557603676,0.22449308755760367,0.14978341013824883,0.18649769585253456,0.32564976958525343,30712.921658986175,45.78341013824885
2022-02-18,ASLT,251,72,55,0.2868525896414343,0.21912350597609562,2.3628318599270615,26.05038223074575,93.75225981768003,793.1301412919657,46.04046058923388,400.1250880041466,0.05772908366533863,0.2593027888446215,0.17749402390438246,0.22101195219123504,0.3553625498007968,24436.107569721116,58.02390438247012
2022-02-18,THFT,212,5,10,0.02358490566037736,0.04716981132075472,2.3127339453041666,26.920151165932186,88.16163415939403,735.3830371904221,45.27695132321849,382.7013567346618,0.048726415094339615,0.21345283018867922,0.1327075471698113,0.17512264150943396,0.31233490566037736,32558.287735849055,40.575471698113205
2022-02-19,ASLT,296,100,59,0.33783783783783783,0.19932432432432431,2.3436711073690524,27.097262389900504,94.32353351629686,802.1307507690003,45.98994756842308,398.3458371968317,0.05938175675675675,0.25232770270270266,0.17225337837837837,0.22652364864864866,0.35960135135135135,23683.70608108108,57.807432432432435
2022-02-19,THFT,225,13,14,0.057777777777777775,0.06222222222222222,2.4682264061479913,26.8164263678334,87.36358466574966,760.6082893345796,45.067746278878786,397.600059823116,0.0424311111111111,0.21339111111111111,0.1436311111111111,0.16787999999999997,0.32312888888888885,32497.426666666666,41.60444444444445
2022-02-20,ASLT,244,97,66,0.3975409836065574,0.27049180327868855,2.324931338580937,26.719974287017855,97.38598739932141,773.2179170770484,47.2750814816903,389.7913102546246,0.05860655737704916,0.25213934426229506,0.17191803278688525,0.2205655737704918,0.35593852459016395,24084.33606557377,57.290983606557376
2022-02-20,THFT,196,10,7,0.05102040816326531,0.03571428571428571,2.1469149639528027,25.92067173150907,90.61339685267471,741.5411928938439,45.9604167087769,383.54449921449697,0.044051020408163256,0.22619387755102038,0.15192346938775508,0.17313265306122447,0.32087755102040816,33417.11224489796,43.83163265306123
2022-02-21,ASLT,244,90,51,0.36885245901639346,0.20901639344262296,2.268750109283023,26.307362332855714,92.74372595947568,775.5141780913706,45.74044428977625,392.6581517262049,0.056495901639344245,0.2575942622950819,0.17257377049180328,0.21744672131147538,0.3505450819672131,25012.360655737706,56.60245901639344
2022-02-21,THFT,245,11,20,0.044897959183673466,0.08163265306122448,2.294380293257702,26.945322441680915,86.97903094982364,762.3267098474527,45.0973078093803,397.7087520516298,0.04505714285714285,0.21070204081632654,0.14013061224489795,0.17281224489795918,0.3242163265306122,33203.244897959186,41.648979591836735
2022-02-22,ASLT,237,69,51,0.2911392405063291,0.21518987341772153,2.288418289503865,26.4810770145075,92.94478189950406,803.6469334451937,45.73273611123968,407.0000243042,0.0551476793248945,0.2593122362869198,0.18061181434599155,0.214168776371308,0.36138396624472574,22756.244725738397,57.573839662447256
2022-02-22,THFT,266,6,17,0.022556390977443608,0.06390977443609022,2.5260973992256246,26.83092167084969,87.02807309757748,786.9774819120025,44.73292485711013,409.2995452072481,0.04592481203007518,0.22162406015037595,0.1547593984962406,0.18501503759398497,0.3353421052631579,29304.77067669173,46.29323308270677
2022-02-23,ASLT,259,78,54,0.30115830115830117,0.2084942084942085,2.2416981523628863,26.616735543605333,91.48400477017842,749.4178440698463,45.38899219817031,379.09259895934326,0.05613127413127412,0.2626447876447876,0.17313127413127413,0.20474903474903475,0.3511621621621621,24205.23552123552,55.575289575289574
2022-02-23,THFT,256,11,21,0.04296875,0.08203125,2.3029083829028227,26.93380737516088,90.23052637678784,760.5122226651379,45.778193430824764,392.9324923135246,0.04775390624999999,0.2283125,0.15141796875,0.18896093749999998,0.33360546874999997,29280.34765625,47.03125
2022-02-24,ASLT,238,81,41,0.3403361344537815,0.1722689075630252,2.430279697753473,26.534652708615067,97.247410065997,773.1258389337542,46.918502310008385,385.1328137413958,0.06132773109243696,0.2746890756302521,0.18424789915966386,0.23043697478991598,0.3646428571428571,21613.63025210084,62.34033613445378
2022-02-24,THFT,225,9,16,0.04,0.07111111111111111,2.099951193701152,26.191264549719882,90.39675996276567,730.5942745714773,45.957601493520656,380.95646837856845,0.05025777777777777,0.23148444444444444,0.15283999999999998,0.18604888888888887,0.32600444444444443,30981.448888888888,47.04888888888889
2022-02-25,ASLT,256,83,64,0.32421875,0.25,2.387089173538802,26.543522613726694,93.78581114684522,765.0970560921172,46.11579384692631,388.7990481815117,0.05351562499999998,0.25069140624999997,0.1728515625,0.2100859375,0.355734375,24058.703125,55.26953125
2022-02-25,THFT,249,10,12,0.040160642570281124,0.04819277108433735,2.196711561825669,26.295140832975395,88.23184025139457,754.155861719639,44.973306287317705,390.51525272320043,0.04584738955823293,0.22071084337349398,0.14955823293172688,0.18126104417670683,0.32417269076305216,31847.843373493975,44.859437751004016
2022-02-26,ASLT,248,91,52,0.36693548387096775,0.20967741935483872,2.3121549853115897,26.497539754867482,96.03231865205603,792.9986205502738,46.52567483164386,395.931834355752,0.05706854838709676,0.2614637096774194,0.17583870967741935,0.2190967741935484,0.35832661290322576,24222.625,58.0
2022-02-26,THFT,225,8,14,0.035555555555555556,0.06222222222222222,2.477688007794845,26.043603006421108,90.76451534519582,774.9850231891418,45.80767118037776,397.0449786023435,0.05055555555555555,0.22777777777777777,0.1453422222222222,0.19212888888888888,0.3232933333333333,32742.595555555556,45.83111111111111
2022-02-27,ASLT,306,117,55,0.38235294117647056,0.17973856209150327,2.328816991746626,26.485786473061232,93.05337034990818,772.9728611906428,45.555610725429446,389.9898918743255,0.05952287581699346,0.2564738562091503,0.17986928104575164,0.22720588235294115,0.36395424836601303,22587.859477124184,59.39869281045752
2022-02-27,THFT,195,13,25,0.06666666666666667,0.1282051282051282,2.412618400290166,25.55923860622455,87.52127418617117,751.8468330211922,44.717284689593136,391.67043577307896,0.0492051282051282,0.2330102564102564,0.15166666666666667,0.18966666666666665,0.32026666666666664,30604.28717948718,46.702564102564104
2022-02-28,ASLT,272,78,50,0.2867647058823529,0.18382352941176472,2.4539499722484006,26.013415904207527,89.35602368542538,785.0733748902746,44.673604680536826,400.14740169450846,0.05831249999999999,0.2611470588235294,0.17856985294117647,0.21845588235294117,0.35708823529411765,24256.25,58.091911764705884
2022-02-28,THFT,245,5,12,0.02040816326530612,0.04897959183673469,2.3489920942482203,26.92337715509425,90.26899185703813,778.6301281987327,45.79601749751735,400.1098899250616,0.04646938775510203,0.218534693877551,0.1470081632653061,0.1853469387755102,0.3305142857142857,30356.395918367347,45.27755102040816
2022-03-01,ASLT,286,87,61,0.3041958041958042,0.21328671328671328,2.165581357317314,26.438957387980086,94.40535688738605,775.28995844113,46.09129086470132,389.4740421350762,0.05605244755244755,0.25472727272727275,0.17554195804195805,0.21635314685314683,0.36026923076923073,24077.88111888112,57.12237762237762
2022-03-01,THFT,307,10,10,0.03257328990228013,0.03257328990228013,2.35235716672785,26.491907858066494,88.67977636133575,782.140940826857,45.31705781904538,403.87035715027787,0.04957980456026057,0.22848534201954396,0.15175244299674265,0.19367100977198695,0.32979478827361564,28906.472312703583,47.071661237785015
2022-03-02,ASLT,274,99,51,0.3613138686131387,0.18613138686131386,2.206484074297919,26.68592655335652,94.04872859109813,755.2638326951216,46.194540069704175,380.5208160112945,0.052981751824817507,0.25691970802919706,0.175478102189781,0.2072773722627737,0.34909124087591237,24732.24087591241,55.42335766423358
2022-03-02,THFT,240,13,13,0.05416666666666667,0.05416666666666667,2.3754213467720295,26.258750866630407,88.25005689239282,769.165376863488,45.277655090299184,401.37825214439124,0.04768749999999999,0.225025,0.14749583333333333,0.18416666666666665,0.32602499999999995,30518.129166666666,44.88333333333333
2022-03-03,ASLT,261,87,50,0.3333333333333333,0.19157088122605365,2.1815977587943207,26.690447087966866,93.49642924211244,772.0496889100614,46.12384841819118,392.07118862901035,0.053996168582375464,0.25983141762452105,0.17894252873563218,0.20917624521072797,0.35733333333333334,24134.352490421457,56.38697318007663
2022-03-03,THFT,280,12,18,0.04285714285714286,0.06428571428571428,2.3151239784610667,26.580635105206294,85.67020385391032,766.3614126030707,44.42520797913681,399.0117056405814,0.045485714285714275,0.22169642857142854,0.14677142857142855,0.17755714285714286,0.31899642857142857,30862.757142857143,43.125
2022-03-04,ASLT,286,77,57,0.2692307692307692,0.1993006993006993,2.2464116438067663,26.688215414328127,91.93480100765944,782.2631542575584,45.20896648537879,391.3826127664556,0.05564685314685313,0.2609650349650349,0.17786363636363636,0.21938111888111886,0.36366083916083913,22900.793706293705,58.16083916083916
2022-03-04,THFT,295,6,7,0.020338983050847456,0.023728813559322035,2.279971455536749,25.559633616279218,86.8222272949856,757.6658148028929,44.90201570259614,395.0154979662651,0.04733220338983049,0.22630847457627118,0.14796610169491525,0.18020338983050846,0.32053898305084744,32967.166101694915,44.29830508474576
2022-03-05,ASLT,307,95,64,0.30944625407166126,0.20846905537459284,2.2690784531153216,26.142755623702598,93.33900046080134,751.7613575037677,45.91869952596692,379.7937966013358,0.05620521172638435,0.2657231270358306,0.1771270358306189,0.21358631921824103,0.35859609120521174,23541.218241042345,57.63843648208469
2022-03-05,THFT,258,15,14,0.05813953488372093,0.05426356589147287,2.3644625272197075,26.134537431811616,89.65809745003483,756.6494995457003,45.71573778410017,391.53270099878836,0.047627906976744176,0.21912403100775193,0.1450813953488372,0.1801279069767442,0.32022480620155036,33843.926356589145,43.565891472868216
2022-03-06,ASLT,308,119,62,0.38636363636363635,0.2012987012987013,2.3833332753319136,26.82191175243613,90.9188564478695,807.4228975901983,45.10910997243116,407.6637422890922,0.05399999999999999,0.2537922077922078,0.17474350649350648,0.21076623376623377,0.36116883116883114,23916.68831168831,56.20454545454545
2022-03-06,THFT,179,17,7,0.09497206703910614,0.03910614525139665,2.2278824243474906,26.615851279032867,88.95788257789096,755.0685901288324,45.44805809354251,392.43371477862235,0.04826256983240222,0.22851396648044692,0.1531508379888268,0.18070391061452512,0.32598882681564245,31423.256983240222,46.055865921787706
2022-03-07,ASLT,242,61,47,0.25206611570247933,0.19421487603305784,2.4993248409420983,26.927346683060467,93.52900154577885,790.491831436066,46.15768864960453,398.5771234992033,0.05155785123966941,0.26319421487603306,0.17795454545454545,0.2028801652892562,0.35658264462809913,24054.669421487604,55.80578512396694
2022-03-07,THFT,237,14,19,0.05907172995780591,0.08016877637130802,2.532420473408858,26.284709414465674,88.99780340122001,778.9964362966583,45.73500121118833,405.9575759607633,0.04400421940928269,0.219,0.14362025316455695,0.16945569620253165,0.32006751054852317,33468.43459915612,42.0126582278481
2022-03-08,ASLT,267,89,56,0.3333333333333333,0.20973782771535582,2.3757671794589377,26.45578617913752,93.57982159783046,771.5119572411015,46.1144665462011,389.1553131498592,0.05228089887640448,0.2510411985018726,0.17257303370786517,0.20473033707865168,0.3516367041198502,25062.3670411985,54.659176029962545
2022-03-08,THFT,262,11,17,0.04198473282442748,0.0648854961832061,2.3136174863270984,26.986311680308827,90.35696675302232,755.3629146187023,46.00443054014046,391.0615263925538,0.0468473282442748,0.21919847328244274,0.14585114503816796,0.1819007633587786,0.32953053435114504,30795.41603053435,44.61450381679389
2022-03-09,ASLT,231,71,47,0.30735930735930733,0.20346320346320346,2.3678332276399314,26.787057095273816,92.41861469312437,787.9245773272819,45.92860086483471,399.1655365839199,0.05428571428571428,0.25266666666666665,0.17345021645021644,0.20990043290043287,0.353961038961039,24745.415584415583,55.1948051948052
2022-03-09,THFT,219,6,11,0.0273972602739726,0.0502283105022831,2.3289607357168536,26.1445923525468,88.72181100870117,795.8250370870996,45.195691345232426,412.1512680177493,0.05270776255707761,0.2247351598173516,0.15323287671232877,0.2055068493150685,0.33396347031963464,27616.981735159818,48.954337899543376
2022-03-10,ASLT,259,80,44,0.3088803088803089,0.16988416988416988,2.243359270821022,26.258655116324398,99.69393328905252,751.4384346867351,47.39749457511321,370.1172416429208,0.05518918918918918,0.2690540540540541,0.1870810810810811,0.216034749034749,0.36323938223938224,23032.830115830115,60.17760617760618
2022-03-10,THFT,255,16,13,0.06274509803921569,0.050980392156862744,2.3372474686510936,26.34464966981424,89.20593416384895,754.5341807672031,45.61665464337408,392.8429319200996,0.042470588235294114,0.2123372549019608,0.14382352941176468,0.16951372549019608,0.31809411764705886,33993.44705882353,41.01176470588236
2022-03-11,ASLT,244,75,51,0.3073770491803279,0.20901639344262296,2.321827758419524,26.83860554821529,98.12913232939457,782.7156197201261,47.223791256086585,389.68260822896724,0.051807377049180314,0.24575,0.17359426229508196,0.21234836065573767,0.3601885245901639,24170.118852459018,55.692622950819676
2022-03-11,THFT,254,10,14,0.03937007874015748,0.05511811023622047,2.301532276225782,26.25991132182569,90.06006740377954,736.0013519877984,45.82758803120748,382.8899071195551,0.04523228346456692,0.21829133858267716,0.14489763779527556,0.17631496062992125,0.3244291338582677,32761.05118110236,43.20472440944882
2022-03-12,ASLT,280,91,61,0.325,0.21785714285714286,2.1314318913767516,26.001015347403904,95.4352334964805,739.7038307736647,46.94051098251915,375.1604837207636,0.05294642857142856,0.24283214285714283,0.15953214285714284,0.19819642857142855,0.3361607142857143,30105.942857142858,51.035714285714285
2022-03-12,THFT,285,16,13,0.056140350877192984,0.0456140350877193,2.2657833564036247,26.15153394119473,90.61764537139338,714.0924983680071,45.895870115438214,370.2753365717825,0.045105263157894725,0.21926315789473683,0.1415298245614035,0.16995789473684209,0.3156982456140351,35169.73684210526,41.680701754385964
2022-03-13,ASLT,279,107,62,0.3835125448028674,0.2222222222222222,2.1187000796271795,26.93237732319953,95.63648557675657,776.1466290008376,46.5160700889116,388.5150519430344,0.057971326164874534,0.2537204301075269,0.17217562724014338,0.2154372759856631,0.3542114695340502,24010.88888888889,56.53763440860215
2022-03-13,THFT,228,12,4,0.05263157894736842,0.017543859649122806,2.243497560909832,26.74863072551876,86.6106896982465,739.1084124720732,44.84686878699111,387.8727462744548,0.046333333333333324,0.2142982456140351,0.1418157894736842,0.17537280701754385,0.32044736842105265,33115.087719298244,43.0921052631579
2022-03-14,ASLT,277,93,56,0.33574007220216606,0.20216606498194944,2.3158795408211574,26.35063442382898,95.43254020322708,755.4645909174914,46.38912102429349,379.67282008351737,0.05369675090252706,0.258841155234657,0.1811191335740072,0.21387725631768953,0.358812274368231,23904.90974729242,57.667870036101085
2022-03-14,THFT,267,21,14,0.07865168539325842,0.052434456928838954,2.2664255321521054,26.85001078935735,86.2298004020776,749.1215806497974,44.812906349113874,392.7230948822285,0.043644194756554296,0.21992509363295878,0.14487265917602996,0.17150187265917602,0.32140449438202245,31539.786516853932,42.63670411985019
2022-03-15,ASLT,261,73,49,0.2796934865900383,0.18773946360153257,2.3951211977925886,26.746631811789417,93.64890877023849,791.7721679750862,46.40583479716353,399.95913930550034,0.05418007662835247,0.26026436781609197,0.1774942528735632,0.2073141762452107,0.3568544061302682,23760.946360153255,56.64367816091954
2022-03-15,THFT,265,18,18,0.06792452830188679,0.06792452830188679,2.4124436102986877,27.003772286319396,90.47680905125378,761.3840926260244,46.12028823581557,396.2432704504762,0.04688301886792452,0.22022641509433963,0.1453622641509434,0.18057358490566036,0.3213622641509434,30396.81509433962,43.90943396226415
2022-03-16,ASLT,308,79,49,0.2564935064935065,0.1590909090909091,2.328394224150004,26.587683455298958,93.9561042885777,772.332735211112,46.16262734948402,389.1092976604133,0.054899350649350635,0.254487012987013,0.17231493506493503,0.2139902597402597,0.35576623376623373,24302.87987012987,55.75974025974026
2022-03-16,THFT,267,9,11,0.033707865168539325,0.04119850187265917,2.5428861001328418,26.83467285980563,85.38723963082836,743.6097445905937,44.63033266587919,391.29373811729926,0.04309363295880148,0.21464794007490637,0.1379063670411985,0.1680898876404494,0.3150149812734082,33051.77902621723,40.17977528089887
2022-03-17,ASLT,282,72,34,0.2553191489361702,0.12056737588652482,2.194400912368421,26.749073556416096,94.17303881713391,758.4131529449099,46.195026928257015,383.3206136276064,0.05767021276595743,0.2569929078014184,0.17404609929078013,0.21773404255319148,0.3523368794326241,24601.992907801417,56.719858156028366
2022-03-17,THFT,260,13,11,0.05,0.04230769230769231,2.419190715171325,26.1480747757743,86.02895631666956,765.4025036344912,44.73771245186644,400.007527866665,0.04638846153846153,0.21180384615384615,0.13870384615384612,0.17559615384615385,0.31471538461538456,32881.89230769231,41.45384615384615
2022-03-18,ASLT,257,80,35,0.311284046692607,0.13618677042801555,2.397133702589549,26.973737068979972,93.65892154467085,781.4629163231514,45.96359066913687,392.4621648468646,0.05631128404669259,0.239431906614786,0.1652178988326848,0.2127976653696498,0.3500505836575875,25427.996108949417,53.945525291828794
2022-03-18,THFT,275,18,14,0.06545454545454546,0.05090909090909091,2.2555458394945203,26.19862091795143,87.36794548004072,754.4623389041469,45.05494895152038,391.8503543237971,0.04318181818181817,0.21979272727272728,0.1469090909090909,0.1708690909090909,0.3217054545454545,33011.37090909091,42.74909090909091
2022-03-19,ASLT,294,104,56,0.35374149659863946,0.19047619047619047,2.185619948085443,26.593861754248852,92.45670781475118,779.741153296832,45.77309495887882,393.00831371562174,0.058064625850340126,0.26237414965986394,0.17863265306122447,0.22465986394557821,0.3602925170068027,23529.54081632653,59.03741496598639
2022-03-19,THFT,251,14,10,0.055776892430278883,0.0398406374501992,2.3649609790909425,26.761481171609205,90.56560924115335,753.1352904247988,46.2428205317079,391.2256825775044,0.04031075697211154,0.21539840637450197,0.14300000000000002,0.1551434262948207,0.3163426294820717,34570.203187251,39.39442231075697
2022-03-20,ASLT,379,140,68,0.36939313984168864,0.17941952506596306,2.23839875208596,26.46651455513389,93.63808613410525,774.222603605778,45.780844241274814,386.49586934833724,0.05764116094986806,0.2577572559366755,0.17941160949868074,0.22102902374670183,0.3589234828496042,23555.522427440632,58.226912928759894
2022-03-20,THFT,239,9,10,0.03765690376569038,0.04184100418410042,2.2842307710258787,26.444319502371474,87.77447314627162,765.3577664997184,45.13233979363697,398.3012007435531,0.04830962343096233,0.22420083682008365,0.14559414225941422,0.1849163179916318,0.3238493723849373,31355.31380753138,44.81589958158996
2022-03-21,ASLT,321,90,50,0.2803738317757009,0.1557632398753894,2.2449856641579307,26.78465187889523,98.53473503236934,762.7703996109838,47.27946849869231,379.8279267492455,0.055563862928348896,0.2560841121495327,0.17863239875389408,0.21790654205607474,0.36037694704049844,23306.635514018693,58.02492211838006
2022-03-21,THFT,242,7,16,0.028925619834710745,0.06611570247933884,2.2981924942350274,26.735335740028816,88.42874396801591,765.4115045457177,45.49176071973646,396.76851247305046,0.04215289256198346,0.20828512396694213,0.14083057851239666,0.1659876033057851,0.3192314049586777,32696.0826446281,40.04132231404959
2022-03-22,ASLT,293,89,69,0.3037542662116041,0.2354948805460751,2.2820219547405607,26.60886281961972,91.34999826262992,776.1195640201331,45.30980369067676,391.88503106342836,0.056843003412969266,0.27389761092150167,0.18443003412969283,0.21795904436860067,0.3628327645051195,22539.839590443687,60.0716723549488
2022-03-22,THFT,283,14,16,0.04946996466431095,0.05653710247349823,2.3753882165801956,26.900956060180174,90.01405929972027,755.8484094973364,46.21424861115588,395.5982922438576,0.04309540636042402,0.21568904593639576,0.1414805653710247,0.16703886925795053,0.319339222614841,33031.749116607774,41.303886925795055
2022-03-23,ASLT,258,69,38,0.26744186046511625,0.14728682170542637,2.2705797437802313,26.091754848028703,91.43817011447877,754.1416561614302,45.076028122395535,381.6005378343756,0.0549767441860465,0.2661860465116279,0.18035271317829457,0.21289922480620155,0.3601976744186046,24326.24031007752,57.92248062015504
2022-03-23,THFT,261,15,17,0.05747126436781609,0.06513409961685823,2.227832652956321,26.75531915016365,87.50338914995858,756.8305997184207,45.241090301829594,396.1451071485318,0.043176245210727965,0.21727969348659004,0.14929885057471265,0.17520689655172414,0.3254482758620689,31530.624521072798,43.275862068965516
2022-03-24,ASLT,276,109,51,0.39492753623188404,0.18478260869565216,2.3355329737503214,26.668444860495068,91.80821762363081,787.8137525099507,45.44620406361041,397.42672038355505,0.052249999999999984,0.25997826086956516,0.181268115942029,0.2114746376811594,0.3596449275362319,23821.297101449276,57.40217391304348
2022-03-24,THFT,270,6,15,0.022222222222222223,0.05555555555555555,2.4222551347660066,26.242124635592255,88.26074688441561,762.7249064273063,45.541849504626704,397.3789401747467,0.04399999999999999,0.20488518518518517,0.13521111111111112,0.17117407407407406,0.3141259259259259,34435.59259259259,39.74444444444445
2022-03-25,ASLT,291,91,65,0.3127147766323024,0.22336769759450173,2.3264267828033054,26.88480399329718,93.37610354316755,779.1206235631694,46.10955539753144,394.2088177650965,0.05516838487972508,0.2442027491408935,0.16818213058419243,0.2135085910652921,0.3522989690721649,24670.865979381444,54.39518900343643
2022-03-25,THFT,264,12,11,0.045454545454545456,0.041666666666666664,2.2945031539531446,26.48217103009692,87.21849886089299,734.3329413525296,45.251343924109385,386.4681199486034,0.04391666666666666,0.2094128787878788,0.13476136363636362,0.16510606060606062,0.31009469696969694,35584.40909090909,38.70454545454545
2022-03-26,ASLT,315,119,54,0.37777777777777777,0.17142857142857143,2.183196826580649,26.429643399580677,92.75719002674427,760.9909532146835,46.01962794286384,385.8047689191949,0.049107936507936496,0.2445238095238095,0.16641587301587302,0.19453333333333334,0.3476539682539682,27807.38412698413,51.75873015873016
2022-03-26,THFT,210,14,15,0.06666666666666667,0.07142857142857142,2.0530755480562246,26.28190983094457,87.9381503514117,721.7594781996095,45.21905014162116,374.38953384066957,0.04337619047619047,0.2175285714285714,0.14187619047619046,0.1665047619047619,0.3154952380952381,34108.038095238095,41.15238095238095
2022-03-27,ASLT,286,110,61,0.38461538461538464,0.21328671328671328,2.2679115120021014,26.833367333692497,93.06123822033948,787.6393023765139,45.87646581737726,396.23367979450836,0.053381118881118864,0.24975524475524474,0.1691013986013986,0.20793356643356642,0.35527972027972027,24887.227272727272,54.59090909090909
2022-03-27,THFT,190,14,6,0.07368421052631578,0.031578947368421054,2.209298706968731,26.549527826904416,90.03071618253807,732.915704382181,45.78342837790089,383.4597597267273,0.04367894736842104,0.22297894736842105,0.14582631578947367,0.17155789473684208,0.3263684210526316,31870.36842105263,43.95263157894737
2022-03-28,ASLT,256,68,46,0.265625,0.1796875,2.3289770539817614,26.67835267516451,90.80821491746755,784.3901316595129,45.22718856743958,397.4414289098039,0.053835937499999986,0.24932031249999997,0.16829687499999998,0.21214062499999997,0.3489296875,24220.56640625,54.46875
2022-03-28,THFT,290,7,15,0.02413793103448276,0.05172413793103448,2.401186590408012,26.64025280531133,88.16698735263799,770.2560525438818,45.435907797632545,400.6505768235072,0.04300689655172413,0.21158275862068965,0.1445310344827586,0.17380689655172413,0.32053793103448275,32348.068965517243,42.141379310344824
2022-03-29,ASLT,249,89,41,0.357429718875502,0.1646586345381526,2.2882938644051203,26.93676623222222,95.87947924633934,751.7601115103884,46.77000005565866,378.94219994893297,0.0531887550200803,0.2676024096385542,0.18060642570281124,0.2176184738955823,0.36678313253012046,22207.975903614457,59.70682730923695
2022-03-29,THFT,256,9,14,0.03515625,0.0546875,2.4186575930159364,26.389295533812458,88.1001262546563,742.4609781619578,45.42847493798311,388.3119918647176,0.04617968749999999,0.21741796875,0.14196874999999998,0.17323828125,0.31941015624999997,33484.46875,42.2734375
2022-03-30,ASLT,264,82,39,0.3106060606060606,0.14772727272727273,2.462808770669997,26.862044466116625,89.93118728849977,755.7010340927333,44.87060235134031,382.979098321364,0.05487121212121211,0.261530303030303,0.17575378787878787,0.2080719696969697,0.3522424242424242,24386.333333333332,56.18181818181818
2022-03-30,THFT,254,14,9,0.05511811023622047,0.03543307086614173,2.469193547500236,26.432003179668214,88.76645870909351,789.4951202526303,45.56616791363878,411.68211674325863,0.04385826771653542,0.22131496062992126,0.14904330708661417,0.17374409448818898,0.3313031496062992,31780.23622047244,44.10629921259842
2022-03-31,ASLT,274,100,54,0.36496350364963503,0.19708029197080293,2.37235350283654,26.915901628499757,94.0463184708323,792.0651527861683,45.97245821212818,395.3273605630161,0.056043795620437944,0.25955474452554744,0.1765620437956204,0.22214598540145983,0.3611058394160584,22517.30291970803,58.70802919708029
2022-03-31,THFT,247,6,13,0.024291497975708502,0.05263157894736842,2.2668912669675483,25.67195056917024,86.73965953626717,723.8340613345092,45.09614627580328,382.6625266281575,0.04802429149797569,0.22479352226720645,0.1473157894736842,0.18327935222672062,0.3159311740890688,32728.781376518218,43.75303643724696
2022-04-01,ASLT,325,109,65,0.3353846153846154,0.2,2.2639151014965124,27.159631100417734,94.22483381029728,792.624147838388,46.43985691637522,399.9431599505394,0.05562153846153846,0.2431353846153846,0.16758461538461536,0.21588000000000002,0.35267692307692305,24867.10769230769,54.76307692307692
2022-04-01,THFT,351,20,18,0.05698005698005698,0.05128205128205128,2.3969482088400156,26.7479424856935,90.32188147637392,755.2868946782854,45.71577884856342,389.7742813964105,0.04546723646723646,0.22544729344729342,0.1510997150997151,0.17898575498575497,0.3318433048433049,30373.85754985755,45.13390313390313
2022-04-02,ASLT,274,88,54,0.32116788321167883,0.19708029197080293,2.506660110249241,26.977031773297938,93.50595294898768,804.7178490578244,45.95601634871648,405.1417644675376,0.05527007299270072,0.23543430656934305,0.16496715328467154,0.21303284671532846,0.3512335766423358,25525.270072992702,54.05474452554745
2022-04-02,THFT,262,15,23,0.05725190839694656,0.08778625954198473,2.4252608339394794,26.452086349628505,89.00580247486954,758.1111804375809,45.36972357885922,391.14847917108966,0.0493091603053435,0.22938549618320608,0.1488587786259542,0.18546946564885494,0.33258396946564883,30665.68320610687,46.5
2022-04-03,ASLT,322,126,63,0.391304347826087,0.1956521739130435,2.324689553232694,26.72742046250838,94.62110961636725,760.9401862064421,46.35552422773126,383.75508959497733,0.05387267080745341,0.2590745341614907,0.1771583850931677,0.2166055900621118,0.3597608695652174,24118.86645962733,57.43478260869565
2022-04-03,THFT,208,12,18,0.057692307692307696,0.08653846153846154,2.4701759789169793,26.987626140774445,87.58711108916155,771.3306303290798,45.22452691909131,401.03113264231155,0.04279326923076922,0.2087548076923077,0.14371153846153845,0.16935096153846152,0.31864903846153847,32866.596153846156,40.80288461538461
2022-04-04,ASLT,299,106,42,0.35451505016722407,0.14046822742474915,2.3642667593564615,26.50321976945255,89.96947921459308,770.0978851618362,44.96670218524274,393.1487937617472,0.056936454849498316,0.25676254180602004,0.17804347826086955,0.2177926421404682,0.3562909698996655,23289.264214046823,56.95986622073578
2022-04-04,THFT,250,10,14,0.04,0.056,2.291918510562102,26.21971516222933,89.36098509155248,769.4655884842124,45.48155099920847,396.33156814320364,0.04754399999999999,0.223572,0.144592,0.181344,0.320768,32049.008,44.28
2022-04-05,ASLT,285,100,59,0.3508771929824561,0.20701754385964913,2.3249576802531724,26.56595575142703,93.11551339914986,791.9800602020207,45.831407928120754,399.3107740979354,0.05957192982456139,0.26041403508771926,0.18059649122807017,0.22967368421052628,0.3671578947368421,21745.44210526316,60.43157894736842
2022-04-05,THFT,240,7,18,0.029166666666666667,0.075,2.52643955113812,26.621807547380055,87.97278870670259,792.3340788378225,44.96074786933774,409.55869243510085,0.05009999999999999,0.22135833333333332,0.1429875,0.189225,0.32842916666666666,29548.933333333334,45.30833333333333
2022-04-06,ASLT,298,98,51,0.3288590604026846,0.17114093959731544,2.3177848086648725,26.78531429556483,95.2728371819151,785.0397817644047,46.18418163320653,390.0772777699041,0.055959731543624144,0.26720805369127515,0.18493288590604026,0.21878859060402683,0.3634832214765101,22375.875838926175,59.741610738255034
2022-04-06,THFT,247,4,20,0.016194331983805668,0.08097165991902834,2.2559006163970916,26.67371221006976,88.65948360525677,730.0434357935823,45.08733379475728,376.78082084236803,0.047056680161943316,0.21749797570850202,0.14590283400809714,0.1769757085020243,0.32683400809716595,32276.31983805668,43.88259109311741
2022-04-07,ASLT,278,99,54,0.35611510791366907,0.19424460431654678,2.398265018479857,26.62676968982775,92.9575287374606,784.3179343471702,45.91220516725666,395.5037250608377,0.0545935251798561,0.25768705035971223,0.1757230215827338,0.2081294964028777,0.35480215827338124,24338.89928057554,56.1294964028777
2022-04-07,THFT,255,8,15,0.03137254901960784,0.058823529411764705,2.4404694405981022,26.983295879668177,88.04484629829473,761.5728519766392,45.206124867671505,394.9719119722282,0.04699215686274509,0.2182627450980392,0.14175686274509802,0.17173333333333335,0.317878431372549,33038.901960784315,42.59607843137255
2022-04-08,ASLT,245,80,50,0.32653061224489793,0.20408163265306123,2.383206774628335,26.726450924878673,93.58707001133823,765.7590860574192,46.34924361287505,389.0047763076318,0.052477551020408145,0.24777551020408162,0.16909795918367346,0.2010408163265306,0.347330612244898,26392.093877551022,53.114285714285714
2022-04-08,THFT,272,10,15,0.03676470588235294,0.05514705882352941,2.234327556175745,26.411110721666688,89.18943819197622,752.1265687273544,45.432306718576655,390.6578325346331,0.04790073529411763,0.2247610294117647,0.14381985294117647,0.18366176470588233,0.3234338235294118,31436.257352941175,45.025735294117645
2022-04-09,ASLT,310,112,67,0.36129032258064514,0.2161290322580645,2.274290244543723,26.55362107396656,94.83406355717044,771.5697088594661,46.2558535258267,386.60523732113967,0.05478709677419353,0.25658709677419356,0.18043225806451613,0.21329999999999996,0.36057419354838705,24114.46129032258,57.748387096774195
2022-04-09,THFT,229,12,16,0.05240174672489083,0.06986899563318777,2.2492427146350473,25.603455601579522,88.60024493515989,732.1006864776175,45.34196591496709,381.45007050896334,0.04651965065502182,0.22463318777292574,0.14451091703056768,0.17940611353711788,0.3180524017467249,32325.231441048036,43.66812227074236
2022-04-10,ASLT,349,120,84,0.3438395415472779,0.24068767908309455,2.157217725522466,26.544354624275233,95.15355305417437,756.5694430151879,46.39252823288061,378.19935105803586,0.05540114613180515,0.253323782234957,0.17167621776504297,0.2085587392550143,0.351512893982808,25630.659025787965,55.32951289398281
2022-04-10,THFT,230,14,9,0.06086956521739131,0.0391304347826087,2.161496479550659,26.37270288573875,90.69543634283585,708.6124019794821,45.99467077704739,369.85866511980475,0.04655217391304347,0.21533478260869565,0.14446956521739132,0.17175652173913042,0.31673478260869564,34884.62608695652,42.47391304347826
2022-04-11,ASLT,307,96,72,0.3127035830618892,0.23452768729641693,2.231741015501242,26.74725327244778,98.56801612087492,780.4844078300023,47.23486124953843,387.7709960407277,0.05983713355048859,0.2687100977198697,0.18255700325732896,0.22803257328990229,0.36549511400651463,22455.00651465798,60.8371335504886
2022-04-11,THFT,217,10,10,0.04608294930875576,0.04608294930875576,2.311496873383831,26.66443165147057,88.93207593560282,736.0204387478373,45.47004046462472,384.123581798465,0.040064516129032245,0.21319815668202763,0.1413364055299539,0.16391705069124424,0.31953917050691244,33153.24884792627,40.92165898617512
2022-04-12,ASLT,301,87,60,0.28903654485049834,0.19933554817275748,2.2704779811171676,26.564428203396535,93.11161479217819,790.962621090091,45.81058543947896,398.11394712048536,0.05293687707641195,0.24738205980066447,0.1733654485049834,0.20875083056478405,0.35630232558139535,24661.740863787374,55.651162790697676
2022-04-12,THFT,251,7,19,0.027888446215139442,0.07569721115537849,2.374121134975676,26.906610248450466,89.7123094111161,723.5920777705621,45.75068041757674,378.0267471322263,0.04358565737051792,0.22635059760956175,0.15139442231075698,0.1746573705179283,0.32588844621513946,29427.772908366533,44.86852589641434
2022-04-13,ASLT,236,87,44,0.3686440677966102,0.1864406779661017,2.401850662337536,27.157892957537115,92.7246976658426,781.0496592442767,45.817306671248126,394.75870479963476,0.053868644067796595,0.25543644067796606,0.17653813559322032,0.20699152542372878,0.3552542372881356,24123.444915254237,56.1228813559322
2022-04-13,THFT,260,18,22,0.06923076923076923,0.08461538461538462,2.2552962857683183,26.36405884844401,89.25564705447059,764.3358176224489,45.137856190507776,392.4458167240346,0.052073076923076916,0.22553461538461536,0.14602692307692308,0.19724615384615385,0.3285076923076923,29436.284615384615,46.59230769230769
2022-04-14,ASLT,248,78,60,0.31451612903225806,0.24193548387096775,2.229054011704263,27.275121160956004,95.53925413241372,774.6663554887557,46.68391941511142,389.4819304680899,0.049104838709677405,0.251633064516129,0.17574193548387096,0.19931854838709676,0.35392741935483873,24849.879032258064,54.67741935483871
2022-04-14,THFT,271,14,10,0.05166051660516605,0.03690036900369004,2.407778465733793,26.953551937444747,89.07636295932086,778.8603321957853,45.35665474537863,401.6775350266926,0.04770479704797047,0.22528413284132842,0.14885977859778596,0.18827675276752767,0.3312140221402214,29160.47601476015,46.55350553505535
2022-04-15,ASLT,282,94,50,0.3333333333333333,0.1773049645390071,2.200808864126105,26.58033852592573,94.28562788333534,783.021512111051,46.241359545509916,393.4165270336507,0.057695035460992895,0.2604326241134752,0.17432624113475176,0.2189255319148936,0.3581205673758865,24207.09929078014,57.92553191489362
2022-04-15,THFT,296,12,17,0.04054054054054054,0.057432432432432436,2.394626835121711,26.818246407431786,88.37963796300578,755.729999046275,45.182358868133086,391.5806954272973,0.04547297297297296,0.22881756756756752,0.14863513513513513,0.179375,0.32909459459459456,30674.861486486487,45.4527027027027
2022-04-16,ASLT,294,106,63,0.36054421768707484,0.21428571428571427,2.206259950323869,26.239037115931676,96.82865438470064,804.9017209963813,46.851539322837446,399.9499964874282,0.05928231292517005,0.2640238095238095,0.1811326530612245,0.22666666666666666,0.3644829931972789,22609.42517006803,59.993197278911566
2022-04-16,THFT,255,11,18,0.043137254901960784,0.07058823529411765,2.2964202635590616,26.06577884517967,86.37358970503782,767.7701266159369,44.99330775140144,401.826127167162,0.041607843137254893,0.21754509803921568,0.14032156862745096,0.16529019607843137,0.31094901960784316,35387.72549019608,40.62352941176471
2022-04-17,ASLT,299,110,58,0.36789297658862874,0.1939799331103679,2.3984916323064644,26.840295067127435,90.14359966954555,779.2703262462719,45.162018690198,395.3641553998786,0.05500668896321069,0.25939130434782603,0.17554180602006686,0.21439130434782608,0.35553177257525087,24578.32441471572,57.19397993311037
2022-04-17,THFT,189,19,14,0.10052910052910052,0.07407407407407407,2.4688669407051718,26.624879575306267,88.1182725336225,756.4403050337334,45.050109115356484,397.0031143600672,0.04746560846560845,0.23457671957671958,0.15791005291005292,0.1914920634920635,0.3347354497354497,28158.915343915345,48.67724867724868
2022-04-18,ASLT,255,84,50,0.32941176470588235,0.19607843137254902,2.3649342278651533,26.585308664895567,90.99756553289676,774.4476472052411,45.10498022531464,391.34617722913566,0.059192156862745086,0.2566705882352941,0.17059607843137253,0.21981176470588235,0.3566,23492.55294117647,57.45490196078431
2022-04-18,THFT,268,14,17,0.05223880597014925,0.06343283582089553,2.2695624457479293,26.380606668657304,89.54373375251637,765.1121630045467,45.35222063955645,395.4363706405735,0.045847014925373124,0.226044776119403,0.15175746268656717,0.1839141791044776,0.32942537313432835,30471.38432835821,46.01119402985075
2022-04-19,ASLT,261,67,54,0.2567049808429119,0.20689655172413793,2.4095584063069166,26.329543479171992,91.49348181656805,767.1351939282888,45.33005958210947,388.8952793290962,0.052452107279693475,0.25272030651340993,0.1718773946360153,0.20551724137931035,0.3534061302681992,25505.513409961684,54.46360153256705
2022-04-19,THFT,238,11,20,0.046218487394957986,0.08403361344537816,2.3906979239285175,26.509238950898116,88.63873718442575,788.244955096164,44.87573896049982,404.5049673056538,0.055172268907563014,0.22723529411764704,0.14884453781512605,0.20205042016806724,0.33758403361344536,27836.331932773108,48.98739495798319
2022-04-20,ASLT,271,92,40,0.33948339483394835,0.14760147601476015,2.2145547019458545,26.473445686252337,94.38530162501384,787.2797896160243,46.033331592280035,395.3947907887753,0.05301476014760147,0.25960147601476014,0.1813210332103321,0.21075276752767527,0.364140221402214,23282.69372693727,57.98523985239852
2022-04-20,THFT,272,9,12,0.03308823529411765,0.04411764705882353,2.5073062602513123,26.929798493424403,89.4220182989344,765.792307337817,45.39724397376914,396.0128044935258,0.04529779411764705,0.22275735294117646,0.1540036764705882,0.18135294117647058,0.33465808823529414,28899.827205882353,45.955882352941174
2022-04-21,ASLT,265,74,56,0.2792452830188679,0.21132075471698114,2.191447908331755,27.073075440589463,95.08984885706761,769.421532116998,46.29245699535466,385.64544828101543,0.05595471698113206,0.2629622641509434,0.18272830188679243,0.22098490566037735,0.36598113207547167,22076.603773584906,59.71320754716981
2022-04-21,THFT,289,7,20,0.02422145328719723,0.06920415224913495,2.1150647288039313,26.296697742221355,87.82743115609863,744.4240993946996,45.192633618382864,390.1974406794519,0.0467993079584775,0.224159169550173,0.14755709342560552,0.18009342560553632,0.3251660899653979,31864.63667820069,44.49480968858131
2022-04-22,ASLT,274,82,49,0.29927007299270075,0.17883211678832117,2.2251591372827435,26.122219171363113,93.24872348655767,776.2598027755577,45.99360098472166,392.637690669889,0.05493795620437955,0.25061678832116785,0.17394890510948904,0.21366423357664233,0.35440875912408754,25015.970802919706,55.31386861313869
2022-04-22,THFT,277,10,11,0.036101083032490974,0.039711191335740074,2.3272243333716363,26.675255086531532,89.5257158017303,750.4909562947087,45.74436984866989,390.8177406816513,0.043028880866425985,0.2083321299638989,0.1361335740072202,0.1645090252707581,0.31498194945848373,34064.19494584837,39.63537906137184
2022-04-23,ASLT,381,137,71,0.35958005249343833,0.18635170603674542,2.2398780466546313,26.159816890633582,97.20870390358307,761.3168513908971,46.76055326870406,378.5331030553294,0.05763517060367453,0.266745406824147,0.1822020997375328,0.21859055118110238,0.3601364829396325,23464.472440944883,59.64041994750656
2022-04-23,THFT,274,10,11,0.0364963503649635,0.040145985401459854,2.309445539427654,25.80213186155136,87.31587736061701,724.9575609088548,45.17526704050876,379.46562354139087,0.04293430656934305,0.21743795620437956,0.14091605839416058,0.16277737226277372,0.3129744525547445,35848.20802919708,40.57299270072993
2022-04-24,ASLT,339,141,63,0.415929203539823,0.18584070796460178,2.231966330301082,26.363417825493958,95.91073919925263,755.5035034678858,46.515382052621895,380.09923017713623,0.05556637168141592,0.26322713864306785,0.17762241887905605,0.21626843657817107,0.35570206489675515,24218.778761061945,57.36283185840708
2022-04-24,THFT,246,14,15,0.056910569105691054,0.06097560975609756,2.314066948676155,26.930574648568477,89.88539055870105,751.3121346016247,45.753104880443004,386.7630244408622,0.046357723577235756,0.22460569105691056,0.14953252032520323,0.1784593495934959,0.3267723577235772,31572.0081300813,44.34146341463415
2022-04-25,ASLT,279,94,54,0.33691756272401435,0.1935483870967742,2.354501474826538,26.492571208683938,93.25524476335742,745.5527234313398,45.91083846577942,378.8927917281563,0.052458781362007156,0.2565698924731183,0.17926881720430107,0.20610394265232976,0.3573763440860215,24409.551971326164,56.32974910394265
2022-04-25,THFT,250,12,16,0.048,0.064,2.414750140432929,26.390723579495795,89.3170985140159,727.74607485123,45.618554901587636,381.33133064442643,0.041387999999999994,0.21181199999999997,0.141504,0.16501999999999997,0.315276,33587.764,40.668
2022-04-26,ASLT,291,97,53,0.3333333333333333,0.18213058419243985,2.331537079243235,26.71750415357651,93.5081229825515,775.3889224795439,45.963359692306014,390.29498547202303,0.0542061855670103,0.2611168384879725,0.1861340206185567,0.2213505154639175,0.3637182130584192,22742.941580756014,59.134020618556704
2022-04-26,THFT,270,13,19,0.04814814814814815,0.07037037037037037,2.518378647234762,26.78645887941329,89.62035973743424,772.6951675124216,45.5852480033108,400.2332703057422,0.0481074074074074,0.22209629629629626,0.1513,0.18510740740740741,0.33262962962962966,28933.744444444445,46.27407407407407
2022-04-27,ASLT,267,74,50,0.27715355805243447,0.18726591760299627,2.207975554683673,27.03125298506598,92.42331681515884,779.8562407575423,45.846843910105584,394.4611371370648,0.05329588014981272,0.23943071161048687,0.16655805243445693,0.20556179775280897,0.3494419475655431,26043.16479400749,52.8876404494382
2022-04-27,THFT,276,18,18,0.06521739130434782,0.06521739130434782,2.3673894751391487,26.21722310905097,89.42945046750353,739.6338848304833,45.58793114384375,385.64158846408293,0.04428985507246375,0.22392391304347825,0.14593840579710143,0.1695797101449275,0.3167608695652174,33114.42028985507,42.48550724637681
2022-04-28,ASLT,258,75,47,0.29069767441860467,0.1821705426356589,2.4066706685865427,27.051633421340895,92.79141225180521,775.3691415383919,45.941547022486105,393.92462484446474,0.05104263565891472,0.2512441860465116,0.17512790697674419,0.20959302325581394,0.3552364341085271,24530.72480620155,55.333333333333336
2022-04-28,THFT,242,8,20,0.03305785123966942,0.08264462809917356,2.3464508545608815,26.852621286641003,90.04995451128201,765.2406275759284,45.78996213917215,396.7059225862711,0.04696694214876032,0.2190909090909091,0.14555371900826444,0.17694214876033057,0.320702479338843,31717.31818181818,43.611570247933884
2022-04-29,ASLT,302,94,53,0.31125827814569534,0.17549668874172186,2.278902229801682,26.64647756535102,93.33688818562,774.234591314655,45.66151440926497,388.53711903734006,0.05586423841059602,0.26122847682119205,0.17792715231788078,0.21785430463576158,0.360546357615894,23879.675496688742,57.71523178807947
2022-04-29,THFT,253,13,16,0.05138339920948617,0.06324110671936758,2.2118019632900747,26.741094929277974,87.68756001992115,757.1301936876048,44.94954090437,392.4530282245589,0.043723320158102756,0.22393675889328063,0.1479288537549407,0.17517391304347824,0.3269802371541502,30942.81818181818,44.4703557312253
2022-04-30,ASLT,298,97,54,0.32550335570469796,0.18120805369127516,2.275818076842483,26.9382700162345,94.88300299795978,791.3352639947047,46.30785438287006,397.46350201156844,0.05745302013422817,0.25767449664429526,0.1741476510067114,0.22677181208053693,0.3617248322147651,22031.53020134228,59.00335570469799
2022-04-30,THFT,276,11,15,0.03985507246376811,0.05434782608695652,2.458711874835346,26.650087717323952,89.06745329278303,750.5475546641738,45.557845033414054,389.3639484968381,0.04511956521739129,0.20954347826086955,0.1388731884057971,0.16893840579710143,0.31553623188405794,34688.782608695656,40.57608695652174
2022-05-01,ASLT,326,111,56,0.34049079754601225,0.17177914110429449,2.2739136163339375,26.746825505901505,95.36572893941066,771.8620735511153,46.61187845839758,388.36302575287516,0.05737423312883435,0.24875766871165644,0.17255521472392638,0.21619018404907975,0.35483435582822087,24700.78834355828,56.260736196319016
2022-05-01,THFT,293,15,11,0.051194539249146756,0.03754266211604096,2.2118823054451213,26.46218753862121,87.23618766944557,729.0111380780096,45.0160100811725,381.2313639208717,0.04510921501706483,0.22247440273037544,0.14818088737201363,0.17632423208191125,0.32689078498293517,32632.201365187713,44.01023890784983
2022-05-02,ASLT,265,85,54,0.32075471698113206,0.2037735849056604,2.4172257628471874,26.79095692748957,92.59342911645362,765.7269062147468,45.57007892623101,386.39057862253657,0.05905283018867923,0.25797358490566036,0.17236603773584905,0.22499245283018868,0.35321132075471695,23518.18490566038,57.30943396226415
2022-05-02,THFT,254,14,15,0.05511811023622047,0.05905511811023622,2.662825866618757,26.98613606976874,86.34370558012128,767.555733134405,44.99929457725887,402.7590274819913,0.043515748031496056,0.2089015748031496,0.13831889763779526,0.16720866141732282,0.318,32562.63779527559,40.496062992125985
2022-05-03,ASLT,247,88,42,0.3562753036437247,0.1700404858299595,2.2793210915260964,27.013795054406184,91.38747157686772,748.0116549256616,45.49059125961146,381.31648118856316,0.053161943319838034,0.2617611336032389,0.1742995951417004,0.2075222672064777,0.35182995951417007,24729.356275303642,55.70445344129555
2022-05-03,THFT,249,8,18,0.0321285140562249,0.07228915662650602,2.2747985324254567,27.092468643016808,86.74934922690167,735.5888846590534,44.93129706922547,385.1930563328289,0.04595180722891565,0.209859437751004,0.13657831325301203,0.1700843373493976,0.3181726907630522,33150.60240963855,40.98393574297189
2022-05-04,ASLT,284,61,63,0.2147887323943662,0.22183098591549297,2.279035305812221,26.02730475926461,92.38005299493716,788.4040777655588,45.52158878088949,397.2038496563222,0.05632394366197182,0.258362676056338,0.1753943661971831,0.21940845070422535,0.35665140845070425,23541.334507042255,57.25
2022-05-04,THFT,278,10,20,0.03597122302158273,0.07194244604316546,2.2307200582284707,26.757652709904175,87.92857073613199,734.7279909706023,45.51685405063238,385.9048100572683,0.04592086330935251,0.21053237410071943,0.14083453237410073,0.1735,0.3183956834532374,32779.72661870503,41.669064748201436
2022-05-05,ASLT,293,86,53,0.2935153583617747,0.18088737201365188,2.395955846475251,26.411600800576192,91.69541819122196,789.0618972834335,45.733686922989406,400.82420405061157,0.052713310580204766,0.24470648464163822,0.1668361774744027,0.2069112627986348,0.3484095563139932,25715.167235494882,53.22184300341297
2022-05-05,THFT,284,6,17,0.02112676056338028,0.05985915492957746,2.2559449091747297,26.70251109143832,87.40763090474888,741.6741618690323,44.820087305577644,385.82110224486655,0.04681338028169013,0.21877816901408448,0.14838732394366197,0.17740492957746476,0.327443661971831,31520.49295774648,44.48943661971831
2022-05-06,ASLT,279,95,49,0.34050179211469533,0.17562724014336917,2.248297302724552,26.88858328550753,94.93207112739377,759.7092624058151,46.36636005735732,380.47435258176955,0.053752688172043,0.24212903225806454,0.16383512544802867,0.2049569892473118,0.34912186379928317,26274.874551971327,52.7921146953405
2022-05-06,THFT,284,7,13,0.02464788732394366,0.045774647887323945,2.2341160517164598,26.329909856675894,88.31909276605909,736.1174443825518,45.385343923795816,384.46448794970877,0.04553521126760563,0.20975704225352113,0.13222535211267605,0.17018661971830987,0.31357394366197183,35339.65845070423,40.12676056338028
2022-05-07,ASLT,287,108,57,0.37630662020905925,0.1986062717770035,2.405391889921117,26.669184698192623,90.87886100577198,791.4443103391902,45.11254701841761,400.16614831461465,0.05295818815331009,0.25449825783972124,0.17567247386759582,0.21269337979094077,0.35754355400696863,24563.94773519164,56.059233449477354
2022-05-07,THFT,248,10,20,0.04032258064516129,0.08064516129032258,2.142696417271006,26.907434440791683,87.39581028948945,722.9404937921811,45.091049018262645,379.05310581772903,0.043697580645161285,0.20991129032258066,0.14192338709677418,0.16433870967741934,0.3132782258064516,34195.03629032258,40.76209677419355
2022-05-08,ASLT,316,111,64,0.3512658227848101,0.20253164556962025,2.2000005171217683,26.917247416903752,96.05065079731966,781.4435455320813,46.6689669740638,390.8712568825446,0.05501898734177214,0.2477879746835443,0.16970569620253162,0.2135348101265823,0.3567879746835443,24433.363924050635,55.68987341772152
2022-05-08,THFT,240,15,8,0.0625,0.03333333333333333,2.2600066794180314,26.247653489342404,86.95136914770642,722.5518091443038,44.94577266904764,378.81363173693626,0.042704166666666654,0.22149583333333334,0.14533333333333331,0.16324166666666665,0.3138625,35230.245833333334,41.49166666666667
2022-05-09,ASLT,331,85,67,0.256797583081571,0.20241691842900303,2.4781975429831613,27.176973916761106,90.5227443357619,801.7144465357347,45.336826479007705,407.7599999949329,0.052223564954682763,0.24899697885196373,0.17360120845921448,0.20836253776435046,0.356833836858006,24468.280966767372,55.23867069486405
2022-05-09,THFT,285,16,12,0.056140350877192984,0.042105263157894736,2.137279669642139,26.5531920298741,88.26012014490512,733.7772319141596,45.31064180588664,382.0460027599025,0.04709122807017543,0.21716140350877192,0.1413614035087719,0.1782280701754386,0.3204385964912281,32367.119298245612,43.05614035087719
2022-05-10,ASLT,302,77,57,0.25496688741721857,0.18874172185430463,2.4399315225594966,26.593114472393403,92.35798227993469,811.0921755411606,45.51997250042869,408.05066776250266,0.05584768211920529,0.25794701986754964,0.18010596026490064,0.2211887417218543,0.3662218543046358,22609.029801324505,58.562913907284766
2022-05-10,THFT,281,17,24,0.060498220640569395,0.08540925266903915,2.2625210667395668,26.804199498955164,87.69753035009421,753.6278220205228,44.96498126897734,389.8272497814879,0.0443629893238434,0.21737722419928826,0.14287900355871885,0.17463345195729535,0.32560854092526686,31272.775800711745,42.80071174377224
2022-05-11,ASLT,352,103,65,0.29261363636363635,0.1846590909090909,2.056876513472591,26.479948832516097,96.03198879774673,741.988740698881,46.67373106144555,373.096356424773,0.05443181818181817,0.2599602272727273,0.17638920454545454,0.21145454545454545,0.3555482954545454,25383.488636363636,56.56818181818182
2022-05-11,THFT,280,15,18,0.05357142857142857,0.06428571428571428,2.3821090074386158,25.725684197942048,87.58356121356805,735.3896083726171,44.764341362359225,381.31553943236787,0.0472642857142857,0.23328214285714285,0.15034285714285714,0.18367499999999998,0.3226607142857143,30758.110714285714,46.18214285714286
2022-05-12,ASLT,318,100,70,0.31446540880503143,0.22012578616352202,2.3399575298419264,26.705692073728734,93.43303867982347,784.4586032895145,45.821210327742094,395.6500047453066,0.05427987421383646,0.26278301886792454,0.17949056603773583,0.21740566037735845,0.36095597484276726,23459.6572327044,58.41509433962264
2022-05-12,THFT,252,17,9,0.06746031746031746,0.03571428571428571,2.5303562182034223,26.621964113472433,89.19363967022223,770.647387084371,45.42647604892683,396.84077244502106,0.04784523809523808,0.2212222222222222,0.14861507936507937,0.1875753968253968,0.33241666666666664,30230.126984126986,45.845238095238095
2022-05-13,ASLT,362,123,64,0.3397790055248619,0.17679558011049723,2.1708274537147942,26.270193395560153,90.93560545480777,762.2664688474661,45.36005566959151,387.85219631948144,0.05388950276243093,0.2563867403314917,0.17229558011049723,0.2071574585635359,0.349939226519337,26107.621546961327,54.70718232044199
2022-05-13,THFT,290,15,12,0.05172413793103448,0.041379310344827586,2.144044788158381,26.13800307699679,85.60608262978779,717.1763277585696,44.53446129793251,375.9547864751131,0.04185517241379309,0.22041379310344825,0.14229999999999998,0.16245172413793102,0.3113,35072.244827586204,40.69310344827586
2022-05-14,ASLT,338,120,74,0.35502958579881655,0.21893491124260356,2.1755278902656774,26.032936029124496,92.0898848102927,751.8312232722891,45.688259256763395,382.1797074241734,0.05576035502958578,0.25510355029585796,0.1754289940828402,0.2136568047337278,0.3489822485207101,26388.42899408284,56.54733727810651
2022-05-14,THFT,260,10,10,0.038461538461538464,0.038461538461538464,2.315140103310281,26.65872286374204,88.68580626853155,705.2511379698354,45.539392433975635,367.4078564039877,0.04282307692307691,0.21749230769230768,0.1416576923076923,0.16318846153846153,0.31806923076923077,34582.592307692306,40.87307692307692
2022-05-15,ASLT,372,125,64,0.33602150537634407,0.17204301075268819,2.2833109020493416,26.792134014714648,90.90326086777625,779.2702801056265,45.4200820952764,396.52730589916155,0.05548924731182794,0.2542016129032258,0.17008064516129032,0.2152043010752688,0.35134139784946233,24739.516129032258,56.115591397849464
2022-05-15,THFT,275,14,18,0.05090909090909091,0.06545454545454546,2.1559074783646386,26.634650498002653,89.1970878510322,762.1174420364509,45.5994084154606,396.5831511614218,0.043719999999999995,0.22346545454545452,0.1484981818181818,0.1660581818181818,0.3237090909090909,33362.24363636364,43.07636363636364
2022-05-16,ASLT,326,111,58,0.34049079754601225,0.17791411042944785,2.399315591136032,27.34360302764325,94.50148613877498,762.825770619247,46.30579007661553,383.50478473628374,0.05595705521472392,0.24774233128834355,0.17000613496932515,0.21094171779141102,0.3554877300613497,24962.861963190186,55.23312883435583
2022-05-16,THFT,298,13,16,0.0436241610738255,0.053691275167785234,2.2781440464266,26.340009048938928,88.10936856864177,738.125287654485,45.31430143576807,386.00882926024997,0.04703691275167784,0.21835906040268455,0.1385201342281879,0.17995302013422818,0.31604362416107384,32871.8355704698,43.01006711409396
2022-05-17,ASLT,301,100,58,0.33222591362126247,0.19269102990033224,2.3234978673074744,26.837179590761497,99.27211444817556,761.5753000792475,47.44010399789938,380.02370554410066,0.056063122923588025,0.25816611295681063,0.17610299003322258,0.2201428571428571,0.36225913621262457,22490.05980066445,58.458471760797345
2022-05-17,THFT,301,15,22,0.04983388704318937,0.07308970099667775,2.510205497581535,26.765203130953857,86.87603540658297,741.5905979434478,44.66015201298483,386.7330482910292,0.04941196013289035,0.22349169435215946,0.14720265780730896,0.1831594684385382,0.3271295681063123,30281.99335548173,45.269102990033225
2022-05-18,ASLT,304,84,66,0.27631578947368424,0.21710526315789475,2.3835124046203684,26.937396482191144,95.47409300324284,754.8982432006352,46.32016411870669,378.288631888525,0.05457565789473682,0.2680361842105263,0.18616776315789474,0.2160328947368421,0.36561184210526315,22081.496710526317,59.713815789473685
2022-05-18,THFT,302,10,16,0.033112582781456956,0.052980132450331126,2.466688132303553,26.662764996954643,88.11750594415986,771.1302240631309,45.58480057237345,404.2606765030152,0.04493377483443708,0.2093211920529801,0.13459271523178806,0.1751953642384106,0.3150066225165563,33758.91721854304,40.85099337748344
2022-05-19,ASLT,349,116,65,0.332378223495702,0.18624641833810887,2.258554344747541,26.910702892112642,93.388721859578,792.9772121191726,45.943717205741265,396.6473070506788,0.05346704871060171,0.2655616045845272,0.1801318051575931,0.21187106017191976,0.35964183381088827,23865.054441260745,57.269340974212035
2022-05-19,THFT,282,16,19,0.05673758865248227,0.0673758865248227,2.3441623603835353,26.989137112535037,86.31440559713556,741.6894612350458,45.00027722657542,391.3265069406103,0.04459929078014183,0.21385106382978722,0.13886524822695034,0.17196808510638298,0.3168297872340426,32310.801418439718,41.3758865248227
2022-05-20,ASLT,368,113,66,0.3070652173913043,0.1793478260869565,2.315936318242915,26.600426247564,91.77378477390488,774.2793522891193,45.32141114226245,390.2278164689093,0.052510869565217375,0.2654701086956522,0.18894565217391304,0.21198641304347826,0.36092391304347826,23249.741847826088,58.87771739130435
2022-05-20,THFT,276,8,18,0.028985507246376812,0.06521739130434782,2.3490009269911147,26.465901461430946,86.79494708329726,770.7490923298399,44.60527412287734,401.1274180870739,0.05292028985507246,0.22868478260869565,0.14865579710144927,0.2001485507246377,0.32605797101449274,29496.221014492752,47.90942028985507
2022-05-21,ASLT,295,99,56,0.33559322033898303,0.18983050847457628,2.2881075213264754,26.537163775181906,94.49707789469294,767.9162571717441,46.409510776882406,386.031861008701,0.053135593220338964,0.24819661016949154,0.1729457627118644,0.21315254237288134,0.3553898305084746,24887.427118644067,55.51864406779661
2022-05-21,THFT,249,16,15,0.0642570281124498,0.060240963855421686,2.4120913195465237,26.474133703651717,89.2428762045157,759.7771103495933,45.44120160851068,392.2955844923506,0.04587550200803212,0.22679116465863453,0.14340562248995983,0.17693574297188752,0.31710843373493974,34539.694779116464,43.14859437751004
2022-05-22,ASLT,315,106,66,0.33650793650793653,0.20952380952380953,2.1606060487347722,26.621299595910024,93.18276346928786,781.9594683369228,45.887943536294486,394.51767307300605,0.05332698412698411,0.25530476190476187,0.17703492063492063,0.20954285714285714,0.3608412698412698,24623.542857142857,56.7968253968254
2022-05-22,THFT,243,10,12,0.0411522633744856,0.04938271604938271,2.4280329893137393,26.486872544497828,89.04662976282786,754.1682116304914,45.95550578031443,395.59830387689425,0.04170781893004114,0.2026008230452675,0.13062139917695473,0.1644938271604938,0.310641975308642,35128.38271604938,38.382716049382715
2022-05-23,ASLT,338,105,60,0.3106508875739645,0.17751479289940827,2.3121309673215467,27.058098496166522,94.43405480419302,793.5708116950943,46.220300462732766,398.83226681287783,0.052665680473372764,0.2518076923076923,0.1772514792899408,0.20859171597633133,0.36133136094674556,23976.097633136094,56.09763313609467
2022-05-23,THFT,280,10,14,0.03571428571428571,0.05,2.233666913064784,26.64799769671109,88.73606320773247,734.7515294343654,45.52307880840184,385.54021604920786,0.044607142857142845,0.21984642857142855,0.14499642857142855,0.17242857142857143,0.3226,32423.992857142857,42.628571428571426
2022-05-24,ASLT,332,117,75,0.35240963855421686,0.22590361445783133,2.371021317322464,26.781960430371136,94.4162439739071,791.5302767353255,46.059771608616984,394.41581934143915,0.053084337349397576,0.2589668674698795,0.17385843373493975,0.211105421686747,0.3599909638554217,24060.24096385542,56.57831325301205
2022-05-24,THFT,275,17,23,0.06181818181818182,0.08363636363636363,2.347683353693939,26.882641292908144,88.520991073284,769.5872440500254,44.95871213523527,394.1613680997982,0.04688727272727272,0.21921090909090907,0.14937818181818183,0.1813163636363636,0.33103636363636363,31645.054545454546,44.95636363636363
2022-05-25,ASLT,340,108,74,0.3176470588235294,0.21764705882352942,2.1524115107480846,26.323359913881095,91.5056355908644,779.1390538582856,45.452415700840675,394.8515051406244,0.054773529411764686,0.25584999999999997,0.1686941176470588,0.21454117647058824,0.35059705882352943,25070.485294117647,55.48823529411764
2022-05-25,THFT,276,7,15,0.025362318840579712,0.05434782608695652,2.372645039854038,26.830975186873715,86.26452934166683,751.6404411366533,44.558154649709245,390.78518144953154,0.04376086956521738,0.2177644927536232,0.14294927536231886,0.171481884057971,0.3203586956521739,32380.420289855072,42.21376811594203
2022-05-26,ASLT,346,95,68,0.2745664739884393,0.19653179190751446,2.456438541403599,26.996626879927845,92.61021088383711,781.7030565741309,45.733807234977775,395.479085833337,0.054907514450867036,0.25685549132947977,0.18167341040462426,0.21848843930635836,0.35841907514450866,23286.49710982659,57.84971098265896
2022-05-26,THFT,262,8,18,0.030534351145038167,0.06870229007633588,2.413962753013671,26.36212087656366,85.90024365662002,727.5968014762203,44.523663906444966,381.70058995433396,0.04688931297709923,0.21344656488549615,0.13859541984732823,0.17523664122137403,0.3163053435114504,33633.9465648855,41.3587786259542
2022-05-27,ASLT,311,92,70,0.2958199356913183,0.22508038585209003,2.292081732939562,26.611172935572448,97.86202358317003,781.9981494419752,47.30615440146622,390.9034789817212,0.055623794212218636,0.2605305466237942,0.18171382636655947,0.21971704180064305,0.3595369774919614,23632.97106109325,58.27331189710611
2022-05-27,THFT,280,11,24,0.039285714285714285,0.08571428571428572,2.425596595677002,26.500873974589837,88.75968288693493,766.3202950473703,45.51223441904333,397.9070610858082,0.047446428571428556,0.22196785714285713,0.14454999999999998,0.17860714285714285,0.3197535714285714,31402.325,44.15357142857143
2022-05-28,ASLT,325,92,97,0.28307692307692306,0.29846153846153844,2.2036535376613453,26.206797327683173,95.71352856207166,781.0562865164688,46.56682484573034,391.3649539600452,0.05670461538461537,0.2620553846153846,0.17535692307692308,0.22238153846153846,0.35651076923076924,24507.295384615383,57.90461538461538
2022-05-28,THFT,272,13,26,0.04779411764705882,0.09558823529411764,2.365530995970146,26.671197644248245,90.15777438471929,749.9454296388258,45.85796733724747,388.6587273909673,0.04412867647058823,0.2163455882352941,0.14729779411764704,0.16919485294117648,0.32291176470588234,32086.595588235294,43.3639705882353
2022-05-29,ASLT,423,116,108,0.27423167848699764,0.2553191489361702,2.210658810923707,26.25471442111262,89.85728203339089,775.3496354069318,45.03275870122315,394.51184317364465,0.053699763593380606,0.2570354609929078,0.17191962174940897,0.2075579196217494,0.3493900709219858,26325.912529550827,54.7612293144208
2022-05-29,THFT,234,19,10,0.0811965811965812,0.042735042735042736,2.1290460703188177,26.031277363526737,84.53050728228924,704.9612987274004,44.30635711500291,370.8121982296795,0.04377350427350426,0.215534188034188,0.1378162393162393,0.1642179487179487,0.3066837606837607,35411.79914529915,39.44017094017094
2022-05-30,ASLT,422,146,136,0.3459715639810427,0.3222748815165877,2.3238188437150877,26.584312035002228,92.35845990808788,769.3107884764369,45.65852837181191,388.664914015891,0.05135781990521326,0.25291232227488153,0.1706090047393365,0.2015616113744076,0.3494857819905213,26273.14691943128,53.86255924170616
2022-05-30,THFT,261,18,22,0.06896551724137931,0.0842911877394636,2.2211955194180812,26.634222619852558,87.94322472020536,723.1296202706927,45.00786866970684,375.9099332019234,0.04653639846743294,0.2215862068965517,0.14359386973180074,0.17793486590038313,0.3215402298850575,31664.731800766283,43.75095785440613
2022-05-31,ASLT,364,114,78,0.3131868131868132,0.21428571428571427,2.228274349234466,26.433606812991826,96.4172894717112,773.5088325734037,46.57714314495323,385.94108512526594,0.05684340659340658,0.2577912087912088,0.17775,0.22006043956043952,0.3571730769230769,23634.774725274725,57.97527472527472
2022-05-31,THFT,276,16,13,0.057971014492753624,0.04710144927536232,2.2116413644521082,26.7939493460673,92.45788059163361,729.5450370288751,46.447729208557234,378.3375719769141,0.04576811594202898,0.216,0.14396739130434782,0.178481884057971,0.32018478260869565,32270.05072463768,43.56884057971015
2022-06-01,ASLT,308,112,55,0.36363636363636365,0.17857142857142858,2.229448577453785,26.26859690635221,92.71124621065067,732.700663661574,45.853647929421065,374.57970623476297,0.052577922077922064,0.2559253246753247,0.16890584415584414,0.20644805194805194,0.34834415584415584,25267.87012987013,54.60064935064935
2022-06-01,THFT,356,12,13,0.033707865168539325,0.03651685393258427,2.3731597708706493,26.823412626929137,87.61943789669671,745.0994572661722,45.04178998795488,389.5211125177837,0.04522191011235954,0.21401966292134833,0.13987921348314605,0.17800280898876406,0.3236179775280899,31445.20786516854,42.53651685393258
2022-06-02,ASLT,314,100,61,0.3184713375796178,0.1942675159235669,2.469175928006741,26.77976764400328,90.71206637386013,763.8911156382026,45.33997452023373,389.4155652387239,0.05119108280254776,0.2527420382165605,0.17271337579617835,0.20486942675159234,0.3544076433121019,24835.66878980892,54.617834394904456
2022-06-02,THFT,293,18,15,0.06143344709897611,0.051194539249146756,2.2059164884047453,26.84774965895256,87.45806875346835,735.6111355668648,45.019297869922454,381.7789044893669,0.04851194539249146,0.21860409556313995,0.13927986348122867,0.179358361774744,0.32063139931740614,31875.279863481228,42.97952218430034
2022-06-03,ASLT,324,88,43,0.2716049382716049,0.13271604938271606,2.36059448416391,25.895646835285888,91.47366687786675,788.8658154424919,45.51695540814697,400.768375150158,0.05629629629629628,0.2577129629629629,0.17457407407407408,0.21604012345679013,0.3540586419753087,24524.447530864196,56.608024691358025
2022-06-03,THFT,340,15,16,0.04411764705882353,0.047058823529411764,2.2553164666962147,25.88666377142847,88.28111540672596,731.2373074984736,45.530511989150625,384.7649595324691,0.042305882352941165,0.2127176470588235,0.1346529411764706,0.1669235294117647,0.30563823529411766,34910.77647058824,39.40882352941176
2022-06-04,ASLT,305,114,46,0.3737704918032787,0.15081967213114755,2.4030694474092367,26.43363090351206,94.70229974966593,806.7628825887983,45.84709762239211,400.13861846798295,0.05585245901639343,0.2680393442622951,0.18134754098360653,0.22413770491803278,0.36750819672131146,22952.90163934426,59.45245901639344
2022-06-04,THFT,259,11,8,0.04247104247104247,0.03088803088803089,2.358728540361209,26.19577773519363,88.96172971649035,747.0557218247721,45.37310946158607,386.7708397169363,0.045389961389961375,0.22013127413127412,0.14436293436293438,0.1732200772200772,0.31924710424710423,34321.44787644788,43.061776061776065
2022-06-05,ASLT,348,134,58,0.3850574712643678,0.16666666666666666,2.2065854612970375,26.601433444004417,91.31454438642989,771.2665517220167,45.57177059586609,393.44300274960284,0.054724137931034464,0.2502471264367816,0.17020402298850573,0.2149109195402299,0.3544655172413793,24560.037356321838,55.39080459770115
2022-06-05,THFT,232,12,8,0.05172413793103448,0.034482758620689655,2.3084740193141324,26.576366077095216,84.91326060424458,740.1056287021858,44.45664148080135,391.0425237909608,0.04370689655172413,0.21524137931034482,0.1390603448275862,0.16922844827586206,0.3156637931034483,32630.521551724138,40.577586206896555
2022-06-06,ASLT,295,97,60,0.3288135593220339,0.2033898305084746,2.3671772127509114,26.62753019616698,92.15615519416579,782.3223892726518,45.63176018730822,394.8579651819434,0.053864406779661006,0.26000677966101693,0.17777627118644065,0.21478983050847458,0.35697966101694917,24515.90847457627,57.24745762711864
2022-06-06,THFT,296,16,8,0.05405405405405406,0.02702702702702703,2.3712080786158527,26.972821289002137,86.54237158443902,735.6984612357085,44.60701562685076,384.17208514949596,0.04487837837837837,0.22337837837837834,0.14347635135135134,0.1770777027027027,0.32551689189189187,30817.466216216217,43.54054054054054
2022-06-07,ASLT,304,93,60,0.3059210526315789,0.19736842105263158,2.497820482461541,27.06761544903732,93.48614880975873,799.1602892576003,45.936430253961845,401.5921500535332,0.05346710526315788,0.25212171052631577,0.17240460526315787,0.21558552631578945,0.3574671052631579,23547.509868421053,56.24671052631579
2022-06-07,THFT,300,13,19,0.043333333333333335,0.06333333333333334,2.368927296072357,26.719955827897188,87.34523312258632,714.551049196187,45.12079489560625,377.12404850426265,0.04349333333333332,0.21680999999999997,0.13535333333333333,0.16719333333333333,0.31238,34033.753333333334,40.22
2022-06-08,ASLT,281,82,54,0.2918149466192171,0.19217081850533807,2.1541333644763,26.22669599940853,91.23748987927866,759.1730811769029,45.318274155735935,385.35069533518254,0.052341637010676144,0.2522669039145907,0.16994306049822064,0.2060071174377224,0.3526156583629893,25616.306049822066,54.49822064056939
2022-06-08,THFT,299,9,13,0.030100334448160536,0.043478260869565216,2.330902018785816,27.39998579543916,87.37631439914024,769.1480150034288,45.296022875364976,402.93098280461237,0.04447157190635451,0.21360535117056856,0.14146822742474915,0.17166220735785953,0.32499665551839463,31842.060200668897,42.53846153846154
2022-06-09,ASLT,294,82,48,0.2789115646258503,0.16326530612244897,2.4109933807452535,26.63000646725846,92.47702464155377,784.3071217108292,46.14415408749522,399.9646435108782,0.05060204081632652,0.24690476190476188,0.16551700680272108,0.19607482993197276,0.3448843537414966,26884.214285714286,51.666666666666664
2022-06-09,THFT,299,10,22,0.033444816053511704,0.07357859531772576,2.3251876333574426,26.633399242512272,85.67009575781158,768.0914560936465,44.772564928674996,404.68127200247795,0.04593979933110367,0.2112876254180602,0.1380702341137124,0.16890635451505018,0.3146421404682274,33131.04347826087,41.096989966555185
2022-06-10,ASLT,324,96,54,0.2962962962962963,0.16666666666666666,2.1959186687752834,26.228150669075305,95.16356571047393,763.7030707699593,46.41299229192672,383.22598134547746,0.05583024691358023,0.2653179012345679,0.176679012345679,0.21723456790123458,0.3569506172839506,24381.13888888889,57.42283950617284
2022-06-10,THFT,279,11,11,0.03942652329749104,0.03942652329749104,2.310785004389026,26.6456209377409,89.38584564024727,755.991634361876,45.5269015202256,391.3925683366968,0.04919354838709677,0.22007168458781362,0.14698207885304657,0.18496774193548385,0.3276523297491039,31013.186379928316,45.44086021505376
2022-06-11,ASLT,373,130,53,0.3485254691689008,0.14209115281501342,2.3173769787057217,26.165789184803167,90.63521249406277,777.4260309446797,45.14073572923567,394.78355490778875,0.054163538873994624,0.2595093833780161,0.17456300268096514,0.2146916890080429,0.35268096514745306,24125.898123324398,56.552278820375335
2022-06-11,THFT,283,22,14,0.07773851590106007,0.04946996466431095,2.096150378592136,25.911517060294063,87.71720532117547,714.6374478881378,45.1469693164173,373.4834580051258,0.0427703180212014,0.21656183745583038,0.1392862190812721,0.16277031802120143,0.31369964664310956,35896.286219081274,39.86572438162544
2022-06-12,ASLT,387,134,91,0.3462532299741602,0.2351421188630491,2.180063650654469,26.265392298809818,93.90379806082359,737.4348213390633,46.13467488106939,371.5880247529093,0.05532299741602066,0.25268217054263564,0.16606976744186044,0.20975710594315247,0.34372609819121447,26820.29715762274,53.958656330749356
2022-06-12,THFT,263,20,15,0.07604562737642585,0.057034220532319393,2.1876537481343474,26.188977309929747,87.8845831287553,724.033532524676,44.96482166000026,378.4782412130738,0.0458593155893536,0.225319391634981,0.14673003802281367,0.18201140684410647,0.32128517110266164,31703.589353612166,44.88593155893536
2022-06-13,ASLT,307,99,61,0.32247557003257327,0.1986970684039088,2.214378760035228,26.6900243742103,92.10651604263968,789.1516744854645,45.848401981719654,399.2859229505606,0.051429967426710084,0.24857003257328988,0.1671400651465798,0.20017589576547232,0.3498306188925081,26600.41368078176,53.29315960912052
2022-06-13,THFT,302,9,11,0.029801324503311258,0.03642384105960265,2.2505014457028083,26.45591186121939,87.17646239139331,742.7297677546659,44.9477316161673,386.32046527318045,0.0464933774834437,0.21998344370860928,0.14349006622516555,0.1727185430463576,0.3140562913907285,33318.725165562915,41.58278145695364
2022-06-14,ASLT,307,109,70,0.3550488599348534,0.2280130293159609,2.284603060175161,26.14490830241731,90.35970517164746,772.0919839163844,45.348923910480096,395.66167116584626,0.050798045602605854,0.2516091205211726,0.167742671009772,0.20376221498371336,0.35071009771986966,26109.27687296417,53.75244299674267
2022-06-14,THFT,311,9,21,0.028938906752411574,0.06752411575562701,2.3565485724718647,26.190751185078568,86.47404457046792,756.5568307095797,44.802238600303546,397.5443914835299,0.04544372990353697,0.21714469453376203,0.14459163987138263,0.17743086816720258,0.321524115755627,31307.324758842442,43.048231511254016
2022-06-15,ASLT,346,110,69,0.3179190751445087,0.1994219653179191,2.3900600106906538,26.614662127839818,90.83197688140007,763.3992035887798,45.17754411507686,387.7994656453881,0.052468208092485535,0.2584653179190752,0.17765028901734103,0.20752601156069364,0.35779190751445084,23373.043352601155,56.421965317919074
2022-06-15,THFT,304,18,12,0.05921052631578947,0.039473684210526314,2.420592803801139,26.699908743666406,84.77161250701454,754.6449303978507,44.28436083473029,396.67591570715985,0.0435032894736842,0.2253157894736842,0.1494013157894737,0.17082894736842102,0.322858552631579,31208.33552631579,43.31907894736842
2022-06-16,ASLT,350,123,61,0.3514285714285714,0.1742857142857143,2.239488056327467,26.730098985892454,92.72916717149388,754.9238291620414,45.591987049697714,380.46355977063,0.0541542857142857,0.2570085714285714,0.16998,0.2074942857142857,0.3510971428571429,24919.5,55.3
2022-06-16,THFT,307,15,17,0.048859934853420196,0.05537459283387622,2.3628843381002436,26.264157075631175,85.49507865449338,716.8343189968788,44.53932153382795,378.0224913659863,0.04331270358306187,0.2194560260586319,0.1425602605863192,0.17206514657980457,0.3165244299674267,32557.671009771988,41.811074918566774
2022-06-17,ASLT,356,106,74,0.29775280898876405,0.20786516853932585,2.359028252455216,26.576097143517575,89.9919978262168,773.5509874815061,45.009634163660046,393.1087709910539,0.05435393258426965,0.25418539325842693,0.1685955056179775,0.2132556179775281,0.3491123595505618,24109.41011235955,55.075842696629216
2022-06-17,THFT,322,17,19,0.052795031055900624,0.059006211180124224,2.280039053186906,25.91077037748614,91.51909016459126,730.1166430431966,46.18096307985818,379.2593687320009,0.04686335403726707,0.23356521739130434,0.14784161490683229,0.17906211180124224,0.320472049689441,31696.024844720498,45.06832298136646
2022-06-18,ASLT,349,114,69,0.32664756446991405,0.1977077363896848,2.2075765582233733,27.006649694878917,90.4472899043225,769.1514108547353,45.13320299247813,389.4492253016424,0.04993982808022921,0.2589484240687679,0.17726647564469913,0.1973839541547278,0.35496561604584526,25915.332378223495,54.77650429799427
2022-06-18,THFT,332,11,10,0.03313253012048193,0.030120481927710843,2.1454592259828393,25.929419456002993,87.78340209719822,731.117503924379,45.39485496002606,383.6146572524319,0.04140060240963855,0.21427409638554215,0.13306024096385544,0.15412951807228917,0.3030421686746988,38013.01807228916,38.43674698795181
2022-06-19,ASLT,427,154,73,0.36065573770491804,0.17096018735362997,2.1888166759288605,26.28211961281165,94.48916384634977,778.4915648003624,46.191717493119576,390.0926118269283,0.05503278688524589,0.2586487119437939,0.17566510538641686,0.21725058548009366,0.3547564402810304,24861.88056206089,56.90866510538642
2022-06-19,THFT,254,13,17,0.051181102362204724,0.06692913385826772,2.2443379209241305,26.38336281424872,90.94279050051087,731.7877757840398,46.06723898892942,378.6014584795807,0.04838976377952755,0.22790944881889763,0.14274409448818898,0.17911023622047245,0.32295669291338586,31545.346456692914,44.51968503937008
2022-06-20,ASLT,381,120,92,0.31496062992125984,0.24146981627296588,2.2695141919445256,26.379761030694414,94.45833340631765,769.4072475387532,46.09728996416544,386.862399021194,0.05319685039370077,0.2684068241469816,0.1811994750656168,0.2117034120734908,0.35844881889763774,23548.265091863515,58.125984251968504
2022-06-20,THFT,318,15,19,0.04716981132075472,0.059748427672955975,2.275168755439459,26.46176342923506,89.3850986748485,736.1974340458229,45.446701997814856,381.11737373276065,0.045069182389937096,0.22888050314465405,0.15027987421383646,0.18080503144654086,0.3258553459119497,31231.7106918239,45.405660377358494
2022-06-21,ASLT,291,93,50,0.31958762886597936,0.1718213058419244,2.1800350227554226,26.01447351940039,90.6794710224812,747.7702639783257,45.1852520947699,381.0499739137089,0.05295532646048108,0.25753264604810994,0.17020618556701028,0.2052405498281787,0.34693127147766323,25607.855670103094,54.281786941580755
2022-06-21,THFT,317,18,13,0.056782334384858045,0.04100946372239748,2.276112204495305,26.51371866679309,88.11494838012001,733.7785338295729,45.443704403338664,385.0749216466174,0.04553943217665614,0.2133533123028391,0.13898107255520503,0.1706719242902208,0.31430599369085177,34019.842271293375,40.94952681388013
2022-06-22,ASLT,316,101,56,0.31962025316455694,0.17721518987341772,2.3369875187410707,27.05119975525582,90.19466981272917,777.2586663510051,45.24409041709527,394.7440868993481,0.051028481012658215,0.23855379746835442,0.16641772151898734,0.1988386075949367,0.35005696202531644,26195.553797468354,51.52215189873418
2022-06-22,THFT,332,17,25,0.05120481927710843,0.07530120481927711,2.3995633466473407,26.918972764998177,87.42096641425033,756.3128929712436,44.99971015125932,392.69518356364637,0.04497289156626505,0.22285843373493977,0.14835843373493973,0.1769156626506024,0.32729819277108435,30634.253012048193,44.243975903614455
2022-06-23,ASLT,321,100,49,0.3115264797507788,0.1526479750778816,2.1930792125852734,26.853107345614507,91.86453160554842,808.0677443053028,45.399077368407596,406.4041350873121,0.055881619937694686,0.24978193146417443,0.17201557632398753,0.21671028037383175,0.35771339563862925,24125.29906542056,55.993769470404985
2022-06-23,THFT,265,15,8,0.05660377358490566,0.03018867924528302,2.2267804280776464,26.543066187868472,85.00154711428257,724.7708704019943,44.230097176793144,380.3360110093943,0.043218867924528295,0.20967924528301887,0.14075471698113207,0.1706301886792453,0.3162226415094339,32620.18490566038,41.1811320754717
2022-06-24,ASLT,333,92,46,0.27627627627627627,0.13813813813813813,2.3233316634593275,26.697709043587164,93.46232547666999,763.7755070120687,46.119501988956365,389.3457331058012,0.04935735735735735,0.2523123123123123,0.17378378378378379,0.19996696696696697,0.3503633633633633,25426.237237237237,53.789789789789786
2022-06-24,THFT,372,19,19,0.051075268817204304,0.051075268817204304,2.411416141804265,26.85209241331808,87.00722555883212,747.6387526048529,45.18699507794288,391.8121733126068,0.045392473118279555,0.2068870967741935,0.13556182795698923,0.17119892473118278,0.3159247311827957,33126.98924731183,40.166666666666664
2022-06-25,ASLT,323,106,52,0.3281733746130031,0.1609907120743034,2.230808342698131,26.13889502416624,96.49262343274924,767.8369843837908,46.810136810555676,384.24588263458793,0.054222910216718254,0.25185448916408665,0.17125077399380806,0.2069659442724458,0.347922600619195,26298.52012383901,54.18266253869969
2022-06-25,THFT,299,8,14,0.026755852842809364,0.046822742474916385,2.45584861049361,25.44742205049832,86.48946262691325,739.1299427357415,45.30966192551055,390.4944811348652,0.043525083612040126,0.20049832775919732,0.12642140468227422,0.157438127090301,0.29030769230769227,39488.95317725753,35.60200668896321
2022-06-26,ASLT,382,133,59,0.3481675392670157,0.1544502617801047,2.2454302809617492,26.257685041342846,91.97313036771314,799.048544375267,45.76590513287109,405.7926878373259,0.05715968586387434,0.2396178010471204,0.16210994764397904,0.2192460732984293,0.3420732984293194,27052.531413612567,54.13350785340314
2022-06-26,THFT,318,11,9,0.03459119496855346,0.02830188679245283,1.91736843591592,25.938751708983133,85.15951114597964,692.6697910983273,44.61174789222704,368.85707251717895,0.03928930817610062,0.20919811320754714,0.12874528301886792,0.14866352201257862,0.29161635220125787,37767.78301886792,36.62264150943396
2022-06-27,ASLT,338,111,67,0.32840236686390534,0.19822485207100593,2.155663882167563,26.157925602062306,94.15197622709775,764.0547528756116,46.38034684667379,388.2225656708139,0.05570118343195265,0.24978106508875741,0.16727514792899406,0.21347928994082838,0.3477189349112426,25713.923076923078,54.896449704142015
2022-06-27,THFT,319,20,16,0.06269592476489028,0.050156739811912224,2.250055754944689,26.34905837773388,87.94804325948417,717.7391467530048,45.65015939651188,381.7201723494019,0.04180877742946707,0.2086833855799373,0.138141065830721,0.163564263322884,0.31123510971786833,34063.42946708464,39.63636363636363
2022-06-28,ASLT,346,99,79,0.2861271676300578,0.22832369942196531,2.266202741069417,26.12619872659671,92.27338201487503,788.1945413751304,45.55902414333253,398.48189482325114,0.05645375722543351,0.2590780346820809,0.17727456647398843,0.2165693641618497,0.35696820809248553,24113.85838150289,57.23988439306358
2022-06-28,THFT,318,12,17,0.03773584905660377,0.05345911949685535,2.430288428362104,26.96383985769488,88.90377784624438,780.3112665042795,45.478823519810064,404.55005140495035,0.04344025157232703,0.21908490566037736,0.15057861635220127,0.1729182389937107,0.3296572327044025,32583.528301886792,43.9748427672956
2022-06-29,ASLT,308,108,66,0.35064935064935066,0.21428571428571427,2.210853674912144,26.622781155405498,96.38795160863823,761.3829688715289,46.64975439591761,379.89808942036035,0.05377597402597401,0.2608603896103896,0.1741525974025974,0.20880844155844155,0.35284415584415585,24293.68831168831,55.938311688311686
2022-06-29,THFT,341,11,17,0.03225806451612903,0.04985337243401759,2.3173330206964655,26.821842806337933,87.03753803024325,746.2352876693744,45.03063680854679,390.5590361040915,0.04308504398826978,0.2199824046920821,0.1440733137829912,0.1681466275659824,0.32070087976539585,32804.868035190615,42.023460410557185
2022-06-30,ASLT,326,87,80,0.2668711656441718,0.24539877300613497,2.360499939713427,26.601032066655037,89.72027317420398,785.2339023389561,45.16561247845044,402.7536132794929,0.0491441717791411,0.24443251533742333,0.16871165644171776,0.1929079754601227,0.34759509202453986,26559.849693251534,51.37116564417178
2022-06-30,THFT,346,13,13,0.03757225433526012,0.03757225433526012,2.3232479838588893,26.51917191064608,86.81601483982054,770.169051044351,44.725971480760386,400.06444829787256,0.04709248554913294,0.21832947976878614,0.1466936416184971,0.1851473988439306,0.3228872832369942,31118.815028901736,44.80635838150289
2022-07-01,ASLT,403,114,87,0.28287841191067,0.21588089330024815,2.1527994960916965,26.646712645477,91.37427746953448,771.9172541508361,45.38410320556913,390.7178514792841,0.0524441687344913,0.2507047146401985,0.1699578163771712,0.20467493796526054,0.35155831265508686,25443.4888337469,54.193548387096776
2022-07-01,THFT,426,18,15,0.04225352112676056,0.035211267605633804,2.1922355460119705,26.116100057254833,86.51078398109978,726.8323842426071,44.94242300917541,383.33287372510773,0.04398591549295773,0.22432394366197184,0.14422769953051642,0.17085446009389668,0.31852582159624415,32841.67136150235,43.0
2022-07-02,ASLT,379,109,82,0.287598944591029,0.21635883905013192,2.2134071899226275,26.596196490800217,93.72006602441165,774.5667789940377,46.28858261184633,393.2878559268921,0.05526912928759893,0.24041952506596306,0.16570448548812663,0.20803957783641158,0.3478522427440633,27357.952506596306,53.382585751978894
2022-07-02,THFT,321,18,19,0.056074766355140186,0.059190031152647975,2.242391597613156,26.18089391193302,89.14843679052201,723.0645815101789,45.59603919043262,375.9579637890557,0.0437258566978193,0.21613707165109033,0.14177881619937693,0.16728037383177569,0.317816199376947,35727.2429906542,41.271028037383175
2022-07-03,ASLT,399,126,86,0.3157894736842105,0.21553884711779447,2.330152512632683,26.698546532200897,92.38902568202728,828.0148264048195,45.77096230843603,417.4345459431702,0.054318295739348356,0.24896992481203006,0.17396992481203008,0.21781453634085213,0.357203007518797,24333.315789473683,56.30075187969925
2022-07-03,THFT,272,20,14,0.07352941176470588,0.051470588235294115,2.2623157037487687,26.550517041062623,86.65395113869015,717.5575052121618,45.08372030617462,376.4352653824533,0.041183823529411745,0.22404779411764705,0.14605514705882353,0.15880882352941175,0.3164595588235294,33812.08823529412,41.356617647058826
2022-07-04,ASLT,419,133,95,0.31742243436754175,0.22673031026252982,2.1809878388137,26.58305646529159,94.50489554703101,771.6527851859654,46.275320257047895,388.4832317746666,0.05519331742243435,0.25178281622911697,0.17098806682577564,0.21390453460620523,0.3563579952267303,24894.928400954654,55.840095465393794
2022-07-04,THFT,247,22,15,0.08906882591093117,0.06072874493927125,2.3314918796253994,26.4161240081854,88.4422676355045,763.6227952624122,45.27906660621147,396.62384771210037,0.04765991902834007,0.22729554655870443,0.14994331983805664,0.1869554655870445,0.32288663967611336,30371.473684210527,45.54251012145749
2022-07-05,ASLT,300,115,48,0.38333333333333336,0.16,2.188965838819577,27.05101569113238,95.53208677029055,777.2530761412097,46.36254008520782,386.07272581029764,0.056836666666666646,0.2679433333333333,0.18377,0.21921333333333332,0.36633,22010.85,59.596666666666664
2022-07-05,THFT,291,18,12,0.061855670103092786,0.041237113402061855,2.263270026988192,26.49620550353378,88.17562694736827,750.4170810431928,45.181129713165774,387.8564228266588,0.04618556701030927,0.21498625429553264,0.13923024054982816,0.16927835051546392,0.31365635738831615,34960.72508591065,41.450171821305844
2022-07-06,ASLT,284,109,57,0.38380281690140844,0.2007042253521127,2.2643560993467635,26.822414501457242,92.22975056283063,773.0944086025531,45.53731051450789,388.0560074179961,0.054968309859154914,0.2571901408450704,0.17928169014084505,0.2157288732394366,0.360612676056338,23642.584507042255,57.309859154929576
2022-07-06,THFT,312,14,19,0.04487179487179487,0.060897435897435896,2.2644447859541876,26.81554601080341,86.83654873436258,759.3021049564852,45.03632454664312,395.65958183392917,0.044907051282051275,0.20969871794871794,0.13705128205128206,0.17389102564102563,0.317349358974359,33500.5032051282,41.18269230769231
2022-07-07,ASLT,312,95,62,0.30448717948717946,0.1987179487179487,2.2477975875574794,26.631191467435418,91.4303108941852,768.8864154750214,45.5594817324507,390.27301459641603,0.04979166666666666,0.24667307692307688,0.17084294871794872,0.19887179487179485,0.3469070512820513,26306.1858974359,52.69551282051282
2022-07-07,THFT,330,10,12,0.030303030303030304,0.03636363636363636,2.3394846035525885,26.878061661976602,84.83755634552263,753.7440643970757,44.54734269289828,397.41059884155726,0.04125454545454544,0.21091212121212122,0.13763030303030302,0.1625060606060606,0.3145272727272727,33627.954545454544,38.8969696969697
2022-07-08,ASLT,304,100,39,0.32894736842105265,0.12828947368421054,2.221433597749372,26.281567134030002,95.23355194666249,793.3573073007497,46.27753063546312,395.54766364900297,0.05545394736842104,0.2595559210526316,0.17575328947368418,0.21613486842105262,0.3570361842105263,24310.411184210527,57.58552631578947
2022-07-08,THFT,319,18,12,0.05642633228840126,0.03761755485893417,2.3612013940220926,26.54479606258044,86.36425619026326,737.9443962602875,44.868544016465435,387.82551393646963,0.04392163009404388,0.21584012539184952,0.14462382445141064,0.17227272727272727,0.31938871473354236,32999.05329153605,42.175548589341695
2022-07-09,ASLT,309,102,47,0.3300970873786408,0.15210355987055016,2.218387951428694,26.48769956952195,91.80706761466446,746.9865379422524,45.54137840812781,380.21286607012655,0.05069255663430419,0.2444789644012945,0.16735922330097086,0.199126213592233,0.3476181229773463,26732.44660194175,52.26537216828479
2022-07-09,THFT,285,11,9,0.03859649122807018,0.031578947368421054,2.3908703556180657,26.2917959418201,86.17292409909012,729.7366847168821,44.824821575179065,385.10183955692804,0.03979649122807016,0.2207859649122807,0.14664912280701756,0.15441052631578947,0.3170982456140351,35474.063157894736,39.96140350877193
2022-07-10,ASLT,336,114,44,0.3392857142857143,0.13095238095238096,2.381948921211275,26.852434454527653,91.02922511685891,774.4707746217495,45.46738376468744,394.3993461763378,0.053249999999999985,0.23928869047619047,0.16528273809523808,0.20451488095238096,0.3475922619047619,26088.36011904762,52.333333333333336
2022-07-10,THFT,306,18,12,0.058823529411764705,0.0392156862745098,2.385983235156193,26.83451493860848,87.06434951204295,778.7530765788366,44.96283959366666,404.361301868449,0.045290849673202606,0.2178856209150327,0.13878104575163397,0.17491830065359476,0.3158921568627451,32624.718954248365,42.388888888888886
2022-07-11,ASLT,304,88,54,0.2894736842105263,0.17763157894736842,2.292965110661171,26.752937698583242,88.98638253093196,811.2609764036039,44.75910631978338,412.5218752056806,0.053680921052631565,0.24510526315789474,0.17073684210526316,0.21100657894736843,0.35438157894736844,24187.345394736843,54.588815789473685
2022-07-11,THFT,352,11,16,0.03125,0.045454545454545456,2.1342116709895134,26.49695795929584,87.53203012707431,721.1240427891008,45.16981992000746,378.5373219443102,0.0454090909090909,0.2206534090909091,0.14588352272727273,0.17171590909090909,0.31885227272727273,32179.707386363636,43.07102272727273
2022-07-12,ASLT,304,99,63,0.3256578947368421,0.20723684210526316,2.337524141174156,26.335419804874558,93.21218118817497,790.6715193900986,45.82895879457713,397.0203748364415,0.05679276315789473,0.26154605263157893,0.18129605263157894,0.22339144736842106,0.36218092105263155,23571.217105263157,59.50986842105263
2022-07-12,THFT,319,15,10,0.047021943573667714,0.03134796238244514,2.3822629194623075,26.527112982673888,87.87965571509797,772.5409651966354,44.994228996309936,398.0598658923241,0.0501347962382445,0.22938557993730405,0.14912225705329152,0.1921692789968652,0.32957366771159874,29183.990595611285,47.07210031347962
2022-07-13,ASLT,274,95,42,0.3467153284671533,0.15328467153284672,2.3979316412919616,26.797548690462147,89.71641423250092,780.7299996258095,44.967422070314406,396.6703192467146,0.05116058394160583,0.24921167883211676,0.16623357664233573,0.2018978102189781,0.3467518248175182,26159.054744525547,53.15693430656934
2022-07-13,THFT,326,16,14,0.049079754601226995,0.04294478527607362,2.3408927972378177,27.25482021166613,88.42082022106506,773.0604201829782,45.2322020743837,399.2727474197445,0.04436196319018404,0.20751533742331285,0.1396840490797546,0.17575766871165643,0.325180981595092,31769.472392638036,41.74233128834356
2022-07-14,ASLT,317,82,50,0.2586750788643533,0.15772870662460567,2.5101826466566846,27.095927713966766,91.14184330453864,801.3607466464814,45.55254335979266,407.2072860283312,0.04945110410094636,0.24845425867507884,0.17640378548895896,0.20040694006309148,0.35470031545741326,25118.066246056784,54.14511041009464
2022-07-14,THFT,319,10,8,0.03134796238244514,0.025078369905956112,2.404209300045188,27.061826343435154,89.69340576785004,746.2887836084172,45.87583945711198,391.0574849861185,0.0443667711598746,0.21597805642633225,0.14247648902821317,0.1704639498432602,0.32060815047021946,32768.57993730407,42.21630094043887
2022-07-15,ASLT,260,81,44,0.31153846153846154,0.16923076923076924,2.3584962998571366,26.91745174468009,91.37683876428896,754.362281153,45.81440630303768,386.6497490588192,0.04927692307692306,0.23923076923076922,0.16035384615384615,0.19364230769230767,0.3427307692307692,27136.7,50.284615384615385
2022-07-15,THFT,315,6,17,0.01904761904761905,0.05396825396825397,2.346293714683065,26.592842749664303,88.40499284471342,743.3434103690502,45.50610180203471,388.3460616077905,0.04466349206349206,0.21587301587301588,0.13988888888888887,0.1731206349206349,0.32125714285714285,32378.69523809524,41.65714285714286
2022-07-16,ASLT,304,77,47,0.2532894736842105,0.15460526315789475,2.1637959297306253,26.53900089063773,93.43869051735527,773.0693245823983,46.11290949597786,389.76178628357366,0.053881578947368405,0.2518782894736842,0.16847039473684208,0.20420065789473685,0.34680921052631575,26186.49342105263,54.19078947368421
2022-07-16,THFT,345,18,10,0.05217391304347826,0.028985507246376812,2.2566705730506196,25.86156391489899,88.00078912035809,717.3359208071336,45.2532741648578,376.0468113140609,0.043356521739130426,0.22715942028985506,0.14265797101449276,0.164368115942029,0.3151826086956522,34912.97971014493,42.00289855072464
2022-07-17,ASLT,354,112,61,0.3163841807909605,0.17231638418079095,2.1911995792239454,25.81179978227512,93.43153930472674,757.9680764873992,46.037757588239856,382.3564359912011,0.05312711864406778,0.25498870056497175,0.1669322033898305,0.206319209039548,0.34695197740112993,26662.293785310736,54.152542372881356
2022-07-17,THFT,347,19,16,0.05475504322766571,0.04610951008645533,2.296151717319751,26.202892531983725,90.22459099698435,719.7882792385867,46.03984476426676,376.1211415169424,0.04412391930835734,0.21845821325648412,0.14272046109510086,0.16644668587896252,0.31353025936599427,36502.30547550432,41.40922190201729
2022-07-18,ASLT,337,100,49,0.29673590504451036,0.14540059347181009,2.365058253772958,26.573966955346247,90.43035340894204,772.8201842026629,45.301071160838156,393.49481888836146,0.05187240356083085,0.2453887240356083,0.1710474777448071,0.20413946587537093,0.3477566765578635,25599.38872403561,53.10979228486647
2022-07-18,THFT,392,15,29,0.03826530612244898,0.07397959183673469,2.3717599796141235,26.470459174990232,83.88262865877188,729.4884756886227,43.872147401600124,385.27412986785305,0.04457653061224489,0.22084948979591834,0.1448392857142857,0.17375255102040812,0.31945408163265304,31820.48469387755,42.579081632653065
2022-07-19,ASLT,302,98,59,0.32450331125827814,0.19536423841059603,2.2102872251730705,26.33625950694303,91.77147606313716,756.7776912245125,45.36905242015786,384.61607864634766,0.0547980132450331,0.2665860927152318,0.18263576158940398,0.21315562913907285,0.35913576158940397,23451.58940397351,58.48344370860927
2022-07-19,THFT,354,11,11,0.031073446327683617,0.031073446327683617,2.336978694147663,26.344711493847242,86.79888406687311,765.0787013658459,44.790453951002924,399.26611034382233,0.04929943502824857,0.21699152542372882,0.14223446327683614,0.18652542372881356,0.3223220338983051,32446.19209039548,44.35028248587571
2022-07-20,ASLT,311,97,49,0.31189710610932475,0.15755627009646303,2.325181021170489,26.55559055968771,95.97887051529054,762.1195734120395,46.71594004169204,383.898357409581,0.05258520900321542,0.255475884244373,0.17297106109324759,0.20601286173633437,0.3528360128617363,25361.00643086817,54.9903536977492
2022-07-20,THFT,333,7,13,0.021021021021021023,0.03903903903903904,2.3052381747642,26.78264685621467,87.51252861776281,744.946191666839,45.449542182095314,395.20889036432817,0.042273273273273265,0.211993993993994,0.14319819819819818,0.16843843843843842,0.32050450450450446,31559.546546546546,41.37537537537538
2022-07-21,ASLT,291,99,48,0.3402061855670103,0.16494845360824742,2.1507790348218063,25.56910037043734,94.28965588391483,747.1751717126299,46.144099646918505,377.43976859997423,0.052999999999999985,0.26454982817869416,0.1803848797250859,0.20928178694158076,0.3594845360824742,24718.477663230242,57.30927835051546
2022-07-21,THFT,311,17,18,0.05466237942122187,0.05787781350482315,2.4885967409477736,26.6951329246884,88.6927070312326,755.4488656092861,45.465962726215174,394.62745605259676,0.0437652733118971,0.21508681672025723,0.1462861736334405,0.16445337620578776,0.3208327974276527,34141.16077170418,41.42765273311897
2022-07-22,ASLT,329,101,51,0.3069908814589666,0.15501519756838905,2.315222613343521,26.298158370093198,93.36895835265895,774.0242512723671,46.01098164329538,392.9062424012645,0.053866261398176275,0.2529574468085106,0.16947112462006078,0.21443465045592702,0.3539544072948328,25029.480243161095,55.52279635258358
2022-07-22,THFT,367,14,16,0.03814713896457766,0.043596730245231606,2.211501644110902,26.931600886158197,87.58298817937181,742.6733820777249,45.271756579545745,390.17315085743104,0.0420108991825613,0.21157220708446864,0.13765940054495912,0.16407629427792916,0.3136158038147139,34234.45504087194,40.20708446866485
2022-07-23,ASLT,355,118,45,0.3323943661971831,0.1267605633802817,2.2216756603650154,26.752425910900392,93.98017833333247,754.5482074506555,46.2189218770563,381.4848294763521,0.05361126760563379,0.25558028169014085,0.17279999999999998,0.20889859154929574,0.3530450704225352,25161.954929577463,55.64225352112676
2022-07-23,THFT,290,11,13,0.03793103448275862,0.04482758620689655,2.3576498879817507,26.526126900840445,89.01571474067644,765.9540864226052,45.47035199778256,397.1971003002231,0.04703103448275861,0.2223965517241379,0.14557931034482757,0.18330344827586204,0.32447241379310343,31952.406896551725,45.265517241379314
2022-07-24,ASLT,376,142,59,0.3776595744680851,0.15691489361702127,2.1714614495573588,26.096491477752068,93.83357177419538,776.1369048350965,45.89407302833815,390.91617182492956,0.055861702127659556,0.25196542553191487,0.17102659574468085,0.21595212765957444,0.35263563829787237,25291.441489361703,55.566489361702125
2022-07-24,THFT,299,12,12,0.04013377926421405,0.04013377926421405,2.3280287486553206,26.203376885517617,90.21045510271537,761.3215274346284,45.983390310330854,394.73401751614745,0.043752508361204,0.2169565217391304,0.14327759197324413,0.17196989966555182,0.32001672240802675,33453.83946488294,42.31772575250836
2022-07-25,ASLT,340,109,63,0.3205882352941177,0.18529411764705883,2.3732076365225203,27.02133400761183,93.43090149290136,778.8216484103958,46.0617729730401,393.88846662716,0.05157647058823528,0.2566588235294118,0.17696470588235294,0.20431764705882355,0.3540647058823529,24913.608823529412,55.476470588235294
2022-07-25,THFT,342,15,13,0.043859649122807015,0.038011695906432746,2.2327687161543164,26.478764811329626,89.49956572721713,741.221837566745,45.76791454239828,387.7625846723196,0.04438011695906432,0.21100877192982453,0.13952923976608186,0.16919298245614034,0.3166374269005848,33271.77777777778,41.04970760233918
2022-07-26,ASLT,328,107,65,0.32621951219512196,0.19817073170731708,2.3972224708841563,26.467429917298755,93.43287718732758,767.7810688360055,46.183479043829884,392.3797058455125,0.05064634146341462,0.2509573170731707,0.17489634146341462,0.20576524390243903,0.3519390243902439,25002.158536585364,54.73170731707317
2022-07-26,THFT,323,11,17,0.034055727554179564,0.05263157894736842,2.26820439776751,26.974914860773367,88.64109954975007,744.1868880193152,45.48408080429212,388.141940276691,0.042269349845201226,0.20742724458204334,0.1344551083591331,0.16623529411764704,0.31359752321981427,34194.32507739938,39.15170278637771
2022-07-27,ASLT,311,78,61,0.2508038585209003,0.19614147909967847,2.327801159071008,26.18669601521693,92.39725219860537,789.4292246278039,45.56889199275494,396.4713606810489,0.0525209003215434,0.25689067524115755,0.17610610932475884,0.209508038585209,0.35857877813504824,24062.97106109325,55.98070739549839
2022-07-27,THFT,332,16,13,0.04819277108433735,0.0391566265060241,2.192613673041193,25.972557323056833,86.8890083709127,723.1942348404365,44.9899857466005,380.3012312278771,0.04320481927710842,0.2281415662650602,0.1475301204819277,0.17205421686746988,0.31945481927710845,31925.44578313253,43.40963855421687
2022-07-28,ASLT,284,82,52,0.2887323943661972,0.18309859154929578,2.188463347132117,25.955954000741606,93.92101491625657,771.0456587976053,46.111107235529424,389.6280983903433,0.057640845070422525,0.2599401408450704,0.17631338028169014,0.2186619718309859,0.3534295774647887,25191.102112676057,57.806338028169016
2022-07-28,THFT,399,9,12,0.022556390977443608,0.03007518796992481,2.3166687538405384,25.445774312859026,84.2789993099263,702.2698724290343,44.62465176988696,375.330220760803,0.04108521303258145,0.2087669172932331,0.13130075187969925,0.15745864661654135,0.29506516290726814,37945.619047619046,37.556390977443606
2022-07-29,ASLT,274,76,38,0.2773722627737226,0.1386861313868613,2.4192804943497777,26.577641520134215,92.73863769564308,775.7951868991412,45.991242081496566,394.8127792217318,0.052171532846715316,0.24795985401459855,0.16826642335766423,0.20237591240875913,0.3493795620437956,26200.656934306568,53.07664233576642
2022-07-29,THFT,501,15,15,0.029940119760479042,0.029940119760479042,2.4541398963141434,25.110520699846333,82.29498713085943,675.0267212686452,44.491684325228675,366.69834640633155,0.03435728542914171,0.19969660678642714,0.12291217564870259,0.12819560878243513,0.2717644710578842,41797.82634730539,31.427145708582835
2022-07-30,ASLT,352,101,54,0.2869318181818182,0.1534090909090909,2.297614706787062,26.418671233721682,94.93025980675301,762.6154750607843,46.62169923278389,387.6585308606449,0.05615340909090907,0.25298863636363633,0.1714488636363636,0.2107159090909091,0.3493409090909091,25407.502840909092,55.41761363636363
2022-07-30,THFT,468,10,14,0.021367521367521368,0.029914529914529916,2.3740961960246327,24.974934982966676,82.94911327959956,664.1670289555758,44.808852426939765,360.49955633057135,0.03316666666666666,0.18884615384615383,0.11088034188034188,0.11929700854700853,0.2584978632478633,45362.02136752137,27.365384615384617
2022-07-31,ASLT,379,130,65,0.34300791556728233,0.17150395778364116,2.254327565600864,25.978712546726648,95.70929410687022,751.9449287436813,46.687562069376206,380.274416455001,0.0549551451187335,0.2528575197889182,0.17482321899736147,0.21667810026385223,0.3473377308707124,25648.575197889182,56.13720316622691
2022-07-31,THFT,336,8,9,0.023809523809523808,0.026785714285714284,2.3111941094259536,25.51539889592347,87.27677291230113,720.829646520742,45.58858664397059,381.5304687826973,0.04011011904761904,0.20547916666666666,0.13070238095238093,0.14783035714285714,0.2920535714285714,40287.24702380953,36.11607142857143
2022-08-01,ASLT,320,104,46,0.325,0.14375,2.224683592214229,26.767283735961378,92.8288358415472,767.1165097427256,45.90785409186009,389.6073165051834,0.05420937499999999,0.250671875,0.17186249999999997,0.217140625,0.355434375,23879.13125,56.36875
2022-08-01,THFT,359,18,12,0.05013927576601671,0.033426183844011144,2.442313063754204,27.068734759080403,85.20588006500263,745.4400591148077,44.253046097051616,391.7930921613379,0.0444401114206128,0.22323955431754874,0.15050139275766014,0.17822562674094708,0.33024791086350974,29294.448467966573,44.65181058495822
2022-08-02,ASLT,339,97,65,0.2861356932153392,0.19174041297935104,2.1879139270585553,26.63878996011868,94.85680759832132,763.1790580745983,46.42573795126585,385.50606321989676,0.05412389380530972,0.256094395280236,0.169976401179941,0.20923598820058997,0.353834808259587,24205.171091445427,55.58702064896755
2022-08-02,THFT,345,9,19,0.02608695652173913,0.05507246376811594,2.4481870617568244,26.884334159319522,88.62464462768118,750.9477718732644,45.47935668885,393.8965682974722,0.04738260869565216,0.22043478260869565,0.14438840579710144,0.1824840579710145,0.32658840579710147,30427.15652173913,44.19420289855073
2022-08-03,ASLT,333,106,55,0.3183183183183183,0.16516516516516516,2.3071107975127814,27.245824834266205,97.72913024699335,780.241814794633,47.05095402519066,389.9494035837108,0.05253753753753752,0.2613303303303303,0.17797597597597598,0.21248648648648646,0.3635135135135135,23287.753753753754,57.68468468468468
2022-08-03,THFT,343,8,16,0.023323615160349854,0.04664723032069971,2.1709326346034685,26.790197408928908,87.07342087574862,714.6596259972947,44.89843092808622,374.5883853338568,0.04341690962099124,0.21688046647230322,0.14430903790087463,0.16947230320699708,0.3178892128279883,32728.183673469386,41.97376093294461
2022-08-04,ASLT,346,89,50,0.25722543352601157,0.14450867052023122,2.1831034421460362,26.413683518430012,91.78598886506593,748.2161899144734,45.41751546999679,377.6492078057381,0.05452601156069363,0.2644566473988439,0.17884971098265895,0.20903179190751445,0.3538872832369942,24803.098265895955,56.552023121387286
2022-08-04,THFT,341,10,22,0.02932551319648094,0.06451612903225806,2.4289151899269403,27.53623218230101,85.62004965473571,747.8475138866708,44.63184950230647,393.8087156962088,0.0455190615835777,0.21688269794721407,0.14636070381231672,0.1749648093841642,0.3271818181818182,30792.15249266862,43.63049853372434
2022-08-05,ASLT,368,125,77,0.33967391304347827,0.20923913043478262,2.2198244846966033,26.597403614790853,92.21383208187744,769.2147045704459,45.79308988491633,392.422025557075,0.052383152173913025,0.24695652173913044,0.17435054347826087,0.21149184782608693,0.35302445652173914,23989.415760869564,55.08423913043478
2022-08-05,THFT,371,7,13,0.018867924528301886,0.03504043126684636,2.3438277784326207,26.828502703618827,87.46514260628267,750.6279023573264,44.99013133536197,390.1541151530143,0.04605929919137464,0.21590026954177896,0.14555256064690028,0.1765687331536388,0.32635040431266843,31450.754716981133,43.40970350404313
2022-08-06,ASLT,382,124,69,0.32460732984293195,0.1806282722513089,2.273641098172459,26.678255778796274,94.81958583819059,777.960595965667,46.3305338216847,390.8735525273539,0.05564659685863873,0.2550418848167539,0.1748743455497382,0.212630890052356,0.3562356020942408,24186.80890052356,56.212041884816756
2022-08-06,THFT,319,14,16,0.0438871473354232,0.050156739811912224,2.2759775909684485,26.578036856757958,88.97118128078046,738.8308674286106,45.17511647685057,382.08233145603697,0.04560188087774294,0.23147962382445142,0.1537272727272727,0.17548275862068966,0.3262257053291536,32151.561128526646,45.592476489028215
2022-08-07,ASLT,361,135,64,0.3739612188365651,0.1772853185595568,2.2284658894192093,26.912250582007538,94.47956662960054,776.2678834473381,46.54832980612249,392.89774933300555,0.056695290858725746,0.2510249307479224,0.172202216066482,0.2159058171745152,0.35472853185595565,24277.23545706371,56.146814404432135
2022-08-07,THFT,291,17,18,0.058419243986254296,0.061855670103092786,2.2820256455188845,26.54437922366156,91.22499033235856,744.9743252383657,45.997143229965594,384.8314831660876,0.047030927835051535,0.22588659793814433,0.15279381443298967,0.17857731958762887,0.3302405498281787,31357.938144329895,45.460481099656356
2022-08-08,ASLT,289,96,51,0.33217993079584773,0.17647058823529413,2.367086361732657,26.64408607727338,92.92578217913028,796.5941006563852,45.795664580269374,400.1742167342114,0.05513840830449826,0.2507889273356401,0.17266782006920414,0.2127820069204152,0.36182698961937715,24153.307958477508,56.2560553633218
2022-08-08,THFT,319,10,19,0.03134796238244514,0.05956112852664577,2.468282174361204,26.913917066679986,84.7150681899082,745.2765304083956,44.197138551331,391.70550936693513,0.042423197492162994,0.2176144200626959,0.14915360501567398,0.16512539184952976,0.3289122257053292,31259.047021943574,42.95297805642633
2022-08-09,ASLT,312,100,52,0.32051282051282054,0.16666666666666666,2.357297189615691,26.649358784289145,93.15927833229478,784.944313600799,46.13841091964438,398.4548962834452,0.0527628205128205,0.2482211538461538,0.1694551282051282,0.20545833333333333,0.3487628205128205,25318.173076923078,53.98397435897436
2022-08-09,THFT,328,13,9,0.039634146341463415,0.027439024390243903,2.3577014351004357,26.845497518817687,88.56657994729736,752.2871632236992,45.469566958581915,389.704745646964,0.04214024390243901,0.2208140243902439,0.14509146341463414,0.16663719512195121,0.3253506097560976,33501.91158536585,42.08536585365854
2022-08-10,ASLT,327,99,62,0.30275229357798167,0.18960244648318042,2.3172527914317254,27.412938032339394,94.28114098494093,783.6860571799103,46.2812106748682,394.380463751781,0.0549755351681957,0.25325382262996937,0.17471865443425075,0.21325688073394494,0.3581620795107034,24310.54128440367,55.89296636085627
2022-08-10,THFT,341,14,14,0.04105571847507331,0.04105571847507331,2.348303377654555,26.973659579432095,89.63610174968542,751.1256292803583,45.65742790374236,389.05689760449116,0.043442815249266846,0.2243372434017595,0.15095014662756598,0.17107038123167156,0.3292844574780059,31883.052785923755,44.14956011730205
2022-08-11,ASLT,337,89,49,0.26409495548961426,0.14540059347181009,2.3471542426190566,25.74239033591568,88.51381997656124,789.0773011057478,44.5968021042336,402.6072355424965,0.05381602373887239,0.2566053412462908,0.17202967359050444,0.21064391691394657,0.3527833827893175,26152.92581602374,55.154302670623146
2022-08-11,THFT,332,7,9,0.02108433734939759,0.02710843373493976,2.3884368048247357,26.44054532935462,86.6312543121844,744.521940567053,45.00250628711058,391.0256796545973,0.04483132530120481,0.2161626506024096,0.1401024096385542,0.1704367469879518,0.3204066265060241,33734.43674698795,41.75903614457831
2022-08-12,ASLT,333,98,51,0.29429429429429427,0.15315315315315314,2.199827555600252,26.89280881172004,91.65488097826899,791.1342667984027,45.33034011734811,399.3126681896207,0.05465165165165164,0.24858258258258256,0.17333333333333334,0.21988888888888888,0.35797897897897896,23090.22822822823,56.549549549549546
2022-08-12,THFT,395,9,11,0.02278481012658228,0.027848101265822784,2.424843397335654,27.02992072417832,88.01634843363922,731.1717211865089,45.01257229196881,379.250079467043,0.04503797468354429,0.22107594936708858,0.14802784810126582,0.1785012658227848,0.3297139240506329,30755.701265822783,44.516455696202534
2022-08-13,ASLT,351,119,40,0.33903133903133903,0.11396011396011396,2.268628257531994,26.452149846074928,93.52905632276102,785.2982778207968,45.90337765136576,394.90948344440625,0.05807692307692306,0.25309686609686605,0.17341595441595442,0.22596581196581195,0.35943019943019944,23761.646723646725,57.794871794871796
2022-08-13,THFT,321,15,8,0.04672897196261682,0.024922118380062305,2.2561881646164,26.424777852997163,87.90479468115485,705.3323545307813,45.12666119858999,368.9430276753866,0.0435233644859813,0.2153582554517134,0.13734579439252334,0.1638380062305296,0.31570716510903424,34552.542056074766,40.33021806853583
2022-08-14,ASLT,369,116,75,0.3143631436314363,0.2032520325203252,2.3267306549220597,26.844234754993153,94.01646281827603,777.6238675290232,46.151131208291844,392.38920298902116,0.0556151761517615,0.2666070460704607,0.18020596205962058,0.2136341463414634,0.3616043360433604,23406.926829268294,58.27642276422764
2022-08-14,THFT,295,7,11,0.023728813559322035,0.03728813559322034,2.293242488571313,25.971443583583575,87.12314409631301,743.926526423079,44.76046712765552,387.10059935418406,0.047752542372881346,0.23023050847457624,0.15063050847457626,0.18214915254237288,0.32491186440677966,31939.149152542373,45.59322033898305
2022-08-15,ASLT,303,95,56,0.31353135313531355,0.1848184818481848,2.259344871840035,26.293822954525464,90.05552867258474,768.0179341526891,45.05339866692565,391.6998879680614,0.0549141914191419,0.25282178217821777,0.1715115511551155,0.21176897689768975,0.3534158415841584,25225.290429042903,55.277227722772274
2022-08-15,THFT,353,12,11,0.0339943342776204,0.031161473087818695,2.242621731786013,26.550542273239873,86.80174677799701,708.0619776139782,44.71739795685611,371.4130640562926,0.04763456090651558,0.22131444759206798,0.1403257790368272,0.17360056657223796,0.3144164305949009,33578.17280453258,42.39376770538244
2022-08-16,ASLT,299,95,63,0.3177257525083612,0.21070234113712374,2.512849386492651,26.7689233642605,94.07089270527413,789.1726657158649,46.432769870314324,400.64775958892074,0.053632107023411354,0.24944147157190635,0.16930434782608694,0.20902341137123745,0.35268227424749166,24654.17391304348,54.324414715719065
2022-08-16,THFT,295,8,13,0.02711864406779661,0.04406779661016949,2.5072541653245106,27.077521880284888,86.97526112482653,764.1050092811611,44.96644297300682,399.1790200444688,0.046084745762711855,0.2162406779661017,0.14433898305084744,0.17744406779661015,0.3251661016949152,31193.162711864406,42.989830508474576
2022-08-17,ASLT,309,80,48,0.2588996763754045,0.1553398058252427,2.298991720636808,26.946358892332295,94.07651443844608,773.8428443024148,46.24451676712667,388.8320321797272,0.05188025889967636,0.2507928802588996,0.1712588996763754,0.20855987055016179,0.35240129449838187,25331.91909385113,54.55016181229774
2022-08-17,THFT,342,16,13,0.04678362573099415,0.038011695906432746,2.364154908025618,27.08656290397277,87.77732349669361,755.9810740643105,45.03319719510539,391.0372226511105,0.04221345029239765,0.2151520467836257,0.14432163742690057,0.1659561403508772,0.32532748538011697,33046.90350877193,41.78362573099415
2022-08-18,ASLT,281,94,53,0.33451957295373663,0.18861209964412812,2.223865360028797,26.95076062396232,96.18355268115666,792.0554801491897,46.75229065671702,395.7439846024345,0.05801779359430604,0.26074021352313165,0.17734163701067615,0.23066192170818506,0.36159430604982207,21799.387900355872,59.79003558718861
2022-08-18,THFT,331,13,19,0.03927492447129909,0.05740181268882175,2.2674863590792036,27.023412712586406,86.82314919835464,709.7210813538422,44.85167315893773,371.269403541452,0.04608761329305135,0.21946525679758308,0.1403716012084592,0.17313595166163143,0.3195770392749245,31630.957703927492,42.34138972809668
2022-08-19,ASLT,345,108,51,0.3130434782608696,0.14782608695652175,2.3824799728564527,26.328089473121103,95.04400264769235,798.54666092976,46.375388634604654,398.50515269139675,0.055075362318840575,0.24686376811594202,0.16801159420289855,0.21534492753623188,0.3506782608695652,26108.64347826087,54.620289855072464
2022-08-19,THFT,330,16,15,0.048484848484848485,0.045454545454545456,2.3426700529615014,26.202184003960003,87.16580826298654,721.6614138931664,45.05842695152211,379.2131103129045,0.04495454545454544,0.2291363636363636,0.14755454545454544,0.17099090909090908,0.317830303030303,32457.854545454546,43.18181818181818
2022-08-20,ASLT,314,102,60,0.3248407643312102,0.1910828025477707,2.166930529523902,25.999002342088396,94.0669550043383,733.3185588324636,46.438103912918706,372.7283444773067,0.05147452229299362,0.24918789808917194,0.1644968152866242,0.20337579617834395,0.3425605095541401,27284.414012738853,52.72292993630573
2022-08-20,THFT,335,17,30,0.050746268656716415,0.08955223880597014,2.193606238555539,26.566216693259683,89.22672789147744,706.3678256667353,45.441212754507106,368.39806363080777,0.04700597014925372,0.2147492537313433,0.1411373134328358,0.17218805970149254,0.3136238805970149,33623.54029850746,41.80298507462687
2022-08-21,ASLT,347,118,55,0.3400576368876081,0.1585014409221902,2.2567572090297023,26.75120315700579,91.61185681424762,769.149176141601,45.50355272261749,389.82812564126255,0.05188472622478384,0.25181268011527375,0.17321902017291066,0.20502305475504323,0.35380979827089337,25478.778097982708,54.25936599423631
2022-08-21,THFT,287,18,10,0.0627177700348432,0.03484320557491289,2.328672560457592,26.770600801639727,88.83907359269506,755.0426480802766,45.4014998557351,391.62449267589267,0.04411149825783971,0.2227142857142857,0.14996167247386757,0.16845993031358886,0.3279686411149826,32785.529616724736,43.498257839721255
2022-08-22,ASLT,329,97,56,0.2948328267477204,0.1702127659574468,2.2071276993894866,26.240168270893157,93.58500495893973,770.941037220627,45.903964959981685,388.1007257233644,0.05582978723404254,0.260112462006079,0.1780303951367781,0.22119452887537994,0.3540820668693009,24013.41641337386,57.735562310030396
2022-08-22,THFT,341,18,15,0.05278592375366569,0.04398826979472141,2.2864080974441956,26.46895319525907,87.9889454089519,771.7249252983117,45.078138144824216,399.41403139253606,0.0476774193548387,0.2300762463343108,0.15301759530791786,0.1870733137829912,0.3315366568914956,30547.797653958944,46.99120234604106
2022-08-23,ASLT,303,88,58,0.29042904290429045,0.19141914191419143,2.24594474112132,26.850504549881286,94.20121065736777,792.6018086818052,46.157322827145016,398.85391417314486,0.05316501650165015,0.25670297029702965,0.18118811881188118,0.2111089108910891,0.36294059405940593,24068.41584158416,57.20792079207921
2022-08-23,THFT,341,8,21,0.02346041055718475,0.06158357771260997,2.2737339969252544,26.598733086168462,89.52244731235639,738.7393995366399,45.29993340529639,379.53276900770675,0.04928739002932551,0.23470967741935483,0.1539941348973607,0.18274780058651027,0.3328181818181818,30155.00293255132,47.35190615835777
2022-08-24,ASLT,295,76,45,0.2576271186440678,0.15254237288135594,2.176883451604709,26.507043321806112,92.56038389979166,760.2263408527787,45.94009612861769,386.41381582871253,0.051077966101694905,0.25784745762711864,0.1740406779661017,0.20139322033898305,0.3506237288135593,25357.077966101693,54.77627118644068
2022-08-24,THFT,356,12,14,0.033707865168539325,0.03932584269662921,2.39336598625718,26.37962760208078,88.20172296212654,746.4495875663865,45.31092446433899,389.5718133592717,0.04708146067415729,0.22489325842696628,0.147376404494382,0.18226123595505617,0.3240758426966292,30440.567415730337,44.67977528089887
2022-08-25,ASLT,335,114,56,0.3402985074626866,0.16716417910447762,2.3877546869218342,26.5608686348252,92.51526083108094,769.1851383204096,45.929446499707815,389.8034334566513,0.05158805970149253,0.25208059701492536,0.17397014925373133,0.20706567164179102,0.3531791044776119,25079.67462686567,55.017910447761196
2022-08-25,THFT,310,11,16,0.035483870967741936,0.05161290322580645,2.4549329594200016,26.863153394805252,85.30124145673939,745.9145003165575,44.532690069743865,394.31225301160646,0.04409354838709677,0.21179032258064517,0.1428225806451613,0.17323870967741933,0.31905483870967744,31721.525806451613,41.86774193548387
2022-08-26,ASLT,342,79,67,0.2309941520467836,0.195906432748538,2.2845700161948415,26.586214589272128,92.6202533129838,785.0534559801662,45.66965569656072,398.6651126628237,0.05542397660818712,0.25313742690058477,0.1711578947368421,0.2177485380116959,0.3553421052631579,23609.087719298244,56.833333333333336
2022-08-26,THFT,380,13,16,0.034210526315789476,0.042105263157894736,2.2276484817696725,26.661402504603302,89.45068977997414,748.130560288514,45.290373883873414,385.8669027598142,0.04612631578947367,0.21624210526315787,0.14704736842105262,0.17946052631578946,0.3242131578947368,30974.936842105264,43.88947368421053
2022-08-27,ASLT,394,111,64,0.2817258883248731,0.16243654822335024,2.269677365392128,26.652513379516492,97.04221228440451,768.9396994556033,47.06611896442567,385.0458767405614,0.05312436548223349,0.2551522842639594,0.17556852791878172,0.21251776649746193,0.35368020304568526,25553.725888324872,56.065989847715734
2022-08-27,THFT,331,16,14,0.04833836858006042,0.04229607250755287,2.1756017423982446,26.104411104016613,90.43307831511088,719.180035021876,46.14198514532411,375.3454565070124,0.04507552870090634,0.214012084592145,0.1391842900302115,0.16982175226586102,0.31432024169184286,34994.208459214504,41.21148036253776
2022-08-28,ASLT,348,112,74,0.3218390804597701,0.21264367816091953,2.206822500060487,26.22694833361181,94.05997114952403,762.0299535480924,46.14187847524702,385.0819328559776,0.056390804597701134,0.25872988505747124,0.17928160919540231,0.2168448275862069,0.3588448275862069,24372.764367816093,57.58045977011494
2022-08-28,THFT,305,15,13,0.04918032786885246,0.04262295081967213,2.072229431753431,26.47163718123909,92.37071263630521,715.6197975822181,46.29489323841296,367.93472221171703,0.04680983606557376,0.22448196721311475,0.15193770491803277,0.17722295081967213,0.32061639344262294,32540.232786885244,44.78032786885246
2022-08-29,ASLT,332,99,58,0.29819277108433734,0.1746987951807229,2.248626791309624,26.812856479402775,94.30068949135729,758.3882326337964,46.22258314473891,382.12390768074215,0.05501807228915661,0.2567439759036144,0.17536746987951807,0.21515963855421685,0.35587048192771087,23224.671686746988,56.89156626506024
2022-08-29,THFT,355,11,20,0.030985915492957747,0.056338028169014086,2.2460546158682604,26.794318151241065,88.87070158944579,736.4132627064039,45.39627859159543,382.53933943832567,0.046433802816901404,0.21370985915492954,0.13977464788732394,0.17657183098591547,0.3210507042253521,32124.087323943662,42.16338028169014
2022-08-30,ASLT,314,96,50,0.3057324840764331,0.1592356687898089,2.4265225088637163,26.36741553987397,94.7531534042482,778.5508379939653,46.20903453002309,391.0625903473319,0.05200318471337579,0.252359872611465,0.17602866242038215,0.20925796178343947,0.3561942675159236,24560.343949044585,55.74203821656051
2022-08-30,THFT,361,11,12,0.030470914127423823,0.0332409972299169,2.3754180826497926,26.300295778441765,86.86330870325894,736.0402188624005,44.77551093979663,383.70502971557704,0.04822991689750692,0.21672022160664817,0.142797783933518,0.183404432132964,0.3236288088642659,31416.072022160664,43.659279778393355
2022-08-31,ASLT,330,105,62,0.3181818181818182,0.18787878787878787,2.47010415282579,27.120793502249157,92.96719009178906,798.5048106237206,45.78082571755468,401.48774235271003,0.054787878787878774,0.2594757575757576,0.1807363636363636,0.21296666666666667,0.36101212121212123,22948.390909090907,57.82424242424243
2022-08-31,THFT,346,13,17,0.03757225433526012,0.049132947976878616,2.52190792005145,27.165676030022176,87.69271980952979,768.0306734300755,45.372886375703146,400.459607395489,0.042739884393063574,0.21734682080924855,0.14275433526011558,0.16704335260115605,0.3196184971098266,33077.99421965318,41.846820809248555
2022-09-01,ASLT,300,80,53,0.26666666666666666,0.17666666666666667,2.3513393819611226,26.4236625198908,93.80832036866352,796.9821351151679,45.9311017613881,398.78146198193065,0.059466666666666654,0.25437,0.17197333333333334,0.22825666666666664,0.35989333333333334,23256.386666666665,58.236666666666665
2022-09-01,THFT,371,10,15,0.026954177897574125,0.04043126684636118,2.224183066479205,26.65263178992968,89.320320103702,720.1442776643167,45.472076609925395,374.65008159155286,0.04550673854447438,0.22067385444743934,0.14981132075471698,0.17846900269541777,0.3284636118598383,30298.021563342318,44.67654986522911
2022-09-02,ASLT,362,104,64,0.287292817679558,0.17679558011049723,2.1144628353984927,26.510922771083663,94.595983647312,759.5412162498618,46.246623775683005,381.46505498205994,0.052477900552486176,0.26322099447513814,0.17762430939226517,0.20991988950276244,0.35560497237569055,24844.03038674033,57.16022099447514
2022-09-02,THFT,416,17,22,0.040865384615384616,0.052884615384615384,2.295242472422585,26.43265199405353,87.62653096864005,741.2719873388024,44.91978897508328,385.05280605941635,0.044670673076923066,0.2226153846153846,0.14696634615384616,0.17908894230769232,0.3270072115384615,30676.747596153848,44.28365384615385
2022-09-03,ASLT,399,113,70,0.2832080200501253,0.17543859649122806,2.15279743268405,26.752432994641396,96.93570801716018,768.0719244051136,46.80977531044492,382.55405503578874,0.055197994987468656,0.2615664160401002,0.18102756892230573,0.2158847117794486,0.3603358395989975,23755.80200501253,58.30576441102757
2022-09-03,THFT,363,12,15,0.03305785123966942,0.04132231404958678,2.2389731822328938,26.478174319130385,90.25393749539381,735.3661187659424,45.745385630163284,382.1260243195829,0.04924242424242423,0.2296060606060606,0.1537272727272727,0.19016804407713497,0.3333553719008264,29603.887052341597,47.633608815426996
2022-09-04,ASLT,375,138,66,0.368,0.176,2.200032427197538,26.43203972708092,91.09345673099054,767.6745355382754,45.39907576808254,388.5553483286355,0.05323199999999998,0.26220533333333335,0.17746666666666666,0.21001333333333333,0.35708799999999996,24286.989333333335,56.896
2022-09-04,THFT,300,18,12,0.06,0.04,2.240903023528696,26.846628733974004,87.14355158678048,742.2389781203997,45.000825773508666,387.16590112930265,0.03951666666666666,0.20421333333333333,0.1359433333333333,0.15743333333333331,0.3128233333333333,34911.37,38.07666666666667
2022-09-05,ASLT,364,142,56,0.3901098901098901,0.15384615384615385,2.4285599898355987,27.186466893575552,90.97705312273901,818.9709680847802,45.237266670077176,412.57596382144914,0.05297802197802196,0.2526978021978022,0.17406043956043954,0.21485714285714286,0.3601071428571429,22871.804945054944,56.62637362637363
2022-09-05,THFT,325,20,15,0.06153846153846154,0.046153846153846156,2.244283836603102,26.68514567808712,87.95195287693014,764.3748443944914,45.18368985179446,398.7259551762154,0.04526153846153845,0.2299076923076923,0.15120615384615382,0.18056,0.3311169230769231,29777.203076923077,45.84923076923077
2022-09-06,ASLT,335,93,60,0.27761194029850744,0.1791044776119403,2.2915563072940404,26.443449729645486,95.17130615712931,782.0735530375833,46.2718027172536,391.50978251388653,0.05689850746268656,0.2685074626865671,0.18202985074626865,0.22271044776119403,0.36312537313432836,22353.976119402985,59.80597014925373
2022-09-06,THFT,372,11,15,0.02956989247311828,0.04032258064516129,2.2794160669604713,26.964165719695092,88.60796139015522,716.1347890494716,45.150915903124194,372.9252272942398,0.04840053763440859,0.22052150537634407,0.14712096774193548,0.18374731182795698,0.3267204301075269,30238.50806451613,44.75268817204301
2022-09-07,ASLT,331,106,61,0.3202416918429003,0.18429003021148035,2.2646149913780813,26.602769897984686,97.2323190538455,787.60318791612,46.96967844223365,392.3868269832861,0.05351057401812687,0.25712386706948637,0.1772084592145015,0.21454682779456194,0.35825679758308154,24096.915407854984,57.299093655589125
2022-09-07,THFT,364,14,25,0.038461538461538464,0.06868131868131869,2.4514350292930724,26.44992635613432,86.33499112492187,749.4426891564706,44.494026706592116,391.3139187465874,0.0489642857142857,0.22308516483516486,0.14792582417582417,0.18766483516483518,0.32840384615384616,28839.629120879123,45.7032967032967
2022-09-08,ASLT,326,97,68,0.29754601226993865,0.2085889570552147,2.125801848895071,26.68135564785617,94.30564454594617,755.9317329474331,46.17713706650761,381.07192681790923,0.05388343558282207,0.2541104294478527,0.1731165644171779,0.21142944785276074,0.3511472392638037,24793.174846625767,55.487730061349694
2022-09-08,THFT,379,13,15,0.03430079155672823,0.0395778364116095,2.2883057435562826,26.8934019528618,88.23435838148623,761.2241746284219,45.17963810343827,394.95290192469866,0.05029551451187334,0.21692348284960422,0.1405857519788918,0.18955145118733507,0.319688654353562,30573.232189973616,43.80474934036939
2022-09-09,ASLT,343,96,56,0.27988338192419826,0.16326530612244897,2.202971128358503,26.887368046000617,94.3355159695204,801.145419728947,46.229137175180995,401.465955355833,0.05692419825072885,0.25588338192419824,0.17791545189504374,0.21562390670553938,0.36419825072886297,23731.08746355685,57.68804664723032
2022-09-09,THFT,378,14,16,0.037037037037037035,0.042328042328042326,2.230315581243766,26.384709737142046,88.44552836305039,746.6133924114331,45.54610883068478,390.6831742861815,0.04457671957671956,0.21157936507936506,0.1388042328042328,0.17121164021164023,0.31502645502645504,34178.81746031746,40.735449735449734
2022-09-10,ASLT,361,117,61,0.32409972299168976,0.16897506925207756,2.14777303849593,26.114403352723805,93.68332527565609,742.1195899916377,46.05438147531793,376.2279441854352,0.05627977839335179,0.2602770083102493,0.17742382271468143,0.2176371191135734,0.3499806094182826,24521.612188365652,57.146814404432135
2022-09-10,THFT,399,19,10,0.047619047619047616,0.02506265664160401,2.2151468805548324,26.896498089591205,87.86296319183032,760.2830660459664,45.01336530034501,393.89300395995264,0.04428822055137844,0.21798496240601503,0.1494486215538847,0.1735513784461153,0.3265689223057644,31954.93233082707,43.78446115288221
2022-09-11,ASLT,313,102,47,0.3258785942492013,0.1501597444089457,2.0965404077878995,26.546551816727824,92.92231783906043,774.8868966685479,45.97226880045223,392.2639638929322,0.05396485623003193,0.24887220447284342,0.17264856230031947,0.21318849840255588,0.3537252396166134,25579.11821086262,55.370607028753994
2022-09-11,THFT,308,17,4,0.05519480519480519,0.012987012987012988,2.224360995056474,26.53264780516009,86.86719846965107,716.3708853016955,44.83729714121252,376.5661303707854,0.04885714285714285,0.2225779220779221,0.14542532467532465,0.18113636363636362,0.32601623376623373,31767.26948051948,44.27272727272727
2022-09-12,ASLT,319,84,48,0.26332288401253917,0.15047021943573669,2.2526433979063207,26.98271623747726,91.91019220989753,783.0371450053665,45.54345198473068,397.56291701705834,0.049388714733542304,0.24634482758620685,0.1758401253918495,0.2018056426332288,0.35718808777429467,24462.075235109718,54.31347962382445
2022-09-12,THFT,366,10,16,0.0273224043715847,0.04371584699453552,2.3517336019519113,26.515891887760027,89.95512047730223,750.6395791249549,45.437673232486894,388.3936944553355,0.04588524590163934,0.2258196721311475,0.14985245901639344,0.17977049180327867,0.32482513661202184,30115.745901639344,44.50819672131148
2022-09-13,ASLT,300,68,57,0.22666666666666666,0.19,2.3103621041464404,26.541425897286288,94.52313925450393,785.9133035428233,46.40667162995358,394.74580928288435,0.05373999999999999,0.26031333333333334,0.17098333333333332,0.21034666666666665,0.35170666666666667,24880.336666666666,55.42666666666667
2022-09-13,THFT,325,10,27,0.03076923076923077,0.08307692307692308,2.3055705083294398,26.379354266995264,88.94942869731419,754.8257329033628,45.431796086853744,391.4390832431258,0.044686153846153834,0.21579999999999996,0.1392430769230769,0.17079692307692307,0.3150646153846154,33027.941538461535,41.20923076923077
2022-09-14,ASLT,313,63,52,0.2012779552715655,0.16613418530351437,2.2974369532680106,26.874525514069582,91.7636483160419,773.0796360810057,45.48140165220553,389.944675059577,0.053677316293929696,0.25691373801916934,0.17053354632587858,0.20678913738019167,0.35105750798722046,24426.89137380192,55.14376996805112
2022-09-14,THFT,343,11,14,0.03206997084548105,0.04081632653061224,2.204770311802554,26.66508984258614,89.0826002921547,730.3348094239944,45.45505241056571,379.82470804849385,0.044311953352769676,0.22283673469387752,0.1478746355685131,0.17044606413994168,0.3214198250728863,32699.064139941693,43.201166180758015
2022-09-15,ASLT,333,81,58,0.24324324324324326,0.17417417417417416,2.410066542521102,26.768636985912437,93.83332060506629,768.0998543149177,46.08404392464497,388.2731328979276,0.053648648648648635,0.24736936936936935,0.16716216216216215,0.2088708708708709,0.35204804804804807,25272.93993993994,54.4054054054054
2022-09-15,THFT,321,9,14,0.028037383177570093,0.04361370716510903,2.3182726278577555,26.418809523630895,89.5696888262911,747.8653025884324,45.447249452508004,388.78190617638813,0.0458473520249221,0.22201246105919,0.14970404984423677,0.17979127725856697,0.327208722741433,30300.180685358257,45.021806853582554
2022-09-16,ASLT,340,92,40,0.27058823529411763,0.11764705882352941,2.2220243938415507,26.270942167213214,94.51393102113055,779.7769427480188,46.337119125111734,394.7628709661694,0.05867352941176469,0.2534882352941176,0.16873823529411763,0.2180735294117647,0.3528529411764706,23857.673529411764,56.35
2022-09-16,THFT,359,9,12,0.025069637883008356,0.033426183844011144,2.3772522651607346,26.5816126568051,92.37566750363258,730.9350285043504,46.42012990565405,380.0762674330474,0.04465738161559887,0.2192033426183844,0.14610863509749303,0.17257381615598885,0.32165738161559887,31679.899721448466,42.96378830083565
2022-09-17,ASLT,372,99,62,0.2661290322580645,0.16666666666666666,2.127458930664957,26.30810470086268,90.77910564840218,769.0625289004623,45.18173338694538,389.5092853747126,0.05378494623655913,0.24886021505376343,0.1673790322580645,0.20906451612903224,0.3462822580645161,25422.274193548386,53.83064516129032
2022-09-17,THFT,333,12,20,0.036036036036036036,0.06006006006006006,2.4694114457956835,26.92072066241778,89.79192922377638,741.1230684764154,45.54909031359654,383.991193822109,0.04419219219219218,0.21961861861861862,0.14265765765765764,0.1721861861861862,0.3229009009009009,31965.94894894895,42.726726726726724
2022-09-18,ASLT,367,132,63,0.35967302452316074,0.17166212534059946,2.2750774851854363,26.310824546038404,93.22167887617157,781.9971564662335,46.092569237453446,396.3636181070548,0.05452316076294277,0.2458610354223433,0.17044686648501362,0.2137874659400545,0.34722615803814716,26122.83651226158,54.45231607629428
2022-09-18,THFT,327,18,14,0.05504587155963303,0.04281345565749235,2.4728249975365957,26.73436505866368,90.97281120876558,742.0276507706897,46.42361598127351,387.6179647571055,0.04313455657492354,0.20517125382262996,0.13247094801223241,0.16293577981651378,0.31129969418960246,35930.60244648318,38.357798165137616
2022-09-19,ASLT,333,99,56,0.2972972972972973,0.16816816816816818,2.240000270386684,27.10382306125304,95.49859230109698,767.3017669767643,46.43671534873148,383.1502298602147,0.05375075075075073,0.26297897897897893,0.18006906906906905,0.2098228228228228,0.3639189189189189,23057.81081081081,57.61561561561562
2022-09-19,THFT,400,12,22,0.03,0.055,2.4333292060795495,26.919114251355612,87.55886018180064,738.3469983885562,45.069822306336754,385.214720102071,0.04548999999999999,0.2218225,0.14984999999999998,0.1749175,0.32652499999999995,30515.8075,44.1425
2022-09-20,ASLT,313,86,40,0.2747603833865815,0.12779552715654952,2.40188327627001,26.284791835083333,95.36271309390474,781.6359187347208,46.40009914008843,394.1584975826032,0.05322364217252395,0.2663003194888179,0.180814696485623,0.21615654952076677,0.35929712460063895,23617.725239616615,58.23003194888179
2022-09-20,THFT,379,5,20,0.013192612137203167,0.052770448548812667,2.191391266653181,27.154358007322784,89.00245102905576,753.7341400922506,45.44262032069712,391.0064842795409,0.04710290237467018,0.21933773087071237,0.1483905013192612,0.18217414248021108,0.32973614775725596,30830.387862796833,44.794195250659634
2022-09-21,ASLT,343,96,69,0.27988338192419826,0.20116618075801748,2.3619079475968174,26.475382596967158,91.9827804445937,753.5182729139518,45.50600315689388,382.06169730456935,0.053008746355685116,0.2556122448979592,0.17344314868804664,0.21015160349854226,0.3523556851311953,24670.428571428572,55.731778425655975
2022-09-21,THFT,399,12,28,0.03007518796992481,0.07017543859649122,2.280533510275822,26.906846490209777,90.5518045793512,717.8966774082446,45.684534831147246,372.8608515910832,0.04783959899749372,0.22888471177944858,0.15422556390977443,0.18042606516290727,0.328280701754386,30166.100250626565,46.29573934837093
2022-09-22,ASLT,333,102,59,0.3063063063063063,0.17717717717717718,2.383916916290625,26.82167839154396,95.54142622016735,779.8652718835159,46.48919535877923,391.0707028878742,0.055462462462462454,0.2658378378378378,0.17837537537537534,0.21542942942942941,0.3617027027027027,23224.70870870871,58.372372372372375
2022-09-22,THFT,342,10,15,0.029239766081871343,0.043859649122807015,2.2330898519941536,27.314322333745814,88.96124854670022,726.7829799944158,45.29010083180604,379.8025220768114,0.04859356725146198,0.21835380116959063,0.1446081871345029,0.18291812865497076,0.3252251461988304,29261.7134502924,44.6578947368421
2022-09-23,ASLT,290,83,48,0.28620689655172415,0.16551724137931034,2.3781105188770795,26.86853100035731,92.58543761220409,793.0125666838262,45.58771276804084,397.36151426334175,0.05115172413793103,0.2576896551724138,0.17859999999999998,0.20593103448275862,0.35793793103448274,25062.03448275862,55.813793103448276
2022-09-23,THFT,382,6,15,0.015706806282722512,0.03926701570680628,2.35378181173968,26.592550255103305,89.73259905701035,739.0833940183483,45.666337971332176,382.54694711241984,0.04247905759162303,0.22234554973821988,0.14681413612565444,0.16480104712041882,0.3179476439790576,33553.24345549738,41.845549738219894
2022-09-24,ASLT,367,113,55,0.3079019073569482,0.14986376021798364,2.3989336368134913,26.98785521495999,95.33015125532107,789.0457190911674,46.63888507209649,396.1468520948815,0.05239237057220707,0.25500272479564035,0.1763542234332425,0.20859945504087193,0.3570027247956404,24360.67029972752,55.950953678474114
2022-09-24,THFT,346,10,20,0.028901734104046242,0.057803468208092484,2.4429508903115176,27.12159547073226,93.91708331284367,745.8661916680896,46.66822783158373,379.3506200633705,0.04221387283236993,0.21767341040462426,0.15027745664739883,0.16947398843930636,0.33185260115606935,32625.56358381503,43.34971098265896
2022-09-25,ASLT,286,102,51,0.35664335664335667,0.17832167832167833,2.34367644866755,26.764561870736593,94.45844909144294,786.0140556208182,46.13920975681238,392.7513224557944,0.05278671328671327,0.25517832167832166,0.17277272727272727,0.20475174825174824,0.3570174825174825,24973.027972027972,55.35664335664335
2022-09-25,THFT,329,6,16,0.0182370820668693,0.0486322188449848,2.210334057211694,27.13031992585396,93.44495641732483,730.5805039683981,46.32768905333308,373.2730475731322,0.048465045592705154,0.2296352583586626,0.1520820668693009,0.19203951367781155,0.33410030395136775,29175.68085106383,47.51367781155015
2022-09-26,ASLT,288,70,50,0.24305555555555555,0.1736111111111111,2.288209857087596,26.381454953167154,94.49829568895393,746.0316780741517,46.36936748642468,377.7811863992923,0.05488194444444443,0.25463541666666667,0.17228125,0.21506597222222223,0.34727430555555555,24511.427083333332,55.71527777777778
2022-09-26,THFT,372,10,13,0.026881720430107527,0.03494623655913978,2.148931054993203,26.88939448805181,92.3863213340654,731.3977076123293,46.19815314927328,376.68377846504865,0.04597043010752687,0.23379569892473118,0.15346505376344086,0.18193548387096772,0.32908333333333334,30233.91129032258,46.63709677419355
2022-09-27,ASLT,283,90,51,0.31802120141342755,0.18021201413427562,2.250761154000751,26.654385449670187,91.79295268818454,769.3924057819148,45.590205537304676,391.3836406377887,0.049494699646643096,0.2555053003533569,0.1763250883392226,0.19990106007067135,0.3552932862190813,24511.90106007067,54.75618374558304
2022-09-27,THFT,342,11,29,0.03216374269005848,0.0847953216374269,2.3131784757650045,26.9064281359819,90.89815449547535,739.3443880471441,46.26610706565945,385.193616807071,0.043865497076023385,0.20449415204678362,0.1360233918128655,0.16231578947368422,0.31982456140350873,34150.43274853801,39.7046783625731
2022-09-28,ASLT,336,91,67,0.2708333333333333,0.19940476190476192,2.2135012335243944,26.804506194536355,90.85078210078483,757.6633584368801,45.33029173938563,384.6049417198062,0.050360119047619036,0.25887797619047614,0.17401785714285714,0.20172916666666665,0.35282440476190474,25710.636904761905,54.520833333333336
2022-09-28,THFT,347,11,27,0.03170028818443804,0.07780979827089338,2.4058183329318927,27.25406209021115,91.94896903284592,773.029522045022,46.377865478583644,398.91952169112244,0.04639481268011526,0.21148414985590774,0.14414985590778095,0.18355619596541786,0.3263342939481268,29952.394812680115,43.59077809798271
2022-09-29,ASLT,307,84,50,0.2736156351791531,0.16286644951140064,2.2575831292696695,26.173336964897995,91.68180931129162,766.5996254707358,45.5283280677348,389.38798940380167,0.05089250814332246,0.25340065146579804,0.17334527687296417,0.20926384364820846,0.3475081433224756,24830.15960912052,55.159609120521175
2022-09-29,THFT,380,10,11,0.02631578947368421,0.02894736842105263,2.4174974542325343,27.273185065441233,89.41684219634858,753.0803837613719,45.469081045481985,390.40064498679,0.04537105263157894,0.21310263157894738,0.14799736842105263,0.17648157894736843,0.3305868421052632,30910.034210526315,43.69736842105263
2022-09-30,ASLT,327,76,43,0.2324159021406728,0.13149847094801223,2.33226831172394,26.46842374953841,95.70674770133996,771.8280631086777,46.645960342810355,387.46020400906457,0.05117737003058103,0.24826299694189602,0.16749541284403668,0.20364525993883792,0.3501406727828746,26773.32110091743,53.23853211009175
2022-09-30,THFT,420,3,13,0.007142857142857143,0.030952380952380953,2.3446141101946165,26.930076332903138,88.62125253328918,757.4168559597636,45.4701004394223,393.64536178389307,0.045864285714285705,0.22188571428571427,0.14638571428571429,0.1780642857142857,0.3282142857142857,31470.49761904762,43.93333333333333
2022-10-01,ASLT,331,109,55,0.3293051359516616,0.1661631419939577,2.286323300229955,26.837178479236513,94.81400381615427,774.3141173584048,46.476754775323556,390.02980795019306,0.05303323262839878,0.2565226586102719,0.17003927492447127,0.2105740181268882,0.3575981873111782,24460.25075528701,55.7190332326284
2022-10-01,THFT,404,15,15,0.03712871287128713,0.03712871287128713,2.3354447647975918,27.007333877260784,89.30952002833878,725.0574118955933,45.33338689687173,374.9024349595347,0.04698514851485147,0.22701732673267325,0.14821534653465346,0.1751089108910891,0.32835643564356437,31372.069306930694,44.92326732673267
2022-10-02,ASLT,350,114,62,0.32571428571428573,0.17714285714285713,2.1292681538097393,26.253043292913233,93.52405835840214,763.4041278257457,46.10968830118969,388.40083410822115,0.05399714285714284,0.2497828571428571,0.17122285714285715,0.20623714285714284,0.3478685714285714,25533.22,54.02857142857143
2022-10-02,THFT,331,12,18,0.03625377643504532,0.054380664652567974,2.189794058661994,26.847356102450664,95.74778169616326,760.1950196790278,47.1684956404765,387.89312225259033,0.04678851963746223,0.22927794561933532,0.15381268882175225,0.1802749244712991,0.33533836858006044,31241.664652567975,46.6404833836858
2022-10-03,ASLT,277,80,56,0.2888086642599278,0.20216606498194944,2.2146310496631623,26.97348959857525,95.94917295065639,767.7681006793823,46.66765374366563,383.8537674528657,0.057209386281588434,0.24802888086642597,0.1625379061371841,0.22171841155234656,0.3556823104693141,23738.04332129964,55.72563176895307
2022-10-03,THFT,379,8,12,0.021108179419525065,0.0316622691292876,2.3991131314120846,26.94629680321534,92.59978528940076,776.5463030256369,46.477589706014825,400.6548168595251,0.047548812664907646,0.22226649076517146,0.15339577836411608,0.18575725593667547,0.33897097625329814,29021.63852242744,46.715039577836414
2022-10-04,ASLT,284,88,44,0.30985915492957744,0.15492957746478872,2.348059656266487,26.662361368110698,96.52579074230009,785.122550072301,46.72961103260633,393.6680611284,0.05383450704225351,0.2575633802816901,0.178056338028169,0.21291197183098592,0.361637323943662,23575.25704225352,57.38028169014085
2022-10-04,THFT,366,7,16,0.01912568306010929,0.04371584699453552,2.40114087041806,27.524809692310964,88.85589848504357,743.1574505997443,45.7127770839079,389.3438501624877,0.044882513661202175,0.21212841530054644,0.14322131147540984,0.1719863387978142,0.3292049180327869,31018.30601092896,42.64754098360656
2022-10-05,ASLT,315,91,54,0.28888888888888886,0.17142857142857143,2.162829227299313,26.227576598005417,91.19490074660857,764.3795429154274,45.21196428554496,387.73499241584955,0.05409841269841269,0.2541047619047619,0.1697936507936508,0.2126222222222222,0.3554,24794.24761904762,55.384126984126986
2022-10-05,THFT,375,14,10,0.037333333333333336,0.02666666666666667,2.427562695245913,27.24140239624444,88.22914056618494,765.4611047357099,45.560463558616874,400.6237428894296,0.04695199999999999,0.214,0.14207466666666665,0.181672,0.3249493333333333,29508.168,43.14666666666667
2022-10-06,ASLT,318,77,64,0.24213836477987422,0.20125786163522014,2.376032913632583,26.01708399509118,91.3653225008106,776.5546545396877,45.452095805371336,395.23317589535816,0.06032704402515723,0.2604811320754717,0.17629559748427673,0.22643396226415094,0.35182389937106917,24068.584905660377,58.19496855345912
2022-10-06,THFT,384,7,17,0.018229166666666668,0.044270833333333336,2.4429186365002975,26.87952338481087,89.9731305792598,777.6384098404893,45.5877711765555,400.0312235574307,0.04848437499999999,0.2285390625,0.15050781249999998,0.18601041666666665,0.33348958333333334,28769.473958333332,46.638020833333336
2022-10-07,ASLT,299,63,52,0.21070234113712374,0.17391304347826086,2.338348838417694,26.898841399297844,94.86140643187238,772.5324155037448,46.758425915525045,389.94953705808825,0.05426086956521738,0.2547591973244147,0.1683545150501672,0.20578929765886286,0.35296321070234116,25678.745819397995,54.40468227424749
2022-10-07,THFT,360,7,10,0.019444444444444445,0.027777777777777776,2.2375596225421694,27.103836790294796,91.03691713510604,755.5535068015369,46.11609745227203,390.7597187668161,0.044372222222222216,0.2185277777777778,0.14629999999999999,0.1731111111111111,0.33194999999999997,31903.075,43.83888888888889
2022-10-08,ASLT,302,90,65,0.2980132450331126,0.2152317880794702,2.3579884625228167,26.289383752235292,93.25179966983457,778.5321247166861,45.88287491021237,392.15927284092055,0.055605960264900646,0.26352649006622514,0.17130794701986754,0.21122185430463575,0.3501390728476821,25324.552980132452,56.05960264900662
2022-10-08,THFT,393,14,13,0.035623409669211195,0.03307888040712468,2.3124145367575624,26.960377183550264,87.65592496920021,752.5685989439646,45.22204658686134,392.6907896116178,0.044562340966921105,0.21206106870229005,0.14013740458015267,0.17207633587786259,0.3181653944020356,32768.03816793893,41.74809160305343
2022-10-09,ASLT,320,118,50,0.36875,0.15625,2.2410804796189767,26.379128612436453,92.47034467514864,772.8319465117287,45.73692023663008,392.3902160077178,0.05310937499999998,0.2569,0.17503125,0.20681875,0.35069374999999997,25647.128125,55.31875
2022-10-09,THFT,307,4,14,0.013029315960912053,0.04560260586319218,2.3085072426183575,26.60461632066068,92.53581202973719,734.0441527036137,46.41869524561327,379.7006041532681,0.044964169381107484,0.2273941368078176,0.14600977198697068,0.17121172638436483,0.32403257328990226,31881.355048859936,43.62866449511401
2022-10-10,ASLT,307,81,40,0.26384364820846906,0.13029315960912052,2.2863829078593323,27.11327474906003,89.16182264088647,799.0540908039139,44.89418921763762,405.7880951750052,0.05502931596091203,0.2534495114006515,0.17437785016286644,0.21246905537459282,0.3537524429967427,24188.055374592834,55.50814332247557
2022-10-10,THFT,362,11,17,0.03038674033149171,0.04696132596685083,2.398114446704356,26.831136670452825,91.89590430838089,762.1770337872499,46.175136089588506,391.86938174398676,0.04628453038674032,0.23574309392265194,0.15732596685082872,0.1800524861878453,0.33601657458563533,29332.066298342543,47.748618784530386
2022-10-11,ASLT,270,90,35,0.3333333333333333,0.12962962962962962,2.1485199010427793,26.591465155922887,95.6720533263392,737.7972286132048,46.40482702829802,370.8065935662026,0.053722222222222206,0.26247037037037035,0.17935925925925925,0.20881851851851851,0.3567592592592593,24294.98148148148,56.82962962962963
2022-10-11,THFT,378,12,16,0.031746031746031744,0.042328042328042326,2.458050168226996,27.140634008262655,91.6253650091879,753.6959060520836,46.14554015878819,390.8914522275918,0.05196031746031744,0.23176455026455026,0.15343650793650793,0.19581481481481483,0.3379074074074074,27706.544973544973,49.195767195767196
2022-10-12,ASLT,313,82,44,0.26198083067092653,0.14057507987220447,2.2588777843914944,26.671564344014204,91.44972527468573,781.4795931189573,45.26126191572677,394.82333075938527,0.05583067092651756,0.25432268370607025,0.1722811501597444,0.21941214057507988,0.3567987220447284,23882.91054313099,56.18849840255591
2022-10-12,THFT,399,8,15,0.020050125313283207,0.03759398496240601,2.356803709434114,26.457594007031602,88.37572959047205,743.4213136167764,45.33068113586756,389.4834809118592,0.051160401002506246,0.222593984962406,0.14587468671679196,0.18848120300751878,0.3266491228070175,29829.521303258145,45.611528822055135
2022-10-13,ASLT,264,86,34,0.32575757575757575,0.12878787878787878,2.3229235085078708,27.075122081805972,91.92717326024544,765.0580818231163,45.526061293004354,387.37560471674203,0.05415530303030302,0.2559507575757576,0.1742462121212121,0.20489772727272726,0.3593257575757576,23860.545454545456,55.78409090909091
2022-10-13,THFT,370,7,22,0.01891891891891892,0.05945945945945946,2.2200004693321005,26.780865412096436,90.58870538726879,745.2276991981248,45.89475437414773,386.49524001382053,0.04689189189189188,0.2197135135135135,0.14893513513513512,0.18132972972972972,0.3261675675675676,31173.910810810812,44.84864864864865
2022-10-14,ASLT,293,78,47,0.26621160409556316,0.16040955631399317,2.189842549034548,26.99969672759836,93.90552572370095,776.6225889692626,46.289468661488606,394.9364993021215,0.05598634812286688,0.24562798634812286,0.16842662116040955,0.2144641638225256,0.3551194539249147,24106.829351535835,54.89761092150171
2022-10-14,THFT,371,12,12,0.03234501347708895,0.03234501347708895,2.2273481964897295,26.72838238364632,88.98449273539956,738.0299853137157,45.42436848154064,381.43497592260945,0.044819407008086246,0.2206253369272237,0.14609433962264148,0.17408894878706196,0.3251428571428571,31914.816711590298,43.24797843665768
2022-10-15,ASLT,338,100,47,0.2958579881656805,0.1390532544378698,2.2450547209860034,26.501278608628688,93.41850568342562,786.8049265048205,45.99584432913905,396.7370034650876,0.05536390532544378,0.24984319526627216,0.1697869822485207,0.2161775147928994,0.35581952662721894,24808.343195266272,55.98816568047337
2022-10-15,THFT,390,9,15,0.023076923076923078,0.038461538461538464,2.2045403600665843,26.07333739098386,87.8157607680388,731.48486058663,45.06161304292726,380.77289983573564,0.04797948717948717,0.232125641025641,0.14957948717948719,0.17685384615384614,0.32084615384615384,33062.17179487179,44.771794871794874
2022-10-16,ASLT,347,121,62,0.34870317002881845,0.1786743515850144,2.3780517926013776,26.421740900643147,93.62254104601988,770.1113890540813,45.99347275495641,389.7921599941573,0.0530893371757925,0.24781268011527377,0.1740115273775216,0.21008645533141207,0.3506887608069164,25543.43515850144,54.92219020172911
2022-10-16,THFT,362,5,12,0.013812154696132596,0.03314917127071823,2.299928530725892,27.03138266279566,89.90320110673547,743.7712986366696,45.63937844584665,385.2947089411511,0.047756906077348046,0.2301767955801105,0.15232044198895026,0.18671546961325966,0.33428729281767955,28784.8453038674,47.31491712707182
2022-10-17,ASLT,277,85,48,0.30685920577617326,0.17328519855595667,2.2997451062751844,27.110871473817486,94.30500074250412,784.9277728270148,46.122630930031356,392.7919209450347,0.053411552346570385,0.2549061371841155,0.1757364620938628,0.2108916967509025,0.36016245487364623,23781.523465703973,56.44043321299639
2022-10-17,THFT,398,12,11,0.03015075376884422,0.02763819095477387,2.4899641011035927,27.19860464244844,86.25341561595124,749.4176612592973,44.819074698222266,394.7190170419425,0.042766331658291454,0.21460050251256282,0.14941206030150753,0.16874120603015072,0.3310603015075377,30585.103015075376,43.14070351758794
2022-10-18,ASLT,267,71,51,0.26591760299625467,0.19101123595505617,2.3576573592065224,26.70343168223062,91.95527357955844,767.8202859206202,45.39457630981791,388.54512145213033,0.05420224719101123,0.25744194756554306,0.1738389513108614,0.21092883895131084,0.35815355805243443,23853.19850187266,56.340823970037455
2022-10-18,THFT,368,6,34,0.016304347826086956,0.09239130434782608,2.519448835270189,26.74996134605193,88.26217522698973,768.9612549020184,45.04731753247574,397.83830201292443,0.04575543478260869,0.21410597826086955,0.14608967391304348,0.1809483695652174,0.33066847826086954,29920.119565217392,43.91576086956522
2022-10-19,ASLT,298,83,52,0.2785234899328859,0.174496644295302,2.419516404467019,27.05059965590248,93.81348295171493,777.8119577423147,46.096152388552184,390.87674452494866,0.05470134228187918,0.25871140939597315,0.17099664429530198,0.20441946308724832,0.35441275167785236,24810.812080536914,55.25503355704698
2022-10-19,THFT,372,13,17,0.03494623655913978,0.0456989247311828,2.3012751394759285,27.008130225183674,89.00497488300815,736.0520924878427,45.50430715309329,383.57815156318844,0.05003763440860214,0.21631989247311825,0.14076612903225805,0.18175537634408603,0.32030376344086026,32117.08870967742,43.60215053763441
2022-10-20,ASLT,294,82,53,0.2789115646258503,0.18027210884353742,2.26768484339094,26.73452084222837,95.27611633558669,777.1427498212149,46.38436097872208,389.9643764797507,0.05574149659863945,0.25606802721088434,0.17215986394557822,0.21632653061224488,0.3576122448979592,23148.095238095237,56.64625850340136
2022-10-20,THFT,374,17,18,0.045454545454545456,0.0481283422459893,2.416435524485222,26.94650312563797,89.8820074098073,785.9501676921808,45.577005375838375,404.3823241173051,0.046770053475935824,0.2167566844919786,0.15002673796791444,0.18261229946524063,0.334,29560.457219251337,45.12566844919786
2022-10-21,ASLT,314,81,53,0.25796178343949044,0.16878980891719744,2.4002769646905686,26.910005403599207,91.30201652017979,770.1618550570277,45.31300155239702,389.12923272959335,0.050187898089171956,0.2570063694267516,0.17413057324840764,0.19929299363057323,0.3564872611464968,25065.16878980892,54.64968152866242
2022-10-21,THFT,403,10,13,0.02481389578163772,0.03225806451612903,2.3520019593027337,26.518043759771004,91.52227134510673,765.977118533292,46.18208282464452,394.8249399413151,0.04668734491315136,0.22262531017369724,0.1490967741935484,0.17865260545905706,0.3296749379652606,31605.379652605458,45.0
2022-10-22,ASLT,406,120,83,0.2955665024630542,0.2044334975369458,2.4750623043138766,27.075335039227355,95.35418058436161,803.0033076499803,46.46254122618521,401.299515710738,0.053879310344827576,0.24935960591133002,0.17466502463054187,0.21840886699507386,0.36125862068965514,23356.330049261083,56.758620689655174
2022-10-22,THFT,412,15,11,0.03640776699029126,0.02669902912621359,2.3452773899131016,26.6399120040523,88.37835364139563,750.435083612224,44.945229480724414,387.8469608672886,0.04751456310679611,0.22786650485436893,0.1580485436893204,0.18377912621359224,0.3336504854368932,29365.444174757282,47.077669902912625
2022-10-23,ASLT,421,147,77,0.3491686460807601,0.1828978622327791,2.3434412596849037,26.670488254263258,94.31918272112445,786.7766054329771,46.225530005306986,396.2093059482934,0.05597387173396673,0.2439524940617577,0.1678313539192399,0.2185296912114014,0.35274346793349165,25106.643705463182,54.94061757719715
2022-10-23,THFT,395,10,16,0.02531645569620253,0.04050632911392405,2.359494834441075,26.786636304143066,88.14262523435949,765.0894304907221,44.93961751515099,394.7772715999939,0.04795696202531644,0.2330227848101266,0.15836202531645568,0.18758227848101267,0.3335139240506329,29303.55189873418,47.77215189873418
2022-10-24,ASLT,373,114,54,0.30563002680965146,0.1447721179624665,2.3357901531210024,26.894715322009446,93.75472110030425,782.8312773928724,45.9231153091789,393.4118232209643,0.05395174262734583,0.2600938337801609,0.18380697050938338,0.2149356568364611,0.3620670241286863,23050.2654155496,58.0911528150134
2022-10-24,THFT,426,19,18,0.04460093896713615,0.04225352112676056,2.4230218662511684,26.833805465304536,89.20687642070081,793.2339809509467,45.38320863586917,408.13935919179926,0.04659624413145538,0.22724413145539907,0.1534389671361502,0.18558920187793426,0.33488028169014084,29484.896713615024,46.70657276995305
2022-10-25,ASLT,297,110,46,0.37037037037037035,0.15488215488215487,2.338604770142719,26.794041850122902,95.65426085121238,779.2128808936029,46.4131130071176,389.2639934950734,0.05456902356902356,0.2650774410774411,0.18102020202020203,0.21239057239057238,0.3635589225589225,22660.17845117845,58.31649831649832
2022-10-25,THFT,357,9,18,0.025210084033613446,0.05042016806722689,2.3580738989207704,26.90857629002563,87.07528814954443,763.1891255778213,44.81644273409211,397.18839728635857,0.04476470588235293,0.22603641456582632,0.15724369747899158,0.18145098039215685,0.3338403361344538,29421.74229691877,46.319327731092436
2022-10-26,ASLT,297,89,39,0.2996632996632997,0.13131313131313133,2.281936533357319,26.97635683777517,91.66295137601332,772.9565005505212,45.53228543162939,389.983776372133,0.04944444444444444,0.25425252525252523,0.1739158249158249,0.19505387205387203,0.3515925925925926,25467.299663299662,53.34006734006734
2022-10-26,THFT,396,9,20,0.022727272727272728,0.050505050505050504,2.41719328254465,26.71103802255753,87.77458192704167,754.8617425101166,45.13460693564698,393.9010583280778,0.048949494949494944,0.21180808080808078,0.1403611111111111,0.18123232323232324,0.3217146464646465,31667.540404040403,42.87626262626262
2022-10-27,ASLT,297,89,44,0.2996632996632997,0.14814814814814814,2.1786973952451993,26.978615453262115,93.47401781803123,772.5904882155121,46.14317876920262,387.9174932519411,0.05188888888888887,0.2513905723905724,0.16987878787878788,0.20774747474747474,0.3518619528619529,24906.973063973062,54.18855218855219
2022-10-27,THFT,386,7,20,0.018134715025906734,0.05181347150259067,2.5132820314935653,27.205467825026815,89.4963906901575,776.5068294721885,45.56850109538669,401.5118628639824,0.04840155440414507,0.21712435233160624,0.14641709844559583,0.18874870466321245,0.3305958549222798,29647.769430051812,45.39378238341969
2022-10-28,ASLT,341,89,48,0.26099706744868034,0.14076246334310852,2.3631744030169677,26.856332783429163,90.74625476087562,809.9984029755803,45.393783438076284,411.7349886175522,0.054266862170087964,0.24917595307917886,0.16738123167155425,0.2110850439882698,0.3533284457478006,24910.554252199414,54.686217008797655
2022-10-28,THFT,391,16,14,0.04092071611253197,0.03580562659846547,2.35813247537293,26.485314168086344,89.4035824711098,741.3975771538203,45.42625020895455,383.207480519134,0.048818414322250626,0.2273708439897698,0.15200511508951406,0.19032225063938618,0.3299897698209719,29706.22250639386,46.907928388746804
2022-10-29,ASLT,328,87,42,0.2652439024390244,0.12804878048780488,2.22793884331536,26.53534818527207,94.12901964572569,770.9714572434101,46.41830343699663,391.0191104337707,0.058228658536585355,0.24404268292682924,0.1638871951219512,0.2192073170731707,0.3437530487804878,26052.271341463416,54.14329268292683
2022-10-29,THFT,398,15,16,0.03768844221105527,0.04020100502512563,2.221848428930518,26.189626657392985,90.9516436957336,729.8024652437362,45.60222198448592,375.6094554889088,0.050025125628140696,0.23581909547738691,0.16040452261306531,0.18882412060301507,0.33687939698492464,30318.869346733667,48.84422110552764
2022-10-30,ASLT,339,123,48,0.36283185840707965,0.1415929203539823,2.237026363014388,26.695624001114012,94.03038663609749,768.1094906935106,46.36255943404067,389.0009563312006,0.054483775811209424,0.24337463126843656,0.16623008849557522,0.2100560471976401,0.3476578171091445,25867.702064896755,53.333333333333336
2022-10-30,THFT,349,12,14,0.034383954154727794,0.04011461318051576,2.370857012174896,27.000684558169606,88.90848241084359,759.8620853177646,45.18404954636274,390.50541388533605,0.05020916905444125,0.22591690544412607,0.14783381088825212,0.18725501432664754,0.32823782234957016,29757.1776504298,45.902578796561606
2022-10-31,ASLT,357,92,42,0.25770308123249297,0.11764705882352941,2.3366487320167844,26.70445751271852,91.7955326990437,789.7090571058768,45.68520810904635,400.38695161218766,0.05406442577030811,0.2527226890756302,0.17016246498599438,0.2092689075630252,0.35595238095238096,24826.994397759103,55.070028011204485
2022-10-31,THFT,371,10,8,0.026954177897574125,0.0215633423180593,2.4612069794682707,27.084411155796573,90.42359643113411,793.8337843685318,45.99466610129847,410.8868815780148,0.050522911051212926,0.21608625336927223,0.14598921832884096,0.19477628032345012,0.3342857142857143,28375.021563342318,46.04851752021563
2022-11-01,ASLT,366,101,61,0.27595628415300544,0.16666666666666666,2.2456593761407326,27.3477698953374,93.91333405821803,802.3019235725222,46.01136407626046,400.88776096185353,0.055625683060109274,0.2544071038251366,0.1731174863387978,0.21334426229508194,0.3617185792349727,23451.213114754097,56.60655737704918
2022-11-01,THFT,406,13,17,0.03201970443349754,0.04187192118226601,2.3988858527972954,26.58264773220406,88.17059030765331,784.9322906971223,45.359684534909555,407.5560665855515,0.04712807881773398,0.21560098522167487,0.14595566502463053,0.18035467980295566,0.324371921182266,31137.07881773399,43.810344827586206
2022-11-02,ASLT,292,96,39,0.3287671232876712,0.13356164383561644,2.290465179800097,27.18659849352303,90.7057408556108,770.8686362328561,45.07069291029954,389.6913028812592,0.053523972602739715,0.25147945205479455,0.17170890410958903,0.20801027397260274,0.35761643835616436,23472.86301369863,55.352739726027394
2022-11-02,THFT,427,10,19,0.0234192037470726,0.04449648711943794,2.347697356685651,27.000767819801275,88.62246217727154,750.1675911517569,45.492989769405895,392.4986439279178,0.04716159250585479,0.21399297423887587,0.14062529274004684,0.1761311475409836,0.3201779859484778,30898.674473067917,42.11007025761124
2022-11-03,ASLT,317,73,50,0.2302839116719243,0.15772870662460567,2.251438018972309,26.357237131624547,92.55599231992692,749.1891504311353,45.68492845672242,378.85826900917255,0.055779179810725533,0.2532397476340694,0.1702744479495268,0.2150315457413249,0.3521072555205047,25366.52050473186,55.68454258675079
2022-11-03,THFT,392,7,14,0.017857142857142856,0.03571428571428571,2.2862053878977955,26.724650173812996,89.00893170265735,756.7913740717007,45.55441614975098,394.25958608048927,0.04564285714285713,0.21574489795918364,0.14683673469387754,0.17899744897959183,0.32561989795918367,31395.451530612245,43.71173469387755
2022-11-04,ASLT,325,90,59,0.27692307692307694,0.18153846153846154,2.240201807475237,26.39588637699939,92.72719697882812,766.8059800561803,45.980735635123736,388.17053404710555,0.05127384615384615,0.2460369230769231,0.16351384615384615,0.20326461538461535,0.34412,26560.48,52.08923076923077
2022-11-04,THFT,413,6,15,0.014527845036319613,0.03631961259079903,2.3529515284706464,26.4652767299712,87.84041491861298,734.9989585681811,44.89377617086083,382.7205140302661,0.04568765133171912,0.23269491525423727,0.1544406779661017,0.1789903147699758,0.32776271186440675,30804.401937046005,45.60774818401937
2022-11-05,ASLT,289,91,38,0.314878892733564,0.1314878892733564,2.349185168390279,26.885899420133658,90.42765113995836,796.6177131957194,45.004505144718344,403.67414866531976,0.05817647058823528,0.24963667820069202,0.16911418685121105,0.22242560553633214,0.3566055363321799,23483.280276816608,56.37024221453287
2022-11-05,THFT,353,9,23,0.025495750708215296,0.06515580736543909,2.384619207640566,26.479800125847188,89.67405129730001,763.8129068854582,45.38272464220902,393.67023265306545,0.050478753541076476,0.22631444759206798,0.14712181303116145,0.1881841359773371,0.3319093484419264,30425.47025495751,46.039660056657226
2022-11-06,ASLT,346,114,46,0.32947976878612717,0.1329479768786127,2.2501887545384758,26.57688239260201,92.24598036163202,807.5597657704329,45.58173877657494,405.3547353334064,0.05718497109826588,0.24721387283236995,0.1675809248554913,0.21572543352601153,0.35065317919075145,24678.196531791906,55.08381502890173
2022-11-06,THFT,353,13,14,0.036827195467422094,0.039660056657223795,2.376714337271842,26.65077631177795,92.29076274983052,755.771009994282,46.3944950773937,390.41241786639574,0.0488441926345609,0.22292351274787534,0.1468526912181303,0.1859915014164306,0.32607365439093483,30302.01133144476,45.461756373937675
2022-11-07,ASLT,282,70,34,0.24822695035460993,0.12056737588652482,2.233431319674089,27.063860597017907,95.2675603611838,795.7471570921755,46.93777683393614,402.1794451135777,0.04786524822695034,0.24276241134751775,0.1678049645390071,0.18867021276595744,0.3525992907801418,26271.666666666668,51.826241134751776
2022-11-07,THFT,343,9,14,0.026239067055393587,0.04081632653061224,2.310961247489052,26.748734601630343,90.46269295054137,746.6114988362691,45.68014864434308,385.2305459091373,0.04217492711370261,0.22178425655976677,0.15238483965014576,0.17196501457725946,0.3351545189504373,30147.667638483967,44.29737609329446
2022-11-08,ASLT,240,70,26,0.2916666666666667,0.10833333333333334,2.261594199771319,26.992194669533262,90.30079802649405,769.7593194660742,44.87397703648253,389.35714497532916,0.04954166666666666,0.26024583333333334,0.18411666666666665,0.20172500000000002,0.36595,23792.408333333333,56.69166666666667
2022-11-08,THFT,351,9,21,0.02564102564102564,0.05982905982905983,2.327213219884688,27.163794579496294,89.78941783560828,743.3340199361487,45.89988502753319,386.8673765877843,0.043900284900284886,0.2168148148148148,0.146022792022792,0.16877777777777778,0.32398860398860396,31769.91452991453,42.33048433048433
2022-11-09,ASLT,273,65,37,0.23809523809523808,0.13553113553113552,2.2138599879368077,27.028283142827885,91.32594161488866,769.386643240003,45.56229595243017,391.17888052516156,0.05073992673992672,0.24716483516483517,0.1661758241758242,0.20157875457875457,0.3494212454212454,25356.710622710623,52.70695970695971
2022-11-09,THFT,343,9,14,0.026239067055393587,0.04081632653061224,2.3077229658778076,26.445594961985776,86.25812242056716,746.7247043899026,44.71168026777151,391.3619536460163,0.0456938775510204,0.22281632653061226,0.15056559766763847,0.1792332361516035,0.32546647230320697,30539.049562682216,44.332361516034986
2022-11-10,ASLT,322,98,32,0.30434782608695654,0.09937888198757763,2.204200187007759,26.638034042094212,91.57947265447078,738.345915203686,45.105702068149895,373.4202938307332,0.05601242236024843,0.2596180124223602,0.1750248447204969,0.21877950310559008,0.3593695652173913,23304.10559006211,57.493788819875775
2022-11-10,THFT,343,13,19,0.037900874635568516,0.05539358600583091,2.3030922084713046,26.23550049302224,88.43361542356475,771.186593697729,45.148907312395565,401.19895464994084,0.05069679300291544,0.21927113702623904,0.14704956268221572,0.19480466472303207,0.3279504373177842,29316.638483965016,45.87755102040816
2022-11-11,ASLT,326,116,45,0.3558282208588957,0.13803680981595093,2.457396027180612,26.953195580952126,90.52973559713564,790.6173660894954,45.242185406166065,402.50183333287697,0.05454294478527606,0.252420245398773,0.17200613496932515,0.21402147239263805,0.35872085889570554,23846.463190184048,56.1840490797546
2022-11-11,THFT,417,15,12,0.03597122302158273,0.02877697841726619,2.41136358124127,26.247966460219903,86.63914537384422,742.6917144304955,44.68220634284006,388.55020089208944,0.0479208633093525,0.23241966426858512,0.15666426858513188,0.1780695443645084,0.32697601918465224,30402.729016786572,46.007194244604314
2022-11-12,ASLT,295,110,57,0.3728813559322034,0.19322033898305085,2.205581757448816,26.138565329093677,92.60697738345073,757.438610944523,45.858331936801946,383.24221291564436,0.05264745762711863,0.25184406779661017,0.17459322033898303,0.20598983050847455,0.35037627118644066,25479.528813559322,54.715254237288136
2022-11-12,THFT,386,10,18,0.025906735751295335,0.046632124352331605,2.4719825772739408,26.61862265473721,87.72490946697408,768.1616248041443,44.986380912345886,398.14252001456606,0.04627979274611398,0.21853626943005178,0.1469222797927461,0.18108290155440412,0.32635492227979274,30703.59585492228,44.11658031088083
2022-11-13,ASLT,300,105,50,0.35,0.16666666666666666,2.2752761183319254,26.188553322725003,91.69502690862788,785.3225664848553,45.53137466448335,397.0616130892127,0.05528666666666665,0.2502933333333333,0.17069333333333334,0.21232666666666666,0.3506166666666667,26105.536666666667,54.97666666666667
2022-11-13,THFT,345,9,13,0.02608695652173913,0.03768115942028986,2.210853581053292,26.472337393682345,88.87836382510302,737.4474760043765,45.30605047855481,383.07382907950523,0.048991304347826066,0.22348985507246377,0.1475391304347826,0.18664347826086955,0.3275420289855072,30857.08115942029,45.26086956521739
2022-11-14,ASLT,271,74,46,0.2730627306273063,0.16974169741697417,2.356787829478749,26.07777269607461,90.99446916660938,792.5207714944756,45.118809829793605,400.8994833864672,0.056335793357933574,0.2575940959409594,0.17600369003690036,0.2221992619926199,0.35544280442804427,24297.09594095941,57.57564575645756
2022-11-14,THFT,314,11,12,0.03503184713375796,0.03821656050955414,2.421921575420649,26.40457926562854,86.48107324783271,774.9566737287414,44.68379173740092,403.5303831619812,0.0469904458598726,0.21591082802547767,0.14777388535031846,0.18475159235668787,0.3264108280254777,31001.114649681527,44.439490445859875
2022-11-15,ASLT,255,79,45,0.30980392156862746,0.17647058823529413,2.416169601267971,27.164300584760177,95.59789559685917,750.9685401449714,46.588034312800524,379.35335702261335,0.053168627450980374,0.24594901960784313,0.1742392156862745,0.20590588235294116,0.35372941176470585,24100.035294117646,54.509803921568626
2022-11-15,THFT,308,6,12,0.01948051948051948,0.03896103896103896,2.3639330647814716,26.27553514363296,86.15386683496409,766.8557373642006,44.54138927542917,399.0159909689516,0.045068181818181806,0.2120194805194805,0.13903896103896105,0.17357467532467533,0.31829545454545455,33199.89935064935,41.19155844155844
2022-11-16,ASLT,274,99,50,0.3613138686131387,0.18248175182481752,2.3687181949970477,26.86010203523019,90.29398468958651,784.689334678026,45.24515970028959,399.7095657775803,0.05109489051094889,0.2468175182481752,0.1686788321167883,0.2068795620437956,0.35521532846715326,24809.576642335767,53.76642335766423
2022-11-16,THFT,344,10,23,0.029069767441860465,0.06686046511627906,2.4007522359060887,26.375553148495747,88.66755342881288,754.0877418164189,45.35137571524453,390.998840048627,0.048462209302325567,0.2216162790697674,0.14210174418604649,0.18049418604651163,0.3186162790697674,32377.86046511628,43.01744186046512
2022-11-17,ASLT,259,75,46,0.28957528957528955,0.1776061776061776,2.3443399446083393,26.51437526932023,92.91301260039201,777.703297713881,45.87265208721184,392.60042808947145,0.05099999999999998,0.2504401544401544,0.172023166023166,0.1995135135135135,0.35408108108108105,25913.19305019305,54.115830115830114
2022-11-17,THFT,335,8,14,0.023880597014925373,0.041791044776119404,2.3957174009515882,26.171200226339412,88.70113469398017,746.2973413677878,45.475444565468436,388.95226693645014,0.0457462686567164,0.2208776119402985,0.14562388059701492,0.17626268656716415,0.32563582089552234,32027.650746268657,43.340298507462684
2022-11-18,ASLT,279,84,41,0.3010752688172043,0.14695340501792115,2.3081390363327343,26.752663259482418,90.52676648303996,794.5062170001039,45.40096762170358,404.74436491926343,0.054451612903225796,0.23879211469534048,0.16266308243727598,0.20583870967741932,0.3450430107526882,27022.83154121864,51.795698924731184
2022-11-18,THFT,381,10,20,0.026246719160104987,0.05249343832020997,2.4102555783268738,26.194685599000987,89.95544509923128,759.4996366218498,45.73159560444298,393.06588015243017,0.04625721784776902,0.2280314960629921,0.14863254593175854,0.17795538057742782,0.3267270341207349,32444.87401574803,44.68241469816273
2022-11-19,ASLT,276,100,45,0.36231884057971014,0.16304347826086957,2.3462416327114752,26.45461627297392,92.86779308185973,793.4150594983869,45.84044679211267,399.08518665449094,0.05482971014492752,0.24698188405797103,0.16548188405797098,0.21115217391304347,0.34982971014492753,26118.260869565216,53.98550724637681
2022-11-19,THFT,348,10,15,0.028735632183908046,0.04310344827586207,2.4316121425078085,26.856393711923563,86.8781156010995,748.9835130374888,45.27682308681435,392.99597497000514,0.04216091954022988,0.2087413793103448,0.1406206896551724,0.15986781609195402,0.3175718390804598,34447.36494252874,39.32183908045977
2022-11-20,ASLT,265,90,47,0.33962264150943394,0.17735849056603772,2.378382242661949,26.376827564946314,92.33095195136599,792.631388419803,45.758206890646306,400.6431098506638,0.05734339622641508,0.25320377358490564,0.16915471698113207,0.2155245283018868,0.3548716981132075,25777.445283018867,55.905660377358494
2022-11-20,THFT,309,5,10,0.016181229773462782,0.032362459546925564,2.359247838325748,26.94387955187076,87.14354608225318,763.9952512477042,44.802255828801314,396.00734785477505,0.045715210355987045,0.22232362459546923,0.14501941747572816,0.17770226537216827,0.33078640776699025,31490.5857605178,44.27831715210356
2022-11-21,ASLT,261,82,45,0.31417624521072796,0.1724137931034483,2.2547829309234686,26.721176931519423,92.32711492937877,786.9391962384659,45.60167350297421,397.7365260588414,0.054559386973180066,0.24493103448275863,0.16802298850574712,0.20917624521072797,0.3488199233716475,25538.76245210728,53.60536398467433
2022-11-21,THFT,379,8,11,0.021108179419525065,0.029023746701846966,2.3507714347671564,26.67283263847538,88.407642340689,770.1781478181697,45.163005021551776,397.31296593975884,0.05088918205804748,0.2228073878627968,0.1476174142480211,0.18825857519788916,0.3291055408970976,30430.19525065963,45.74142480211082
2022-11-22,ASLT,274,78,39,0.2846715328467153,0.14233576642335766,2.2842558316779114,27.03407170252282,89.32869123009161,772.0009346268012,45.07178991121507,396.01108838860216,0.05166423357664233,0.24303649635036495,0.17219708029197078,0.2021861313868613,0.3515328467153284,25060.39781021898,53.197080291970806
2022-11-22,THFT,350,7,9,0.02,0.025714285714285714,2.2801676026876496,26.591009241667646,89.60351738387179,784.8014147737275,45.497183874967284,405.1503361992575,0.04655428571428571,0.22491142857142857,0.15435714285714286,0.18421142857142858,0.3350742857142857,29166.625714285714,46.61714285714286
2022-11-23,ASLT,302,90,46,0.2980132450331126,0.152317880794702,2.3066949147475184,26.46554615326152,93.83597204526701,769.0931029287867,46.09735906052612,389.83563606801454,0.05212582781456953,0.2575827814569536,0.1741158940397351,0.2054072847682119,0.35541721854304636,24619.83774834437,55.42384105960265
2022-11-23,THFT,383,9,14,0.02349869451697128,0.03655352480417755,2.31306677612393,26.727902622778142,88.8714434399503,763.5661237322645,45.346536666276315,396.9711331095063,0.04924020887728458,0.2248172323759791,0.14861618798955611,0.1880469973890339,0.33032114882506525,29398.932114882507,46.114882506527415
2022-11-24,ASLT,270,102,51,0.37777777777777777,0.18888888888888888,2.1853649971289912,26.77246048735334,93.17273204470007,794.6177641825677,46.057476456999005,400.81656823016965,0.047670370370370356,0.2434074074074074,0.16987777777777777,0.1953851851851852,0.3500666666666667,27169.681481481482,51.75555555555555
2022-11-24,THFT,272,11,12,0.04044117647058824,0.04411764705882353,2.4045378772126704,26.674101966530095,86.8915717837986,774.9056624741592,44.60979890778901,403.1521219045213,0.05133088235294117,0.22344117647058823,0.15036029411764704,0.1931470588235294,0.3389154411764706,29241.375,47.275735294117645
2022-11-25,ASLT,255,77,40,0.30196078431372547,0.1568627450980392,2.345522210870126,26.066910776673993,92.31745563874964,803.0212184156314,45.516162966162334,402.6579172283529,0.05832156862745097,0.2560823529411765,0.1668392156862745,0.22145098039215685,0.35401176470588236,24290.054901960786,56.870588235294115
2022-11-25,THFT,370,13,19,0.03513513513513514,0.051351351351351354,2.4527489446689916,26.564605662623208,86.22322155866806,730.9275532605476,44.756677395928335,382.9182700522467,0.04424324324324324,0.21357837837837837,0.13779729729729728,0.17007027027027025,0.3177243243243243,32673.594594594593,40.64324324324324
2022-11-26,ASLT,284,85,55,0.2992957746478873,0.1936619718309859,2.289305023580414,26.372254263197814,89.83475784085853,801.8136897805376,44.89640035954574,405.9845264064028,0.05337676056338027,0.24787676056338026,0.173862676056338,0.2121901408450704,0.3545,25112.105633802817,55.65492957746479
2022-11-26,THFT,388,10,20,0.02577319587628866,0.05154639175257732,2.355674987945075,26.54547708648487,89.83443317043873,743.365584335712,45.70060269335161,384.34691983745955,0.04565721649484535,0.22501546391752578,0.14823969072164947,0.17470360824742268,0.3236134020618557,32992.22680412371,43.96134020618557
2022-11-27,ASLT,302,101,70,0.3344370860927152,0.23178807947019867,2.384432384364775,26.15452711867489,91.9147081568105,782.3172695440596,45.52550932756602,395.5140612301871,0.05375827814569535,0.24933112582781458,0.16905629139072847,0.21062251655629138,0.3536192052980132,25289.258278145695,54.79801324503311
2022-11-27,THFT,324,11,13,0.033950617283950615,0.040123456790123455,2.486605288269914,27.077074698862816,92.14953757142433,768.078410078029,46.346603872552606,395.49770441907714,0.04684876543209875,0.22175617283950613,0.14998765432098765,0.18113888888888888,0.33012345679012345,31049.51851851852,45.18827160493827
2022-11-28,ASLT,276,74,44,0.26811594202898553,0.15942028985507245,2.438468749299788,26.950624070388848,92.05291052966008,788.6576942074087,45.66326806299732,398.35036147776486,0.05024637681159418,0.2504891304347826,0.17121739130434782,0.20130072463768114,0.3565905797101449,25606.891304347828,54.416666666666664
2022-11-28,THFT,399,6,12,0.015037593984962405,0.03007518796992481,2.37415304681582,26.750189188378553,88.38166079217747,780.6491294257642,45.27578164769022,404.03603913102154,0.048551378446115276,0.22190225563909774,0.14877944862155387,0.19448872180451127,0.33456641604010023,29536.81954887218,46.50375939849624
2022-11-29,ASLT,297,78,53,0.26262626262626265,0.17845117845117844,2.3858857452125735,27.012009291263574,91.74300170871261,765.0102277552754,45.71092735902069,386.9689208070333,0.052117845117845105,0.25242424242424244,0.17147138047138047,0.2051043771043771,0.3535993265993266,24731.976430976432,54.46801346801347
2022-11-29,THFT,362,7,19,0.019337016574585635,0.052486187845303865,2.425495451927035,27.29480340146929,87.42241820554568,793.6426107431545,45.29679643200642,415.18088944319203,0.04583701657458562,0.2057182320441989,0.1386132596685083,0.17608839779005525,0.32743922651933705,31638.480662983424,41.925414364640886
2022-11-30,ASLT,278,75,47,0.2697841726618705,0.16906474820143885,2.2855699366407127,26.479258004216465,89.30885887792002,768.805636834759,44.89647441068793,392.682300026891,0.05451079136690646,0.2611618705035971,0.17208273381294964,0.2120251798561151,0.3558920863309353,23321.705035971223,56.406474820143885
2022-11-30,THFT,334,10,15,0.029940119760479042,0.04491017964071856,2.535143761594019,26.620801845483584,86.39078584389978,781.5660997906826,44.64416546993956,407.7556988324944,0.048395209580838316,0.2235688622754491,0.15095508982035927,0.1876556886227545,0.33131137724550896,29464.622754491018,45.85928143712575
2022-12-01,ASLT,261,84,51,0.3218390804597701,0.19540229885057472,2.356272255492696,26.611057530497423,97.09490333939998,785.26176228899,46.917823740953985,391.9705504163548,0.057241379310344814,0.26041379310344825,0.1771800766283525,0.2196934865900383,0.357816091954023,23331.053639846745,57.81226053639847
2022-12-01,THFT,439,13,21,0.029612756264236904,0.04783599088838269,2.511129849659141,27.000939445548198,88.9692898368386,773.947734390954,45.64622049817241,404.076974013043,0.0476013667425968,0.21756036446469249,0.1510637813211845,0.18400911161731207,0.33364464692482915,28845.282460136674,45.29840546697039
2022-12-02,ASLT,318,98,58,0.3081761006289308,0.18238993710691823,2.3473695583941017,26.903971486031363,93.37005934197028,757.876753774411,46.07483757240488,385.8910795581468,0.056289308176100616,0.25763836477987423,0.17243396226415092,0.2148710691823899,0.3543993710691824,23760.522012578618,56.4937106918239
2022-12-02,THFT,403,10,18,0.02481389578163772,0.04466501240694789,2.502655556707885,26.955903591921793,88.33502560070217,777.737542022789,45.112410049595674,402.48803277895684,0.04685607940446649,0.2222803970223325,0.14923076923076922,0.18822084367245656,0.33200992555831266,28446.709677419356,46.00992555831265
2022-12-03,ASLT,274,103,56,0.3759124087591241,0.20437956204379562,2.2130553325928144,26.813570775959274,93.24894202767321,810.9717900573839,45.81949387710579,405.10049408420434,0.05419708029197079,0.25791970802919706,0.17656569343065692,0.21466423357664233,0.3579744525547445,24209.39781021898,57.02919708029197
2022-12-03,THFT,343,5,11,0.014577259475218658,0.03206997084548105,2.502261309464504,26.961080838021484,86.10241220984578,776.2657005936618,44.83123775279179,405.6170719088889,0.04482215743440232,0.21419825072886298,0.1391865889212828,0.17437900874635567,0.3220728862973761,31982.425655976676,42.02040816326531
2022-12-04,ASLT,311,118,59,0.37942122186495175,0.18971061093247588,2.388339316286011,26.78175901899869,94.59991642096956,783.7990050411067,46.588163215918705,396.90498881491703,0.052787781350482295,0.24106109324758843,0.167032154340836,0.2078135048231511,0.3510192926045016,26215.495176848875,53.360128617363344
2022-12-04,THFT,344,12,19,0.03488372093023256,0.055232558139534885,2.1998689187863336,26.426855151052486,91.22850608529637,745.2211104736831,46.03128448652603,387.6576671353093,0.048938953488372086,0.21432558139534882,0.13904941860465117,0.1862093023255814,0.3189331395348837,31892.232558139534,42.84593023255814
2022-12-05,ASLT,282,61,56,0.21631205673758866,0.19858156028368795,2.234082845349952,26.80923289548746,92.19490495140462,774.4432010291532,45.74365709349843,392.42050451231097,0.04774468085106382,0.24745390070921985,0.17060638297872338,0.1986914893617021,0.3550177304964539,25403.21985815603,53.145390070921984
2022-12-05,THFT,364,12,12,0.03296703296703297,0.03296703296703297,2.4266359811001004,26.988285005943197,87.15189117874264,761.6742484142483,45.11380962582879,399.24433808522144,0.047579670329670316,0.21236538461538462,0.13976098901098902,0.1798763736263736,0.32130219780219776,30955.994505494506,42.502747252747255
2022-12-06,ASLT,293,61,44,0.20819112627986347,0.15017064846416384,2.402346953954143,26.95929315376468,93.4476727900311,773.1873000134809,45.858644164197464,390.20445896243206,0.05895221843003411,0.254641638225256,0.17043003412969282,0.2251433447098976,0.3612491467576792,22518.32081911263,57.406143344709896
2022-12-06,THFT,408,11,18,0.02696078431372549,0.04411764705882353,2.4113788014803332,27.04096711407185,86.25486343244441,765.4674798602017,44.816532484962885,401.8733070158527,0.04483823529411764,0.2204019607843137,0.1501078431372549,0.17926225490196077,0.3293700980392157,30311.039215686276,44.53186274509804
2022-12-07,ASLT,286,76,50,0.26573426573426573,0.17482517482517482,2.4090362739249302,26.99651005677797,88.99263284014889,765.0184298282139,45.004922036263714,393.6321682087119,0.04837762237762236,0.24067482517482516,0.16435664335664335,0.18820279720279717,0.3431048951048951,27477.25874125874,50.27272727272727
2022-12-07,THFT,417,8,23,0.019184652278177457,0.05515587529976019,2.53175398830947,27.11780371808084,86.18648625167629,779.0761174012722,44.50017502717177,406.2714683027801,0.050460431654676244,0.21989928057553956,0.14851798561151078,0.19520143884892086,0.33447721822541965,27749.04556354916,46.410071942446045
2022-12-08,ASLT,274,72,47,0.26277372262773724,0.17153284671532848,2.319125911651115,26.590328393963603,90.20325593048285,748.8153073299561,45.11347700563916,384.390155321762,0.05305474452554743,0.24862043795620437,0.17028102189781022,0.20909489051094887,0.35213138686131384,24535.131386861314,54.28102189781022
2022-12-08,THFT,411,10,18,0.024330900243309004,0.043795620437956206,2.473771180884257,26.43933181741308,87.86504069092989,768.6444386929188,44.89813522933796,396.60062940199464,0.052143552311435505,0.2236642335766423,0.1462530413625304,0.1934647201946472,0.32795863746958637,29335.30170316302,46.18248175182482
2022-12-09,ASLT,264,72,39,0.2727272727272727,0.14772727272727273,2.3464943687923165,26.775466699270908,94.50908476293108,758.982159271758,46.472889916872965,385.8342733807099,0.049287878787878776,0.2460492424242424,0.1675530303030303,0.19861742424242423,0.3493901515151515,25867.825757575756,52.65530303030303
2022-12-09,THFT,341,5,16,0.01466275659824047,0.0469208211143695,2.420407432047272,26.44218163373826,87.3378469841011,768.4859078903387,45.10833646736705,401.9055600821179,0.04757184750733136,0.2137507331378299,0.14022287390029325,0.18291788856304986,0.3227448680351906,31057.92961876833,43.08211143695015
2022-12-10,ASLT,287,92,50,0.3205574912891986,0.17421602787456447,2.239610357760186,26.47330363057303,91.28472487514134,802.0738867562352,45.54937241738166,406.57857264780074,0.0575156794425087,0.24677003484320556,0.16120905923344947,0.21788850174216026,0.34422299651567945,26364.480836236933,53.98257839721254
2022-12-10,THFT,426,8,12,0.018779342723004695,0.028169014084507043,2.2678064627144554,26.1866473146831,87.46504664934318,746.5913672431581,45.02484998795667,388.5216454614991,0.043936619718309845,0.2163732394366197,0.14118779342723004,0.16869718309859152,0.3168708920187793,33931.19953051643,41.497652582159624
2022-12-11,ASLT,321,111,58,0.34579439252336447,0.1806853582554517,2.249562985122952,26.865128161953162,91.62879202918795,797.7615207716202,45.622018894373376,404.97130826704733,0.05280062305295948,0.25365420560747665,0.17477570093457942,0.20593457943925234,0.35537694704049844,25119.63862928349,55.12772585669782
2022-12-11,THFT,369,11,18,0.02981029810298103,0.04878048780487805,2.2914860881322823,26.830541232494262,86.58530697817783,742.9429219217753,44.73409700545562,387.47138017033495,0.047734417344173434,0.21383739837398372,0.14067750677506774,0.17594037940379403,0.3245989159891599,32405.067750677506,42.61517615176152
2022-12-12,ASLT,311,95,52,0.3054662379421222,0.16720257234726688,2.4713062102310484,26.492166122521176,91.40572432593558,798.5301921209476,45.33965803432823,404.6964908106138,0.053337620578778125,0.2631061093247588,0.179967845659164,0.21028617363344052,0.35943729903536975,23493.46623794212,57.22508038585209
2022-12-12,THFT,382,11,30,0.028795811518324606,0.07853403141361257,2.359907356109143,27.095792823441396,86.26288904567528,770.2491129234969,44.642243144751994,403.14873552703244,0.05001308900523559,0.2190628272251309,0.145565445026178,0.19071465968586385,0.33291884816753925,28839.667539267015,45.66230366492147
2022-12-13,ASLT,264,72,39,0.2727272727272727,0.14772727272727273,2.2567331664348322,26.698817053109615,92.8568918274627,778.1519835767765,45.80242774605949,392.09738629874846,0.0535681818181818,0.2539659090909091,0.1775530303030303,0.21072348484848485,0.3635719696969697,23443.590909090908,56.67045454545455
2022-12-13,THFT,368,13,21,0.035326086956521736,0.057065217391304345,2.3151063065936097,26.51198314427528,87.97234886162728,753.2903723140302,45.144996247284176,392.99269362919784,0.04946467391304347,0.22180434782608693,0.14561956521739128,0.18904347826086956,0.32490760869565216,29870.505434782608,45.14673913043478
2022-12-14,ASLT,272,85,53,0.3125,0.1948529411764706,2.371725930681149,26.819997854174886,91.82174563108784,781.666748816807,45.80925012090869,396.5141025537408,0.05100367647058822,0.2517647058823529,0.17284191176470587,0.19864338235294118,0.3500110294117647,25126.65073529412,53.981617647058826
2022-12-14,THFT,324,8,14,0.024691358024691357,0.043209876543209874,2.389376839116905,26.263575645963268,85.72656197984222,732.7205445720809,44.78146468649882,385.4970118975932,0.042503086419753075,0.2161111111111111,0.14302469135802467,0.1641327160493827,0.31584567901234567,33344.654320987655,40.82716049382716
2022-12-15,ASLT,222,58,34,0.26126126126126126,0.15315315315315314,2.52080226547024,26.481918027989714,91.88081171748993,786.4634066555965,45.67531904935991,401.3280787528919,0.055225225225225216,0.2483108108108108,0.1662207207207207,0.2162342342342342,0.353509009009009,24252.711711711712,54.55855855855856
2022-12-15,THFT,333,11,15,0.03303303303303303,0.04504504504504504,2.4004119819681002,27.02707750064109,87.44527112834577,758.4856910544594,45.175394475272434,395.08384143751925,0.04463963963963962,0.2183873873873874,0.14466366366366365,0.17315315315315313,0.3207747747747748,32812.780780780784,42.54054054054054
2022-12-16,ASLT,250,69,37,0.276,0.148,2.3114429997461445,26.00589951722015,92.83430904978556,751.0850622372657,46.08929805545174,384.42215133751677,0.054167999999999994,0.25291199999999997,0.170676,0.21159999999999998,0.34752799999999995,26204.816,54.916
2022-12-16,THFT,372,7,27,0.01881720430107527,0.07258064516129033,2.398418806202008,26.561807295836438,86.49180915124956,748.2722061941026,44.856710530924055,392.0419757024884,0.04606989247311827,0.22836559139784945,0.14918279569892473,0.18110483870967742,0.32676881720430107,30148.88172043011,44.82795698924731
2022-12-17,ASLT,267,82,57,0.30711610486891383,0.21348314606741572,2.2739242553493177,26.438260292961843,91.9283973998682,748.7886843238666,45.82091149507186,384.395198472921,0.054228464419475646,0.24475655430711607,0.16068539325842696,0.20535955056179775,0.34379026217228464,27084.16853932584,52.06741573033708
2022-12-17,THFT,339,10,10,0.029498525073746312,0.029498525073746312,2.2422257660458156,26.072069670037706,86.15101724244933,744.141039183659,44.61015711856315,388.35392573741206,0.0473008849557522,0.2273480825958702,0.14950147492625368,0.18380530973451326,0.32591740412979353,31894.94395280236,45.37758112094395
2022-12-18,ASLT,269,105,45,0.3903345724907063,0.16728624535315986,2.2864272944670425,26.41322526946238,92.64813457855188,783.9120019805257,45.807362292143,394.6960733819937,0.05448327137546467,0.2500520446096654,0.17033085501858736,0.2165985130111524,0.34995539033457246,24920.657992565055,55.28996282527881
2022-12-18,THFT,314,16,16,0.050955414012738856,0.050955414012738856,2.1723253371778233,26.506643095791958,86.3456942064714,763.1497928050229,44.61995807175924,395.9070552225946,0.05133757961783439,0.21873248407643311,0.14409554140127387,0.1955668789808917,0.3261496815286624,30867.691082802547,46.0859872611465
2022-12-19,ASLT,237,78,44,0.3291139240506329,0.18565400843881857,2.460281422002801,26.780957858558438,93.96074863124907,752.312564978248,46.2731365887196,379.89481031904177,0.052464135021097036,0.25148101265822786,0.16778059071729956,0.19848101265822785,0.3469662447257384,26286.78481012658,52.49367088607595
2022-12-19,THFT,324,18,15,0.05555555555555555,0.046296296296296294,2.4003122398430556,26.607159139992003,88.09663368019292,753.2636939957799,44.99922804011629,390.43986012707717,0.05052777777777776,0.2315895061728395,0.15388580246913577,0.19397530864197532,0.3311049382716049,29138.506172839505,47.91358024691358
2022-12-20,ASLT,280,67,42,0.2392857142857143,0.15,2.5132469712906214,27.297034792830843,89.57252774877347,778.7521846244532,44.843146489470726,397.73332846444606,0.053042857142857135,0.2486892857142857,0.16903214285714285,0.20111428571428572,0.35532142857142857,24669.007142857143,53.364285714285714
2022-12-20,THFT,357,11,17,0.03081232492997199,0.047619047619047616,2.362881206723014,27.110097301458083,87.00139793102383,764.9073021798421,44.77393237598655,397.8536471621207,0.04702240896358542,0.225515406162465,0.15272549019607842,0.1847563025210084,0.33019607843137255,29749.809523809523,46.02801120448179
2022-12-21,ASLT,262,69,37,0.2633587786259542,0.14122137404580154,2.327702348816571,26.470496279953522,89.51706979674175,776.2531658563049,44.793112751291545,394.7099224109443,0.048404580152671746,0.26961068702290075,0.18186641221374047,0.20257633587786258,0.36170992366412213,23949.221374045803,56.94656488549618
2022-12-21,THFT,372,6,18,0.016129032258064516,0.04838709677419355,2.5289681545473557,26.581521651721182,87.87179141098869,784.0934037410373,44.89974854640981,403.63032954579086,0.048981182795698915,0.22885215053763439,0.15295967741935482,0.1878279569892473,0.3356397849462366,29360.545698924732,46.97849462365591
2022-12-22,ASLT,205,70,35,0.34146341463414637,0.17073170731707318,2.340697308707642,26.844957047256543,92.26195489631668,760.8480427481975,45.32046332248999,383.4244360088819,0.05650243902439023,0.25450243902439024,0.1674048780487805,0.21289268292682928,0.3590243902439024,23755.560975609755,55.9609756097561
2022-12-22,THFT,320,6,17,0.01875,0.053125,2.4335070300070663,27.151923686613117,88.14839022347421,767.1796743985707,44.949145340773356,397.3100018604731,0.05073749999999999,0.221540625,0.155884375,0.19387187499999997,0.34030625,28204.95625,48.1375
2022-12-23,ASLT,163,71,31,0.43558282208588955,0.1901840490797546,2.264845844168372,26.683111561996306,90.94096191730006,769.9449146388878,45.85120313795417,396.5285567809847,0.04831901840490796,0.23876687116564416,0.16455214723926379,0.1928527607361963,0.34193865030674847,27966.68711656442,50.61349693251534
2022-12-23,THFT,220,8,8,0.03636363636363636,0.03636363636363636,2.4152832864145393,26.841503600297077,90.53447265098201,777.0113892397545,45.800980950161694,401.9832622624927,0.047509090909090904,0.21789545454545453,0.14650454545454544,0.18912272727272728,0.33553636363636363,29761.595454545455,45.55909090909091
2022-12-24,ASLT,163,78,27,0.4785276073619632,0.1656441717791411,2.443685465798634,27.29971070195071,91.68083190613197,770.7019245103687,45.6784709801733,392.3944620241767,0.0496564417177914,0.2401840490797546,0.16653987730061348,0.20141104294478526,0.34748466257668714,25808.423312883435,52.5521472392638
2022-12-24,THFT,199,6,11,0.03015075376884422,0.05527638190954774,2.414028225159658,26.671852795662286,86.11352304609862,750.2426360402824,44.734741971587226,394.64118841749297,0.04475376884422109,0.22689447236180904,0.15427638190954773,0.1837939698492462,0.32887437185929647,30295.693467336685,45.959798994974875
2022-12-25,ASLT,244,128,38,0.5245901639344263,0.1557377049180328,2.4054818056151137,26.750720990470654,92.56758291698524,797.5060158985865,45.73095100648441,406.01080722811105,0.055692622950819656,0.23615983606557375,0.16591803278688522,0.2186762295081967,0.35577049180327863,24046.75,54.47540983606557
2022-12-25,THFT,155,6,2,0.03870967741935484,0.012903225806451613,2.3797176041683485,27.53769832386855,89.2126560594719,761.5571161961658,45.77923400382996,396.86237292917417,0.049864516129032234,0.21998709677419354,0.14831612903225805,0.1942064516129032,0.33425806451612905,28008.664516129033,46.71612903225807
2022-12-26,ASLT,226,99,36,0.43805309734513276,0.1592920353982301,2.378880847345946,26.827799127798034,91.33884222440696,787.6612777430787,45.47914017185529,401.05247331138185,0.054575221238938036,0.25521681415929204,0.17691150442477876,0.20754424778761063,0.360358407079646,23843.610619469026,56.557522123893804
2022-12-26,THFT,222,8,11,0.036036036036036036,0.04954954954954955,2.3113212931965417,28.067795974829277,87.28108734479878,788.6813402232004,44.86748692096642,408.5994342048631,0.048234234234234216,0.2224954954954955,0.15025675675675676,0.18616216216216214,0.34056756756756756,29580.594594594593,47.1981981981982
2022-12-27,ASLT,222,70,44,0.3153153153153153,0.1981981981981982,2.3990328396574063,27.431676239107773,90.65312769816944,785.201068611628,45.45363333857343,400.4040008879347,0.05177027027027026,0.25023423423423424,0.170536036036036,0.205,0.3558288288288288,24066.617117117115,54.126126126126124
2022-12-27,THFT,333,11,22,0.03303303303303303,0.06606606606606606,2.3682950008075756,26.90027499156781,87.10667601205311,785.1109563751979,45.056324959140454,409.294139055191,0.052018018018018,0.21551951951951953,0.1415225225225225,0.1972192192192192,0.3265375375375375,30552.97897897898,45.37837837837838
2022-12-28,ASLT,263,91,52,0.34600760456273766,0.19771863117870722,2.4908182961142167,26.649419557601995,92.22015586308366,772.7438869040042,45.61199275416934,394.6429008323958,0.05129277566539923,0.25740684410646386,0.17884790874524714,0.20554372623574144,0.35867680608365016,24350.661596958176,56.30798479087453
2022-12-28,THFT,319,8,9,0.025078369905956112,0.02821316614420063,2.3813230488599286,26.6012722698466,89.1259593213561,777.4891972367561,45.241680344473565,399.110530731221,0.052344827586206885,0.22963009404388712,0.15359561128526644,0.20255172413793104,0.3392633228840125,28149.520376175547,49.45454545454545
2022-12-29,ASLT,272,84,46,0.3088235294117647,0.16911764705882354,2.386492041573721,26.678498064502307,88.28957263730311,757.9786383280413,44.84359235234923,392.36725328969305,0.04953308823529411,0.24837132352941177,0.1689191176470588,0.20228676470588236,0.3495625,25875.58823529412,53.05514705882353
2022-12-29,THFT,340,9,15,0.026470588235294117,0.04411764705882353,2.4810133166764583,26.735660086323655,86.47923714625024,768.31876297443,44.76646759882928,400.24424640313237,0.044538235294117635,0.22141764705882352,0.14595588235294116,0.17762941176470587,0.32498823529411763,31802.45294117647,43.56764705882353
2022-12-30,ASLT,309,93,50,0.30097087378640774,0.16181229773462782,2.23834716365026,27.159608987847328,91.53318215346245,773.7850270221085,45.56941863043816,393.8603655597521,0.05006148867313914,0.25692233009708737,0.177,0.20137540453074432,0.35780906148867314,24465.679611650485,54.88996763754045
2022-12-30,THFT,327,10,10,0.03058103975535168,0.03058103975535168,2.312817165547691,26.728773157202475,84.70059719861268,754.3035434983376,44.30308680268076,396.46614375191837,0.04500305810397552,0.22827217125382263,0.1498470948012232,0.17512232415902138,0.3259755351681957,31337.74617737003,44.48623853211009
2022-12-31,ASLT,392,125,85,0.31887755102040816,0.21683673469387754,2.3180831605886385,26.625279714549833,94.12781151493068,779.4344075886245,45.816974259843676,388.74067640184313,0.05226785714285714,0.25,0.1746530612244898,0.20787499999999998,0.35687500000000005,24867.92091836735,55.204081632653065
2022-12-31,THFT,294,5,21,0.017006802721088437,0.07142857142857142,2.240471451130331,26.44033634087782,88.0233582441439,738.4572553977567,44.889677355872735,382.08879785765885,0.04779251700680271,0.2280986394557823,0.1536598639455782,0.18434013605442176,0.33100340136054424,31945.173469387755,46.795918367346935
2023-01-01,ASLT,589,199,93,0.3378607809847199,0.15789473684210525,2.262109806559004,26.773836367105613,92.97877145617407,768.423185348312,46.104171395275685,390.0180224602847,0.04820882852292019,0.24986587436332766,0.1723565365025467,0.19481663837011884,0.35220543293718165,27517.339558573854,52.86757215619694
2023-01-01,THFT,349,25,14,0.07163323782234957,0.04011461318051576,2.391460940887109,26.275611384858852,90.63306351589902,753.9557361308591,45.758261368354816,388.6708213558558,0.04399999999999999,0.2260458452722063,0.1515100286532951,0.17675358166189112,0.32910888252148995,31413.045845272205,44.97421203438395
2023-01-02,ASLT,324,116,59,0.35802469135802467,0.18209876543209877,2.3760717552034607,26.941784880218698,92.36077972304552,792.7724671036488,45.84194821565224,403.8509916395037,0.05098765432098764,0.2545401234567901,0.17512962962962964,0.20091975308641974,0.35300308641975303,25533.228395061727,54.44753086419753
2023-01-02,THFT,286,15,13,0.05244755244755245,0.045454545454545456,2.2623795044522605,26.272108224849973,86.37701717117058,739.0977770307077,44.47024202436687,384.35991380741297,0.046374125874125864,0.2264825174825175,0.14797202797202796,0.17748601398601396,0.3258041958041958,31387.50699300699,44.57342657342657
2023-01-03,ASLT,330,80,47,0.24242424242424243,0.14242424242424243,2.248942704705736,27.623452094064312,91.08492136206361,783.5887703493969,45.31888025022848,395.87995233588543,0.05606969696969696,0.25166363636363637,0.17043333333333333,0.20985151515151512,0.3538181818181818,23545.8,55.61818181818182
2023-01-03,THFT,373,11,18,0.029490616621983913,0.04825737265415549,2.4741430385702117,26.778901759869616,85.62203480133668,746.5905610739907,44.276991906603676,389.5172625419145,0.04734048257372653,0.225201072386059,0.15450134048257372,0.18090616621983913,0.3297828418230563,29675.718498659517,45.683646112600535
2023-01-04,ASLT,262,82,59,0.31297709923664124,0.22519083969465647,2.3567523730486193,26.954216704284846,95.23715252009097,762.0356252932637,46.507028512681096,385.4068708117584,0.05504961832061068,0.24802671755725192,0.1738091603053435,0.21426717557251906,0.3572824427480916,24272.641221374044,55.82442748091603
2023-01-04,THFT,376,14,22,0.03723404255319149,0.05851063829787234,2.407436024599016,26.658091307126913,88.58149546863217,746.5760701349636,45.24854413069938,385.97928877802474,0.04594148936170212,0.22212765957446806,0.14763031914893618,0.181781914893617,0.32126861702127657,30682.063829787236,44.41489361702128
2023-01-05,ASLT,262,84,52,0.32061068702290074,0.1984732824427481,2.3551996950236602,26.839453746261636,93.34568893992738,764.8093940175859,45.85937003019846,386.1790922738675,0.05093129770992365,0.260851145038168,0.184412213740458,0.20376717557251908,0.3636946564885496,24343.370229007633,57.11068702290076
2023-01-05,THFT,348,11,24,0.031609195402298854,0.06896551724137931,2.4382244610469876,26.220710606917113,87.98849454600935,759.1798217397129,45.071443281820464,394.9657452374313,0.0459051724137931,0.21836206896551721,0.14906609195402298,0.1797729885057471,0.32439942528735627,31688.439655172413,44.05172413793103
2023-01-06,ASLT,300,92,59,0.30666666666666664,0.19666666666666666,2.285561828001328,26.683991762385947,93.29798535516102,786.3348180805509,46.1580180320226,397.377763885724,0.05371999999999999,0.24917999999999996,0.16771666666666665,0.20836999999999997,0.34856666666666664,25201.61,54.056666666666665
2023-01-06,THFT,377,12,27,0.03183023872679045,0.07161803713527852,2.3759951101271324,26.747019506466923,87.90826956282204,781.3497404622357,45.35737579296048,407.3263330391841,0.04353315649867373,0.21966843501326258,0.1453554376657825,0.1699230769230769,0.3256763925729443,32751.53846153846,42.795755968169765
2023-01-07,ASLT,297,112,50,0.3771043771043771,0.16835016835016836,2.614966878669356,27.30407377857537,92.94454689336109,803.6438376248087,46.27695705723617,407.8685228262283,0.05207744107744106,0.24274074074074073,0.16634680134680133,0.2003872053872054,0.3514074074074074,25492.49494949495,52.562289562289564
2023-01-07,THFT,375,8,25,0.021333333333333333,0.06666666666666667,2.4334410160633753,26.59142654110127,88.4106123524441,775.808156730001,45.44734631066667,401.11394409350135,0.04669066666666666,0.22474666666666668,0.14676,0.17703466666666665,0.32233333333333336,31866.893333333333,43.757333333333335
2023-01-08,ASLT,297,113,63,0.38047138047138046,0.21212121212121213,2.431615301439456,26.99673334521704,91.19637544447257,778.5613179571394,45.437215152341246,397.50902598151214,0.05300336700336699,0.25906734006734006,0.17824579124579124,0.2152255892255892,0.361993265993266,23501.3468013468,57.26262626262626
2023-01-08,THFT,277,10,17,0.036101083032490974,0.061371841155234655,2.436416974366997,26.64520156808973,88.56463423332832,772.0773446243747,45.20329219249178,401.78289960583896,0.044379061371841146,0.2262888086642599,0.15627436823104693,0.18138628158844766,0.33142599277978335,29582.758122743682,45.81949458483754
2023-01-09,ASLT,273,68,51,0.2490842490842491,0.18681318681318682,2.094462264958188,26.37252918213078,91.3684768548964,752.0725602281514,45.65439884455927,383.23536046639373,0.05220879120879119,0.25187179487179484,0.17186080586080585,0.20342124542124543,0.34985714285714287,25963.340659340658,54.16117216117216
2023-01-09,THFT,340,11,11,0.03235294117647059,0.03235294117647059,2.496711291239922,26.723165889466397,85.20544621669201,736.8218263773326,44.22665551953015,388.47741324682437,0.043082352941176454,0.2255764705882353,0.1519470588235294,0.1737264705882353,0.3310441176470588,29975.88823529412,44.23823529411764
2023-01-10,ASLT,251,76,62,0.30278884462151395,0.24701195219123506,2.221251366636885,26.58924476493916,95.41152462998701,785.4632432147586,46.50035024801671,394.280937511445,0.05337848605577688,0.2646972111553785,0.1837490039840637,0.2115617529880478,0.3612589641434263,23035.03984063745,57.99601593625498
2023-01-10,THFT,358,10,20,0.027932960893854747,0.055865921787709494,2.4257879426965747,27.010082049604158,87.72797871004639,741.863070324856,44.94357049199206,387.5875775921391,0.047053072625698314,0.2179608938547486,0.1477458100558659,0.1861368715083799,0.32726536312849164,29232.027932960893,45.02513966480447
2023-01-11,ASLT,336,93,73,0.2767857142857143,0.21726190476190477,2.2481796157422274,26.73354948397767,91.59169608004969,783.8280434216114,45.33312957281849,394.7845846410538,0.050098214285714274,0.25473511904761903,0.17448809523809522,0.20209523809523808,0.35750297619047616,24644.45535714286,54.94047619047619
2023-01-11,THFT,381,13,32,0.03412073490813648,0.08398950131233596,2.387221538536967,26.756005257315582,87.13382103876314,756.2901640280735,44.666677062410656,391.7542058734491,0.04856692913385825,0.22843307086614173,0.15006299212598423,0.18761154855643042,0.3310918635170604,29651.622047244095,46.78215223097113
2023-01-12,ASLT,283,75,67,0.26501766784452296,0.23674911660777384,2.451730758987872,26.838547783516574,95.46668282222836,799.0922754403201,46.464488602139575,398.59459908439396,0.05619787985865723,0.256095406360424,0.17662897526501767,0.21769964664310953,0.3616572438162544,22676.85512367491,57.487632508833926
2023-01-12,THFT,357,11,23,0.03081232492997199,0.06442577030812324,2.3419954771464973,26.353831298051205,88.23223378174428,730.3456112545159,45.001616363915225,380.84323472357255,0.049890756302520996,0.22811764705882354,0.14957142857142858,0.1856442577030812,0.3248795518207283,30854.299719887957,45.296918767507
2023-01-13,ASLT,265,91,39,0.3433962264150943,0.1471698113207547,2.353883017893312,27.058648636411018,93.47168752982982,761.7845881198264,46.1599950390364,385.96478889619397,0.051475471698113194,0.25492830188679244,0.1698075471698113,0.20187169811320752,0.3531622641509434,25680.030188679244,53.758490566037736
2023-01-13,THFT,389,11,23,0.028277634961439587,0.05912596401028278,2.306566182258296,26.606682947506666,86.63187141136402,707.5626342344966,44.84715268397965,373.2789215007522,0.04385604113110539,0.2152210796915167,0.14152442159383033,0.16826221079691514,0.3163624678663239,32646.45758354756,40.951156812339335
2023-01-14,ASLT,355,113,57,0.3183098591549296,0.16056338028169015,2.2832697407062224,26.17216465189704,93.28025806487364,772.0973884507507,45.932889946664176,390.5081182019411,0.05456338028169013,0.2400901408450704,0.16753521126760562,0.21011267605633804,0.3429830985915493,26532.315492957747,53.225352112676056
2023-01-14,THFT,369,13,20,0.03523035230352303,0.05420054200542006,2.4189447362071164,26.782740243732864,86.81612601111073,753.6399304675751,44.76217485678013,393.50518567368863,0.0449430894308943,0.22378861788617888,0.1521761517615176,0.17820867208672087,0.33079945799457994,30336.027100271003,45.19783197831978
2023-01-15,ASLT,352,106,61,0.30113636363636365,0.17329545454545456,2.21134638125431,26.851327155800444,92.69838761955539,774.3468956473188,46.15541411123703,393.59467062332357,0.050653409090909075,0.24780681818181816,0.1670340909090909,0.20138920454545453,0.3514005681818182,26175.980113636364,52.84375
2023-01-15,THFT,372,8,15,0.021505376344086023,0.04032258064516129,2.262006636909267,26.062307812774282,86.29949499836502,733.2313069991355,44.740185032404426,384.1301699881172,0.04525537634408602,0.22707795698924732,0.14919623655913977,0.17989516129032257,0.32396236559139785,32833.81451612903,44.37096774193548
2023-01-16,ASLT,291,79,64,0.27147766323024053,0.21993127147766323,2.249665880701805,26.44248685804078,91.05543601456955,759.7829587665292,45.2328219639781,385.1636886967285,0.054089347079037786,0.26394158075601376,0.1765085910652921,0.20819931271477662,0.3534329896907216,24671.498281786942,56.446735395189
2023-01-16,THFT,340,5,28,0.014705882352941176,0.08235294117647059,2.437159595569664,26.544915340993178,85.25727054863594,759.4321433403312,44.22882286418673,396.3320595672044,0.04769117647058822,0.22562352941176467,0.15368823529411765,0.18609411764705883,0.3317294117647059,29478.758823529413,46.63235294117647
2023-01-17,ASLT,301,72,64,0.23920265780730898,0.21262458471760798,2.256021333700815,27.11066452316595,96.66778432253656,738.0182816682518,46.80188163477306,369.49155543541724,0.05752491694352159,0.2608803986710963,0.17869102990033223,0.21193023255813953,0.35886046511627906,23637.1926910299,57.40863787375415
2023-01-17,THFT,394,11,24,0.027918781725888325,0.06091370558375635,2.5065041421775085,26.885483028821426,87.76525083242905,792.2734783788401,45.00234624493634,408.22498953494494,0.048352791878172575,0.22591116751269036,0.15228172588832486,0.1901954314720812,0.3340964467005076,29063.654822335026,47.078680203045685
2023-01-18,ASLT,307,93,61,0.30293159609120524,0.1986970684039088,2.353929352913925,26.06539780954197,90.07005019748682,756.5362773389352,45.02009336289245,387.2424939805192,0.05280456026058632,0.24588925081433224,0.1680032573289902,0.20780456026058633,0.35059934853420194,26226.322475570032,53.56351791530945
2023-01-18,THFT,340,8,15,0.023529411764705882,0.04411764705882353,2.532253984679486,26.759666427265763,84.96589612325084,772.8546046671823,44.36945314563522,404.8174209805018,0.044217647058823514,0.2168205882352941,0.14788235294117646,0.17688823529411762,0.3262264705882353,30415.735294117647,43.752941176470586
2023-01-19,ASLT,291,79,64,0.27147766323024053,0.21993127147766323,2.3755713957342177,26.433041241819474,93.21622692330897,772.9332859332619,46.03392404069056,393.0249510816182,0.05120962199312713,0.24771134020618557,0.16972164948453608,0.20587972508591063,0.3515223367697594,25569.3676975945,53.797250859106526
2023-01-19,THFT,342,6,19,0.017543859649122806,0.05555555555555555,2.328947961940493,27.17710391243047,88.28321308851372,734.5013457301924,45.17392599447499,381.9015968837719,0.04492397660818712,0.2231491228070175,0.1469707602339181,0.17864619883040933,0.32459649122807016,30304.47076023392,44.058479532163744
2023-01-20,ASLT,281,85,44,0.302491103202847,0.15658362989323843,2.389081193327895,26.57921202785677,90.81970702239815,765.3691094508334,45.740854989663745,393.0778584540868,0.047918149466192154,0.24820284697508893,0.16724199288256228,0.1869359430604982,0.3433274021352313,26977.540925266905,50.27758007117438
2023-01-20,THFT,357,14,23,0.0392156862745098,0.06442577030812324,2.23860704967117,26.36375308680621,87.66738078462105,752.5978648255189,45.09841966551654,392.61426689677927,0.04469747899159662,0.22596358543417366,0.15226610644257701,0.17653501400560223,0.32660504201680673,32019.67787114846,44.85434173669468
2023-01-21,ASLT,313,109,65,0.34824281150159747,0.20766773162939298,2.3578908068984017,26.83908277851078,89.08055327321362,762.3422224712984,45.154382782997935,392.5955093734403,0.04994249201277954,0.2410702875399361,0.1606006389776358,0.19606070287539934,0.34113738019169326,26791.166134185303,50.52715654952077
2023-01-21,THFT,375,16,16,0.042666666666666665,0.042666666666666665,2.4137331849628394,26.209053198183405,88.57031315972026,757.5024034468714,45.31826886695526,391.7385696058477,0.050530666666666654,0.22600266666666663,0.14574666666666666,0.18462666666666666,0.3205306666666667,32174.170666666665,45.050666666666665
2023-01-22,ASLT,342,126,70,0.3684210526315789,0.2046783625730994,2.209407423707807,26.164299172338684,91.05047983035891,759.1378402034751,45.359099597656424,386.4407687786965,0.053339181286549686,0.25093567251461985,0.17112573099415204,0.21091812865497075,0.348546783625731,25864.143274853803,54.558479532163744
2023-01-22,THFT,269,8,14,0.02973977695167286,0.05204460966542751,2.416042765189095,26.829042565789564,91.30209756812283,766.684111329855,45.85834248606044,393.20786344381077,0.05099256505576207,0.23202230483271374,0.15518587360594793,0.19399256505576207,0.336910780669145,28830.698884758363,49.066914498141266
2023-01-23,ASLT,300,90,64,0.3,0.21333333333333335,2.4747125495839195,26.613236053400254,91.7683563807485,814.07311514971,45.825305874777406,411.62999181928,0.05295333333333332,0.24496,0.17078999999999997,0.20643333333333333,0.34901666666666664,26213.693333333333,53.43666666666667
2023-01-23,THFT,342,8,24,0.023391812865497075,0.07017543859649122,2.399005860303885,26.908462325379173,88.8289306260493,738.7869202888587,45.471329034222656,384.185712099855,0.046979532163742684,0.22337134502923978,0.14854970760233915,0.17562573099415205,0.3277894736842105,31123.976608187135,44.6578947368421
2023-01-24,ASLT,268,70,52,0.26119402985074625,0.19402985074626866,2.4745019350378175,26.821214929037463,90.0005790114462,760.3026893762354,45.018651766660184,389.46488564978955,0.05361194029850745,0.25852985074626866,0.17231716417910448,0.2108955223880597,0.35400746268656713,24009.992537313432,55.708955223880594
2023-01-24,THFT,329,10,33,0.030395136778115502,0.10030395136778116,2.4285763665235303,26.80225794594897,87.32519826710623,758.8499755183733,44.775656747871686,391.9248024096866,0.048422492401215794,0.23060790273556228,0.149951367781155,0.18166869300911853,0.33075075987841945,30741.617021276597,45.787234042553195
2023-01-25,ASLT,245,76,46,0.31020408163265306,0.18775510204081633,2.194519841574908,26.730875144586417,94.976965042284,783.1463570725147,46.35613826817511,393.59478177867226,0.0545673469387755,0.25769795918367344,0.1762408163265306,0.2174612244897959,0.3543795918367347,23353.648979591835,57.351020408163265
2023-01-25,THFT,320,11,21,0.034375,0.065625,2.532863171852815,26.788665150309896,90.06899351553909,782.17197922175,45.33402207770793,399.37010708142157,0.04804374999999998,0.229340625,0.1585625,0.19338125,0.343471875,27978.028125,48.775
2023-01-26,ASLT,228,78,33,0.34210526315789475,0.14473684210526316,2.2071070092582783,26.46131652988259,93.49164707842384,751.7945781767166,45.81081143113574,380.6714021535724,0.05406578947368419,0.24925,0.17305701754385966,0.21048684210526317,0.3559868421052631,24321.315789473683,55.333333333333336
2023-01-26,THFT,327,11,22,0.03363914373088685,0.0672782874617737,2.3587192440747224,26.80375035383555,89.24516120110614,755.057028143029,45.43993178097746,388.38702965251196,0.0431926605504587,0.21848929663608563,0.14660856269113148,0.16959633027522936,0.3270122324159021,32180.951070336392,42.67278287461774
2023-01-27,ASLT,248,72,54,0.2903225806451613,0.21774193548387097,2.2110313732776263,26.46061536845127,92.48696333690097,775.9792856839412,45.88312761071335,390.99491539890926,0.05179838709677418,0.254383064516129,0.16920967741935483,0.20042338709677418,0.3472056451612903,26577.584677419356,53.46370967741935
2023-01-27,THFT,368,13,21,0.035326086956521736,0.057065217391304345,2.5113064498730235,26.89878526475483,87.83463110256503,745.1193763023531,44.864259615697264,387.27418943916246,0.045527173913043464,0.22823913043478258,0.15363586956521738,0.18155978260869562,0.33513858695652177,29743.635869565216,46.01086956521739
2023-01-28,ASLT,264,98,63,0.3712121212121212,0.23863636363636365,2.288912924723208,26.347773188226306,92.74677626571291,783.0306694365886,45.8303382617524,394.2066608271625,0.0512121212121212,0.2573712121212121,0.17693181818181816,0.20138257575757576,0.35503030303030303,25470.530303030304,55.20454545454545
2023-01-28,THFT,345,20,18,0.057971014492753624,0.05217391304347826,2.354295242844986,26.616064280854193,89.53473938065547,751.455428926843,45.54764163483872,388.8664502735763,0.04402318840579709,0.22279710144927534,0.14609275362318838,0.17431884057971012,0.32787826086956523,30979.976811594202,43.518840579710144
2023-01-29,ASLT,250,89,56,0.356,0.224,2.265161553926715,26.733761988892155,90.16066357945107,802.7314432208352,45.27764089177132,408.08343042446955,0.05496799999999998,0.251972,0.17132,0.210844,0.352956,24489.416,55.384
2023-01-29,THFT,270,13,19,0.04814814814814815,0.07037037037037037,2.3820963212544735,26.655590726986418,86.1602867988796,770.8348081974526,44.666182056365216,402.1971324816818,0.04341481481481481,0.20890740740740738,0.14034814814814814,0.1694,0.3238407407407407,32387.874074074072,41.285185185185185
2023-01-30,ASLT,265,98,63,0.36981132075471695,0.23773584905660378,2.22009439500447,26.624909233521002,92.03117255198238,775.4681488448446,45.44589176471435,390.53331173464977,0.055479245283018855,0.256566037735849,0.1742,0.21448679245283017,0.3615584905660377,23721.324528301888,56.61132075471698
2023-01-30,THFT,272,9,18,0.03308823529411765,0.0661764705882353,2.3776789652908352,26.939775285722057,87.3691475004654,760.1530646879875,44.678333470543265,393.1570586262948,0.04749632352941175,0.2284264705882353,0.15471323529411765,0.18503676470588235,0.3321985294117647,29708.628676470587,47.029411764705884
2023-01-31,ASLT,220,69,31,0.31363636363636366,0.1409090909090909,2.255298195943752,26.816408647573066,88.22968598979827,771.7903200903073,44.5791288969599,392.13438727099043,0.04685454545454545,0.2494681818181818,0.17257272727272727,0.1906272727272727,0.3513681818181818,25778.15,52.50454545454546
2023-01-31,THFT,269,3,13,0.011152416356877323,0.048327137546468404,2.256790691337986,26.891588184761616,86.261962071749,769.8433065730391,44.48032169996159,399.19921896920073,0.04784014869888475,0.21920074349442378,0.14418215613382898,0.18682899628252786,0.3258921933085502,30654.14126394052,44.97026022304833
2023-02-01,ASLT,276,92,47,0.3333333333333333,0.17028985507246377,2.236452444498804,26.428667648134113,96.72746013924244,735.4578169232548,46.68470797728333,369.67920080384346,0.05696014492753621,0.26156521739130434,0.1806304347826087,0.22381521739130433,0.3616014492753623,22733.228260869564,58.63405797101449
2023-02-01,THFT,373,11,25,0.029490616621983913,0.06702412868632708,2.537757554788711,27.180379683283594,86.96946550445405,758.8706386550276,45.05639177210168,395.64922689686165,0.04636193029490616,0.2165308310991957,0.14203217158176942,0.17895978552278818,0.3223190348525469,31127.268096514745,42.898123324396785
2023-02-02,ASLT,272,72,56,0.2647058823529412,0.20588235294117646,2.344353788314287,26.81788556220545,95.92027566826623,751.1948517712008,47.14549207575749,381.1753499005283,0.051963235294117636,0.24195588235294116,0.1628419117647059,0.1976985294117647,0.34118014705882355,26971.91176470588,51.338235294117645
2023-02-02,THFT,318,6,13,0.018867924528301886,0.040880503144654086,2.3973555638070865,26.886692417115,86.01467498520759,767.7674123714019,44.318223946698076,398.2984887214698,0.04899999999999999,0.21711635220125783,0.14671698113207546,0.19232075471698112,0.3280408805031446,29127.18238993711,45.74842767295598
2023-02-03,ASLT,251,85,57,0.3386454183266932,0.22709163346613545,2.414991847286363,26.81060317982086,95.86841518737891,767.788953538798,47.0667321351293,390.49864737996415,0.04943027888446214,0.2507729083665338,0.1732629482071713,0.20376494023904382,0.3484741035856574,25705.239043824702,53.54980079681275
2023-02-03,THFT,332,5,26,0.015060240963855422,0.0783132530120482,2.5047909114323548,26.642162166118748,86.2843338110086,766.2057290082672,44.49522566205481,399.48740478513434,0.045852409638554206,0.225539156626506,0.15224397590361444,0.18405421686746987,0.33341265060240965,29691.581325301206,45.81325301204819
2023-02-04,ASLT,297,99,64,0.3333333333333333,0.21548821548821548,2.2757092738389026,27.044024592504684,94.53988278686455,806.7792551010838,46.26039091275485,402.6996488357155,0.054710437710437695,0.2507003367003367,0.17009090909090907,0.21618855218855218,0.3594545454545454,23441.23232323232,56.215488215488215
2023-02-04,THFT,362,17,21,0.04696132596685083,0.058011049723756904,2.3106600840441156,26.299757586676343,88.11392944320829,787.5557066175323,45.20821154121583,406.81046512211793,0.045939226519337004,0.2172624309392265,0.14388950276243093,0.18187016574585635,0.3300745856353591,31507.234806629833,44.149171270718234
2023-02-05,ASLT,313,111,61,0.3546325878594249,0.19488817891373802,2.207237673101247,26.961469371632987,93.97881777425664,767.9544889680693,46.0192017120439,386.66830466770926,0.05727156549520765,0.24524600638977637,0.1699297124600639,0.21675079872204475,0.3566613418530351,24744.332268370606,55.5591054313099
2023-02-05,THFT,295,11,21,0.03728813559322034,0.0711864406779661,2.2960901478438247,27.009483313913183,88.9720632280232,765.7974653422373,45.50272298922552,396.87850671829426,0.04816949152542371,0.21380338983050845,0.1434779661016949,0.18391864406779662,0.32571525423728814,31416.786440677966,44.14576271186441
2023-02-06,ASLT,330,102,58,0.3090909090909091,0.17575757575757575,2.546296424130945,26.424726539533296,93.33618608034386,778.8429610616228,46.221368727866064,395.33896473694637,0.05406969696969696,0.25505757575757576,0.17405757575757574,0.212630303030303,0.35093030303030304,24405.91515151515,55.50909090909091
2023-02-06,THFT,315,11,18,0.03492063492063492,0.05714285714285714,2.374355055361648,26.399069311540043,86.75528860561599,783.9122421163511,44.71127762831242,407.7868036097543,0.048587301587301575,0.22106349206349205,0.14875238095238094,0.18349206349206348,0.3299873015873016,30178.853968253967,45.7968253968254
2023-02-07,ASLT,296,96,56,0.32432432432432434,0.1891891891891892,2.4392849749179177,26.595279857414823,92.36131510780271,795.9337836013195,45.75274658152725,401.5400370275777,0.051371621621621615,0.25092229729729726,0.17079054054054052,0.20500337837837837,0.34778716216216216,25938.050675675677,53.66216216216216
2023-02-07,THFT,350,9,22,0.025714285714285714,0.06285714285714286,2.39591308046142,25.988256851935677,87.33559990304862,737.3875728394263,44.9388134930703,387.532563035558,0.04872857142857142,0.22467142857142855,0.14890857142857142,0.18985142857142856,0.3270628571428571,30220.948571428573,46.002857142857145
2023-02-08,ASLT,269,73,57,0.27137546468401486,0.21189591078066913,2.307717926224475,26.60335533789713,92.73167321866792,763.4406362813666,45.86555871532858,385.9178975236331,0.05250929368029738,0.26461710037174724,0.16982899628252787,0.20094795539033458,0.353089219330855,24959.39033457249,54.77695167286245
2023-02-08,THFT,327,6,23,0.01834862385321101,0.07033639143730887,2.3413889875003626,26.858176734180034,87.20625946572555,763.7346555184317,44.841716162824795,395.93659075503945,0.045740061162079494,0.21894801223241592,0.14378593272171253,0.17475229357798164,0.3243914373088685,31298.376146788993,43.02446483180428
2023-02-09,ASLT,291,76,54,0.2611683848797251,0.18556701030927836,2.4336049782307643,26.906301872128058,90.63158358969903,760.6366885452275,45.25981058008616,385.89352635358176,0.05673539518900343,0.2568487972508591,0.168553264604811,0.2126426116838488,0.35323024054982816,24281.240549828177,55.69072164948454
2023-02-09,THFT,278,8,21,0.02877697841726619,0.07553956834532374,2.2615304043993487,26.535105987931736,88.51674858536734,755.0962151742316,45.22390273300355,390.5628607422885,0.04925179856115107,0.21461510791366906,0.1399892086330935,0.18933812949640286,0.32315107913669067,31867.356115107912,44.37769784172662
2023-02-10,ASLT,311,77,77,0.24758842443729903,0.24758842443729903,2.5059947017747133,27.25245444147817,91.0169044962758,763.0765979290817,45.45442802901377,388.9480395181807,0.05235691318327972,0.24876848874598068,0.17088102893890675,0.20542443729903534,0.3540771704180064,24930.86495176849,53.559485530546624
2023-02-10,THFT,365,9,20,0.024657534246575342,0.0547945205479452,2.4647983373371765,26.684295514991263,88.90843168943836,768.9690245915554,45.236054121951874,394.7712037410424,0.04829863013698629,0.21961369863013697,0.14554246575342464,0.18163287671232875,0.3241671232876712,32123.671232876713,44.69041095890411
2023-02-11,ASLT,327,98,68,0.2996941896024465,0.20795107033639143,2.4221955958012154,26.372199852046037,90.92087703251558,791.9292602235046,45.468254260755316,404.81295988803765,0.05331192660550457,0.24672782874617735,0.16763914373088684,0.20969418960244646,0.34743425076452594,25832.455657492355,53.56269113149847
2023-02-11,THFT,362,18,23,0.049723756906077346,0.06353591160220995,2.3404397091681863,26.4964997300778,87.20885735398164,775.1577956513534,44.52276038922268,398.05490505780136,0.048751381215469604,0.22464640883977902,0.15170441988950276,0.19010220994475135,0.335317679558011,29986.348066298342,47.07734806629834
2023-02-12,ASLT,330,130,54,0.3939393939393939,0.16363636363636364,2.2642850822882403,26.767800584107185,93.20479703402583,770.3760284360303,45.84632407341488,388.2077836315188,0.053027272727272715,0.25057575757575756,0.1762939393939394,0.20806666666666665,0.3576151515151515,24786.81515151515,55.46666666666667
2023-02-12,THFT,316,14,20,0.04430379746835443,0.06329113924050633,2.5238900899388956,26.53656852934402,90.3978156291414,767.6343851927282,45.78720281867449,395.17525869380347,0.04309177215189872,0.2227025316455696,0.1470126582278481,0.17384810126582279,0.324379746835443,33507.54113924051,43.29113924050633
2023-02-13,ASLT,277,86,51,0.3104693140794224,0.18411552346570398,2.370494657515208,26.717329956598107,92.99158606515438,772.4897292441314,45.785689123999504,390.992625738096,0.05583393501805053,0.2501191335740072,0.16474729241877256,0.208898916967509,0.3507148014440433,24521.94584837545,54.25992779783393
2023-02-13,THFT,330,12,21,0.03636363636363636,0.06363636363636363,2.50573241416183,26.95457229384136,85.10962265877626,759.3379684095688,44.383370552982,397.1119025045485,0.04515454545454544,0.21449696969696969,0.14556363636363634,0.1746212121212121,0.3203969696969697,31307.051515151514,42.74848484848485
2023-02-14,ASLT,289,97,65,0.3356401384083045,0.22491349480968859,2.1917404440517863,26.449669610796967,95.59617445594206,741.665633183917,46.68420879184058,377.0215068473156,0.05106920415224912,0.24806228373702421,0.1736782006920415,0.20725605536332178,0.3534740484429066,25195.276816608995,54.76470588235294
2023-02-14,THFT,335,17,25,0.050746268656716415,0.07462686567164178,2.3134640152000245,26.82821485850458,87.22955205128373,747.119393424894,44.71009214466723,389.80433104874623,0.04696716417910447,0.2266955223880597,0.15397910447761193,0.18638507462686568,0.33214328358208955,28917.42985074627,46.8
2023-02-15,ASLT,290,98,56,0.33793103448275863,0.19310344827586207,2.4976296740784,27.036399815402476,91.98355977569246,765.5837990924575,45.91627316678555,389.66350110258486,0.04894137931034481,0.2494655172413793,0.17115862068965515,0.19134482758620688,0.3502172413793104,26789.08275862069,52.672413793103445
2023-02-15,THFT,289,10,30,0.03460207612456748,0.10380622837370242,2.3765774158137134,26.52499731921356,85.66271157230848,756.9388152755665,44.26780228775989,394.19172407080316,0.044982698961937705,0.22442214532871974,0.1484705882352941,0.18032179930795847,0.32745674740484426,30299.276816608995,44.844290657439444
2023-02-16,ASLT,274,90,51,0.3284671532846715,0.18613138686131386,2.3966904753650327,26.606907092821974,91.78161242009358,788.43033498832,45.31481320066878,398.9654133094117,0.05564598540145984,0.2535948905109489,0.17263138686131385,0.2170875912408759,0.3577189781021898,23587.33576642336,56.302919708029194
2023-02-16,THFT,287,9,15,0.0313588850174216,0.05226480836236934,2.3984898934490655,26.99049808842467,86.55801709009339,774.9274094734332,44.71052687373563,402.51203781982997,0.04377003484320557,0.21925435540069685,0.14879442508710802,0.1785574912891986,0.3305923344947735,30320.188153310104,44.44250871080139
2023-02-17,ASLT,268,83,63,0.30970149253731344,0.23507462686567165,2.3251022576807334,26.64755208639186,95.07183649411277,789.7056249769527,46.4823934459739,396.78000003211713,0.058910447761194015,0.25178731343283584,0.16900746268656716,0.2226417910447761,0.35572014925373135,23221.992537313432,56.75373134328358
2023-02-17,THFT,357,10,35,0.028011204481792718,0.09803921568627451,2.365989710757505,26.661177728196932,90.01422796407465,755.6562019181415,45.79533130850782,390.9868011743294,0.046787114845938366,0.22330532212885154,0.14616806722689074,0.17816806722689074,0.32516806722689073,31730.302521008405,43.91596638655462
2023-02-18,ASLT,310,102,72,0.32903225806451614,0.23225806451612904,2.4846877664141256,26.853932793968664,92.07275518157991,773.1060739744313,45.86720080961548,393.87656135114486,0.05294193548387095,0.24695806451612903,0.17149354838709677,0.206,0.3536741935483871,24670.532258064515,54.33870967741935
2023-02-18,THFT,318,8,17,0.025157232704402517,0.05345911949685535,2.3578613148655525,26.755964241739083,87.61865710757543,769.9975941376412,44.77511795587545,394.81171016434183,0.04447169811320754,0.2281194968553459,0.15427358490566037,0.17576100628930816,0.33070125786163523,30601.619496855346,45.606918238993714
2023-02-19,ASLT,354,120,59,0.3389830508474576,0.16666666666666666,2.241755925960314,26.398145072398794,92.60278210157922,780.94037527182,45.73850910973888,393.7436521739641,0.05445480225988699,0.2543728813559322,0.17138135593220338,0.21359322033898304,0.3516045197740113,24943.966101694914,55.483050847457626
2023-02-19,THFT,337,15,10,0.04451038575667656,0.02967359050445104,2.180703696180819,26.820419101126358,89.54365213925276,775.3632650145124,45.34796507938824,397.5658809619021,0.0456854599406528,0.22860830860534123,0.1582373887240356,0.18574480712166172,0.33951928783382784,29435.106824925817,47.92878338278932
2023-02-20,ASLT,283,90,72,0.31802120141342755,0.254416961130742,2.1466761822618454,26.692375192858133,93.41748711587533,767.1354279052756,45.889456321553965,385.10634281340106,0.05729328621908125,0.2561201413427562,0.17278445229681977,0.2157809187279152,0.355321554770318,24768.99293286219,56.84452296819788
2023-02-20,THFT,310,8,25,0.025806451612903226,0.08064516129032258,2.4885618634978406,27.17869194616289,87.4796585081864,770.3097807953754,44.95609667156748,399.2304065955287,0.045861290322580635,0.22277096774193547,0.14621290322580646,0.17863225806451613,0.33226129032258067,30187.10322580645,44.95161290322581
2023-02-21,ASLT,264,78,65,0.29545454545454547,0.24621212121212122,2.3497355067839787,26.47637473797094,91.17281536889037,765.9815909606984,45.30974712317378,387.387943294892,0.05642803030303029,0.2558939393939394,0.1710833333333333,0.2148598484848485,0.35293560606060603,24899.189393939392,55.503787878787875
2023-02-21,THFT,299,11,25,0.03678929765886288,0.08361204013377926,2.3099686042144656,26.379992600264856,88.70658414680219,774.1586687628345,45.34546355067658,400.4542607322749,0.04690969899665551,0.22837792642140467,0.14940802675585282,0.18412040133779264,0.3289866220735786,30155.84280936455,46.046822742474916
2023-02-22,ASLT,255,74,57,0.2901960784313726,0.2235294117647059,2.207855135148057,27.015360085457843,91.71832746636814,735.7499651664968,45.4995548626877,371.9230249984423,0.053172549019607836,0.24695686274509804,0.16775294117647058,0.2101333333333333,0.3504941176470588,25296.023529411767,53.69803921568627
2023-02-22,THFT,257,7,17,0.027237354085603113,0.06614785992217899,2.6476588342835643,26.897425571210114,87.29907561263015,784.266222560014,44.677410816556076,404.3988215786895,0.04588715953307392,0.21647081712062255,0.1449143968871595,0.18135019455252918,0.3289105058365759,30998.116731517508,44.21400778210117
2023-02-23,ASLT,287,70,79,0.24390243902439024,0.27526132404181186,2.410217137508108,26.986296120013158,90.17051241418642,757.6180860498783,45.224958542856406,386.9445714728338,0.054487804878048766,0.25457142857142856,0.1713937282229965,0.21149825783972123,0.35632752613240415,24079.48780487805,55.90243902439025
2023-02-23,THFT,312,5,13,0.016025641025641024,0.041666666666666664,2.2822420315393166,26.65428245209301,87.10797044665992,742.7826961504641,44.79832291913884,386.48613025719004,0.04553846153846153,0.22222756410256408,0.1481730769230769,0.1726826923076923,0.32660256410256405,31537.19871794872,43.83974358974359
2023-02-24,ASLT,280,80,65,0.2857142857142857,0.23214285714285715,2.3811441149661614,26.693340144007333,93.29517091589481,774.9466687504486,45.85593285933181,391.4194894983896,0.054203571428571413,0.25767142857142855,0.17854285714285714,0.2115,0.3599892857142857,24079.321428571428,56.84285714285714
2023-02-24,THFT,293,12,11,0.040955631399317405,0.03754266211604096,2.420863441851268,26.888894191208593,87.18432638140753,753.3539568320177,45.01493096015161,391.35927884665597,0.04416382252559726,0.20496245733788393,0.1340136518771331,0.1736211604095563,0.3146962457337884,34205.180887372015,40.32764505119454
2023-02-25,ASLT,296,97,61,0.3277027027027027,0.20608108108108109,2.3791867210421103,26.432955078418285,90.06892301914439,790.9705959439243,45.00942757133146,402.19244147737464,0.05089527027027026,0.24628378378378377,0.1739966216216216,0.20380405405405405,0.356277027027027,25315.31418918919,54.152027027027025
2023-02-25,THFT,296,10,15,0.033783783783783786,0.05067567567567568,2.3938272135690184,26.50194384018615,87.4575699770906,752.7396170526747,44.98716200367068,390.55803428884667,0.04406418918918918,0.21106756756756756,0.13687162162162161,0.1713412162162162,0.31717905405405405,34074.06756756757,40.41554054054054
2023-02-26,ASLT,340,109,80,0.3205882352941177,0.23529411764705882,2.2336865515273003,26.816051928034234,90.6311464359513,780.1232885260299,45.30537697929117,396.3699136981162,0.05378529411764704,0.2454470588235294,0.16690882352941175,0.21286470588235293,0.3508794117647059,25785.082352941175,54.173529411764704
2023-02-26,THFT,294,12,17,0.04081632653061224,0.05782312925170068,2.265411589213019,26.421787868972025,87.55391050037652,742.348882528537,45.136318897586975,385.8033963464548,0.0473673469387755,0.22352040816326532,0.14066666666666663,0.1757891156462585,0.31616326530612243,33951.21768707483,42.54421768707483
2023-02-27,ASLT,306,109,61,0.3562091503267974,0.19934640522875818,2.362011981633011,27.183310657794166,94.06848250428823,789.913567644049,46.110812020376166,396.66020256099347,0.04929738562091503,0.24940849673202614,0.1759705882352941,0.2019313725490196,0.35973202614379085,23741.95424836601,54.80065359477124
2023-02-27,THFT,288,11,33,0.03819444444444445,0.11458333333333333,2.370017586597872,26.83284394321476,87.99402971114003,731.1176142428392,45.313233079219025,382.44542956681806,0.04194097222222221,0.21364930555555556,0.14509027777777775,0.1644027777777778,0.31474652777777773,34045.947916666664,40.72222222222222
2023-02-28,ASLT,325,84,68,0.25846153846153846,0.20923076923076922,2.284263244377016,26.617565481441243,90.31162675095582,785.2152568825329,45.066705260029025,398.48878697536185,0.0545753846153846,0.2522615384615385,0.17440923076923076,0.2138307692307692,0.3541230769230769,24164.23076923077,55.855384615384615
2023-02-28,THFT,300,9,15,0.03,0.05,2.632512412760129,27.100545901270138,88.34177378735333,821.2889803596617,45.18279201834434,423.24176122002166,0.04769666666666665,0.22162666666666667,0.15239333333333333,0.19271,0.33880666666666664,28176.02666666667,47.35666666666667
2023-03-01,ASLT,306,97,56,0.31699346405228757,0.1830065359477124,2.264681401454949,26.548450146907395,92.57038932121755,780.6165425434003,45.69691229053488,394.44655545528434,0.05600653594771241,0.24342156862745096,0.16670261437908496,0.2128006535947712,0.351954248366013,25227.934640522875,54.34640522875817
2023-03-01,THFT,390,14,25,0.035897435897435895,0.0641025641025641,2.331805873234447,26.929621392893285,88.67823778395312,762.5892939168649,45.453932870680354,396.27874048754126,0.045312820512820505,0.21118205128205125,0.1406,0.1779923076923077,0.32079230769230765,30694.123076923075,42.44358974358974
2023-03-02,ASLT,254,85,48,0.3346456692913386,0.1889763779527559,2.1961498325569306,26.69206942060885,92.10288335975136,763.463871695498,45.74802106948713,387.3452488371476,0.0531535433070866,0.24845669291338582,0.16902362204724408,0.20546456692913384,0.3500354330708661,25835.456692913387,53.78346456692913
2023-03-02,THFT,302,9,22,0.029801324503311258,0.0728476821192053,2.330716683062848,26.801314966720334,90.87807112065268,765.6795678821683,46.2595504953751,397.91899877865364,0.046198675496688726,0.21289735099337748,0.14436423841059604,0.17971523178807947,0.3269139072847682,31476.973509933774,43.324503311258276
2023-03-03,ASLT,291,74,49,0.2542955326460481,0.16838487972508592,2.3284116395768684,26.90617168514512,91.49250483870642,764.2053558323889,45.54204747471781,388.7116288122254,0.050061855670103086,0.2482233676975945,0.1715085910652921,0.199893470790378,0.3505601374570446,25246.123711340206,53.04810996563574
2023-03-03,THFT,341,13,20,0.03812316715542522,0.05865102639296188,2.428503604498075,26.406200790162348,87.9122688087325,772.7374780193448,45.2142068383415,403.4273336586264,0.04658064516129031,0.21765102639296185,0.145,0.17977419354838708,0.32112023460410555,32529.84750733138,43.542521994134894
2023-03-04,ASLT,290,95,73,0.3275862068965517,0.2517241379310345,2.247917955999208,26.627925107013173,91.33296622524001,759.7421784462251,45.49091690818405,386.70328048536135,0.04945517241379309,0.2611172413793103,0.17984137931034483,0.20309999999999997,0.35204137931034485,24908.824137931035,55.727586206896554
2023-03-04,THFT,276,10,16,0.036231884057971016,0.057971014492753624,2.340418115554361,25.67599389801661,87.48442876271045,726.6660262764238,44.983966190876025,379.89099090524854,0.04574999999999999,0.22683695652173913,0.15130072463768116,0.18474637681159417,0.32356521739130434,31337.416666666668,45.32971014492754
2023-03-05,ASLT,322,113,63,0.35093167701863354,0.1956521739130435,2.3172594837876477,26.544511985250832,96.12615776662128,791.1709876819265,46.619347581618364,393.6000955800742,0.05867391304347825,0.2643043478260869,0.18037267080745342,0.2258944099378882,0.36380124223602484,22668.260869565216,60.006211180124225
2023-03-05,THFT,278,11,15,0.039568345323741004,0.0539568345323741,2.464757005386659,26.857152982678123,89.32379813332959,743.6419190229014,45.73272839856112,388.80256388742947,0.04784892086330934,0.21858273381294963,0.14339928057553955,0.17948201438848918,0.32265827338129494,32392.212230215828,43.7410071942446
2023-03-06,ASLT,276,88,60,0.3188405797101449,0.21739130434782608,2.2271373739106215,26.591848655811873,90.75667494960989,775.0246769123652,45.24003516763254,390.4019281572138,0.052097826086956504,0.2500688405797101,0.1688768115942029,0.20029710144927534,0.35043115942028985,26905.358695652172,53.369565217391305
2023-03-06,THFT,318,13,26,0.040880503144654086,0.08176100628930817,2.3361757003460473,26.7531090327593,90.87361902846924,764.6255798683129,45.82750188022294,391.2055994398286,0.0490880503144654,0.2311635220125786,0.14884591194968552,0.18727672955974842,0.3318962264150943,30032.30188679245,46.87735849056604
2023-03-07,ASLT,322,79,65,0.2453416149068323,0.20186335403726707,2.3591589102283748,27.035681278916005,93.88214793345269,785.0174416276249,46.29942840108041,398.18396460213603,0.053456521739130416,0.2584782608695652,0.17615527950310558,0.21180434782608693,0.3576086956521739,23970.950310559005,56.357142857142854
2023-03-07,THFT,315,13,18,0.04126984126984127,0.05714285714285714,2.4307836376225445,27.268553219130904,86.28636949332663,770.2737787356301,44.78233299021445,401.0446371758251,0.04768888888888888,0.2212888888888889,0.14424444444444443,0.18094920634920633,0.32778730158730157,30775.24126984127,44.403174603174605
2023-03-08,ASLT,272,94,42,0.34558823529411764,0.15441176470588236,2.238577327241065,26.361411146428225,90.35734751072494,802.0173126230463,44.93900312602861,406.3428804857158,0.05369485294117646,0.2579375,0.17677573529411764,0.20455882352941177,0.35321323529411763,24240.79411764706,55.86029411764706
2023-03-08,THFT,326,12,18,0.03680981595092025,0.05521472392638037,2.265025285471662,26.91951048681812,91.29509390618031,733.3760258828644,46.03422053589592,377.986483715904,0.048763803680981585,0.2275736196319018,0.1476717791411043,0.18427914110429447,0.3251104294478528,30374.71472392638,45.67484662576687
2023-03-09,ASLT,258,83,38,0.32170542635658916,0.14728682170542637,2.257803554297995,26.538622769106116,93.4591702084057,780.5459132229406,46.09110973432899,393.0995376338581,0.050972868217054254,0.2530581395348837,0.17593798449612402,0.20286434108527132,0.35636434108527126,25656.48062015504,55.24418604651163
2023-03-09,THFT,320,9,18,0.028125,0.05625,2.367799919659735,26.347285495607444,87.74410360038277,752.6146788132326,45.28202564847844,393.13397001330094,0.044543749999999986,0.21772187499999998,0.142259375,0.17314999999999997,0.31509375,32309.096875,41.865625
2023-03-10,ASLT,298,109,68,0.36577181208053694,0.22818791946308725,2.1562858514378025,26.54032503695808,93.02530183902978,751.785137996509,45.98336262624519,382.335573801051,0.051305369127516764,0.24738590604026842,0.1684463087248322,0.20339261744966441,0.34628523489932883,25291.59731543624,52.9496644295302
2023-03-10,THFT,332,10,23,0.030120481927710843,0.06927710843373494,2.3489533022361226,26.423311526368856,89.2618626032009,734.8174834543972,45.453220140728035,380.0074763688235,0.045201807228915654,0.21801204819277106,0.1405180722891566,0.17351506024096386,0.3175060240963855,33367.01204819277,41.53915662650602
2023-03-11,ASLT,306,102,46,0.3333333333333333,0.1503267973856209,2.3183907979691543,26.45841962371314,92.39462189783877,775.3585653005905,45.995760975890306,395.63406071871503,0.04973529411764705,0.23394771241830065,0.16034640522875815,0.19484967320261437,0.34011437908496733,28773.852941176472,49.967320261437905
2023-03-11,THFT,334,9,20,0.02694610778443114,0.059880239520958084,2.147337691994426,25.738485755427433,87.48889671526776,736.0597444356933,45.04898038676946,383.58992041922903,0.042263473053892206,0.21844311377245507,0.14239221556886228,0.16226347305389222,0.30634730538922156,36448.73353293413,40.631736526946106
2023-03-12,ASLT,252,91,42,0.3611111111111111,0.16666666666666666,2.306834687440658,26.310775044041627,92.49535972857241,768.5175663073882,46.140199896498295,392.5582430333746,0.05354761904761903,0.2371507936507936,0.15775793650793649,0.20279761904761903,0.3357063492063492,28372.166666666668,50.166666666666664
2023-03-12,THFT,266,12,11,0.045112781954887216,0.041353383458646614,2.3719005340460924,26.48799760965335,91.46503083245301,764.320346561876,46.05251454399991,394.0996473896658,0.0468157894736842,0.22724060150375938,0.15349624060150374,0.1877781954887218,0.3325375939849624,30090.32706766917,46.86466165413534
2023-03-13,ASLT,271,94,61,0.34686346863468637,0.22509225092250923,2.358378462406891,26.95111886825297,96.64965509075337,768.5026467426742,46.80924638807287,383.20028499752806,0.05492250922509224,0.26818819188191884,0.18552767527675276,0.2176863468634686,0.3661180811808118,22403.261992619926,60.12177121771218
2023-03-13,THFT,321,8,18,0.024922118380062305,0.056074766355140186,2.4570665226822825,26.573037924962396,87.3463851675584,744.9164088531421,44.96271972138625,390.16428690165515,0.04617757009345793,0.2152897196261682,0.14137694704049844,0.17637694704049844,0.3216915887850467,32763.193146417445,42.54205607476636
2023-03-14,ASLT,276,79,58,0.286231884057971,0.21014492753623187,2.3259087793404136,27.11554956600071,92.62742761587913,783.0997920369507,45.70764710088048,394.7165816710395,0.05692753623188405,0.27065217391304347,0.18365579710144928,0.21492391304347824,0.36841304347826087,21183.282608695652,59.731884057971016
2023-03-14,THFT,316,10,24,0.03164556962025317,0.0759493670886076,2.2965385986447195,26.468643647358746,87.83688859868688,753.2054064971965,44.71081827514946,388.1855713746601,0.052246835443037966,0.22412025316455697,0.1506772151898734,0.19896202531645568,0.3302183544303798,29213.560126582277,47.651898734177216
2023-03-15,ASLT,311,100,60,0.3215434083601286,0.19292604501607716,2.2621033416715015,26.573622046963937,94.22855236352689,762.5480250623807,46.2843607593191,384.0516890596328,0.05463987138263664,0.2563247588424437,0.16859807073954983,0.2112057877813505,0.35007073954983925,26167.022508038586,54.9967845659164
2023-03-15,THFT,348,7,15,0.020114942528735632,0.04310344827586207,2.49254304206805,26.62202912680252,89.30444663748696,781.339095770456,44.98470299042191,399.58335842266666,0.05059770114942528,0.23063218390804596,0.15600862068965515,0.19370977011494253,0.3398505747126437,28670.474137931036,49.03448275862069
2023-03-16,ASLT,312,88,59,0.28205128205128205,0.1891025641025641,2.170347933201113,26.78272330012616,92.28546588073189,771.8777575063725,45.77237792265705,390.3316918880949,0.05215705128205127,0.24973397435897438,0.16924358974358972,0.2076474358974359,0.35312820512820514,25324.97435897436,54.36217948717949
2023-03-16,THFT,335,8,22,0.023880597014925373,0.06567164179104477,2.320512452960696,26.504417794522425,87.20511751258465,731.1921970959755,44.757129763541144,382.14553594972,0.046134328358208944,0.22732537313432835,0.15058208955223878,0.18022089552238804,0.3312776119402985,30352.63880597015,45.65373134328358
2023-03-17,ASLT,258,75,58,0.29069767441860467,0.2248062015503876,2.3229566767132077,26.521555023389364,92.3048781701366,741.5052600009883,45.9840698890902,379.557147526319,0.04913565891472867,0.2505465116279069,0.1695736434108527,0.1954108527131783,0.34637209302325583,26147.352713178294,52.80232558139535
2023-03-17,THFT,351,13,17,0.037037037037037035,0.04843304843304843,2.3162291219215585,26.467253147878242,87.44319055148696,726.9754516103852,44.91627122589517,379.8307088301573,0.04597435897435897,0.22356125356125356,0.14894301994301992,0.17826495726495725,0.32553561253561253,31870.20512820513,44.484330484330485
2023-03-18,ASLT,295,110,51,0.3728813559322034,0.17288135593220338,2.3860033530070788,27.295872278318402,96.56925982769917,790.2453208227089,46.98604566106079,394.93380725563765,0.051901694915254225,0.24392881355932206,0.16608813559322033,0.2030406779661017,0.3534847457627118,25679.054237288135,53.6
2023-03-18,THFT,286,15,18,0.05244755244755245,0.06293706293706294,2.2346415380890883,26.61030231255678,89.63058538930652,720.0219032994245,45.6290287483824,371.3357571802122,0.045013986013986006,0.21646153846153843,0.1406923076923077,0.16843706293706293,0.31804895104895103,34848.77622377622,41.72377622377623
2023-03-19,ASLT,315,103,71,0.326984126984127,0.2253968253968254,2.323916904816535,26.205453859044884,95.22010069130103,748.8683056337619,46.45597273953101,377.7306355427724,0.05314920634920634,0.25201587301587297,0.17486984126984126,0.20863492063492062,0.3523904761904762,25343.13650793651,55.05079365079365
2023-03-19,THFT,283,9,17,0.03180212014134275,0.06007067137809187,2.2983716796088145,26.82550773172625,88.00178125246849,763.5425516674392,45.31820110091602,396.25177170734173,0.04677738515901059,0.21235689045936393,0.14009187279151944,0.17636749116607772,0.3205936395759717,33054.47703180212,42.47349823321555
2023-03-20,ASLT,287,88,49,0.30662020905923343,0.17073170731707318,2.1666632438462208,26.72827723103988,91.30949033577322,776.8486813173373,45.142724451291606,393.0425952292934,0.057383275261324036,0.2576724738675958,0.18282578397212543,0.22234146341463415,0.3644843205574913,22206.494773519164,59.170731707317074
2023-03-20,THFT,364,17,23,0.046703296703296704,0.06318681318681318,2.2735581179985513,26.68096000131768,86.4398801383658,723.7530644167524,44.64884802311949,378.56800102031593,0.0443131868131868,0.21961813186813187,0.14368131868131867,0.16839285714285712,0.316989010989011,31756.41208791209,42.06043956043956
2023-03-21,ASLT,310,89,61,0.2870967741935484,0.1967741935483871,2.3875958275945517,27.061555637696245,91.4869915857538,770.9115121716467,45.465631571096885,390.07589637952645,0.051599999999999986,0.2484741935483871,0.17101612903225807,0.19878709677419354,0.3532032258064516,25146.1935483871,53.70645161290322
2023-03-21,THFT,323,12,16,0.03715170278637771,0.04953560371517028,2.3078517698883756,26.0614199886622,88.02096790742401,755.0498976013678,44.93919301328611,392.1340680750031,0.050637770897832814,0.2254984520123839,0.15102786377708977,0.19028173374613003,0.3268018575851393,30296.94427244582,46.27554179566563
2023-03-22,ASLT,313,83,55,0.26517571884984026,0.1757188498402556,2.4112160263477467,27.000400241423314,91.11348344571766,766.2531011613645,45.44597306142966,389.42799896568846,0.05561980830670925,0.25338658146964854,0.17133546325878593,0.2110447284345048,0.35348562300319486,24827.811501597444,55.0702875399361
2023-03-22,THFT,310,7,18,0.02258064516129032,0.05806451612903226,2.4123435230303367,26.554368033960674,89.20261979811542,770.9900012952122,45.523804715799294,401.39579122453455,0.05057096774193547,0.2259225806451613,0.1495258064516129,0.1918806451612903,0.33090967741935484,29267.41935483871,46.97741935483871
2023-03-23,ASLT,312,74,60,0.23717948717948717,0.19230769230769232,2.265561844479934,27.06313370936861,93.15865632743889,770.8855838277993,46.15524244286171,389.8436516039667,0.054131410256410245,0.241525641025641,0.16134615384615383,0.20575641025641025,0.34324358974358976,26001.98717948718,52.17628205128205
2023-03-23,THFT,324,6,26,0.018518518518518517,0.08024691358024691,2.3284369036227552,26.572634767528267,89.03069463295,772.0158833469926,45.33435966201926,396.5521534708929,0.049802469135802455,0.21058024691358024,0.1380185185185185,0.18686728395061727,0.3221604938271605,32842.03086419753,42.916666666666664
2023-03-24,ASLT,303,73,73,0.24092409240924093,0.24092409240924093,2.2656613687731704,26.445796687816287,92.84091291525773,779.7592527565392,46.00811961977086,394.37185729369077,0.05162376237623761,0.2474125412541254,0.1693993399339934,0.206019801980198,0.3512970297029703,25563.3102310231,53.85478547854785
2023-03-24,THFT,356,14,15,0.03932584269662921,0.042134831460674156,2.3454129360182967,26.69815229377681,91.94979546378205,728.7082286086228,46.16344481163332,375.01845586811464,0.045398876404494366,0.22673314606741574,0.15042415730337078,0.17903370786516853,0.32571067415730337,30352.31179775281,45.35674157303371
2023-03-25,ASLT,320,110,76,0.34375,0.2375,2.144456489597112,26.325388813073097,93.21228787067,772.2352136620191,45.796901717804786,389.25214661500877,0.05638749999999999,0.2426625,0.16296875,0.21334375,0.3457,26306.859375,53.471875
2023-03-25,THFT,321,16,22,0.04984423676012461,0.06853582554517133,2.4023007568440606,26.56220703005415,89.04030857268968,760.4662007412437,45.4172692521845,393.45063128154703,0.05162616822429905,0.2203208722741433,0.1449221183800623,0.19140809968847353,0.3246510903426791,31144.66355140187,45.47040498442367
2023-03-26,ASLT,323,107,58,0.33126934984520123,0.17956656346749225,2.1729473624658917,26.42537309204241,94.91852618965187,774.6639960543102,46.11223477015645,386.3596299761864,0.055359133126934974,0.2564736842105263,0.17454179566563466,0.21884210526315787,0.3541331269349845,23852.213622291023,57.1640866873065
2023-03-26,THFT,307,10,9,0.03257328990228013,0.029315960912052116,2.31946203578618,26.269985763855374,91.16526423043737,749.459675530817,45.95274794027722,386.18650162235247,0.049058631921824095,0.22670684039087943,0.14810423452768728,0.18611400651465798,0.324700325732899,30910.15309446254,45.498371335504885
2023-03-27,ASLT,307,90,60,0.2931596091205212,0.19543973941368079,2.3244309670202936,26.51182034650273,91.66207684655095,780.5632232989345,45.47989119276386,394.8408574297248,0.05387622149837132,0.26294462540716607,0.18052768729641694,0.21057328990228014,0.359371335504886,24483.869706840393,57.57328990228013
2023-03-27,THFT,302,10,19,0.033112582781456956,0.06291390728476821,2.2676914781993567,26.853036513118298,88.68169635978997,761.7944059472885,45.62645002289239,397.5625329552841,0.04568543046357615,0.21552649006622515,0.1412384105960265,0.1777913907284768,0.32127152317880797,31436.48344370861,42.65562913907285
2023-03-28,ASLT,330,84,57,0.2545454545454545,0.17272727272727273,2.3507358953064528,26.848090095816826,94.2073966799362,770.6642230784703,46.32350678936721,388.71489129020335,0.04867878787878787,0.2523575757575757,0.17709090909090908,0.20228484848484846,0.35928787878787877,23692.669696969697,55.28787878787879
2023-03-28,THFT,352,7,23,0.019886363636363636,0.06534090909090909,2.373739031540224,26.97779111508443,88.79357169984202,768.2276024786232,45.45171350154572,398.1566653749687,0.044968749999999995,0.21385227272727272,0.14281249999999998,0.17823295454545454,0.3250227272727273,30911.372159090908,42.97443181818182
2023-03-29,ASLT,278,83,51,0.29856115107913667,0.18345323741007194,2.343555075862823,26.411493506028208,91.35110090607805,772.840530486622,45.29232956071846,390.0305666253892,0.05138129496402877,0.24576978417266188,0.17051079136690647,0.20153597122302155,0.3503021582733813,25966.262589928057,52.94604316546763
2023-03-29,THFT,354,6,23,0.01694915254237288,0.06497175141242938,2.5129682838018845,26.83535265129226,88.44012349234873,763.1352684474958,45.1865905967944,395.1276443725842,0.049771186440677954,0.21701129943502825,0.14614689265536723,0.19170338983050847,0.32849717514124294,30048.641242937854,44.90112994350282
2023-03-30,ASLT,302,80,61,0.26490066225165565,0.20198675496688742,2.179340344495503,26.383408220429498,92.34880007754727,791.0065352611189,45.88642339456174,400.45904259227683,0.04965562913907283,0.2565,0.1751953642384106,0.20160264900662253,0.35372185430463576,24990.860927152316,54.94039735099338
2023-03-30,THFT,323,10,19,0.030959752321981424,0.058823529411764705,2.4805000178107734,27.28377894797822,89.89622175832349,778.381425634386,45.676673930895824,400.02330916880805,0.04671517027863776,0.22012693498452013,0.14630959752321981,0.18104643962848296,0.3273312693498452,30522.981424148606,44.54489164086687
2023-03-31,ASLT,323,87,60,0.2693498452012384,0.18575851393188855,2.3821053826503173,27.01323286982007,90.34462270285448,790.5940712035399,45.197284158873146,400.22791976766126,0.04992879256965943,0.2504427244582043,0.17872136222910215,0.20411145510835912,0.3568297213622291,24534.04334365325,54.82043343653251
2023-03-31,THFT,390,19,18,0.04871794871794872,0.046153846153846156,2.330516564088735,26.33462944691253,87.19702706269675,730.9104913666962,44.848186970758384,379.9023720816856,0.046651282051282036,0.2243974358974359,0.14389230769230768,0.17977435897435895,0.3187794871794872,31844.561538461538,43.58461538461538
2023-04-01,ASLT,350,125,73,0.35714285714285715,0.20857142857142857,2.1906446447499186,25.795139883319056,91.66456629918369,780.8314243448634,45.321945518432194,394.1430415290474,0.05613142857142856,0.2590685714285714,0.17880857142857143,0.22290000000000001,0.35679428571428573,23806.794285714284,58.114285714285714
2023-04-01,THFT,436,13,22,0.02981651376146789,0.05045871559633028,2.2891726379677593,26.188215850111074,90.56744997191491,735.9650615799932,45.75324371699074,381.5149137173626,0.04663761467889908,0.22477064220183487,0.14797018348623853,0.17947706422018347,0.3257477064220184,31693.814220183485,44.73853211009175
2023-04-02,ASLT,338,113,78,0.3343195266272189,0.23076923076923078,2.3851304305333207,26.28450716712524,94.22809786461507,801.9219608993304,45.939627019732065,401.3115812709547,0.05854142011834318,0.2591715976331361,0.1781153846153846,0.22668934911242603,0.36459467455621297,22909.505917159764,59.48224852071006
2023-04-02,THFT,303,15,14,0.04950495049504951,0.0462046204620462,2.323138670582691,26.440569455486116,88.83879725301394,747.5891413253531,45.379178308355364,385.86648375787325,0.048471947194719464,0.2263960396039604,0.1479042904290429,0.1887029702970297,0.3273432343234324,30081.511551155116,46.306930693069305
2023-04-03,ASLT,296,94,46,0.31756756756756754,0.1554054054054054,2.4103167986508356,25.699527339625558,92.71706037369755,774.4614046881146,45.98076550130343,392.9737028230054,0.05268243243243242,0.2534763513513513,0.16985135135135135,0.21167567567567566,0.3481858108108108,25078.00337837838,54.58783783783784
2023-04-03,THFT,328,8,21,0.024390243902439025,0.06402439024390244,2.3583989606162636,26.05368537719229,87.27698018898955,751.6206998857564,44.65708099019148,389.11629289267955,0.05022865853658535,0.2361189024390244,0.15334451219512193,0.19926829268292684,0.33392073170731706,27853.365853658535,48.832317073170735
2023-04-04,ASLT,286,84,51,0.2937062937062937,0.17832167832167833,2.32729455386112,26.959225579306253,91.79018865482422,771.1566223863776,45.440575090269256,390.56371037304683,0.05105244755244754,0.2543251748251748,0.17296853146853144,0.20316083916083916,0.35526223776223775,24619.846153846152,54.39510489510489
2023-04-04,THFT,342,12,19,0.03508771929824561,0.05555555555555555,2.4353551108944487,26.817098591717546,92.09238174772291,768.0155754061482,46.087789668873945,395.6239588079436,0.04907309941520467,0.23729824561403506,0.16267543859649122,0.19826315789473684,0.343593567251462,26809.93859649123,50.80701754385965
2023-04-05,ASLT,294,85,50,0.2891156462585034,0.17006802721088435,2.2383927024172787,26.395894615238557,92.13575947485272,783.5006761654931,45.57461974072164,396.64138932453534,0.05255102040816326,0.24862244897959182,0.17247278911564623,0.2129591836734694,0.3510850340136054,24961.506802721087,54.894557823129254
2023-04-05,THFT,339,10,33,0.029498525073746312,0.09734513274336283,2.442985611782513,27.056398766726296,90.04473417387102,759.7225735917089,45.77114688170604,393.7296261156233,0.045132743362831844,0.22241297935103244,0.15008554572271385,0.1775693215339233,0.33154867256637166,29645.846607669617,44.80530973451327
2023-04-06,ASLT,317,93,60,0.29337539432176657,0.1892744479495268,2.431488587737417,26.978329512196556,91.63037174937145,789.0780996472706,45.46821968488481,398.59223890461953,0.053949526813880114,0.2521167192429022,0.17280757097791796,0.20984227129337538,0.3575078864353312,23957.829652996847,55.56782334384858
2023-04-06,THFT,313,13,16,0.04153354632587859,0.051118210862619806,2.329347057226946,26.334794694812324,88.90602062445889,742.9261919961201,45.29276553857312,384.39054467523994,0.045575079872204466,0.21724281150159744,0.14303514376996804,0.1766549520766773,0.3179968051118211,33363.35782747604,42.66453674121406
2023-04-07,ASLT,318,114,72,0.3584905660377358,0.22641509433962265,2.273839407625645,26.714469695875,93.47984337435429,779.1790732832201,45.94314983446743,391.9518899764758,0.05394654088050312,0.25990566037735846,0.17737421383647797,0.2124811320754717,0.36244968553459117,22902.575471698114,57.361635220125784
2023-04-07,THFT,329,7,18,0.02127659574468085,0.0547112462006079,2.2936565785985894,26.45457102388228,89.46911211445747,748.7777869928739,45.747685807453074,388.528747173093,0.045528875379939195,0.2184042553191489,0.14028267477203646,0.17459270516717323,0.3156838905775076,32768.85106382979,41.80243161094225
2023-04-08,ASLT,312,101,59,0.32371794871794873,0.1891025641025641,2.420950860729358,26.6417387524944,94.14550710758537,786.4075711019343,46.53669051989825,398.119721431208,0.05400320512820512,0.2585192307692308,0.1724679487179487,0.21320833333333333,0.35703205128205123,24983.02564102564,56.208333333333336
2023-04-08,THFT,331,11,19,0.03323262839879154,0.05740181268882175,2.366779471773441,26.62229158626825,86.48496391031546,750.5545111981704,44.74419130547171,392.5527155464329,0.04643806646525679,0.22253776435045317,0.14464350453172203,0.1786918429003021,0.3187915407854985,31898.91238670695,43.66465256797583
2023-04-09,ASLT,362,129,57,0.356353591160221,0.1574585635359116,2.1872897207927307,26.376990171595022,90.93434985543301,768.7976598841572,45.34041794190567,390.74318605360554,0.054475138121546945,0.2571878453038674,0.1700524861878453,0.21259944751381216,0.3497044198895028,25079.53867403315,55.392265193370164
2023-04-09,THFT,287,12,12,0.041811846689895474,0.041811846689895474,2.23721252280662,26.480666042563918,89.81157544320051,759.4883744954774,45.522032722667376,393.9303757098112,0.049790940766550516,0.22767595818815328,0.1526411149825784,0.19466898954703832,0.3288257839721255,29218.80487804878,47.15679442508711
2023-04-10,ASLT,342,112,68,0.32748538011695905,0.19883040935672514,2.486055470052212,26.82680259553907,95.18374454185599,776.6111596918679,46.45574489861667,390.27491969252776,0.05547953216374268,0.25526023391812863,0.17091520467836255,0.21548538011695906,0.3597719298245614,24219.614035087718,56.37134502923977
2023-04-10,THFT,321,12,17,0.037383177570093455,0.0529595015576324,2.446702619037412,26.762831564749913,88.16074250162627,772.8736146650816,44.987065555466295,397.89814611915796,0.0476043613707165,0.22750155763239874,0.15178504672897197,0.18484112149532708,0.33254517133956385,30374.63862928349,46.426791277258566
2023-04-11,ASLT,324,90,60,0.2777777777777778,0.18518518518518517,2.47574245357729,26.799817558755628,92.67595142315984,772.2633357932475,45.79365243795805,391.0226331811605,0.05457098765432098,0.2550679012345679,0.17570061728395062,0.21121913580246915,0.35707407407407404,24652.95987654321,55.867283950617285
2023-04-11,THFT,326,13,26,0.03987730061349693,0.07975460122699386,2.4254104187592613,26.098900539278468,87.81810638911712,781.3309484122092,44.717175034633605,400.79941844215426,0.047806748466257654,0.2280490797546012,0.14863190184049077,0.18405828220858897,0.32750306748466257,31247.978527607364,45.487730061349694
2023-04-12,ASLT,337,100,49,0.29673590504451036,0.14540059347181009,2.2988780267335684,26.53153881543944,92.65724748368274,759.2876773419703,45.85492671643815,387.32755351614395,0.054394658753709184,0.2600326409495549,0.18048961424332344,0.21733234421364986,0.3576646884272997,23452.181008902076,57.65875370919881
2023-04-12,THFT,346,13,20,0.03757225433526012,0.057803468208092484,2.218781793486582,26.44562450911778,87.580413599261,729.477260821907,45.198229668198366,381.5604709591439,0.044433526011560684,0.21750578034682078,0.139878612716763,0.17148554913294797,0.31447398843930635,33247.21098265896,41.690751445086704
2023-04-13,ASLT,341,109,68,0.3196480938416422,0.19941348973607037,2.243971672712903,26.773502747175073,91.12997624213635,780.1725176806872,45.46377107345046,394.31301527063783,0.055956011730205264,0.2509882697947214,0.1710850439882698,0.2133841642228739,0.351841642228739,25480.208211143694,55.00879765395894
2023-04-13,THFT,342,11,16,0.03216374269005848,0.04678362573099415,2.383367804543285,26.435523938252704,86.63200825862884,741.1069978983497,44.818997364563764,391.13550427715086,0.04648538011695905,0.21202923976608187,0.1360233918128655,0.17282456140350877,0.3108099415204678,32774.8918128655,40.7046783625731
2023-04-14,ASLT,385,97,54,0.2519480519480519,0.14025974025974025,2.357602920947136,26.238532242122787,92.71543450301247,786.0749333103133,45.68986400999339,396.37734376066834,0.05384675324675323,0.24414545454545453,0.16897142857142858,0.21287272727272727,0.3533454545454545,25516.01038961039,54.67272727272727
2023-04-14,THFT,363,11,17,0.030303030303030304,0.046831955922865015,2.3226600741243124,26.48308574836782,89.35984501188923,742.4376060250942,45.87014828602063,390.3638782682576,0.04265013774104682,0.21451790633608814,0.1419586776859504,0.16743526170798897,0.3188154269972452,33397.162534435265,41.201101928374655
2023-04-15,ASLT,392,118,69,0.3010204081632653,0.1760204081632653,2.244594048712694,26.38306747176599,92.02447543721532,789.7603915952602,45.4954391843014,396.4289863757967,0.05245663265306121,0.2582627551020408,0.1759515306122449,0.2132780612244898,0.35923214285714283,24094.969387755104,56.994897959183675
2023-04-15,THFT,341,9,21,0.026392961876832845,0.06158357771260997,2.342838276928332,26.379170061499327,86.3122482724184,725.8243735394508,44.83501242758245,382.3946544449217,0.043653958944281514,0.2215630498533724,0.14552785923753667,0.16666862170087976,0.3170615835777126,34372.08797653959,42.070381231671554
2023-04-16,ASLT,358,130,50,0.36312849162011174,0.13966480446927373,2.247809435252343,26.690335167027246,92.52162455023132,796.4084190132517,45.61804366416776,400.08567590024967,0.05158379888268155,0.24979329608938547,0.17385474860335193,0.20416480446927374,0.3568659217877095,24825.62849162011,54.91620111731844
2023-04-16,THFT,286,11,13,0.038461538461538464,0.045454545454545456,2.3371894558260804,26.44297629129106,92.27106242014652,728.018932890927,46.31843474681867,375.43693867861816,0.04758741258741258,0.22604545454545455,0.14625524475524476,0.1738041958041958,0.3234090909090909,33161.68531468532,44.13986013986014
2023-04-17,ASLT,267,101,62,0.3782771535580524,0.23220973782771537,2.2841905805659692,27.199341290648977,93.5341861013049,788.5101303103071,45.76023669296945,393.1785073110824,0.05699250936329586,0.26605617977528084,0.18501123595505617,0.22001872659176028,0.37167041198501877,21728.37827715356,60.344569288389515
2023-04-17,THFT,307,7,23,0.02280130293159609,0.0749185667752443,2.3921721844515362,26.400837808486,87.04386145825048,729.4445388279395,44.84005568092639,380.92594353840553,0.04418241042345276,0.21228338762214982,0.14237785016286644,0.17244625407166123,0.3159315960912052,32567.55374592834,41.33224755700326
2023-04-18,ASLT,291,82,51,0.281786941580756,0.17525773195876287,2.3889252685089892,26.730199853755597,93.08607622805975,778.4191506945358,46.147854086426655,398.059233873068,0.05398625429553264,0.2538453608247423,0.1731168384879725,0.21237800687285224,0.3529518900343643,24174.092783505155,55.72852233676976
2023-04-18,THFT,346,10,19,0.028901734104046242,0.05491329479768786,2.393566279649847,26.871111149062827,87.83058800775848,743.0143518891595,45.152668402437676,386.6747634367968,0.04814739884393062,0.21660693641618498,0.14133526011560693,0.18446820809248554,0.3193179190751445,31329.531791907513,43.76011560693642
2023-04-19,ASLT,308,113,51,0.36688311688311687,0.16558441558441558,2.3028376197486016,26.969127137997795,92.2425724342366,775.268551866588,45.75247948908923,391.49567355476137,0.048766233766233756,0.25704220779220777,0.17496103896103896,0.19405844155844154,0.35449350649350647,25585.26948051948,53.88961038961039
2023-04-19,THFT,354,9,22,0.025423728813559324,0.062146892655367235,2.2878989177434614,27.01783434928991,88.4703504113553,758.8067683556064,45.336913833104845,395.2806761949025,0.047830508474576254,0.2295508474576271,0.15233050847457627,0.18146610169491525,0.3291610169491525,29651.166666666668,46.016949152542374
2023-04-20,ASLT,317,82,56,0.2586750788643533,0.17665615141955837,2.3960543070636238,26.535052638127112,90.17964289186267,768.8235831331142,45.1751135788396,393.7536523084684,0.05371293375394321,0.25090220820189274,0.17212302839116717,0.2073533123028391,0.3544574132492114,24883.533123028392,54.79495268138801
2023-04-20,THFT,350,14,16,0.04,0.045714285714285714,2.317572969212253,26.575662692532575,86.9814736461544,760.8941802926071,44.8806024240324,395.75434879342345,0.04543142857142856,0.2205457142857143,0.15048571428571428,0.17958,0.3253857142857143,30298.657142857144,44.56285714285714
2023-04-21,ASLT,312,99,47,0.3173076923076923,0.15064102564102563,2.446506492630508,26.56702747952229,90.67040521898687,780.5139620193911,45.18266673383533,396.90031584567146,0.055182692307692294,0.2558076923076923,0.16999679487179487,0.21268589743589744,0.3513782051282051,24129.576923076922,55.39423076923077
2023-04-21,THFT,325,13,20,0.04,0.06153846153846154,2.2834596201551176,26.30793236740136,87.09417007183875,733.1140373536485,44.86407124418863,382.9593526377926,0.04647692307692306,0.2197876923076923,0.14243076923076922,0.18168615384615383,0.31953230769230767,32424.363076923077,43.82769230769231
2023-04-22,ASLT,330,130,54,0.3939393939393939,0.16363636363636364,2.224051281030937,26.603039835701328,90.5093934936359,786.2057211338415,45.258486837534015,401.88017552778905,0.05121818181818181,0.2447272727272727,0.17039696969696969,0.20183030303030303,0.3449878787878788,26595.812121212122,52.593939393939394
2023-04-22,THFT,329,19,14,0.057750759878419454,0.0425531914893617,2.266650359572757,26.242475430301084,87.60564343225114,736.5691518246167,45.08281295032748,384.93383891578327,0.045544072948328254,0.2209240121580547,0.14674164133738601,0.17854407294832828,0.3204437689969605,33284.47112462006,43.93920972644377
2023-04-23,ASLT,334,134,47,0.40119760479041916,0.1407185628742515,2.410456670931063,26.741490419213807,92.55838087473263,795.9983355477602,45.85350214306073,403.85829040437005,0.053775449101796394,0.2512814371257485,0.169374251497006,0.21354191616766466,0.35028742514970057,24907.266467065867,55.17664670658683
2023-04-23,THFT,285,16,20,0.056140350877192984,0.07017543859649122,2.347995167193511,27.0873586882577,85.00716977424827,773.2442245067782,44.09190750325154,402.6585199065144,0.04729122807017543,0.22048421052631575,0.14659649122807014,0.1842877192982456,0.32739298245614035,30168.42456140351,44.76491228070176
2023-04-24,ASLT,271,85,52,0.31365313653136534,0.1918819188191882,2.4199981502673453,27.20611683881199,94.02136209347093,805.0588730641826,46.225305964993254,405.03564703366754,0.05287453874538744,0.25111439114391143,0.1744833948339483,0.2093210332103321,0.3622140221402214,23590.870848708488,55.95940959409594
2023-04-24,THFT,320,14,19,0.04375,0.059375,2.337190633210453,26.69960813263929,88.66704302460523,761.0180169465391,45.19166663047352,391.976845016835,0.04741249999999999,0.21755312499999996,0.143725,0.1805625,0.32459374999999996,32227.3875,43.721875
2023-04-25,ASLT,281,82,42,0.2918149466192171,0.1494661921708185,2.344866294073349,27.069409175341388,90.85612095146732,763.2260457973188,45.07166816206904,385.49966153515015,0.05307117437722419,0.2567935943060498,0.16863701067615658,0.20334519572953735,0.3500996441281139,24900.750889679715,54.320284697508896
2023-04-25,THFT,341,14,19,0.04105571847507331,0.05571847507331378,2.3419709419632433,26.685237179111958,88.15785271706014,734.2041654643659,45.12771475931,384.1111503875924,0.04574193548387096,0.22458651026392962,0.14986510263929617,0.17801466275659822,0.32114956011730206,31018.826979472142,43.9941348973607
2023-04-26,ASLT,269,81,47,0.30111524163568776,0.17472118959107807,2.2610817997353565,26.7148318571762,92.97832862392416,752.5363839016256,45.86029687337695,382.47197056924347,0.05257620817843865,0.2512490706319703,0.1740297397769517,0.2115985130111524,0.35393308550185876,24753.014869888477,55.79182156133829
2023-04-26,THFT,328,10,16,0.03048780487804878,0.04878048780487805,2.4490047184282315,26.459690553744373,85.56755835046104,739.3688708056231,44.58941531294132,389.1906489281753,0.0425731707317073,0.2159420731707317,0.1428841463414634,0.16553048780487803,0.3165731707317073,33206.365853658535,40.71951219512195
2023-04-27,ASLT,314,93,57,0.2961783439490446,0.18152866242038215,2.3193648585304656,26.39360532260374,93.00048743792459,774.74115596612,45.890920948192196,391.4671502263599,0.054334394904458586,0.2523216560509554,0.16985668789808916,0.21166878980891718,0.3537006369426752,24868.442675159236,55.06369426751592
2023-04-27,THFT,328,8,14,0.024390243902439025,0.042682926829268296,2.510391700800147,27.221640680715154,87.24396967515425,764.622603730529,44.89177506131375,399.4571524517701,0.04764634146341462,0.22169207317073167,0.14910365853658536,0.18283536585365853,0.330734756097561,29903.481707317074,45.78963414634146
2023-04-28,ASLT,321,119,69,0.3707165109034268,0.21495327102803738,2.210961251582973,26.565003596844974,93.40509858405294,762.0070347183741,45.741314267364736,382.0018758022866,0.05357943925233644,0.252791277258567,0.17291588785046727,0.21059190031152647,0.3556105919003115,24529.47663551402,55.3582554517134
2023-04-28,THFT,352,19,20,0.05397727272727273,0.056818181818181816,2.384122330888429,27.0872497337308,85.18305050047313,744.4848951722869,44.51031057158452,390.37640697022704,0.045071022727272717,0.21831250000000002,0.14306818181818182,0.1694488636363636,0.31871306818181816,31744.227272727272,41.65340909090909
2023-04-29,ASLT,300,103,70,0.3433333333333333,0.23333333333333334,2.252000616687216,26.433024377342928,94.3032271051503,785.125819237586,45.87034102393554,391.30023435959396,0.05691333333333333,0.25565666666666664,0.17832666666666666,0.22452333333333332,0.3624433333333333,23556.333333333332,58.63
2023-04-29,THFT,260,6,16,0.023076923076923078,0.06153846153846154,2.3447566465559313,25.983436346769764,89.34930658519733,718.6859482275819,45.480771594177746,374.66717878786733,0.046249999999999986,0.22658461538461538,0.14851153846153847,0.17856538461538463,0.3212576923076923,32223.60769230769,43.88846153846154
2023-04-30,ASLT,317,109,54,0.3438485804416404,0.17034700315457413,2.329955518712131,26.60715985870365,88.84755863740595,766.154597725206,44.71388898235514,393.8320150223839,0.053977917981072536,0.2563059936908517,0.1721261829652997,0.2126782334384858,0.35407570977917985,24193.564668769715,55.98422712933754
2023-04-30,THFT,312,14,19,0.04487179487179487,0.060897435897435896,2.3194238802060476,26.623260612824563,87.07076083982199,741.0579792231009,44.93707201947858,389.3097930347055,0.04648076923076922,0.22418910256410257,0.14723076923076922,0.17849679487179484,0.32313782051282053,30836.028846153848,44.17307692307692
2023-05-01,ASLT,325,104,66,0.32,0.20307692307692307,2.369317732036808,26.363644024780275,89.88767302001311,788.581832923199,44.78562409385406,401.9167967779114,0.05752307692307691,0.25588,0.1760953846153846,0.22329230769230768,0.3567384615384615,23372.89230769231,57.716923076923074
2023-05-01,THFT,335,11,16,0.03283582089552239,0.04776119402985075,2.304761127877511,27.36999412655198,87.60651525247597,748.7157851421786,45.18997476884538,389.82683154469134,0.0452417910447761,0.21559999999999999,0.14182388059701492,0.17556119402985074,0.324710447761194,31928.79104477612,42.8
2023-05-02,ASLT,298,89,50,0.2986577181208054,0.16778523489932887,2.2351777543170708,26.793780818670186,93.72072295774085,766.3112852978957,46.0562991281056,388.53678635684963,0.054406040268456364,0.2533087248322147,0.17333221476510066,0.21410067114093959,0.35738926174496644,23930.979865771813,56.20469798657718
2023-05-02,THFT,319,12,20,0.03761755485893417,0.06269592476489028,2.409500195251283,26.539677597449536,89.35124760251615,753.9333824576482,45.37106242446372,388.82042049639153,0.051887147335423184,0.22658934169278996,0.1473730407523511,0.1969028213166144,0.32728526645768025,30366.01567398119,46.68652037617555
2023-05-03,ASLT,312,95,59,0.30448717948717946,0.1891025641025641,2.289184447361415,26.81668210134591,91.07235212054479,780.085258518018,45.31753705594617,396.73646931444614,0.05417628205128203,0.25321794871794867,0.1681826923076923,0.20925641025641026,0.3537435897435897,24502.403846153848,54.92628205128205
2023-05-03,THFT,310,7,14,0.02258064516129032,0.04516129032258064,2.4316214496851676,26.838176326970597,87.05729249356605,763.3624125691139,44.65608626462928,394.8929179417613,0.04671290322580644,0.21796451612903225,0.14896451612903225,0.18155806451612905,0.3292290322580645,31415.448387096774,44.81935483870968
2023-05-04,ASLT,311,85,44,0.2733118971061093,0.1414790996784566,2.171285814858791,26.618198401442555,92.65497142854862,786.8445457742827,45.80781920928227,397.1639520466447,0.05619935691318327,0.2572700964630225,0.17149517684887458,0.21864308681672023,0.3536881028938907,23865.424437299036,56.89389067524116
2023-05-04,THFT,319,9,21,0.02821316614420063,0.06583072100313479,2.354325477042491,26.603563535269735,87.4576737658612,779.5852734317408,45.09386675665622,406.2813757999784,0.04654545454545453,0.21869592476489028,0.14429467084639497,0.18482445141065829,0.32628213166144204,31312.332288401252,44.5705329153605
2023-05-05,ASLT,314,84,56,0.267515923566879,0.17834394904458598,2.2844657225316976,25.95832960424208,91.24967884077103,754.801212125791,45.16037643190755,381.4503606820175,0.054015923566878975,0.2490063694267516,0.16797133757961782,0.21345541401273882,0.3465700636942675,25649.62101910828,54.197452229299365
2023-05-05,THFT,324,11,25,0.033950617283950615,0.07716049382716049,2.2250754468332286,27.151267035011205,86.79991450878974,742.108064184391,44.874994616186825,386.28647859907534,0.045901234567901225,0.21380246913580245,0.14075,0.17091666666666666,0.3232006172839506,32246.012345679013,42.376543209876544
2023-05-06,ASLT,346,126,54,0.36416184971098264,0.15606936416184972,2.2332361367537543,25.985643222932442,95.54868358696922,752.9282503435786,46.68444361123803,380.9727131464089,0.05338439306358381,0.24690751445086703,0.168878612716763,0.21204913294797686,0.34584104046242775,25960.44797687861,54.1849710982659
2023-05-06,THFT,302,12,18,0.039735099337748346,0.059602649006622516,2.4362412139588447,26.70772583574287,88.70519305377958,782.8311639458371,45.17101459483551,403.22854638478873,0.04806291390728475,0.21770198675496688,0.1464503311258278,0.18670860927152316,0.3277119205298013,30304.165562913906,45.056291390728475
2023-05-07,ASLT,381,137,63,0.35958005249343833,0.16535433070866143,2.2292815999593345,26.405869909981636,93.00695754916863,786.4699941710863,45.95683055105598,398.4494551517546,0.0549028871391076,0.24914435695538056,0.17208661417322835,0.21596325459317584,0.34812335958005247,25501.590551181103,54.98950131233596
2023-05-07,THFT,269,7,10,0.026022304832713755,0.03717472118959108,2.247079074012414,26.492971183065684,88.79654646097659,736.6513907523773,45.19656116816826,383.0082499023595,0.04722676579925649,0.22232342007434944,0.14931598513011152,0.18149442379182154,0.32528996282527883,31902.18215613383,44.732342007434944
2023-05-08,ASLT,316,92,64,0.2911392405063291,0.20253164556962025,2.4343359889157314,27.172126981623563,89.70892425165445,766.8924032856029,44.838739629264474,388.95997956792434,0.05092721518987339,0.2596993670886076,0.1772025316455696,0.20595569620253162,0.35787974683544305,23787.79746835443,55.7753164556962
2023-05-08,THFT,323,13,16,0.04024767801857585,0.04953560371517028,2.2794996515555175,26.446576370012547,86.66988993777201,742.5121544421452,44.706685327448305,387.5685618807102,0.05007430340557274,0.23243034055727552,0.15352941176470586,0.19101857585139317,0.32972136222910214,29348.628482972137,47.86687306501548
2023-05-09,ASLT,333,94,48,0.2822822822822823,0.14414414414414414,2.3914010978941542,26.98541216034334,90.00145973713714,790.0767913308778,45.16187808462142,403.0163340996901,0.048852852852852846,0.24628228228228227,0.1725045045045045,0.1987897897897898,0.35423123123123124,25170.75975975976,53.228228228228225
2023-05-09,THFT,372,9,19,0.024193548387096774,0.051075268817204304,2.211876492382853,26.968191063849282,88.23210284512285,748.182106633747,45.29932882993212,388.61911596441826,0.042827956989247296,0.22044354838709676,0.1485268817204301,0.1706075268817204,0.3286317204301075,31382.857526881722,43.604838709677416
2023-05-10,ASLT,334,90,56,0.2694610778443114,0.16766467065868262,2.2460160525252655,26.850959450050315,91.44284726262144,782.622785617664,45.41852567384725,396.8722292529362,0.052173652694610766,0.25446706586826345,0.17410479041916166,0.2126946107784431,0.35671556886227546,24287.398203592813,55.84431137724551
2023-05-10,THFT,359,7,23,0.019498607242339833,0.06406685236768803,2.3301026573940478,26.45450572777289,89.4536172019156,741.45285387378,45.79745523355757,387.451901903468,0.047601671309192184,0.21897771587743733,0.14228969359331475,0.17932869080779942,0.31683844011142065,31553.9860724234,42.966573816155986
2023-05-11,ASLT,336,92,65,0.27380952380952384,0.19345238095238096,2.204251986324382,26.88717809394486,93.19639780998818,780.8878472056729,46.117269112077075,395.3001313977104,0.04969940476190474,0.2517202380952381,0.17260714285714285,0.20482738095238096,0.35568154761904763,24714.9375,54.67261904761905
2023-05-11,THFT,351,14,16,0.039886039886039885,0.045584045584045586,2.3563590045760874,26.859367949243254,87.74296138708283,748.6430599271473,45.156434210162445,389.2590548363362,0.04517663817663817,0.22356695156695156,0.14603133903133902,0.1733846153846154,0.32476638176638173,31400.709401709402,43.50712250712251
2023-05-12,ASLT,311,90,52,0.28938906752411575,0.16720257234726688,2.294186575653939,26.48905419668558,93.70798739805417,759.7137157714704,46.05384969069903,384.6314182336865,0.05790675241157555,0.2585980707395498,0.17219292604501607,0.224967845659164,0.35658520900321544,23336.151125401928,57.89389067524116
2023-05-12,THFT,346,17,19,0.049132947976878616,0.05491329479768786,2.1476216546931135,26.526880829384698,89.32610938067873,748.2219872811673,45.397339703839336,386.35737962041156,0.04810982658959537,0.2246849710982659,0.14884682080924855,0.18322543352601156,0.32615895953757224,30355.384393063585,45.39306358381503
2023-05-13,ASLT,327,97,60,0.2966360856269113,0.1834862385321101,2.369996373322245,26.51611115146688,92.84669385403433,781.2266700332007,45.76067814062821,393.3443492555587,0.05260856269113148,0.25111009174311927,0.16950458715596328,0.20636697247706423,0.3522018348623853,26169.449541284404,54.10703363914373
2023-05-13,THFT,305,12,15,0.03934426229508197,0.04918032786885246,2.3684903620121216,26.528450859714702,88.51354376554427,741.5143748269925,45.13197637384975,386.24842019719506,0.04628852459016392,0.22238688524590164,0.14878360655737705,0.1790983606557377,0.32467213114754095,31727.334426229507,44.34426229508197
2023-05-14,ASLT,340,131,75,0.38529411764705884,0.22058823529411764,2.1386550603270544,26.180077416694797,96.93602759353821,751.5899826965306,47.28084090426585,382.06269947194824,0.05182647058823528,0.2507470588235294,0.17233235294117646,0.21091470588235295,0.3510205882352941,25667.367647058825,54.9
2023-05-14,THFT,298,13,19,0.0436241610738255,0.06375838926174497,2.294500776127749,26.637536653814397,89.64350809099302,725.9649918696471,45.66544038322769,378.0127733783799,0.04905704697986576,0.21746308724832217,0.14093288590604025,0.18403355704697985,0.31921476510067115,32479.61409395973,43.56711409395973
2023-05-15,ASLT,329,101,64,0.3069908814589666,0.1945288753799392,2.2179286274005903,26.6657673013686,91.09478999884244,764.3908068268219,45.17960895476945,387.3451407919152,0.054133738601823696,0.25453799392097265,0.1732613981762918,0.21048936170212762,0.35942857142857143,24473.009118541035,55.97872340425532
2023-05-15,THFT,339,16,16,0.0471976401179941,0.0471976401179941,2.292337923337789,26.49816096067085,87.35817696129325,740.5650374558691,45.15238463002741,388.3195528501761,0.04795575221238937,0.2272772861356932,0.14608554572271384,0.1827669616519174,0.3222241887905605,31967.536873156343,44.74631268436578
2023-05-16,ASLT,346,116,47,0.3352601156069364,0.13583815028901733,2.3575947218914184,26.416273204312805,91.94924955438253,777.1721664464303,45.53220066968141,395.49937962472364,0.05434393063583813,0.25234682080924853,0.17270520231213873,0.21119942196531793,0.3549161849710983,25289.942196531792,55.13583815028902
2023-05-16,THFT,324,13,25,0.040123456790123455,0.07716049382716049,2.530270120149442,26.404874457855136,88.5341653438464,781.6230498078528,45.257260675539285,406.88232842603765,0.04820370370370369,0.22153395061728395,0.14809259259259258,0.18947530864197532,0.32881481481481484,29697.416666666668,45.5679012345679
2023-05-17,ASLT,320,108,55,0.3375,0.171875,2.296362771950972,26.65060341411088,89.22908698196603,772.7635434576084,44.699931561997474,393.03238018731497,0.05183124999999998,0.25742499999999996,0.176596875,0.20497187499999997,0.358384375,23779.928125,55.878125
2023-05-17,THFT,327,14,14,0.04281345565749235,0.04281345565749235,2.299836865886661,26.61424259921326,89.26189917103338,745.6927967294791,45.304221257874616,386.3467526041486,0.047749235474006106,0.22411009174311924,0.15343425076452596,0.18608868501529052,0.33116513761467886,29922.697247706423,46.30275229357798
2023-05-18,ASLT,338,96,54,0.28402366863905326,0.15976331360946747,2.308637452765117,26.564445571485052,92.20134021709679,777.9192371952623,45.5329643913943,393.9966337954364,0.05352071005917158,0.2540650887573964,0.1769644970414201,0.21395857988165679,0.3597248520710059,23589.49704142012,56.40236686390533
2023-05-18,THFT,341,14,25,0.04105571847507331,0.07331378299120235,2.4200137267294894,26.682056805076062,87.19397298961076,745.8054410505598,45.1509053048564,391.34379976067066,0.04651026392961875,0.21575366568914958,0.1410234604105572,0.17833431085043988,0.31483577712609967,31510.973607038122,42.01466275659824
2023-05-19,ASLT,329,101,64,0.3069908814589666,0.1945288753799392,2.225626158170442,26.771872719925653,93.9106243157113,757.4350144966422,45.95013426812289,379.7603953035088,0.05375379939209725,0.2588753799392097,0.17635866261398175,0.21330699088145896,0.3589057750759878,24401.911854103342,56.70516717325228
2023-05-19,THFT,358,15,18,0.04189944134078212,0.05027932960893855,2.276245648348772,26.779576900252383,88.43361849530142,764.8157316410682,45.22040717770753,398.1351082858039,0.04690782122905027,0.22589664804469273,0.15291061452513965,0.18691340782122903,0.3334608938547486,29926.08938547486,46.56145251396648
2023-05-20,ASLT,342,110,64,0.3216374269005848,0.1871345029239766,2.2028891096639924,26.69769967706433,93.72503246291745,805.8913202749994,46.06701730371484,402.30350617060645,0.058921052631578937,0.2509736842105263,0.16667251461988303,0.22570760233918127,0.35545906432748536,24514.157894736843,56.634502923976605
2023-05-20,THFT,343,11,7,0.03206997084548105,0.02040816326530612,2.336483733138309,26.011770084066303,87.91206285749635,745.2588288176979,45.20956740541148,390.1715063752633,0.04349271137026239,0.220533527696793,0.14031486880466473,0.1685481049562682,0.3136880466472303,34448.80758017493,41.42274052478134
2023-05-21,ASLT,390,122,65,0.3128205128205128,0.16666666666666666,2.159964231592847,26.480291345495267,93.30104966748773,769.8960448610063,45.68146804390876,388.1369716654592,0.05637179487179486,0.24950512820512818,0.17098205128205127,0.2176051282051282,0.35638717948717946,24858.05128205128,56.246153846153845
2023-05-21,THFT,337,17,17,0.050445103857566766,0.050445103857566766,2.290792449601229,26.935419948059728,89.68539637265764,745.2107320575265,45.82169955406049,385.70967932305194,0.04265281899109791,0.21943916913946585,0.14363501483679522,0.1687359050445104,0.32172700296735907,32203.296735905045,42.44213649851632
2023-05-22,ASLT,373,120,65,0.32171581769436997,0.1742627345844504,2.3797412637570248,26.66599868397244,93.58884741632974,761.8816040037163,46.23934713400335,387.40383957404316,0.05298391420911527,0.2567882037533512,0.17238605898123324,0.209656836461126,0.3517372654155496,24397.343163538873,55.506702412868634
2023-05-22,THFT,391,19,13,0.04859335038363171,0.03324808184143223,2.167348133982326,26.801266455243674,89.53636189094286,730.8245497105584,45.58966737364954,381.7507714273946,0.0485012787723785,0.22618925831202044,0.14841176470588235,0.18249616368286445,0.3281867007672634,30977.488491048593,45.73145780051151
2023-05-23,ASLT,347,81,57,0.2334293948126801,0.1642651296829971,2.187885602020757,26.45958389546359,92.34254713918656,757.8136882929522,45.85939528280789,385.5123724108409,0.05374063400576368,0.2676657060518732,0.17828818443804034,0.2120115273775216,0.3576224783861671,24235.397694524494,57.648414985590776
2023-05-23,THFT,364,9,30,0.024725274725274724,0.08241758241758242,2.224134397158987,26.738568135897303,88.06767838900231,737.7370299852208,45.17252243395956,385.83926466063986,0.049958791208791195,0.22514010989010988,0.14893131868131868,0.18616483516483515,0.32931318681318683,29706.909340659342,46.005494505494504
2023-05-24,ASLT,303,89,53,0.29372937293729373,0.17491749174917492,2.1924859872901967,26.550427686083374,93.5127619662168,784.103043024502,45.902963362594,394.14127757299667,0.05497689768976896,0.26224752475247526,0.1785907590759076,0.21546534653465346,0.3636138613861386,22637.118811881188,58.475247524752476
2023-05-24,THFT,363,12,20,0.03305785123966942,0.05509641873278237,2.275061525777623,26.847285904549235,89.02353147096552,769.6960078996182,45.355236587269864,396.9596095673231,0.047898071625344346,0.22444903581267217,0.15247933884297518,0.1849449035812672,0.3356611570247934,29501.853994490357,46.84022038567493
2023-05-25,ASLT,332,89,58,0.2680722891566265,0.1746987951807229,2.3475694895414914,27.203856016704997,92.1127552963312,777.7698520877804,45.95043186809583,397.44462202456356,0.052259036144578296,0.24738855421686745,0.17203313253012045,0.20707530120481926,0.3547379518072289,24477.53313253012,54.67168674698795
2023-05-25,THFT,342,9,25,0.02631578947368421,0.07309941520467836,2.4717719678449104,26.643813624218286,88.12568078046388,771.7320886003447,45.250848815777545,401.88460060741255,0.048339181286549696,0.21910233918128652,0.1445233918128655,0.18680701754385964,0.32882748538011697,30347.736842105263,44.66374269005848
2023-05-26,ASLT,340,97,68,0.2852941176470588,0.2,2.4346461946384874,26.44316620431428,92.83901481340115,789.6077102714531,45.79785042269215,399.61857135693856,0.05239411764705881,0.2612441176470588,0.1759529411764706,0.21355588235294115,0.3537264705882353,23808.897058823528,56.305882352941175
2023-05-26,THFT,347,15,17,0.043227665706051875,0.04899135446685879,2.3611566850203616,26.834140770894983,91.09267863142526,750.4039001865394,46.009670030806134,388.35141543710404,0.05023631123919307,0.22571181556195966,0.14641210374639768,0.19080979827089337,0.3288184438040346,29287.867435158503,46.36599423631124
2023-05-27,ASLT,406,126,76,0.3103448275862069,0.18719211822660098,2.3378323982588687,26.63805877685726,92.6419808226511,795.575046922207,45.699220309269286,401.4696501473532,0.05423645320197043,0.25783251231527093,0.17461330049261084,0.21288177339901476,0.35605418719211823,24202.98275862069,56.53448275862069
2023-05-27,THFT,311,16,16,0.05144694533762058,0.05144694533762058,2.233421643512416,26.17938312211411,88.39250744524212,745.4722968596087,45.248251730546606,387.298858350118,0.047758842443729896,0.22515755627009645,0.14472347266881028,0.1803279742765273,0.31600643086816715,32297.868167202574,44.22829581993569
2023-05-28,ASLT,403,134,66,0.3325062034739454,0.16377171215880892,2.287915311554288,26.664806467566557,92.07668038359816,776.4620510189479,45.55367236862837,393.913086760135,0.05491811414392058,0.25511910669975185,0.17379404466501241,0.21541935483870966,0.35574441687344915,23858.409429280397,56.27047146401985
2023-05-28,THFT,373,24,24,0.064343163538874,0.064343163538874,2.167738014937188,26.322045260242998,86.86281660353194,737.1062908382278,44.984103376512564,383.7478324296365,0.044541554959785505,0.2252975871313673,0.14760321715817692,0.17401608579088473,0.3207855227882037,33879.43163538874,43.54423592493298
2023-05-29,ASLT,369,113,76,0.3062330623306233,0.20596205962059622,2.241521457705921,26.083110735928,91.03630735744831,751.5045141147899,45.13605309729292,380.4080221037298,0.05808401084010839,0.2580596205962059,0.173420054200542,0.22120054200542003,0.3492682926829268,24883.308943089432,56.87533875338753
2023-05-29,THFT,331,11,19,0.03323262839879154,0.05740181268882175,2.212284627278169,26.57329264826564,91.02377119083035,731.3257091490888,46.13069750443917,380.7260860394447,0.04745317220543806,0.2260453172205438,0.14475226586102719,0.17885498489425983,0.31788519637462237,31282.229607250756,44.274924471299094
2023-05-30,ASLT,339,109,66,0.3215339233038348,0.19469026548672566,2.3420877269385736,26.931318619503145,89.39967001074517,774.8982835186875,44.76798581667483,392.9135537841699,0.0526725663716814,0.26546902654867255,0.1847669616519174,0.20990265486725662,0.36225368731563423,22946.082595870208,57.908554572271385
2023-05-30,THFT,329,16,13,0.0486322188449848,0.03951367781155015,2.4537754210974896,26.67537243672123,85.88406859548593,751.4321974839356,44.633847505718585,395.24356666761213,0.04477811550151975,0.21733434650455927,0.14108814589665652,0.1778419452887538,0.31859574468085106,31156.158054711246,42.80243161094225
2023-05-31,ASLT,320,98,62,0.30625,0.19375,2.4177039260339575,26.860062820086114,92.39977311911255,787.6679680630459,45.7559888368961,399.7774647024131,0.054203124999999984,0.25370312500000003,0.1766125,0.21102499999999996,0.355684375,23779.16875,55.94375
2023-05-31,THFT,330,16,18,0.048484848484848485,0.05454545454545454,2.4089538386076192,27.15722962660436,88.00943201377247,752.7539622829769,45.10875739922371,391.985590185713,0.047781818181818175,0.2125151515151515,0.1395060606060606,0.18047575757575757,0.3212030303030303,31769.18181818182,42.81212121212121
2023-06-01,ASLT,375,114,72,0.304,0.192,2.3514989745716197,26.826173339798416,91.92186697926633,775.2252331848891,45.631975505204785,393.8096335705445,0.05391199999999999,0.25232,0.173008,0.21171199999999998,0.35357066666666664,24176.25866666667,55.413333333333334
2023-06-01,THFT,423,17,19,0.04018912529550828,0.04491725768321513,2.2938989594839865,26.861912677843094,87.50852561835329,747.1248863792739,44.91064635432021,388.1800474715549,0.04717494089834514,0.2238416075650118,0.14804255319148935,0.18364066193853426,0.3251323877068558,30141.087470449173,45.23640661938534
2023-06-02,ASLT,370,113,63,0.3054054054054054,0.17027027027027028,2.244458260623828,26.764732608818548,94.7258296651215,791.6961461914252,46.29481538602899,396.07167899399946,0.05254594594594593,0.2597864864864865,0.17982432432432433,0.2132189189189189,0.3607324324324324,23858.24864864865,57.40810810810811
2023-06-02,THFT,376,18,17,0.047872340425531915,0.04521276595744681,2.3443776849832902,26.620940637201667,87.41284241918952,739.3923058000164,45.223942498012796,388.2942905013577,0.044082446808510624,0.2188909574468085,0.1432632978723404,0.17133510638297872,0.320218085106383,32381.843085106382,42.369680851063826
2023-06-03,ASLT,383,124,63,0.3237597911227154,0.16449086161879894,2.1646737385725694,26.380233565182923,93.00284213897439,762.3409810322988,46.00786328718901,386.5506121429809,0.05481201044386422,0.2528616187989556,0.17115665796344648,0.21631331592689296,0.3492741514360313,24947.686684073105,55.81201044386423
2023-06-03,THFT,349,11,19,0.03151862464183381,0.054441260744985676,2.2981910993719583,26.0059474471091,86.81879040007345,726.940444119998,44.81616645069052,379.4758946295553,0.05253581661891116,0.2229914040114613,0.14090544412607447,0.19391117478510028,0.32296848137535816,31711.18624641834,45.421203438395416
2023-06-04,ASLT,361,140,55,0.3878116343490305,0.1523545706371191,2.1255024318076594,26.07113486099437,90.60933995996015,778.2320114714378,45.12063975507272,396.07423804800055,0.06009695290858725,0.2554626038781163,0.1687534626038781,0.22680332409972295,0.35212465373961216,23812.706371191136,57.0
2023-06-04,THFT,338,15,23,0.04437869822485207,0.06804733727810651,2.2905996873532612,26.64520469566888,88.5234693763601,720.0740147279394,45.435601602171005,375.20618658316624,0.04614792899408283,0.21489349112426034,0.1403698224852071,0.1737810650887574,0.3189437869822485,33299.281065088755,41.81360946745562
2023-06-05,ASLT,362,105,69,0.2900552486187845,0.19060773480662985,2.2320785209139182,26.624433182905875,91.98313050791047,757.6522348469477,45.554270604767346,384.3488472553729,0.054616022099447506,0.2554475138121547,0.17413259668508285,0.21043646408839778,0.3537513812154696,25010.555248618784,55.574585635359114
2023-06-05,THFT,383,14,15,0.03655352480417755,0.0391644908616188,2.2805719788901113,26.21186311565686,86.13325854509904,748.4366675190295,44.3303766702965,389.56329515619166,0.04782767624020886,0.2313994778067885,0.15243080939947778,0.18779112271540468,0.32855874673629243,29460.80678851175,46.62402088772846
2023-06-06,ASLT,359,106,78,0.29526462395543174,0.21727019498607242,2.3207496666437657,26.64541909852851,89.88331163397575,770.094361034417,44.98475710443363,392.4170596315683,0.0518467966573816,0.2517576601671309,0.16894707520891364,0.2036824512534819,0.34938440111420616,25908.90807799443,53.76323119777159
2023-06-06,THFT,323,9,15,0.02786377708978328,0.04643962848297214,2.2356982865092148,26.55688635322996,86.28730429112159,726.966889528039,44.638604894845486,383.0916146090613,0.04526625386996903,0.22558823529411764,0.14936222910216718,0.1797832817337461,0.32612383900928793,30040.02786377709,44.71826625386997
2023-06-07,ASLT,312,82,58,0.26282051282051283,0.1858974358974359,2.2772745206014604,26.149326304062075,90.91083859424995,768.280554346364,45.47064001996068,394.6424333711099,0.049891025641025634,0.2538653846153846,0.17907692307692308,0.20771153846153845,0.3563173076923077,24685.06730769231,55.63461538461539
2023-06-07,THFT,367,7,22,0.01907356948228883,0.05994550408719346,2.393871905971574,26.876466331111576,85.21136333568032,757.4124176350275,44.43885501084952,397.83450680097434,0.0448991825613079,0.21839782016348774,0.14405994550408718,0.17508991825613077,0.3244632152588556,31480.046321525886,43.247956403269754
2023-06-08,ASLT,313,92,50,0.2939297124600639,0.1597444089456869,2.324177770169468,26.49368148685061,94.31361632029672,771.8616804766383,46.236012243108455,389.84629519670284,0.05586581469648561,0.2567476038338658,0.17810543130990417,0.21565175718849838,0.36036102236421724,23643.961661341855,57.239616613418534
2023-06-08,THFT,310,14,21,0.04516129032258064,0.06774193548387097,2.4779724837534762,26.555513860635127,83.90158655018787,723.25677373453,44.01743253523854,383.84663088278194,0.04749999999999999,0.21596129032258063,0.14240967741935484,0.17823225806451612,0.3177,31151.267741935484,42.73870967741936
2023-06-09,ASLT,309,92,50,0.2977346278317152,0.16181229773462782,2.3821377126760015,27.004869541287892,92.76543203375638,775.1198559177977,45.70349002539694,391.29883860922456,0.054540453074433635,0.2524757281553398,0.171915857605178,0.2124757281553398,0.35438187702265367,24764.673139158574,55.349514563106794
2023-06-09,THFT,357,11,22,0.03081232492997199,0.06162464985994398,2.3080138507931593,26.612941849627816,86.61383773085609,747.7623806302927,44.463406040681654,388.71491642748265,0.048966386554621835,0.22811764705882354,0.15054341736694676,0.18558823529411764,0.3301316526610644,29883.910364145657,46.563025210084035
2023-06-10,ASLT,365,124,55,0.33972602739726027,0.1506849315068493,2.2750365590640893,26.279040574962217,91.86951215025145,774.9143397553584,45.66359013769177,393.3738809750153,0.05722191780821917,0.2544712328767123,0.1684986301369863,0.21730684931506847,0.34930410958904107,24545.97808219178,55.52602739726027
2023-06-10,THFT,368,22,10,0.059782608695652176,0.02717391304347826,2.393835231399539,26.44829836310482,87.45561134465423,780.762126414022,45.311105614120876,408.63195268230163,0.04483152173913043,0.21541847826086957,0.13902717391304348,0.17108152173913044,0.3123233695652174,33132.6875,40.76086956521739
2023-06-11,ASLT,331,122,58,0.3685800604229607,0.17522658610271905,2.3121948141759767,26.507972038226264,94.58364101567628,775.3974806374489,46.39418761608175,390.9217762622508,0.05526283987915406,0.2432990936555891,0.16870996978851963,0.21397280966767374,0.35044712990936555,25760.344410876132,54.35045317220544
2023-06-11,THFT,285,20,16,0.07017543859649122,0.056140350877192984,2.451179208756851,26.411253929223104,87.14724296842161,762.8510661620113,44.86396231002399,398.1508617493449,0.048298245614035076,0.22340701754385964,0.1453438596491228,0.181859649122807,0.3198736842105263,31057.301754385964,44.71578947368421
2023-06-12,ASLT,316,81,56,0.2563291139240506,0.17721518987341772,2.4737674607695217,26.54054025618274,91.24814573568845,788.0556142952476,45.546672913148704,399.2852007421329,0.05626265822784809,0.25204746835443037,0.17057911392405062,0.21062025316455696,0.3514145569620253,25472.493670886077,54.85126582278481
2023-06-12,THFT,362,14,15,0.03867403314917127,0.04143646408839779,2.26018352829574,26.067480030763498,88.85494724472412,770.3059291427652,45.2959845948384,397.9785225553182,0.05296685082872927,0.22710773480662982,0.1522016574585635,0.19751657458563535,0.3310883977900552,30044.618784530387,48.01381215469613
2023-06-13,ASLT,294,89,48,0.30272108843537415,0.16326530612244897,2.1836683332532747,26.142450844600184,92.11649564194585,769.450118820502,45.349337441147,386.7535226415204,0.05328571428571428,0.26521428571428574,0.1747517006802721,0.21187755102040814,0.3558265306122449,24090.197278911564,57.14965986394558
2023-06-13,THFT,354,13,14,0.03672316384180791,0.03954802259887006,2.365475208824086,26.861965089857105,87.85942149189913,757.9311125758222,45.07007425437143,392.4341286018845,0.04863841807909604,0.21778813559322033,0.143954802259887,0.18348587570621466,0.32478531073446326,31312.16384180791,44.55367231638418
2023-06-14,ASLT,320,100,52,0.3125,0.1625,2.197079125155418,26.67368989550182,92.74631100127776,759.2973638115075,45.873332123397695,384.70537509161346,0.054553124999999994,0.26013125,0.177046875,0.208453125,0.35607500000000003,24660.140625,56.534375
2023-06-14,THFT,334,9,19,0.02694610778443114,0.05688622754491018,2.208980896532518,26.74331589337728,85.06368673163004,737.791877725674,44.26602689013118,386.9340734527347,0.04804491017964071,0.22213772455089822,0.14446706586826347,0.18422455089820358,0.3249341317365269,30788.805389221558,44.446107784431135
2023-06-15,ASLT,305,92,64,0.3016393442622951,0.2098360655737705,2.2680361376103875,26.249036523637304,92.89369830058915,777.6181930013082,45.76963204749453,390.8712112749439,0.05520983606557375,0.2624262295081967,0.1776,0.2124262295081967,0.3586918032786885,24710.498360655736,57.47868852459016
2023-06-15,THFT,369,13,19,0.03523035230352303,0.051490514905149054,2.2936892840960024,27.144991569080297,87.28092983954912,742.4888884204164,44.99487873234557,386.63193115532084,0.04489430894308942,0.21622493224932246,0.1402439024390244,0.17220325203252032,0.3211951219512195,32160.550135501355,42.113821138211385
2023-06-16,ASLT,328,92,67,0.2804878048780488,0.20426829268292682,2.1753080868862527,26.36233377223164,97.10376953037778,751.7275977076484,46.83554380560224,376.31177325335364,0.05284146341463414,0.25608841463414633,0.17824085365853656,0.20868292682926828,0.3578689024390244,24167.853658536584,56.50914634146341
2023-06-16,THFT,359,9,21,0.025069637883008356,0.0584958217270195,2.267309161213401,26.73425094089466,87.6805830222513,733.4477345473206,44.98909486780192,382.4803617194005,0.04804456824512533,0.21410027855153202,0.13836211699164344,0.1828635097493036,0.3201058495821727,32382.74373259053,42.8133704735376
2023-06-17,ASLT,363,119,70,0.3278236914600551,0.1928374655647383,2.199616288322085,26.67676239505664,93.92895875670567,766.7295002195598,46.00920605332125,386.93655896876174,0.052052341597796134,0.2563774104683196,0.1817190082644628,0.21087052341597795,0.35911294765840224,23315.330578512396,57.201101928374655
2023-06-17,THFT,330,16,22,0.048484848484848485,0.06666666666666667,2.300746469054794,26.37986563022305,86.66262887388234,720.380809756683,45.04869501098117,380.90126011761515,0.040912121212121205,0.20947878787878788,0.13633939393939393,0.15872727272727272,0.30556969696969694,35466.38484848485,38.833333333333336
2023-06-18,ASLT,424,142,86,0.33490566037735847,0.2028301886792453,2.3082413020347614,26.291130743052317,94.35563991311481,774.3201212288548,46.021882748120234,387.78684184675404,0.05627830188679244,0.2588938679245283,0.17487971698113208,0.21734669811320756,0.3581745283018868,23593.865566037737,57.278301886792455
2023-06-18,THFT,351,14,11,0.039886039886039885,0.03133903133903134,2.2860705504138426,26.763727620526673,87.89091289823948,739.2457261948048,45.097435885641865,384.6982349131339,0.04325071225071224,0.21647293447293448,0.14525641025641026,0.17092307692307693,0.31922222222222224,32582.735042735043,42.72364672364672
2023-06-19,ASLT,355,113,83,0.3183098591549296,0.23380281690140844,2.265982338444443,26.41509500229135,93.33143347313327,761.0742072498572,45.881289213335634,383.683914543058,0.056515492957746466,0.27014647887323945,0.18361971830985915,0.21691549295774645,0.3629211267605634,22719.88732394366,59.56901408450704
2023-06-19,THFT,336,14,21,0.041666666666666664,0.0625,2.3010792346020343,26.54843976518374,87.45209268443195,757.7910473139907,44.89928222013236,392.3661340893387,0.04801190476190474,0.22663095238095238,0.14864880952380952,0.1817172619047619,0.3267291666666666,30779.532738095237,45.142857142857146
2023-06-20,ASLT,369,131,72,0.35501355013550134,0.1951219512195122,2.3511797362433375,26.14633761045715,93.88343456160351,786.7393204050824,46.08827755959599,397.383882603039,0.053463414634146326,0.25951490514905146,0.1751517615176152,0.21551490514905147,0.3568292682926829,23853.71544715447,56.609756097560975
2023-06-20,THFT,382,12,12,0.031413612565445025,0.031413612565445025,2.4824600358475264,26.05112164865225,90.60829336258226,738.1525218108121,45.761730832802044,381.4298667260631,0.0496937172774869,0.2274764397905759,0.14798691099476438,0.18793455497382197,0.3235026178010471,31045.013089005235,46.068062827225134
2023-06-21,ASLT,295,97,54,0.3288135593220339,0.18305084745762712,2.3471266978659355,25.88041914273855,95.96717142194056,777.6763277839894,46.495798369955246,390.2179865366963,0.05845423728813558,0.26247118644067796,0.17937966101694916,0.22327118644067795,0.36186440677966103,22834.48813559322,59.447457627118645
2023-06-21,THFT,368,9,18,0.024456521739130436,0.04891304347826087,2.489198015785415,26.40069663223011,88.24029133275512,777.8770779004299,45.25554079861986,404.077801229809,0.05004619565217391,0.21725815217391303,0.14321467391304346,0.19140217391304346,0.3259782608695652,29873.527173913044,45.380434782608695
2023-06-22,ASLT,362,117,54,0.32320441988950277,0.14917127071823205,2.2406385841803784,26.4429698599724,90.5182932217027,778.8885482044362,45.13047943271559,394.8368835135947,0.052580110497237556,0.2599972375690608,0.1746353591160221,0.20480939226519335,0.35189226519337014,24809.096685082874,55.370165745856355
2023-06-22,THFT,390,10,18,0.02564102564102564,0.046153846153846156,2.31209018070489,25.983136525556322,85.51244804643771,733.3566976427287,44.54647364193076,385.82513880651,0.04517179487179487,0.22557948717948717,0.14405897435897436,0.1757,0.3175717948717949,32581.428205128206,43.156410256410254
2023-06-23,ASLT,339,90,55,0.26548672566371684,0.16224188790560473,2.190898523558902,26.11699250453986,90.69934711986747,752.1356866051917,45.33210270081575,385.02033940615814,0.053893805309734505,0.25737463126843657,0.16955457227138643,0.20556932153392332,0.345353982300885,26386.525073746314,53.62241887905605
2023-06-23,THFT,428,21,23,0.04906542056074766,0.053738317757009345,2.355102720883422,26.554292333247634,87.99972323116346,750.7998278526092,45.209617510771416,391.55797340699974,0.04798831775700933,0.22567056074766353,0.14916588785046728,0.18162616822429903,0.3250560747663551,31170.02336448598,44.89252336448598
2023-06-24,ASLT,389,133,73,0.34190231362467866,0.18766066838046272,2.0963043873034883,26.890156345465982,93.70486976602251,781.6901582686602,46.30603998492636,394.72498615351697,0.050403598971722356,0.24419537275064265,0.17057069408740358,0.20087403598971723,0.3519768637532133,26348.748071979433,52.94344473007712
2023-06-24,THFT,346,16,11,0.046242774566473986,0.031791907514450865,2.1527524343633613,26.711346136838962,85.90440716573036,766.0673249112315,44.51811563720099,398.1281502356338,0.04749132947976877,0.22103179190751443,0.14328323699421963,0.1818699421965318,0.3223265895953757,31170.55202312139,44.309248554913296
2023-06-25,ASLT,419,143,80,0.3412887828162291,0.1909307875894988,2.1543998273996814,26.980675151603712,90.26936909674062,759.0130044447671,45.27143315103151,387.3181878492692,0.04881145584725536,0.24694272076372314,0.16402386634844868,0.1949689737470167,0.34307875894988066,27059.09785202864,51.63484486873509
2023-06-25,THFT,407,15,17,0.036855036855036855,0.04176904176904177,2.0233530097188894,26.11239295610791,86.08371014245836,729.0898982412708,44.95193692492005,386.8314662021086,0.044149877149877136,0.21190417690417687,0.13343980343980344,0.16185257985257984,0.3018034398034398,35060.611793611795,39.63882063882064
2023-06-26,ASLT,349,92,73,0.2636103151862464,0.20916905444126074,2.298574957612403,26.770571568826902,93.12988100362568,766.9202220585266,46.295343046823604,392.35903963196876,0.050114613180515744,0.24178510028653294,0.1687994269340974,0.1956160458452722,0.34172779369627504,26972.581661891116,51.865329512893986
2023-06-26,THFT,403,12,27,0.02977667493796526,0.06699751861042183,2.305929341415727,26.71929439285236,88.5353438861219,744.7211967431405,45.289701720392046,386.95858405159356,0.04676674937965259,0.22724317617866002,0.1474044665012407,0.182272952853598,0.3276947890818859,29750.290322580644,45.575682382134
2023-06-27,ASLT,342,112,60,0.32748538011695905,0.17543859649122806,2.29661705786751,26.381774176305235,93.32393468191198,755.3445749678629,45.84199805135531,381.83450211194474,0.05478070175438595,0.2686491228070175,0.18080409356725144,0.21671345029239766,0.3578801169590643,23443.845029239765,58.380116959064324
2023-06-27,THFT,383,12,15,0.031331592689295036,0.0391644908616188,2.2005432579021895,26.249751220089397,87.92820988002565,774.3392388409945,44.81589490656664,398.4311524074914,0.052289817232375975,0.22720626631853785,0.1506396866840731,0.1971201044386423,0.32908093994778065,29381.637075718016,47.78851174934726
2023-06-28,ASLT,318,91,54,0.2861635220125786,0.16981132075471697,2.340455531960081,26.485302574881107,93.23503518899983,757.7596886784893,45.80148936419715,383.1420188953802,0.05483333333333332,0.261751572327044,0.1788616352201258,0.2141446540880503,0.35944654088050315,23267.937106918238,57.63522012578616
2023-06-28,THFT,318,8,18,0.025157232704402517,0.05660377358490566,2.3144266794224575,26.695510618354458,87.86290856135282,746.638288779544,45.02078566919633,387.26993208765754,0.04838050314465408,0.21632389937106916,0.13992767295597483,0.18129874213836478,0.31919811320754715,31253.22641509434,42.76100628930818
2023-06-29,ASLT,338,101,48,0.2988165680473373,0.14201183431952663,2.2747318789610773,26.276741583155303,93.16800811006247,751.8653173351722,45.80334124080317,380.67017008028347,0.05516568047337276,0.26207988165680474,0.1735473372781065,0.21367159763313612,0.3539585798816568,24485.21893491124,56.80177514792899
2023-06-29,THFT,355,10,31,0.028169014084507043,0.08732394366197183,2.2682296086634004,26.053440388992062,85.21592516989111,742.1483592894903,44.25675679436244,388.6445984149363,0.050228169014084494,0.21961126760563376,0.14463661971830985,0.19140281690140842,0.32496901408450707,31097.988732394366,45.45352112676056
2023-06-30,ASLT,389,119,83,0.3059125964010283,0.2133676092544987,2.2988569772900496,26.793566971669236,93.86636728295755,778.4452143352989,46.15092566567401,394.06448617978356,0.05350642673521849,0.2587866323907455,0.17756555269922877,0.21232647814910025,0.35887403598971723,23277.30848329049,56.95629820051414
2023-06-30,THFT,381,12,22,0.031496062992125984,0.05774278215223097,2.324681918147885,26.98400033906875,90.34058387254147,760.599093779368,45.961149846552125,394.8022404807454,0.04618110236220471,0.21679790026246717,0.14616010498687662,0.17880577427821523,0.3240944881889764,31483.041994750656,43.85564304461942
2023-07-01,ASLT,414,123,100,0.2971014492753623,0.24154589371980675,2.2830202754783064,26.12472496767005,92.87645026656847,787.3667993764567,45.756959002221755,395.61285601746374,0.05764009661835748,0.2623502415458937,0.17654347826086955,0.21815217391304348,0.35689613526570046,23720.920289855072,57.88647342995169
2023-07-01,THFT,433,16,18,0.03695150115473441,0.04157043879907621,2.3270297521276184,26.182886167051386,88.03585723426556,708.7634054893921,45.38885943353353,372.7000008209529,0.04354041570438798,0.21669976905311775,0.1378406466512702,0.1622355658198614,0.30806928406466516,35678.92840646651,39.764434180138565
2023-07-02,ASLT,330,133,76,0.403030303030303,0.23030303030303031,2.187045709020062,26.367621905582553,93.95216516527144,753.3948923722714,46.272473295507204,382.7499456049727,0.056963636363636355,0.24874545454545455,0.16810303030303028,0.21703333333333333,0.35016363636363634,25331.833333333332,55.04848484848485
2023-07-02,THFT,281,9,16,0.03202846975088968,0.05693950177935943,2.313051817912675,26.732428001129755,89.99320749763532,780.8513977356224,45.636433990252925,401.9973509322146,0.049128113879003545,0.22392170818505336,0.15123487544483985,0.1879288256227758,0.3311103202846975,29355.4128113879,46.59786476868327
2023-07-03,ASLT,406,118,92,0.29064039408866993,0.22660098522167488,2.228082644379146,26.470900830007118,91.41537397066419,777.5710656607534,45.434047357497995,393.016010959617,0.052903940886699495,0.2464285714285714,0.16451477832512312,0.20501970443349754,0.34404187192118224,27273.68226600985,52.35221674876847
2023-07-03,THFT,369,12,15,0.032520325203252036,0.04065040650406504,2.219369164303636,26.243504287626163,87.40245676857703,745.5168182382231,44.786727390721374,387.49989804891516,0.04681571815718156,0.22550677506775066,0.14832249322493224,0.17641463414634145,0.3234010840108401,32555.48238482385,44.2710027100271
2023-07-04,ASLT,456,152,85,0.3333333333333333,0.18640350877192982,2.152668498158774,26.575582400771804,94.20721699293141,773.9542508371486,46.060251561056276,388.9102282913024,0.05512280701754385,0.259359649122807,0.17363815789473683,0.21634649122807018,0.35728508771929823,23512.927631578947,57.0109649122807
2023-07-04,THFT,329,16,19,0.0486322188449848,0.057750759878419454,2.312774068352478,26.405851376289245,90.2187606359927,744.1878178009626,45.53963950239294,383.0363762304076,0.050358662613981746,0.23173860182370817,0.14931306990881457,0.18744072948328266,0.32893009118541033,30505.270516717326,47.01823708206687
2023-07-05,ASLT,429,155,88,0.3613053613053613,0.20512820512820512,2.231722363112667,26.533742359207768,95.96816138297498,771.3981064531821,46.52809834669704,386.6853547114662,0.056524475524475516,0.2622470862470862,0.17956643356643354,0.2247365967365967,0.3596340326340326,22908.0675990676,59.044289044289044
2023-07-05,THFT,331,14,22,0.04229607250755287,0.06646525679758308,2.2035512569475872,26.899428452699492,86.77476371046724,744.4562111436054,44.52611873724876,387.14944344193174,0.04897280966767371,0.22864652567975832,0.149987915407855,0.1901359516616314,0.33095468277945617,29271.14501510574,46.33534743202417
2023-07-06,ASLT,334,100,76,0.2994011976047904,0.2275449101796407,2.1776444561302504,27.105867091522374,92.07715442930572,758.4685032052105,45.66213980554836,383.8462182009048,0.05186227544910178,0.25312275449101795,0.17182335329341317,0.20275449101796406,0.3520808383233533,24792.155688622755,54.65568862275449
2023-07-06,THFT,338,8,20,0.023668639053254437,0.05917159763313609,2.3645994064379305,26.740863222468146,86.97187870947586,763.7860929102887,44.92574698624439,397.4212681527275,0.045689349112426024,0.2110207100591716,0.1381360946745562,0.17593786982248522,0.317301775147929,32211.183431952664,41.357988165680474
2023-07-07,ASLT,332,91,54,0.2740963855421687,0.16265060240963855,2.319619368016016,26.476651855028045,91.56184633502558,770.4751106652858,45.31328356731493,390.0125268782021,0.0532801204819277,0.2622590361445783,0.1752469879518072,0.20944879518072287,0.3555,24404.5421686747,56.153614457831324
2023-07-07,THFT,383,13,13,0.033942558746736295,0.033942558746736295,2.3252876220489203,26.635078345842288,88.13689859855818,733.3085802499573,45.10058196194272,381.42771414889137,0.0471592689295039,0.22417493472584854,0.14678067885117493,0.17838903394255873,0.3253159268929504,31486.109660574413,44.315926892950394
2023-07-08,ASLT,366,134,62,0.366120218579235,0.16939890710382513,2.268603073862068,26.019045870082063,95.04476453979935,752.8551069720902,46.357408582799216,379.26933301678855,0.05394262295081966,0.2519808743169399,0.17017486338797813,0.20962568306010929,0.3511693989071038,25220.262295081968,54.612021857923494
2023-07-08,THFT,350,7,14,0.02,0.04,2.3093361400436154,26.405104939594843,85.80838558539502,726.2971374587046,44.424513214400974,382.15071803650113,0.04877142857142856,0.22562,0.14992571428571427,0.18290285714285712,0.32627999999999996,31443.334285714285,45.005714285714284
2023-07-09,ASLT,414,127,65,0.30676328502415456,0.1570048309178744,2.2285485779018575,26.72112986834572,92.6793309124111,755.6732999177966,46.06571118287844,383.68933798834104,0.053391304347826074,0.2499806763285024,0.16767149758454106,0.20646135265700483,0.3499009661835749,26737.0193236715,53.44202898550725
2023-07-09,THFT,370,13,18,0.03513513513513514,0.04864864864864865,2.1532194737060895,26.09649083680123,85.66450988540937,709.5440078813022,44.46700851243847,373.46955206781246,0.04742162162162161,0.2183891891891892,0.14392162162162161,0.17722702702702703,0.3193648648648648,32717.421621621623,42.66216216216216
2023-07-10,ASLT,350,115,54,0.32857142857142857,0.15428571428571428,2.2618162363577863,26.711583363047932,92.50161172344205,771.9182323745644,45.42825106882884,387.7842154546751,0.05351999999999999,0.26682,0.18023142857142857,0.21329142857142858,0.35983714285714286,23028.794285714284,58.074285714285715
2023-07-10,THFT,386,15,21,0.038860103626943004,0.054404145077720206,2.2683874297115176,26.795877610178202,86.79880108754247,741.441645194392,44.79011540354897,387.22008920189717,0.04570466321243522,0.21981865284974092,0.1481062176165803,0.17685751295336785,0.32751295336787567,31072.209844559584,44.152849740932645
2023-07-11,ASLT,311,103,52,0.3311897106109325,0.16720257234726688,2.2321096114419343,26.838070373615416,95.12639915561746,760.9751118682253,46.507156105686136,384.8607351595286,0.05642443729903535,0.2590064308681672,0.1745466237942122,0.21941157556270094,0.36143408360128615,22735.8231511254,57.77491961414791
2023-07-11,THFT,381,14,27,0.03674540682414698,0.07086614173228346,2.210013910238892,26.938639678879607,87.0667495324975,745.6722185408404,44.804817509366586,387.9433180279318,0.047986876640419944,0.22077165354330705,0.14789501312335956,0.18370078740157478,0.33086351706036743,29778.989501312335,45.39370078740158
2023-07-12,ASLT,329,97,65,0.2948328267477204,0.19756838905775076,2.442243669241956,26.853446116915357,88.67290407550063,779.5674919424976,44.925273670178726,398.56121536314157,0.04766565349544071,0.24417933130699085,0.16516717325227961,0.18418844984802432,0.3443890577507599,27829.80547112462,50.16717325227963
2023-07-12,THFT,355,18,19,0.05070422535211268,0.05352112676056338,2.2678164275588104,26.91259173731189,85.14910046641121,740.3282966404452,44.24295157412192,385.75747599969833,0.0480450704225352,0.21876619718309856,0.1438619718309859,0.18314366197183096,0.3260732394366197,30798.09577464789,44.433802816901405
2023-07-13,ASLT,330,92,65,0.2787878787878788,0.19696969696969696,2.329447241712503,26.413914155054997,89.41362958247,763.5111158597242,44.84944680965431,391.5046049848406,0.05396060606060604,0.25678181818181817,0.17332121212121213,0.21012121212121213,0.3565060606060606,24595.251515151514,55.518181818181816
2023-07-13,THFT,415,15,22,0.03614457831325301,0.05301204819277108,2.293365321283147,26.468404683300932,88.45525278048247,763.7829329027089,45.34764560049991,396.58726413540336,0.043920481927710836,0.2183180722891566,0.14406506024096385,0.1716,0.3184072289156627,34017.22168674699,42.265060240963855
2023-07-14,ASLT,338,99,51,0.29289940828402367,0.15088757396449703,2.167539656950532,26.548225163634235,93.84950898080919,757.4564262108503,45.99715813650766,381.15114394898666,0.058349112426035486,0.25340828402366866,0.17441420118343196,0.22423964497041418,0.35736390532544376,24058.89644970414,57.77810650887574
2023-07-14,THFT,390,15,18,0.038461538461538464,0.046153846153846156,2.345021114397341,26.410063744940196,86.55822424402176,722.8154878235849,44.89175137030779,380.6844528770872,0.04526153846153846,0.21137692307692307,0.13695384615384615,0.17371025641025642,0.313,33219.64102564102,41.05641025641026
2023-07-15,ASLT,379,118,66,0.3113456464379947,0.1741424802110818,2.327386868369452,26.22415438422718,94.89632117108533,794.7663407913371,46.36243330937523,397.5121683293554,0.06048284960422162,0.2507467018469657,0.16611609498680738,0.22952770448548812,0.34928496042216356,25397.82321899736,56.48812664907652
2023-07-15,THFT,370,12,24,0.032432432432432434,0.06486486486486487,2.1353912339203065,26.46136541089398,86.53661778122945,737.4343661887553,44.695068315561485,382.67199792890085,0.0454135135135135,0.22523243243243243,0.1482189189189189,0.1733216216216216,0.32016216216216214,32407.643243243245,43.51081081081081
2023-07-16,ASLT,410,146,70,0.35609756097560974,0.17073170731707318,2.4688490151998366,26.313350945419472,91.91104999829116,784.2627763683912,45.5795910501023,395.5930200949166,0.05491219512195121,0.24824634146341462,0.16892926829268293,0.20662682926829268,0.3489146341463415,26175.19268292683,53.88780487804878
2023-07-16,THFT,337,16,16,0.04747774480712166,0.04747774480712166,2.226828865105647,26.14431329056029,85.54682121669656,723.747523997338,44.773350275324105,381.09758046408245,0.04184569732937684,0.2232908011869436,0.1400593471810089,0.15892878338278932,0.31202670623145395,35470.40652818991,40.02077151335312
2023-07-17,ASLT,377,119,64,0.3156498673740053,0.16976127320954906,2.351057041009476,27.022106243469775,90.301884877718,761.2490616523554,45.05339795250408,386.2742055319636,0.0526259946949602,0.2582307692307692,0.17741379310344826,0.20839257294429706,0.3593607427055703,24573.84350132626,56.254641909814325
2023-07-17,THFT,372,12,27,0.03225806451612903,0.07258064516129033,2.274832381934842,27.13057691162825,88.0760455021912,760.9634210842806,45.26331193445308,395.28937718558785,0.04786827956989246,0.21272043010752686,0.13869086021505375,0.1747768817204301,0.31843548387096776,32939.586021505376,41.693548387096776
2023-07-18,ASLT,335,100,61,0.29850746268656714,0.18208955223880596,2.1394550590142143,26.018485397337223,94.12378944223656,763.4048556376235,46.041651394727815,384.56149863042776,0.05571940298507462,0.2607820895522388,0.1742507462686567,0.21243880597014925,0.3569850746268657,24938.337313432836,56.44477611940299
2023-07-18,THFT,411,9,15,0.021897810218978103,0.0364963503649635,2.3845200297776916,26.465144654404718,85.39741314226643,766.022141875067,44.66720000919182,404.27201832314597,0.049153284671532835,0.2157566909975669,0.13599756690997566,0.1847323600973236,0.3125206812652068,31273.676399026765,42.5279805352798
2023-07-19,ASLT,326,103,73,0.3159509202453988,0.22392638036809817,2.3620016911262685,26.345710572993454,92.17386378835914,778.562380042442,45.451077487520735,392.61377272176105,0.05493865030674846,0.261861963190184,0.17785582822085888,0.21681901840490794,0.3568282208588957,24168.561349693253,57.423312883435585
2023-07-19,THFT,388,8,21,0.020618556701030927,0.05412371134020619,2.4144150119637406,26.47496122989729,85.18913995542307,739.9611040092443,44.66130708626059,390.64000907753655,0.04619329896907215,0.2198865979381443,0.14323711340206183,0.17595618556701031,0.31691237113402065,31877.399484536083,42.76288659793814
2023-07-20,ASLT,352,101,58,0.2869318181818182,0.16477272727272727,2.358674552574191,27.01723240731067,92.3988374139869,816.2194422137884,45.65340997643448,411.4777325982566,0.05320738636363635,0.25358522727272725,0.17348295454545454,0.20934374999999997,0.35749431818181815,24784.045454545456,55.48863636363637
2023-07-20,THFT,363,10,12,0.027548209366391185,0.03305785123966942,2.3589609776927407,26.866800929763176,87.12377380445858,753.8433860395708,44.940263565549,393.86564979382723,0.04714600550964187,0.21961707988980717,0.14480165289256197,0.18455371900826445,0.3273994490358127,30109.280991735537,44.59779614325069
2023-07-21,ASLT,367,97,70,0.26430517711171664,0.1907356948228883,2.325760789411493,26.368773281313178,91.34061093533624,781.8004054971698,45.614852451227556,397.7673372417618,0.050994550408719336,0.2459291553133515,0.16559128065395096,0.20089918256130793,0.3447384196185286,27228.351498637603,52.258855585831064
2023-07-21,THFT,374,9,21,0.02406417112299465,0.05614973262032086,2.2469160429247483,26.35167681694939,87.25575412056185,749.0653900775827,45.14625400468492,392.2701341478628,0.04627005347593582,0.21907486631016043,0.1426657754010695,0.17731016042780748,0.3179919786096257,32951.70053475936,43.101604278074866
2023-07-22,ASLT,342,113,63,0.3304093567251462,0.18421052631578946,2.111364453246741,26.672557413817465,95.05551343143686,760.4845597721038,46.58763498138758,383.2831280591178,0.05649415204678361,0.25353216374269005,0.16885380116959064,0.21572222222222223,0.3526520467836257,25412.66081871345,55.932748538011694
2023-07-22,THFT,329,10,19,0.030395136778115502,0.057750759878419454,2.303428717244933,26.74571544513015,87.78699639530906,761.1693852968314,45.34692916301852,397.26257284639786,0.044443768996960474,0.21598784194528875,0.14404559270516717,0.1746048632218845,0.3222006079027356,32392.249240121582,42.8936170212766
2023-07-23,ASLT,372,122,69,0.3279569892473118,0.18548387096774194,2.3293331232540826,26.63432485987616,93.303952686156,764.8919932505104,45.96651641691059,386.2402860937175,0.05398924731182795,0.2501021505376344,0.1659758064516129,0.2079596774193548,0.349241935483871,25659.736559139787,53.895161290322584
2023-07-23,THFT,359,15,14,0.04178272980501393,0.03899721448467967,2.252993519353271,26.618101114559657,89.48059721878633,746.7417145508473,45.460937072314714,385.38066114705066,0.04715877437325904,0.2215292479108635,0.14765459610027853,0.18667130919220057,0.3266545961002785,30376.27019498607,45.030640668523674
2023-07-24,ASLT,363,118,55,0.325068870523416,0.15151515151515152,2.2199730139037426,26.613067804697184,92.91318968163677,784.3486357222339,46.08456040234553,397.50199477920495,0.05192011019283745,0.24709641873278237,0.16814600550964187,0.205,0.35142699724517906,26186.743801652894,53.878787878787875
2023-07-24,THFT,353,14,17,0.039660056657223795,0.04815864022662889,2.2594864020274463,26.548007977225435,90.14839151796275,742.7111590739482,45.49263820988554,381.3124344187634,0.04712464589235126,0.2277195467422096,0.14648158640226627,0.1858555240793201,0.3283796033994334,30593.235127478754,45.657223796033996
2023-07-25,ASLT,356,93,70,0.2612359550561798,0.19662921348314608,2.352286122910094,26.543717384758825,91.9339343445055,791.0274766957319,45.61453481327843,400.18196493009606,0.052685393258426944,0.25685393258426964,0.17170505617977527,0.20521067415730335,0.3537191011235955,24848.51404494382,54.63202247191011
2023-07-25,THFT,381,16,26,0.04199475065616798,0.06824146981627296,2.4092252567333614,26.428966162728702,87.1847889571635,755.9191530612462,44.978936419125624,397.71069117629423,0.04859317585301836,0.22401312335958,0.14883202099737533,0.18297375328083987,0.32818372703412074,30365.976377952757,45.110236220472444
2023-07-26,ASLT,353,112,64,0.31728045325779036,0.1813031161473088,2.3505116421870493,26.76212410106136,92.13046913508731,786.2736844134195,45.577666439491864,396.6023110634416,0.052059490084985824,0.2583824362606232,0.17653824362606232,0.20374787535410765,0.35747025495750706,24336.895184135978,55.934844192634564
2023-07-26,THFT,363,21,10,0.05785123966942149,0.027548209366391185,2.3388300178314125,27.011102166515215,88.77368556295549,766.5449854013896,45.37370955841622,396.6795222232647,0.047123966942148744,0.21929752066115699,0.14438842975206612,0.17971625344352615,0.3285702479338843,30889.495867768594,44.382920110192835
2023-07-27,ASLT,323,97,66,0.30030959752321984,0.2043343653250774,2.4039251685068876,26.432567186979387,95.14382241132122,776.4663877305146,46.426655023278194,391.2275598350418,0.0571517027863777,0.25473684210526315,0.17303715170278638,0.22128792569659442,0.35581733746130034,24116.25386996904,56.81733746130031
2023-07-27,THFT,382,15,22,0.03926701570680628,0.05759162303664921,2.340361894576257,26.785768443938117,86.00169332788249,744.147692258695,44.74187207267879,391.2561115778723,0.044154450261780095,0.21649738219895287,0.1424738219895288,0.17431413612565444,0.32109162303664923,31727.65706806283,42.26439790575916
2023-07-28,ASLT,329,103,66,0.3130699088145897,0.2006079027355623,2.247925446733723,26.832912786062664,90.4847117053533,796.0371432396329,45.17556423507614,403.1569975217586,0.053079027355623094,0.24459878419452888,0.16885106382978723,0.21303951367781157,0.3548419452887538,24615.495440729483,54.878419452887535
2023-07-28,THFT,388,12,22,0.030927835051546393,0.05670103092783505,2.3895127385997337,26.45839749767981,86.23711173282184,749.6679110504421,44.59637761362774,393.28954664644976,0.04413917525773194,0.22248969072164948,0.14678608247422678,0.17219072164948454,0.32501288659793814,31414.298969072166,42.81958762886598
2023-07-29,ASLT,370,130,64,0.35135135135135137,0.17297297297297298,2.2482306419249003,26.06650862930135,92.5159098727927,785.5793057304911,45.5647854200459,395.77175777619186,0.05336486486486485,0.2564621621621621,0.1754108108108108,0.21453513513513514,0.3544702702702703,24759.0,56.31351351351351
2023-07-29,THFT,318,15,16,0.04716981132075472,0.050314465408805034,2.160016558259976,26.275093667529937,84.4528762458245,724.2472350423119,44.26612963684345,381.52153345147764,0.04530188679245282,0.22221698113207544,0.14359748427672955,0.17433018867924527,0.315503144654088,33075.198113207545,42.5440251572327
2023-07-30,ASLT,442,159,76,0.3597285067873303,0.17194570135746606,2.333044081012979,26.285192398081236,91.91799561296516,779.8241869523137,45.38265732242435,393.98729722805655,0.05494117647058822,0.2588552036199095,0.17459049773755655,0.21488009049773754,0.3579298642533936,24804.45701357466,56.366515837104075
2023-07-30,THFT,345,19,19,0.05507246376811594,0.05507246376811594,2.1887214205002694,26.374075508125742,87.50714522879231,705.7068074607627,45.13771519614909,370.4256593781919,0.04331594202898549,0.2207942028985507,0.1413768115942029,0.16634782608695653,0.31808695652173913,33305.39710144928,41.46376811594203
2023-07-31,ASLT,356,115,58,0.32303370786516855,0.16292134831460675,2.2210298096888987,26.57182623856783,91.88022138170967,793.5058658684627,45.49075763549364,399.9921468659806,0.052797752808988754,0.2595084269662921,0.17719382022471908,0.21035955056179773,0.35820224719101124,24470.162921348314,56.56460674157304
2023-07-31,THFT,373,10,14,0.02680965147453083,0.03753351206434316,2.3588695226764846,26.480674587318262,87.84786658983568,747.8280126469878,45.347001400897064,393.15251797867586,0.044772117962466475,0.22390348525469167,0.14580965147453082,0.17842359249329756,0.3250643431635389,31254.300268096515,43.59517426273459
2023-08-01,ASLT,395,109,75,0.2759493670886076,0.189873417721519,2.3203267373578567,26.249634448726464,90.9812315718439,750.9487556610156,45.391869501634694,383.3780354768104,0.05290886075949366,0.2553772151898734,0.1697291139240506,0.2083392405063291,0.34740506329113924,25879.52405063291,54.51139240506329
2023-08-01,THFT,498,11,25,0.02208835341365462,0.050200803212851405,2.2839754345990246,26.39331466893202,85.82607298247675,727.354272873864,44.60159396149804,382.92716019699077,0.04505421686746987,0.21871887550200803,0.144714859437751,0.17556425702811246,0.321714859437751,32042.279116465863,42.82730923694779
2023-08-02,ASLT,381,92,68,0.24146981627296588,0.1784776902887139,2.250775598446945,26.570577755932156,89.33967497959095,748.6706648631205,45.222897549132824,384.8343369040737,0.04979790026246718,0.24558792650918632,0.16731496062992127,0.19472703412073492,0.3416561679790026,27142.17847769029,51.62992125984252
2023-08-02,THFT,388,11,17,0.028350515463917526,0.04381443298969072,2.32651652962627,26.499996963094446,88.33013175745496,739.2494581593845,45.1868957719649,383.31197313779387,0.04804123711340205,0.2273427835051546,0.14921391752577318,0.18323711340206186,0.32231701030927834,31572.518041237112,45.43556701030928
2023-08-03,ASLT,324,99,71,0.3055555555555556,0.2191358024691358,2.2641765386447834,26.790071651989308,92.64672020631953,755.944372858974,45.91104716385315,383.7120328581265,0.052058641975308635,0.2499074074074074,0.17424382716049383,0.20080246913580246,0.34952777777777777,25326.243827160495,54.07716049382716
2023-08-03,THFT,461,8,22,0.01735357917570499,0.04772234273318872,2.2757328244109534,25.946115768283242,84.54022803377073,726.0718453709223,44.70270057893775,385.4035755231618,0.042032537960954436,0.20741214750542297,0.12995444685466379,0.15823644251626898,0.29761171366594363,36192.258134490236,37.29501084598699
2023-08-04,ASLT,332,86,75,0.25903614457831325,0.22590361445783133,2.2776866637991335,26.02789772933639,92.16594807056399,788.8347687907593,45.810405706363596,400.2024410585548,0.05619879518072288,0.24859638554216865,0.16776506024096385,0.21724096385542166,0.35104518072289154,25455.180722891568,55.602409638554214
2023-08-04,THFT,511,14,18,0.0273972602739726,0.03522504892367906,2.3566368640443702,26.04802091889649,84.72636406673556,722.0750363817976,44.62579794073207,381.98662072969904,0.04132876712328766,0.20799217221135027,0.13513698630136986,0.15640313111545986,0.30018982387475535,36209.86105675147,38.01565557729941
2023-08-05,ASLT,349,108,71,0.30945558739255014,0.2034383954154728,2.203833537886313,26.397746032649305,94.3147110119161,758.6386767387636,46.47240943636154,384.1705577606347,0.056636103151862446,0.2523123209169055,0.16568481375358166,0.2181919770773639,0.34872492836676217,24875.893982808022,55.20057306590258
2023-08-05,THFT,442,13,12,0.029411764705882353,0.027149321266968326,2.3163833361804502,25.388197757831584,85.46233236123751,714.2272167829825,44.99327546769377,377.45000946322784,0.04346606334841628,0.2053076923076923,0.12925113122171944,0.15960633484162895,0.29257692307692307,37967.77375565611,37.39819004524887
2023-08-06,ASLT,363,119,56,0.3278236914600551,0.15426997245179064,2.4055583065904727,26.58690971634955,94.15401029198061,780.1664134685487,46.30868745106443,393.7382598854,0.056867768595041314,0.2472754820936639,0.16515702479338842,0.2171349862258953,0.35158953168044077,25429.575757575756,55.06611570247934
2023-08-06,THFT,389,12,31,0.030848329048843187,0.07969151670951156,2.195967240556281,26.102830396319764,90.13232163627421,707.0745334721959,45.900356438992624,368.59619579074626,0.04756812339331619,0.21291002570694084,0.13333933161953726,0.17739845758354755,0.30794858611825193,34640.53727506427,41.36760925449872
2023-08-07,ASLT,348,104,68,0.2988505747126437,0.19540229885057472,2.411392908905831,26.652377654059496,92.86099500589033,795.961236727654,46.058755165883646,402.819669890021,0.05046264367816091,0.24657758620689654,0.16878735632183905,0.2019971264367816,0.34799137931034485,26142.89367816092,53.089080459770116
2023-08-07,THFT,404,13,19,0.03217821782178218,0.04702970297029703,2.350465978515482,27.349024339583984,86.82098364090449,759.8202475248745,44.975225524399484,398.6093112617936,0.04718069306930691,0.21275247524752475,0.14243811881188118,0.18232920792079207,0.3306658415841584,29807.420792079207,43.75247524752475
2023-08-08,ASLT,332,101,62,0.3042168674698795,0.18674698795180722,2.430924161181938,26.932467417424625,93.38967458184567,786.7312568324711,46.05330698949406,397.5010265059304,0.049355421686746975,0.24803012048192769,0.16808433734939757,0.19633433734939756,0.35174999999999995,25932.698795180724,52.6355421686747
2023-08-08,THFT,393,9,21,0.022900763358778626,0.05343511450381679,2.2239212080346604,26.2833653241326,86.66039622357175,719.3541415911282,44.797325872547155,378.44120045488495,0.04540712468193383,0.21834605597964377,0.1394860050890585,0.1742213740458015,0.3165674300254453,32961.96437659033,41.717557251908396
2023-08-09,ASLT,335,95,68,0.2835820895522388,0.20298507462686566,2.286355298045224,26.65326739935956,91.64578618231792,756.500187848245,45.59860521930756,385.8823041269418,0.05378805970149252,0.2573194029850746,0.1782,0.2082507462686567,0.3547313432835821,24085.14328358209,56.15223880597015
2023-08-09,THFT,366,10,16,0.0273224043715847,0.04371584699453552,2.271919869387449,26.545239571050253,87.19780281239316,737.8157264935949,45.06466453053402,386.41315665992,0.04500819672131146,0.21439890710382514,0.13901366120218578,0.17177868852459016,0.3143606557377049,33207.7131147541,41.704918032786885
2023-08-10,ASLT,329,101,59,0.3069908814589666,0.17933130699088146,2.114802012994128,26.533251845142246,93.38831904805552,762.3221974071824,45.855246124795016,385.5862936491173,0.052756838905775066,0.25488145896656533,0.17648936170212765,0.2078905775075988,0.3577142857142857,24653.191489361703,55.671732522796354
2023-08-10,THFT,372,8,14,0.021505376344086023,0.03763440860215054,2.3336693833077833,26.82159003270225,88.74380887940576,739.7263217875758,45.23655773147602,383.20541082236963,0.04854032258064515,0.22404569892473117,0.1490564516129032,0.18394623655913978,0.3259354838709677,29971.38172043011,45.115591397849464
2023-08-11,ASLT,342,99,52,0.2894736842105263,0.15204678362573099,2.2047548159463606,26.394084693346688,94.03438291583714,775.8801320382,46.06806456110165,388.8617714728158,0.05741520467836256,0.25080701754385964,0.17021929824561402,0.22007894736842104,0.35302923976608186,25365.263157894737,56.04093567251462
2023-08-11,THFT,371,14,14,0.03773584905660377,0.03773584905660377,2.39636246580661,26.51829620578931,87.14362590492308,791.4187172850117,44.81196891565203,409.8224280739243,0.047730458221024244,0.22117250673854447,0.14992722371967654,0.1863908355795148,0.3258194070080862,30262.78436657682,45.0188679245283
2023-08-12,ASLT,394,121,68,0.30710659898477155,0.17258883248730963,2.245361283010616,26.53598365046539,87.33806237902874,758.7091462448514,44.50882530005065,391.97410483241543,0.051200507614213187,0.25056345177664974,0.17029187817258884,0.20215989847715735,0.34856345177664977,26435.67766497462,53.43908629441624
2023-08-12,THFT,391,10,18,0.02557544757033248,0.04603580562659847,2.166608318302962,25.967337150203264,88.49556667073051,734.0086595051986,45.371553066222255,382.8882801827624,0.0458158567774936,0.21523273657289,0.13885421994884908,0.17210485933503833,0.31167263427109976,35281.913043478264,41.02046035805627
2023-08-13,ASLT,435,137,77,0.31494252873563217,0.17701149425287357,2.270315165414607,26.333384162950328,92.8613762023434,760.2220532670823,45.90911751541411,385.67233511682304,0.054193103448275846,0.24650114942528734,0.17180459770114942,0.21280689655172413,0.35154942528735633,25414.701149425287,55.255172413793105
2023-08-13,THFT,359,13,17,0.036211699164345405,0.04735376044568245,2.211973597506909,26.523428922546458,88.04615550405416,751.4723057668167,45.314957846035384,393.075493017405,0.04476323119777158,0.21003064066852367,0.14098050139275764,0.17560724233983288,0.3190863509749303,32903.10584958217,41.54596100278552
2023-08-14,ASLT,303,97,42,0.3201320132013201,0.13861386138613863,2.4055571078741984,26.44142121452413,91.52295591975033,768.9026990590053,45.52275319941534,390.1633539493706,0.05252145214521451,0.2559240924092409,0.17597359735973597,0.20430363036303628,0.350973597359736,25363.336633663366,54.76567656765677
2023-08-14,THFT,326,10,26,0.03067484662576687,0.07975460122699386,2.4342194995183744,26.550873134304897,85.48359727747055,739.5865242847148,44.36481141754078,388.85780857982974,0.047018404907975445,0.22591717791411042,0.15038957055214722,0.18155828220858894,0.3224018404907975,30157.174846625767,44.67791411042945
2023-08-15,ASLT,324,90,72,0.2777777777777778,0.2222222222222222,2.2172062525818603,26.411582090035,92.25757696209126,751.4383745556935,45.71340494679273,381.7841150578719,0.05141666666666665,0.2546851851851852,0.1760185185185185,0.20383333333333334,0.3568117283950617,24623.021604938273,55.40432098765432
2023-08-15,THFT,341,5,28,0.01466275659824047,0.08211143695014662,2.4774851158629505,26.85630673776904,86.9151939259975,765.0567512739663,44.83334731720708,399.5161033910507,0.04495601173020527,0.22196187683284455,0.15163929618768326,0.17582697947214077,0.32785923753665686,30295.826979472142,44.48680351906158
2023-08-16,ASLT,332,104,58,0.3132530120481928,0.1746987951807229,2.1837543646582644,26.390687929039043,92.16635394822622,759.390642077928,45.428864448327126,383.8068765658503,0.0561867469879518,0.25608433734939756,0.1758734939759036,0.21371987951807228,0.3575933734939759,23807.38253012048,56.90963855421687
2023-08-16,THFT,398,11,19,0.02763819095477387,0.04773869346733668,2.284398822495786,26.026729526550234,86.66852476345684,749.7280717317142,44.57191029583156,390.81043230408545,0.04526633165829144,0.21962562814070352,0.14186180904522613,0.17750502512562813,0.31881909547738696,32096.467336683418,42.57286432160804
2023-08-17,ASLT,319,96,68,0.30094043887147337,0.21316614420062696,2.382420755328654,26.922693835182002,90.627621766738,782.3879651060383,45.28914874333405,397.13785875302506,0.055836990595611265,0.2553197492163009,0.16939184952978054,0.2137492163009404,0.35626018808777427,24276.526645768026,56.040752351097176
2023-08-17,THFT,419,12,29,0.028639618138424822,0.06921241050119331,2.2364244472347896,26.48531366153588,84.92436878584554,724.0977042077683,44.209856526674834,381.0932406616183,0.04539856801909307,0.2239904534606205,0.144708830548926,0.17308591885441527,0.3204272076372315,31674.59188544153,42.67064439140812
2023-08-18,ASLT,318,96,51,0.3018867924528302,0.16037735849056603,2.4489729326183896,26.66649378625028,92.7444495583734,780.4927885853912,45.80664713967398,392.83130709061857,0.05185534591194967,0.25858490566037734,0.17339937106918238,0.20521698113207548,0.3541698113207547,25530.51257861635,54.89622641509434
2023-08-18,THFT,372,9,17,0.024193548387096774,0.0456989247311828,2.3435620277752878,26.244073164777312,89.68746247735527,765.3027816642804,45.52283749945608,395.0333799975094,0.047166666666666655,0.21894086021505377,0.14283064516129032,0.18059408602150537,0.31793279569892474,33260.45698924731,43.505376344086024
2023-08-19,ASLT,405,126,65,0.3111111111111111,0.16049382716049382,2.3985614592044495,26.37622012179161,93.00178315364718,788.9073608939447,45.83004434895351,397.3034445930733,0.05662222222222221,0.2455654320987654,0.16957777777777777,0.21761234567901233,0.35358765432098765,24959.293827160494,55.46666666666667
2023-08-19,THFT,366,17,22,0.04644808743169399,0.060109289617486336,2.2944442129780396,26.2210925077485,85.1421383628854,744.1265322113401,44.43431871475194,392.2626595158123,0.043338797814207644,0.21946174863387977,0.14427595628415302,0.1750655737704918,0.32116120218579236,32998.215846994535,42.814207650273225
2023-08-20,ASLT,366,128,68,0.34972677595628415,0.18579234972677597,2.291543791924877,26.49016555926158,91.62873730053795,789.7791519431873,45.598991360991484,400.7512549714112,0.058032786885245886,0.2501502732240437,0.16669398907103825,0.2193743169398907,0.3490464480874317,25315.120218579235,55.42622950819672
2023-08-20,THFT,392,14,16,0.03571428571428571,0.04081632653061224,2.328996583060858,26.666395918720063,88.86936261774063,768.0416903251358,45.659712823921296,401.05214488904596,0.04976020408163265,0.20814540816326527,0.13499489795918368,0.18696938775510205,0.3159642857142857,32215.676020408162,42.03826530612245
2023-08-21,ASLT,363,106,61,0.29201101928374656,0.16804407713498623,2.195034619897047,26.484415010750112,92.36845975062205,771.5018713910155,45.8080992428371,391.02996736599755,0.05158677685950412,0.25004683195592287,0.17170798898071624,0.20782644628099176,0.3525785123966942,24908.798898071625,54.391184573002754
2023-08-21,THFT,316,13,24,0.04113924050632911,0.0759493670886076,2.345104415131255,26.574896014368882,88.40763986875578,752.6675118494335,45.28074810325181,391.49619443170695,0.04401265822784809,0.21323417721518984,0.14056962025316455,0.17343354430379745,0.31755379746835444,31992.96518987342,41.95253164556962
2023-08-22,ASLT,350,105,72,0.3,0.2057142857142857,2.295978004795911,26.76567144821417,92.93003400029463,759.8797717549123,45.69934025145411,382.6761615506417,0.05583142857142856,0.25978285714285715,0.17626,0.21584,0.35858,23227.49142857143,56.88
2023-08-22,THFT,343,10,20,0.029154518950437316,0.05830903790087463,2.1773636275105046,26.624502625813946,87.2574348049407,720.4513883425863,45.0081266436256,379.9126842970738,0.045591836734693865,0.21910204081632653,0.14142857142857143,0.17651020408163265,0.3183206997084548,31755.539358600585,42.45481049562682
2023-08-23,ASLT,333,107,66,0.3213213213213213,0.1981981981981982,2.2838248978052293,26.863048772824673,91.38253348612673,767.8070669240885,45.36801860929558,389.75799489865886,0.056015015015015,0.25496696696696697,0.16975675675675675,0.21131831831831832,0.3531081081081081,24827.66966966967,55.32132132132132
2023-08-23,THFT,315,9,18,0.02857142857142857,0.05714285714285714,2.1480093706004935,26.361351821964114,86.61176024214613,733.4072674353007,44.7843339465474,385.50358020449175,0.04519682539682539,0.21515238095238093,0.13606349206349205,0.17542539682539682,0.31198095238095236,32676.431746031747,40.87301587301587
2023-08-24,ASLT,359,93,53,0.2590529247910863,0.14763231197771587,2.3701437600558175,26.98689993044787,93.13359674541177,765.0370556503361,46.016525422492606,387.2717560337,0.05207520891364901,0.2535487465181058,0.17433983286908075,0.20321727019498606,0.3521559888579387,24641.69359331476,54.8857938718663
2023-08-24,THFT,354,11,23,0.031073446327683617,0.06497175141242938,2.196183324834833,26.25947554407623,87.98055883598633,727.7776921715788,45.04623066485975,378.8368273012376,0.04608757062146891,0.22034745762711863,0.13771751412429378,0.1735593220338983,0.31136440677966104,32944.68926553673,41.98587570621469
2023-08-25,ASLT,397,114,59,0.2871536523929471,0.1486146095717884,2.155852035959491,26.131865291620993,92.27457430228775,784.0532079502418,45.53817118558081,395.3693439984524,0.05502015113350124,0.25790680100755664,0.17839294710327458,0.21903274559193953,0.35717380352644834,24208.027707808564,57.58942065491184
2023-08-25,THFT,402,16,30,0.03980099502487562,0.07462686567164178,2.2938991417000545,26.63582551502172,86.9342652131017,763.939287612205,44.97423168218259,399.1047989784532,0.04834079601990049,0.20656467661691544,0.13582338308457712,0.18083830845771146,0.3159651741293532,32931.661691542286,41.38805970149254
2023-08-26,ASLT,436,131,73,0.30045871559633025,0.16743119266055045,2.180670355483924,26.35345799590984,91.40522559748385,760.1138707181158,45.47415101879804,386.48407672894245,0.052915137614678885,0.24722935779816513,0.16669495412844038,0.20161009174311928,0.34431880733944953,26301.674311926607,53.06192660550459
2023-08-26,THFT,357,6,21,0.01680672268907563,0.058823529411764705,2.2799619296360816,26.397690272338725,86.4480993681566,725.9112359618017,44.81784595650413,381.6867290049523,0.044112044817927167,0.21455182072829132,0.1408347338935574,0.17231092436974788,0.31329131652661063,33494.162464985995,40.68347338935574
2023-08-27,ASLT,384,139,77,0.3619791666666667,0.20052083333333334,2.217257730276614,26.680604476764206,91.19457642083205,757.8406166161399,45.365033791152996,384.8834959975172,0.055429687499999984,0.2545052083333333,0.17069010416666666,0.2077630208333333,0.3534661458333333,25387.184895833332,55.135416666666664
2023-08-27,THFT,339,16,17,0.0471976401179941,0.05014749262536873,2.284875387966393,26.07096161228076,89.36927030750303,733.6775068860567,45.646224098572915,381.42002042815454,0.048153392330383474,0.21718289085545722,0.13738643067846606,0.18168731563421828,0.31283480825958704,33306.8790560472,41.92035398230089
2023-08-28,ASLT,321,89,62,0.2772585669781931,0.19314641744548286,2.1655031664913005,26.470953995461095,92.59708023310624,764.9438097287841,45.57242504101583,384.22768459885793,0.05880062305295949,0.26042056074766357,0.17371028037383177,0.21892523364485977,0.3558971962616822,25119.45171339564,57.38006230529595
2023-08-28,THFT,355,13,22,0.036619718309859155,0.061971830985915494,2.410584906475263,26.815538093533505,85.5209833824425,760.154862877993,44.4264854679563,397.42632824262927,0.04530704225352111,0.22059718309859155,0.14323098591549294,0.17214366197183098,0.3202197183098591,31276.138028169014,42.563380281690144
2023-08-29,ASLT,345,101,71,0.2927536231884058,0.20579710144927535,2.373200529959016,27.10027727394235,90.26382560588293,754.5115661540675,45.155615984493906,384.64153468968806,0.04926376811594201,0.2540927536231884,0.17303768115942028,0.19630434782608694,0.3499710144927536,25557.38260869565,53.66086956521739
2023-08-29,THFT,365,16,22,0.043835616438356165,0.06027397260273973,2.3273997049899737,26.880811610447683,88.60517176393701,759.5402535005203,45.32790237502723,393.926843620263,0.04824657534246574,0.2126054794520548,0.14052054794520547,0.18045205479452053,0.3217972602739726,31740.77808219178,42.68493150684932
2023-08-30,ASLT,341,107,77,0.31378299120234604,0.22580645161290322,2.429775527753856,26.482003973464224,89.45933479000236,793.3162884596202,45.02798699686217,405.1176835580158,0.05126979472140761,0.25315249266862166,0.1736539589442815,0.20098533724340176,0.35084750733137826,25470.27565982405,53.66275659824047
2023-08-30,THFT,385,12,22,0.03116883116883117,0.05714285714285714,2.230083055941263,26.340601316359752,84.27982055912662,716.7891549489307,44.3132929035367,380.9004169718486,0.04646753246753246,0.20967532467532465,0.1308363636363636,0.17049090909090908,0.3076831168831169,33750.753246753244,39.46233766233766
2023-08-31,ASLT,326,100,69,0.3067484662576687,0.2116564417177914,2.2463064845473104,26.516935392634192,90.36696663648245,777.5601395594009,45.277587715836255,396.4960089497411,0.049411042944785266,0.249180981595092,0.17190490797546013,0.1990521472392638,0.3518895705521472,25861.613496932514,53.21165644171779
2023-08-31,THFT,360,9,16,0.025,0.044444444444444446,2.35016484499497,26.46885277249327,86.39643251000228,759.4675989066109,44.5908762621331,394.2671485181127,0.046591666666666656,0.2187972222222222,0.1433361111111111,0.1823138888888889,0.3171361111111111,31189.633333333335,43.42777777777778
2023-09-01,ASLT,366,104,64,0.28415300546448086,0.17486338797814208,2.32590404020395,26.708289901732503,92.0775201738582,788.8929265946814,45.67418167361017,397.8788330530678,0.05762841530054644,0.2556120218579235,0.17258196721311475,0.2224016393442623,0.35603278688524587,23585.17213114754,56.939890710382514
2023-09-01,THFT,497,19,34,0.03822937625754527,0.06841046277665996,2.3119107393675775,26.548411216604677,88.05207162642738,760.3305400998304,44.97140097768969,393.1890504115272,0.04835814889336015,0.21595573440643862,0.14090945674044264,0.1838953722334004,0.32308450704225355,31070.368209255532,43.629778672032195
2023-09-02,ASLT,379,108,94,0.2849604221635884,0.24802110817941952,2.2998540820593294,26.395349458820807,93.6407981235889,753.0813333796434,46.14444579698669,380.52232451236205,0.05422427440633244,0.2598021108179419,0.1723007915567282,0.21236939313984168,0.35150923482849605,25041.055408970977,55.8311345646438
2023-09-02,THFT,404,8,24,0.019801980198019802,0.0594059405940594,2.1156465739442925,25.994875227880243,84.36160542220799,755.7304746037964,44.40522063799239,399.9275929506008,0.044356435643564354,0.20886633663366333,0.13343069306930694,0.1687178217821782,0.30277227722772276,35262.10643564357,38.618811881188115
2023-09-03,ASLT,411,137,84,0.3333333333333333,0.20437956204379562,2.261338831114768,25.97999840913733,95.06638394247632,754.2902474540572,46.324979943517725,380.30756162026057,0.058739659367396585,0.2591289537712895,0.17586618004866178,0.2236131386861314,0.35706326034063257,23980.20924574209,57.97080291970803
2023-09-03,THFT,367,16,24,0.043596730245231606,0.0653950953678474,2.261067076551122,26.002704146314976,83.73773606177768,711.2945494797164,44.06213277639659,379.33799541861333,0.041531335149863756,0.2149891008174387,0.14356130790190735,0.16029155313351498,0.3115340599455041,35106.555858310625,40.16893732970027
2023-09-04,ASLT,391,129,71,0.329923273657289,0.1815856777493606,2.1979063654346835,26.859060342947025,90.87915027283584,748.5440479808179,45.421440213386944,382.3478731728038,0.05238107416879794,0.25036828644501274,0.16751150895140665,0.2026393861892583,0.3487979539641944,25978.77749360614,52.969309462915604
2023-09-04,THFT,323,18,15,0.05572755417956656,0.04643962848297214,2.322550268475483,26.257524660633727,85.07251666461174,727.0893151035666,44.329381413099206,382.51548713341396,0.04583900928792568,0.21762848297213622,0.1390061919504644,0.17207430340557275,0.3144829721362229,32928.21671826625,41.362229102167184
2023-09-05,ASLT,394,109,72,0.2766497461928934,0.18274111675126903,2.331414146445819,26.242031259943154,88.59270490101642,755.5053537998439,44.52256415299232,385.8280709711294,0.05236294416243653,0.25168274111675126,0.16886040609137054,0.20668527918781726,0.3496395939086295,25637.814720812185,53.984771573604064
2023-09-05,THFT,397,15,20,0.037783375314861464,0.05037783375314862,2.3794812495730624,26.61017701215614,85.48928406883674,765.3305130708303,44.537698244454205,401.02179825096016,0.04809068010075566,0.21451637279596977,0.13764735516372795,0.181367758186398,0.3162367758186398,31446.027707808564,42.050377833753146
2023-09-06,ASLT,343,109,60,0.3177842565597668,0.1749271137026239,2.402444957678373,27.23488485345946,90.02070673762293,778.0537425087125,45.245238080664556,398.78605004228865,0.04929154518950436,0.24441690962099125,0.1650932944606414,0.19715160349854224,0.3505014577259475,25841.139941690963,51.90962099125365
2023-09-06,THFT,344,14,27,0.040697674418604654,0.07848837209302326,2.2682906519889583,27.24393122735859,84.23972753744016,739.8664944264311,44.05852110805322,390.4044308504701,0.045723837209302315,0.2171220930232558,0.14143895348837207,0.17886046511627907,0.32661046511627906,30330.07848837209,43.16279069767442
2023-09-07,ASLT,345,101,58,0.2927536231884058,0.1681159420289855,2.2929644261994326,26.872983844539966,92.52660226316907,774.0912768099533,45.74900934013534,391.4554268888203,0.05739999999999999,0.25233623188405796,0.17232173913043478,0.21564927536231884,0.35307246376811596,24095.69855072464,55.82898550724638
2023-09-07,THFT,360,17,22,0.04722222222222222,0.06111111111111111,2.1575848756457217,26.411883842598552,87.14756339161411,741.130137668059,45.089475248861625,388.5735215837903,0.04598333333333332,0.2236722222222222,0.14558888888888888,0.17793611111111113,0.3208,30552.78888888889,44.25277777777778
2023-09-08,ASLT,336,101,59,0.3005952380952381,0.17559523809523808,2.3405107952256707,26.93379793455941,90.05673811421539,766.5826872081603,45.046318540816316,390.39241233397115,0.051991071428571414,0.2521160714285714,0.17167857142857143,0.20886011904761903,0.35416369047619045,24212.416666666668,54.651785714285715
2023-09-08,THFT,356,16,26,0.0449438202247191,0.07303370786516854,2.278164861890563,26.399498248631282,89.49977161333358,747.0006768191547,45.64140028416608,389.2800360924489,0.04803932584269662,0.21771629213483143,0.14094943820224717,0.18342977528089888,0.3194269662921348,32141.29775280899,43.491573033707866
2023-09-09,ASLT,371,122,55,0.3288409703504043,0.14824797843665768,2.228685216229289,26.209810760847155,89.26806747293485,763.5611610599482,44.622953855897784,387.32745568180997,0.05466037735849055,0.2527762803234501,0.1677654986522911,0.21238005390835576,0.349188679245283,25318.78436657682,54.870619946091644
2023-09-09,THFT,350,12,14,0.03428571428571429,0.04,2.2298810400316693,26.367722654280545,87.33589503722204,736.263978494458,45.11326146123046,382.94298070843655,0.04048571428571428,0.2099,0.13691142857142857,0.15964285714285714,0.3123457142857143,35471.025714285715,38.96
2023-09-10,ASLT,363,132,58,0.36363636363636365,0.15977961432506887,2.2666094554280316,26.853095800814426,94.1881592962996,788.108031535554,46.3179950096318,397.19751680732645,0.05519283746556473,0.23833608815426996,0.16372727272727272,0.21383746556473826,0.34684848484848485,25816.45730027548,53.40220385674931
2023-09-10,THFT,312,13,8,0.041666666666666664,0.02564102564102564,2.2418257923551486,26.82584113541282,87.77803597965908,752.4351218691179,45.069384936533325,389.39563878160095,0.04564743589743589,0.21175000000000002,0.1373621794871795,0.17346474358974356,0.3148333333333333,32914.71153846154,41.25320512820513
2023-09-11,ASLT,301,96,46,0.31893687707641194,0.15282392026578073,2.3434944996870617,26.928716307034293,89.441661414421,767.3634559226059,45.002091151889935,392.34832714270726,0.05076079734219268,0.24499335548172757,0.1690498338870432,0.2011794019933555,0.3519933554817276,25254.378737541527,53.17275747508306
2023-09-11,THFT,326,7,14,0.02147239263803681,0.04294478527607362,2.2886716011945376,26.145695127460847,84.66279808076123,748.6970151369288,44.30175775218856,394.22231756777114,0.04439263803680981,0.21976380368098158,0.14154294478527604,0.16907668711656443,0.3138680981595092,33186.34049079755,41.193251533742334
2023-09-12,ASLT,274,79,52,0.28832116788321166,0.1897810218978102,2.347051228675021,26.832448230927803,92.39714195310704,766.235726701789,45.94609774157445,390.71047267615876,0.04783211678832116,0.24156204379562043,0.1687956204379562,0.19510948905109488,0.3490766423357664,26703.080291970804,52.00729927007299
2023-09-12,THFT,299,7,20,0.023411371237458192,0.06688963210702341,2.424753291057098,26.749013032044296,88.9539353936681,769.5409379289669,45.41271629402077,398.5344935266806,0.04831772575250835,0.21604347826086956,0.1437056856187291,0.180123745819398,0.3237959866220736,30496.3110367893,43.792642140468224
2023-09-13,ASLT,312,95,49,0.30448717948717946,0.15705128205128205,2.2964677389338473,26.872278304745862,93.64571078833967,784.2908258373144,46.07119546843107,394.88693280264295,0.05660897435897434,0.25275961538461533,0.17216346153846152,0.2166538461538461,0.35876923076923073,23912.76923076923,56.5224358974359
2023-09-13,THFT,344,10,21,0.029069767441860465,0.061046511627906974,2.2063945912177476,27.69926194172844,84.69841323431336,758.6283862145375,44.56891531604348,400.3911676446474,0.044877906976744174,0.21516279069767438,0.14100290697674417,0.1751860465116279,0.32351162790697674,30939.857558139534,42.7906976744186
2023-09-14,ASLT,282,77,49,0.2730496453900709,0.17375886524822695,2.2622140951808647,26.533320455654387,89.67465079644951,765.3654959399429,44.89054896164176,389.6409176737801,0.054393617021276576,0.2548262411347517,0.1744822695035461,0.21138297872340425,0.3484113475177305,24564.35460992908,55.11347517730496
2023-09-14,THFT,338,5,17,0.014792899408284023,0.05029585798816568,2.1398222382939482,26.40499655579767,88.31746648155575,726.6905982101364,45.36706228215323,382.8189835049086,0.04584023668639052,0.22260059171597635,0.14804437869822484,0.17351775147928994,0.32036982248520707,32140.77218934911,43.248520710059175
2023-09-15,ASLT,392,108,79,0.2755102040816326,0.20153061224489796,2.2634357875461335,26.29604671439178,90.50954884930697,776.4944757203988,45.1929073554969,394.65775387724284,0.058354591836734686,0.25003826530612244,0.16961989795918367,0.22500510204081633,0.3527908163265306,24661.553571428572,56.34438775510204
2023-09-15,THFT,387,13,18,0.03359173126614987,0.046511627906976744,2.2697512590489257,26.078700785130238,87.03140244899727,755.9011755303312,45.10060382324862,396.0278991716755,0.048759689922480615,0.2137002583979328,0.13751679586563306,0.18076227390180877,0.31326614987080104,33673.52196382429,41.594315245478036
2023-09-16,ASLT,368,106,72,0.28804347826086957,0.1956521739130435,2.1811525483683916,25.793618286231943,92.00563618987199,762.529719263063,45.553345971141745,386.4854734804424,0.06054347826086956,0.24013315217391304,0.1644375,0.23273641304347822,0.3451195652173913,24852.021739130436,55.62771739130435
2023-09-16,THFT,331,6,22,0.01812688821752266,0.06646525679758308,2.298459777657684,26.147634689601645,88.0013273167964,765.3766133922794,44.869489187083,393.94427224965165,0.047984894259818715,0.22931419939577036,0.15314199395770392,0.18266767371601209,0.3295226586102719,31271.027190332326,45.92447129909365
2023-09-17,ASLT,410,132,81,0.32195121951219513,0.1975609756097561,2.2831935613673178,26.42915941310454,93.13409780359017,798.9815494167585,46.162097738676586,404.8634797532183,0.05466341463414633,0.24200243902439023,0.1620780487804878,0.21489024390243902,0.3475536585365853,26742.658536585364,53.514634146341464
2023-09-17,THFT,345,21,16,0.06086956521739131,0.0463768115942029,2.1387092349674304,26.2924438563183,87.55992417653617,731.9263550576542,44.93817045013369,380.07122789085446,0.048594202898550716,0.22236521739130433,0.14234202898550724,0.1815014492753623,0.3206289855072464,32271.182608695653,43.87246376811594
2023-09-18,ASLT,332,110,60,0.3313253012048193,0.18072289156626506,2.2602266171640046,26.34807500582498,94.21865482745534,772.5949393277933,45.94382979778734,386.9593027671879,0.0543734939759036,0.261683734939759,0.1846656626506024,0.2163644578313253,0.3623222891566265,23273.23795180723,58.37048192771084
2023-09-18,THFT,341,12,25,0.03519061583577713,0.07331378299120235,2.244990600268524,26.811502175349723,87.08029305642641,748.1733014851161,44.823318090361305,389.28627868347365,0.0454457478005865,0.21872140762463343,0.14839296187683285,0.17821700879765395,0.3223577712609971,31375.25513196481,43.81524926686217
2023-09-19,ASLT,284,84,48,0.29577464788732394,0.16901408450704225,2.179089720253612,26.45407607962011,96.23348381146344,758.3513885873887,46.87144123036156,381.60625147822674,0.05924647887323942,0.26074647887323943,0.17444366197183098,0.225806338028169,0.3584401408450704,22685.563380281692,58.83450704225352
2023-09-19,THFT,317,9,20,0.028391167192429023,0.06309148264984227,2.2848751346574083,26.472757288864877,87.82131902092448,753.5427290864136,45.41301173281718,395.4508893070139,0.048634069400630905,0.2166908517350158,0.1450694006309148,0.1822776025236593,0.3214132492113565,31306.034700315457,44.11356466876972
2023-09-20,ASLT,345,98,56,0.28405797101449276,0.16231884057971013,2.231999609937824,26.91477824657321,91.92273367901258,745.9565972961733,45.776995424703514,381.03820790987186,0.05193333333333332,0.2508492753623188,0.1671246376811594,0.20319420289855072,0.3503971014492754,25303.446376811593,53.92173913043478
2023-09-20,THFT,400,16,28,0.04,0.07,2.358914527271119,26.747095698877228,86.88172704143784,751.1828800511518,44.691710502741564,391.33290841241126,0.04918749999999998,0.2288025,0.14986249999999998,0.1863,0.3284025,30007.495,46.655
2023-09-21,ASLT,321,87,58,0.27102803738317754,0.1806853582554517,2.117632597095217,26.612548100265744,91.28022409899184,751.2988899778866,45.3685513279466,381.1187021108464,0.053311526479750765,0.2501214953271028,0.17498753894080996,0.20435202492211837,0.35011526479750776,24991.778816199378,54.90342679127726
2023-09-21,THFT,366,4,26,0.01092896174863388,0.07103825136612021,2.350014291333642,27.031864418062934,86.7078267317542,759.5996172905027,44.87386100879046,400.4634383425604,0.045491803278688514,0.2142814207650273,0.1423934426229508,0.1732622950819672,0.320775956284153,30736.23224043716,42.30874316939891
2023-09-22,ASLT,308,82,56,0.2662337662337662,0.18181818181818182,2.295263108482147,26.672098207074598,91.16794962980593,782.3130727480857,45.1278945130224,393.7128225763821,0.05423701298701297,0.2605941558441558,0.1765974025974026,0.2094285714285714,0.3586233766233766,23876.80844155844,57.035714285714285
2023-09-22,THFT,392,8,18,0.02040816326530612,0.04591836734693878,2.2585207630061648,26.612352609177137,87.07383135432349,764.1976832609245,44.71178228418873,395.03781048140587,0.04751020408163264,0.22441071428571427,0.14623214285714284,0.18273724489795917,0.3268979591836735,30707.686224489797,45.267857142857146
2023-09-23,ASLT,375,112,58,0.2986666666666667,0.15466666666666667,2.1787468762811395,26.19220983775775,92.91887549390528,782.6145273773727,45.893148382433914,393.48710996982186,0.05400266666666666,0.2500613333333333,0.16878666666666664,0.20734399999999997,0.3477706666666666,26702.226666666666,54.12266666666667
2023-09-23,THFT,391,9,16,0.023017902813299233,0.04092071611253197,2.2848346690610657,26.419871386846438,87.31412351666211,739.5297196681836,44.98470975201815,385.38593582253094,0.04415601023017901,0.21368030690537082,0.13905882352941173,0.17392583120204602,0.3170664961636829,33048.93350383632,41.00255754475703
2023-09-24,ASLT,405,130,64,0.32098765432098764,0.1580246913580247,2.279590474461315,26.20560686980091,93.20207329746374,760.6557482748642,45.84139737760786,385.44105989448394,0.05618518518518517,0.24924197530864198,0.16843950617283948,0.21494074074074074,0.34849876543209873,25179.086419753086,55.24938271604938
2023-09-24,THFT,370,11,13,0.02972972972972973,0.03513513513513514,2.2145392109104947,26.09498893468019,88.1757836280327,727.0992556332942,44.90550595209573,374.61689303177434,0.04794864864864864,0.22761891891891892,0.14658648648648648,0.18025135135135134,0.3208837837837838,32005.272972972973,44.537837837837834
2023-09-25,ASLT,313,87,63,0.2779552715654952,0.2012779552715655,2.35050251168126,26.616155460867766,92.54010923588055,792.8347533115365,45.79177703499736,397.5385846158023,0.05476038338658146,0.25224920127795525,0.16859744408945684,0.20748562300319487,0.3564728434504792,25482.961661341855,54.72523961661342
2023-09-25,THFT,373,12,20,0.032171581769437,0.05361930294906166,2.376349433705617,26.393809632314202,86.36472136814723,759.8562355233148,44.404549135621984,394.1771834500284,0.04913404825737264,0.22395174262734582,0.14581501340482572,0.19053351206434316,0.32801340482573726,29477.24128686327,46.41286863270778
2023-09-26,ASLT,330,95,58,0.2878787878787879,0.17575757575757575,2.2266865933781554,26.293756314316223,92.39115785435865,743.6505406608024,45.50896469527031,376.3583141519309,0.05844545454545453,0.26034545454545455,0.17332727272727272,0.21717272727272727,0.3537272727272727,23838.724242424243,57.415151515151514
2023-09-26,THFT,394,11,21,0.027918781725888325,0.0532994923857868,2.2363942203240352,26.40999831734141,88.39907252644394,759.5157057757488,45.2527480540827,394.4766117678548,0.050799492385786786,0.22440609137055836,0.14496700507614213,0.1884060913705584,0.3263680203045685,30669.149746192892,45.65228426395939
2023-09-27,ASLT,327,86,63,0.26299694189602446,0.1926605504587156,2.241424601148428,26.567795064656064,94.36119575291733,771.5489678132067,46.05607347023237,386.9115504044168,0.051697247706422,0.25785932721712534,0.17463302752293577,0.20472477064220182,0.35453822629969417,24923.5749235474,55.33639143730887
2023-09-27,THFT,352,11,15,0.03125,0.04261363636363636,2.340018121598799,26.23951617214,87.9505707221976,738.6406664034184,45.17399804108417,384.7970904784037,0.046829545454545436,0.21771022727272726,0.14071022727272725,0.18257954545454547,0.31745738636363635,31431.034090909092,43.0625
2023-09-28,ASLT,317,87,64,0.2744479495268139,0.20189274447949526,2.2439679011890856,26.841303012835386,92.84344868910974,797.6480454694903,45.62588819680623,399.93215140287316,0.05467823343848579,0.25828706624605674,0.17894637223974763,0.2132681388012618,0.36331545741324917,23502.675078864355,57.429022082018925
2023-09-28,THFT,359,10,21,0.027855153203342618,0.0584958217270195,2.340138836189436,26.914670690933445,87.78835167944553,752.9690781223297,44.95877192343988,390.9452855610897,0.04951810584958217,0.22176323119777158,0.15017827298050138,0.18901392757660165,0.3343676880222841,29732.69080779944,45.87465181058496
2023-09-29,ASLT,371,111,56,0.2991913746630728,0.1509433962264151,2.2125876923929853,26.599526130559394,92.18167077650457,791.632627302811,45.49457326139073,396.59011409461374,0.05497304582210241,0.2417601078167116,0.16445283018867923,0.20647439353099728,0.3466037735849057,27208.13746630728,52.80592991913747
2023-09-29,THFT,376,11,26,0.02925531914893617,0.06914893617021277,2.3145744198540914,26.297171973264376,87.0062415216469,771.9269685573553,44.93642216863568,400.70309816876596,0.045457446808510625,0.2128351063829787,0.14132978723404255,0.1749441489361702,0.31877393617021277,32645.840425531915,42.215425531914896
2023-09-30,ASLT,375,107,58,0.2853333333333333,0.15466666666666667,2.1807686898802463,26.662004788495057,93.63259498098024,758.9113746600477,46.107334268752716,383.92739753538643,0.054178666666666646,0.246944,0.16897866666666667,0.20592266666666664,0.34662133333333334,26198.272,53.408
2023-09-30,THFT,359,9,17,0.025069637883008356,0.04735376044568245,2.244952906214843,26.317105339494493,88.85419255235944,751.6109251287819,45.33672006747478,391.8655887370783,0.045757660167130905,0.2196935933147632,0.14527855153203342,0.1754568245125348,0.3244707520891365,33004.51253481894,43.532033426183844
2023-10-01,ASLT,420,135,68,0.32142857142857145,0.1619047619047619,2.4153220676323404,26.642513613885033,94.13986132245957,793.3827343327822,46.42461223587159,402.95269312757716,0.05550476190476189,0.2509595238095238,0.17026190476190475,0.21746904761904762,0.35191428571428574,24785.119047619046,55.516666666666666
2023-10-01,THFT,434,21,15,0.04838709677419355,0.03456221198156682,2.2948862482172494,26.710026284027297,89.60446013843747,753.2814510666539,45.5616198647243,388.2175170970279,0.048179723502304136,0.21208294930875576,0.14198617511520736,0.18577188940092165,0.3207488479262673,32061.223502304147,43.10829493087557
2023-10-02,ASLT,361,118,69,0.3268698060941828,0.19113573407202217,2.2927086714706304,26.731186847741757,91.52412558214286,811.9688632697332,45.32482260865963,408.16804641607337,0.059495844875346246,0.261382271468144,0.1773684210526316,0.22401662049861493,0.35928808864265926,23458.739612188365,58.800554016620495
2023-10-02,THFT,383,11,19,0.028720626631853787,0.04960835509138381,2.321128977330854,26.322062696020822,86.41830642530985,754.0047682370164,44.76175714267506,393.2876829862313,0.04799216710182767,0.22251174934725848,0.14259268929503915,0.18365796344647517,0.3202271540469974,31421.370757180157,43.668407310704964
2023-10-03,ASLT,339,93,64,0.2743362831858407,0.1887905604719764,2.207928785861044,26.955586795585784,96.46553119655582,771.9034528067943,46.73917120650255,385.2723622271139,0.05541297935103244,0.25111799410029495,0.17262241887905605,0.21257522123893807,0.3566784660766962,24764.746312684365,55.926253687315636
2023-10-03,THFT,349,9,22,0.025787965616045846,0.06303724928366762,2.2054911495627456,26.016030274155007,87.03817545484674,748.2037255359808,44.93735977664557,392.48364672083096,0.047203438395415465,0.2202865329512894,0.14042693409742119,0.18214899713467048,0.3134670487106017,32050.581661891116,43.14040114613181
2023-10-04,ASLT,379,102,64,0.2691292875989446,0.16886543535620052,2.293776742121616,26.68073673698244,90.46316678007884,775.7920028200351,44.98832462471347,392.9994085273863,0.05692875989445909,0.2550606860158311,0.1776569920844327,0.22139050131926122,0.35844327176781,24043.385224274407,57.30870712401055
2023-10-04,THFT,370,7,13,0.01891891891891892,0.03513513513513514,2.2743107636087108,26.35714783056859,86.5875158098198,772.9806111857104,44.714446532326,403.00846260168646,0.04718378378378377,0.22322972972972974,0.14696216216216215,0.18932702702702703,0.32437567567567566,29564.894594594596,45.483783783783785
2023-10-05,ASLT,317,86,63,0.27129337539432175,0.19873817034700317,2.258718217829285,26.639064210588987,92.25106157245565,760.6385675324726,45.655384235118575,385.85667517585364,0.05462145110410093,0.2498738170347003,0.17273817034700314,0.21012302839116717,0.3557255520504732,25033.16719242902,55.16719242902208
2023-10-05,THFT,380,12,28,0.031578947368421054,0.07368421052631578,2.264867252369457,26.312568665977405,86.31242385167857,796.8498355840419,44.54362805844038,413.6885626886534,0.05040789473684209,0.2274736842105263,0.15151315789473682,0.19549210526315788,0.3314052631578947,28618.565789473683,47.439473684210526
2023-10-06,ASLT,321,88,59,0.27414330218068533,0.1838006230529595,2.181242559871508,26.42765009716191,92.23725126494679,758.7775070212215,45.85297424640016,386.03290471861993,0.052006230529595,0.24366355140186913,0.16623676012461058,0.19771962616822428,0.34582242990654205,26741.006230529594,51.69781931464174
2023-10-06,THFT,386,9,21,0.023316062176165803,0.054404145077720206,2.4028196014556493,26.81955381020174,86.57839855897551,763.5295556727893,44.867877336587895,400.0378642611516,0.0444041450777202,0.20815025906735748,0.13610880829015543,0.1711321243523316,0.31324093264248704,32641.318652849743,40.056994818652846
2023-10-07,ASLT,275,100,53,0.36363636363636365,0.19272727272727272,2.3449584330560573,27.01025205625636,94.21277944231883,821.367051097377,45.829491185262164,408.3482615300764,0.05559272727272726,0.2672763636363636,0.18512363636363635,0.22132,0.36951272727272727,22863.112727272728,59.96727272727273
2023-10-07,THFT,359,11,12,0.03064066852367688,0.033426183844011144,2.1673583467727062,26.796825305857997,89.09481344407433,729.198008534066,45.45488239944909,378.212693751776,0.04957660167130918,0.21568802228412257,0.14057938718662952,0.18386629526462395,0.3226295264623955,31075.08077994429,43.456824512534816
2023-10-08,ASLT,307,114,60,0.3713355048859935,0.19543973941368079,2.28173468296827,26.51636191857938,93.10238146367172,796.3666475771912,45.97532071503727,402.3062600458707,0.051941368078175884,0.25103257328990225,0.17276221498371336,0.20973941368078175,0.3547687296416938,25471.56351791531,55.23127035830619
2023-10-08,THFT,376,11,12,0.02925531914893617,0.031914893617021274,2.326320179892642,26.632767636733544,88.21989562833616,769.4878171665999,45.1195782944021,398.6058412988112,0.04761170212765957,0.22080053191489363,0.14305585106382976,0.18482180851063829,0.32034840425531913,31711.284574468085,44.78989361702128
2023-10-09,ASLT,311,98,60,0.31511254019292606,0.19292604501607716,2.1561990589117883,26.462557907795027,93.9594791105235,774.7361409538926,46.12823728154842,389.6308070027492,0.05323794212218648,0.2612379421221865,0.17741479099678456,0.2118295819935691,0.3592700964630225,23835.675241157558,57.27652733118971
2023-10-09,THFT,407,10,21,0.02457002457002457,0.051597051597051594,2.2218687140426576,26.31740928702336,88.53430463007271,753.7988291206838,45.08802188239543,389.98743025887836,0.0505995085995086,0.22946928746928744,0.1474078624078624,0.195022113022113,0.3264520884520884,29865.471744471746,46.977886977886975
2023-10-10,ASLT,301,72,48,0.23920265780730898,0.15946843853820597,2.278819449051091,26.935928504439232,91.89014221026669,779.3307436007904,45.830404599434445,397.74687923479604,0.05456478405315613,0.2437142857142857,0.16820598006644516,0.2072923588039867,0.3490498338870432,25390.25581395349,53.49501661129568
2023-10-10,THFT,360,8,21,0.022222222222222223,0.058333333333333334,2.2441922507620196,27.106293673144528,87.99501894516122,752.5010487909616,45.035249477345765,389.78083001029523,0.0475361111111111,0.2174333333333333,0.14480833333333332,0.188375,0.3290027777777778,29727.358333333334,45.00555555555555
2023-10-11,ASLT,268,95,55,0.35447761194029853,0.20522388059701493,2.2562666452063884,26.75354222270582,93.55884210122485,735.0371834605514,46.33739634684544,375.7870433335862,0.04840671641791043,0.24232089552238803,0.16981716417910447,0.19904850746268657,0.34827611940298503,25786.7276119403,52.29477611940298
2023-10-11,THFT,362,11,19,0.03038674033149171,0.052486187845303865,2.3487841413561976,26.692142174217295,87.6681095390648,761.2525528559961,45.509498259248524,402.7372113441666,0.043022099447513805,0.21245580110497236,0.1435303867403315,0.17251381215469613,0.3201187845303867,31846.350828729283,41.85911602209945
2023-10-12,ASLT,295,87,72,0.29491525423728815,0.2440677966101695,2.293440344213972,26.522935103780384,90.46992302220467,770.2478286538706,45.319812319444885,393.66979342050644,0.053769491525423714,0.24886101694915255,0.1713186440677966,0.2104542372881356,0.3505728813559322,24354.837288135594,54.49491525423729
2023-10-12,THFT,331,10,18,0.030211480362537766,0.054380664652567974,2.235222447387482,26.517127548838236,87.46254662614759,737.3504939398975,44.862985469999984,384.71449719260517,0.04985196374622356,0.22215105740181268,0.14303323262839876,0.18679154078549848,0.32002114803625376,31451.395770392748,44.87613293051359
2023-10-13,ASLT,311,103,51,0.3311897106109325,0.1639871382636656,2.253583732927327,26.61434657855298,91.40667155079947,782.6279976406765,45.19325238603347,393.23114499392057,0.05715755627009645,0.25794212218649515,0.17223151125401928,0.21271382636655947,0.35613826366559487,23970.163987138265,56.81672025723473
2023-10-13,THFT,393,9,21,0.022900763358778626,0.05343511450381679,2.2644869850077973,26.50093708713016,87.16512672700836,759.9100337733952,44.971159088683585,395.844766042414,0.04754961832061067,0.22125190839694656,0.14930534351145036,0.18575063613231552,0.3269567430025445,30552.575063613232,45.717557251908396
2023-10-14,ASLT,321,102,49,0.3177570093457944,0.1526479750778816,2.2890750618096676,26.537437716521733,92.3549770726142,773.5553098605324,45.48727839408775,389.59880594889097,0.05711838006230529,0.2533769470404984,0.17773831775700932,0.2156760124610592,0.3565576323987539,24784.464174454828,57.14641744548287
2023-10-14,THFT,368,9,29,0.024456521739130436,0.07880434782608696,2.300824854895308,26.542046671540863,86.3745990531611,722.9538850053132,44.925282722957945,381.6730138622418,0.045559782608695636,0.2132282608695652,0.13951358695652172,0.17162499999999997,0.31634510869565213,33112.3125,41.08695652173913
2023-10-15,ASLT,385,120,71,0.3116883116883117,0.18441558441558442,2.122817631165675,26.265064621110916,92.90203658277052,776.7930839710343,45.83080767231004,390.68897552003216,0.055057142857142846,0.24505714285714283,0.16936883116883114,0.21275844155844154,0.35266493506493507,26846.937662337663,54.70909090909091
2023-10-15,THFT,379,12,24,0.0316622691292876,0.0633245382585752,2.282810509365403,26.28392239725888,87.2146541883218,763.7140815679127,45.01943153879027,396.2945003968731,0.04421899736147755,0.22516094986807386,0.14837467018469655,0.1771820580474934,0.3238865435356201,32423.211081794194,44.31398416886544
2023-10-16,ASLT,312,78,66,0.25,0.21153846153846154,2.2764758466288497,26.505856712727457,93.49353869004788,785.2289925144372,45.9993258778614,394.8007936427615,0.055881410256410254,0.24959935897435898,0.17132692307692304,0.21757371794871794,0.3562948717948718,24483.96794871795,56.256410256410255
2023-10-16,THFT,343,12,23,0.03498542274052478,0.06705539358600583,2.2767327881012673,26.962009054051613,88.35859887098904,742.8507444210167,45.24636019356825,385.6209156725143,0.04372886297376092,0.22737026239067054,0.15416326530612243,0.1756938775510204,0.3306268221574344,30599.559766763847,45.708454810495624
2023-10-17,ASLT,344,90,64,0.2616279069767442,0.18604651162790697,2.2367424658022093,26.68044912566972,90.95554535368069,771.5907804013709,45.24310674039845,392.34918456486395,0.05538662790697674,0.2510348837209302,0.17162499999999997,0.20848546511627905,0.3497761627906977,25129.33430232558,54.72093023255814
2023-10-17,THFT,355,12,15,0.03380281690140845,0.04225352112676056,2.3508573428278683,26.387991466693343,88.40764807701946,735.4952625685471,45.28614020992082,385.95275855253124,0.04573239436619717,0.2271352112676056,0.15164788732394363,0.17803661971830984,0.3254901408450704,30810.152112676056,45.501408450704226
2023-10-18,ASLT,362,99,58,0.27348066298342544,0.16022099447513813,2.3253673626247204,26.851332678699602,94.35262102805923,767.3892334758262,46.350753346505904,386.1957482492088,0.05382872928176794,0.254878453038674,0.16886740331491712,0.2063839779005525,0.3552182320441989,25368.60773480663,54.80110497237569
2023-10-18,THFT,365,7,21,0.019178082191780823,0.057534246575342465,2.3593321423467555,27.50118524584328,86.70400478471524,760.8863264652465,44.91026261015332,397.7840266055882,0.04519452054794519,0.2160767123287671,0.14094520547945202,0.17211780821917808,0.3224027397260274,31325.079452054793,42.227397260273975
2023-10-19,ASLT,316,88,68,0.27848101265822783,0.21518987341772153,2.3469861814692505,26.761366099424766,92.29990564054057,813.3674698076072,45.56512014263149,410.1951890175386,0.052968354430379734,0.2565221518987342,0.17827215189873416,0.2104873417721519,0.35991455696202534,23508.13924050633,56.70569620253165
2023-10-19,THFT,347,10,21,0.02881844380403458,0.06051873198847262,2.320062725209528,26.93197606336279,86.02390874516259,757.6788525730685,44.786291026711616,397.7644839620608,0.043342939481268,0.20723054755043224,0.136342939481268,0.1655936599423631,0.3122766570605187,32684.314121037463,39.512968299711815
2023-10-20,ASLT,359,101,68,0.28133704735376047,0.1894150417827298,2.260893970599953,26.787995686960237,92.16610107265733,786.1014062228214,45.688653372967636,398.5294701206234,0.05354874651810584,0.24979665738161558,0.1719275766016713,0.21285515320334258,0.35545961002785514,23627.68245125348,55.317548746518106
2023-10-20,THFT,381,8,20,0.02099737532808399,0.05249343832020997,2.2674747029216005,26.955033355493327,89.52477430912492,763.1666802216739,45.854210571465565,397.5457426331134,0.048275590551181094,0.21085039370078737,0.1377952755905512,0.181,0.3194566929133858,31729.27034120735,42.45669291338583
2023-10-21,ASLT,349,124,43,0.3553008595988539,0.12320916905444126,2.3439266578823204,26.676198333635995,93.6355872610324,772.3940261069087,46.14400044158475,389.1061502977243,0.056653295128939817,0.2441260744985673,0.16461604584527217,0.2139025787965616,0.3482005730659026,26124.438395415473,54.232091690544415
2023-10-21,THFT,327,11,16,0.03363914373088685,0.04892966360856269,2.5412972691430173,26.285623252591687,86.94414278827367,800.3736001872086,44.64707318471197,414.174943846093,0.05609174311926604,0.2248195718654434,0.14319571865443423,0.20803363914373088,0.32843730886850153,29287.577981651375,47.56880733944954
2023-10-22,ASLT,335,96,61,0.2865671641791045,0.18208955223880596,2.2376180691925893,26.74702296471402,92.30908576021575,790.3557868893397,45.820114174299555,398.13131237396027,0.055895522388059685,0.2528447761194029,0.16843880597014926,0.21459402985074624,0.35507761194029847,24618.5223880597,55.74328358208955
2023-10-22,THFT,327,15,24,0.045871559633027525,0.07339449541284404,2.295033692404521,26.522627315438324,88.66023235313467,762.9158701698016,45.25932169526266,394.0247072318722,0.051342507645259924,0.21886238532110092,0.14346483180428132,0.19057798165137613,0.3246880733944954,30757.782874617737,44.80733944954128
2023-10-23,ASLT,357,96,65,0.2689075630252101,0.18207282913165265,2.2901769201361883,26.848952758791512,93.38965852833992,776.9347024527173,46.09877695567981,391.24694184482945,0.05645378151260503,0.2434873949579832,0.16066386554621848,0.21457703081232493,0.3480756302521008,25362.37254901961,53.61344537815126
2023-10-23,THFT,358,18,26,0.05027932960893855,0.07262569832402235,2.4327716180369134,26.843006165653165,90.56832615572245,775.073220956411,45.89592578295108,400.44162819712454,0.05045810055865921,0.21527932960893853,0.1411312849162011,0.19468435754189944,0.32762569832402233,30089.972067039107,45.187150837988824
2023-10-24,ASLT,374,104,64,0.27807486631016043,0.1711229946524064,2.1743507274028313,26.413394101935197,93.21446880625332,781.1720252978193,45.83344036220256,393.4726378653807,0.053901069518716566,0.2546631016042781,0.17899197860962565,0.2157807486631016,0.3584812834224599,23950.975935828876,57.09090909090909
2023-10-24,THFT,397,13,17,0.0327455919395466,0.042821158690176324,2.348014416784728,26.64359845677205,89.2424371254707,774.27627243856,45.46690881006601,399.93098014711086,0.049128463476070514,0.22123173803526447,0.1465314861460957,0.1924911838790932,0.32527204030226703,30223.56171284635,46.1007556675063
2023-10-25,ASLT,375,115,61,0.30666666666666664,0.16266666666666665,2.2265143525441324,26.96144332494628,91.97714312535528,782.0181309331134,45.66062386748946,396.2181578414008,0.05124266666666665,0.24598666666666663,0.17237599999999997,0.2067333333333333,0.35575199999999996,24564.27733333333,54.888
2023-10-25,THFT,364,9,19,0.024725274725274724,0.0521978021978022,2.3810711324239273,26.394127841176434,86.79842563609034,770.8226985851289,44.93900632506521,403.590167417861,0.04965384615384614,0.21475549450549447,0.1434010989010989,0.1883708791208791,0.3233681318681319,30952.96153846154,44.18956043956044
2023-10-26,ASLT,347,94,62,0.27089337175792505,0.1786743515850144,2.482001012477904,26.51201202526401,90.8486638085438,786.8998586743925,45.54554422872729,401.24174114305646,0.05179538904899134,0.24440634005763687,0.16516138328530258,0.1988472622478386,0.34661959654178676,26609.097982708932,52.086455331412104
2023-10-26,THFT,363,14,21,0.03856749311294766,0.05785123966942149,2.406605570880825,26.631173770921695,86.38107864178069,796.86507839223,44.64559552700524,414.6748980168617,0.04710743801652891,0.22663085399449034,0.15291460055096417,0.18423415977961433,0.3320192837465565,29643.76859504132,46.70247933884298
2023-10-27,ASLT,301,94,55,0.3122923588039867,0.18272425249169436,2.21394438948771,26.74669758804485,91.29158882181875,764.0280722960562,45.401108831691445,386.72641257376773,0.054588039867109625,0.256375415282392,0.16756146179401993,0.20949169435215945,0.35188372093023257,25337.727574750832,54.561461794019934
2023-10-27,THFT,404,7,22,0.017326732673267328,0.054455445544554455,2.337354423799731,26.609093738360347,86.64409231666104,769.9956943318824,44.653787657706445,399.8947097841257,0.04997277227722771,0.21680940594059406,0.14522772277227722,0.1923787128712871,0.3276237623762376,30947.0,45.2029702970297
2023-10-28,ASLT,362,113,52,0.31215469613259667,0.143646408839779,2.1771085887957904,26.722679545272285,95.17686828892211,772.5798991340829,46.61806466022633,389.815008480356,0.05451657458563535,0.2431436464088398,0.16664917127071824,0.20855801104972374,0.35240055248618785,25642.41712707182,53.770718232044196
2023-10-28,THFT,390,9,17,0.023076923076923078,0.04358974358974359,2.347034424709672,26.03882914934522,88.93228339407749,766.7576184117391,45.42657539637712,397.3395599257574,0.04718717948717947,0.21486410256410254,0.14343076923076922,0.1809897435897436,0.32016666666666665,33824.515384615384,43.246153846153845
2023-10-29,ASLT,344,113,57,0.32848837209302323,0.16569767441860464,2.3342143039449517,26.538601398679315,91.90873662860855,805.637909161843,45.84834143867589,409.12466497539646,0.053125,0.23695930232558138,0.16175581395348837,0.2107122093023256,0.3461220930232558,26603.883720930233,52.125
2023-10-29,THFT,362,14,23,0.03867403314917127,0.06353591160220995,2.160839614827801,26.11512921236478,89.14117926217031,762.1070487669429,45.657221816736325,395.67123769737157,0.049215469613259656,0.21364088397790054,0.1413370165745856,0.18903038674033149,0.3200939226519337,33412.174033149175,43.82044198895028
2023-10-30,ASLT,244,78,52,0.319672131147541,0.21311475409836064,2.121792912677046,26.581508510273824,93.31421796251935,768.0765560603111,46.04993732693863,387.4038258691295,0.05671311475409834,0.2592172131147541,0.17318852459016393,0.21149590163934426,0.35435655737704913,24173.823770491803,56.368852459016395
2023-10-30,THFT,326,13,21,0.03987730061349693,0.06441717791411043,2.2419181828856534,26.691222892607332,86.21902548704743,765.9165364609659,44.40180260214225,397.3487321040374,0.046803680981595076,0.22129754601226995,0.1460092024539877,0.18517484662576686,0.32721779141104296,30395.052147239265,45.061349693251536
2023-10-31,ASLT,299,83,46,0.27759197324414714,0.15384615384615385,2.4230179764547968,26.563903433172932,92.78365500326247,758.3530939083271,45.73959677496291,384.4717116229675,0.05175585284280935,0.2509264214046823,0.170438127090301,0.1976354515050167,0.35063545150501674,26739.441471571907,53.240802675585286
2023-10-31,THFT,366,17,24,0.04644808743169399,0.06557377049180328,2.3881036513992044,26.964938284038357,87.97229081451638,756.7845234971862,45.211780140930756,392.2244161356967,0.04621038251366119,0.21576775956284153,0.14324043715846993,0.1767622950819672,0.32375956284153007,32642.03825136612,43.04644808743169
2023-11-01,ASLT,317,92,68,0.2902208201892745,0.21451104100946372,2.3753245271057817,26.332421247836372,91.84250957722372,756.5678693678716,45.643270264847125,385.0605625846855,0.051712933753943195,0.2599589905362776,0.17294321766561513,0.20211041009463723,0.34918296529968457,25986.564668769715,54.29652996845426
2023-11-01,THFT,412,13,23,0.03155339805825243,0.055825242718446605,2.3358317544913048,27.027222150878558,86.06428718554196,751.98391080046,44.49054877018888,393.06081366731115,0.0462014563106796,0.21735922330097085,0.14157766990291262,0.1795776699029126,0.32362621359223304,30514.980582524273,43.16504854368932
2023-11-02,ASLT,327,91,68,0.2782874617737003,0.20795107033639143,2.3128327018749877,26.26287157398403,94.59879311698525,791.678007850785,46.092833194280146,394.4537719746315,0.05752599388379204,0.2590214067278287,0.1714373088685015,0.21917125382262995,0.3588807339449541,24027.56880733945,57.25382262996942
2023-11-02,THFT,389,12,23,0.030848329048843187,0.05912596401028278,2.3680271786785045,26.31336859361034,89.37211231188259,761.4897781422965,45.737956827441614,395.6916014754239,0.05110539845758354,0.2215758354755784,0.1417095115681234,0.18715681233933162,0.32075321336760926,31745.262210796915,44.30077120822622
2023-11-03,ASLT,352,96,67,0.2727272727272727,0.1903409090909091,2.458362399397958,26.386596977713406,90.36603605639759,782.827883823653,45.2514068428544,398.0213086527137,0.05236647727272726,0.24814488636363635,0.16951420454545454,0.20467897727272727,0.3495142045454545,26158.144886363636,53.23579545454545
2023-11-03,THFT,385,10,28,0.025974025974025976,0.07272727272727272,2.485891212738487,27.281680093226168,85.38618745233944,776.1648069379629,44.566155908844145,407.21785019035013,0.04339999999999999,0.21179480519480517,0.1390233766233766,0.17297402597402597,0.3194025974025974,31141.22857142857,41.41818181818182
2023-11-04,ASLT,357,97,63,0.27170868347338933,0.17647058823529413,2.1470848211955116,26.314573312108852,93.71364808968957,771.6488111429269,46.07286293210691,388.86541287235264,0.05647899159663865,0.2510812324929972,0.17017086834733894,0.21789635854341738,0.35151820728291316,25061.941176470587,56.31372549019608
2023-11-04,THFT,416,13,34,0.03125,0.08173076923076923,2.3192371547282966,26.53069872125917,87.6491358000724,763.9324799762592,44.978522030821516,397.1856115013397,0.05047836538461537,0.22429086538461537,0.14607692307692305,0.1919855769230769,0.3290264423076923,31052.283653846152,46.45432692307692
2023-11-05,ASLT,350,107,51,0.3057142857142857,0.1457142857142857,2.2207688515383825,26.583527326490913,91.72207295753756,792.7023350087715,45.44045825713602,400.209619189236,0.05724857142857141,0.2553542857142857,0.17196571428571428,0.22082285714285713,0.3544914285714285,24353.02,57.01428571428571
2023-11-05,THFT,334,11,16,0.03293413173652695,0.04790419161676647,2.3969186545949683,26.841727844072985,84.57977556888189,747.576959256923,44.37556355447388,394.41523241239514,0.044991017964071844,0.21389221556886226,0.14027844311377244,0.17441017964071856,0.3209580838323353,32472.90718562874,42.3502994011976
2023-11-06,ASLT,313,90,47,0.28753993610223644,0.1501597444089457,2.27021731818948,26.702358645062446,89.89480003352308,766.9369483165501,45.29266119726633,393.14799089840096,0.0535846645367412,0.24854632587859427,0.1636517571884984,0.2027507987220447,0.3477124600638978,25530.961661341855,52.96166134185304
2023-11-06,THFT,365,10,19,0.0273972602739726,0.052054794520547946,2.28762715415018,26.712649694268734,87.48083487172845,730.453920075569,44.868875111184146,380.3587429164425,0.052479452054794505,0.2208986301369863,0.14263013698630136,0.19611780821917807,0.32163561643835614,29949.816438356163,45.608219178082194
2023-11-07,ASLT,316,83,58,0.2626582278481013,0.18354430379746836,2.4443356748286105,27.118334739003036,90.03043040042573,823.115929139952,45.39822858616109,420.3227971796288,0.055357594936708845,0.2462341772151899,0.16845569620253165,0.21500949367088606,0.3545443037974684,24529.550632911392,55.23101265822785
2023-11-07,THFT,401,13,28,0.032418952618453865,0.06982543640897755,2.320823639257243,26.865607638871115,86.08516172981842,748.4350683000766,44.795236919539576,392.9625266599075,0.04554114713216957,0.20984788029925186,0.13752119700748128,0.17437655860349127,0.3151496259351621,32761.117206982544,41.5211970074813
2023-11-08,ASLT,336,89,73,0.2648809523809524,0.21726190476190477,2.240596442369468,26.851397892566972,94.227684684068,771.9264733730375,46.12875972044795,386.76693289265717,0.051744047619047606,0.25593154761904763,0.17800297619047617,0.19988095238095238,0.3581101190476191,24357.372023809523,55.13095238095238
2023-11-08,THFT,313,9,21,0.02875399361022364,0.0670926517571885,2.3110999899793274,26.647723678753945,90.18159902860485,785.474802252155,45.90193636729673,407.2549525906907,0.047172523961661335,0.2232779552715655,0.14915654952076676,0.18220766773162939,0.32791373801916934,30788.19808306709,45.13418530351438
2023-11-09,ASLT,312,86,39,0.27564102564102566,0.125,2.237380833021277,26.681788464955925,89.11472412843636,777.7508530716023,44.865094552113,397.36509199747724,0.05212820512820512,0.2468525641025641,0.17104166666666665,0.2045352564102564,0.3514807692307692,25400.3141025641,53.91025641025641
2023-11-09,THFT,351,14,17,0.039886039886039885,0.04843304843304843,2.250327595993711,26.691512855652974,86.77964061983572,754.3319175095316,44.849225064513604,393.5294364839838,0.044732193732193726,0.21953561253561255,0.1468176638176638,0.17433048433048431,0.32175498575498573,31541.88603988604,43.205128205128204
2023-11-10,ASLT,326,93,70,0.2852760736196319,0.2147239263803681,2.218255624157417,26.591966599906847,91.45121114358126,776.1821780346436,45.33787464318486,391.38732627084113,0.05358282208588956,0.25417791411042945,0.1726564417177914,0.20633435582822085,0.35061042944785276,25059.233128834356,55.18711656441718
2023-11-10,THFT,365,8,13,0.021917808219178082,0.03561643835616438,2.268253403636565,26.61944876322756,89.0979567226796,744.3118048691068,45.69757113756152,390.08853235228327,0.046054794520547934,0.2160575342465753,0.14550958904109587,0.17674520547945205,0.3239561643835616,31166.81917808219,43.37808219178082
2023-11-11,ASLT,345,94,71,0.27246376811594203,0.20579710144927535,2.26084286926645,26.74218428405807,92.78222972156073,785.8423165784727,45.7935760733132,396.2774170128545,0.055689855072463754,0.2542550724637681,0.17327826086956521,0.215663768115942,0.353768115942029,24571.72463768116,56.481159420289856
2023-11-11,THFT,328,14,20,0.042682926829268296,0.06097560975609756,2.3440954922910326,26.36877412956812,88.33602370002788,767.9707290204761,45.102063515778305,399.1283435609564,0.05003048780487804,0.22374085365853658,0.15347256097560974,0.19016158536585365,0.32840548780487805,30201.073170731706,46.5609756097561
2023-11-12,ASLT,339,118,56,0.3480825958702065,0.16519174041297935,2.3984411701441157,26.246369148610153,93.1821043848292,794.7910978620502,46.015590342423046,400.66621034556607,0.055002949852507366,0.24954277286135693,0.16949262536873155,0.21696755162241885,0.3492153392330383,25536.153392330383,55.123893805309734
2023-11-12,THFT,314,13,22,0.041401273885350316,0.07006369426751592,2.4417800808925474,26.984527271439312,87.87994667292078,781.202885821401,44.933494425810935,403.0602660186303,0.04767834394904458,0.229312101910828,0.15012738853503182,0.1824108280254777,0.32777388535031843,30259.445859872612,45.968152866242036
2023-11-13,ASLT,325,88,62,0.27076923076923076,0.19076923076923077,2.291573801663964,26.737533767484166,94.35895461947784,767.9940435862612,46.48658222219789,389.57281216689046,0.053396923076923064,0.24316923076923078,0.16410153846153847,0.20656615384615384,0.34644923076923073,26245.606153846154,52.61538461538461
2023-11-13,THFT,328,7,18,0.021341463414634148,0.054878048780487805,2.3664694881655373,26.892164565830488,86.65835138760757,773.9674419792054,44.7322784591072,402.0389739815856,0.05112499999999998,0.22092378048780487,0.1431189024390244,0.19289939024390243,0.3237134146341463,30233.146341463416,45.23780487804878
2023-11-14,ASLT,311,82,68,0.26366559485530544,0.21864951768488747,2.261142087678322,26.849092369291757,94.50714614348766,764.7862601376662,46.29421573249476,384.621835017082,0.05516077170418006,0.2489389067524116,0.16796463022508037,0.21451768488745976,0.354427652733119,23840.6270096463,55.41800643086817
2023-11-14,THFT,340,10,19,0.029411764705882353,0.05588235294117647,2.3700850827151667,26.68362266659675,88.06120364339148,735.0866980737983,45.375783293850795,385.40129658225675,0.04370882352941175,0.21369117647058825,0.14156764705882352,0.16538529411764705,0.3159176470588235,34206.89411764706,41.03235294117647
2023-11-15,ASLT,329,90,72,0.2735562310030395,0.2188449848024316,2.2412726252048616,26.258432963466618,93.93593498140947,773.015794046042,45.82440392813435,387.6754723445924,0.0577933130699088,0.2593252279635258,0.17210030395136777,0.21899088145896656,0.35645896656534953,23764.401215805472,57.297872340425535
2023-11-15,THFT,342,9,19,0.02631578947368421,0.05555555555555555,2.166083684345753,26.450788679829802,87.29547285013048,716.7731175806999,45.34886429488621,378.7592281963693,0.04462280701754385,0.2128684210526316,0.13756725146198828,0.16687719298245612,0.30936842105263157,34433.365497076025,39.95906432748538
2023-11-16,ASLT,355,105,71,0.29577464788732394,0.2,2.2621068320060354,26.495406911175856,93.33705092108592,764.8241170767383,45.82398560374032,386.29291496025184,0.05214366197183097,0.25708169014084503,0.1814225352112676,0.20952394366197183,0.3614338028169014,23730.712676056337,56.86760563380282
2023-11-16,THFT,358,14,20,0.03910614525139665,0.055865921787709494,2.368494974737043,26.583625204605358,88.11902092480133,774.4139312590315,45.403770828162905,404.29006353347563,0.0459217877094972,0.21444972067039106,0.1425167597765363,0.17742737430167596,0.3216648044692737,32050.59497206704,42.55027932960894
2023-11-17,ASLT,346,105,64,0.30346820809248554,0.18497109826589594,2.2937727711481752,26.923543601719864,91.00436603547843,761.1879520168864,45.11898684339746,382.7366661096549,0.05614450867052022,0.25166763005780346,0.165121387283237,0.21496531791907514,0.34766184971098263,24948.054913294796,54.713872832369944
2023-11-17,THFT,402,6,17,0.014925373134328358,0.04228855721393035,2.3047155231827947,26.88164443663167,87.84483609906106,758.9349365484982,45.37858152735727,396.97979470608584,0.04522636815920397,0.2087412935323383,0.13554228855721392,0.17497761194029848,0.31480099502487563,32418.935323383084,40.733830845771145
2023-11-18,ASLT,320,109,71,0.340625,0.221875,2.314852759991204,26.42364771875869,94.09439212345953,776.9425118981319,46.19681913203003,390.5924885883259,0.05540624999999999,0.24736249999999999,0.1660625,0.21025,0.34543124999999997,25895.721875,53.8125
2023-11-18,THFT,331,17,15,0.0513595166163142,0.045317220543806644,2.4609762195461835,26.68441931107072,86.1491149237531,766.2603177003475,44.494907753765865,400.37252615665443,0.05031117824773412,0.223012084592145,0.14602719033232628,0.19236858006042296,0.33097583081570997,29961.075528700905,46.33232628398792
2023-11-19,ASLT,356,124,52,0.34831460674157305,0.14606741573033707,2.3050287253821846,26.57972022683086,95.36008028074788,795.3778059630243,46.37466419020461,397.89030683058064,0.0599073033707865,0.25505337078651685,0.17778651685393257,0.22934831460674157,0.36025280898876405,23088.98595505618,58.93258426966292
2023-11-19,THFT,311,12,13,0.03858520900321544,0.04180064308681672,2.2828751924585626,26.74314292880117,91.57994372364968,751.5196120639389,46.40820230590351,390.2596910594987,0.04769774919614147,0.21413826366559482,0.14328938906752411,0.18022829581993569,0.32116720257234727,32404.376205787783,42.758842443729904
2023-11-20,ASLT,308,105,53,0.3409090909090909,0.17207792207792208,2.3483945519815133,26.429657275885596,88.99442881734183,751.0615099876379,44.87671601524305,385.90103284231526,0.051467532467532454,0.2493051948051948,0.16808441558441556,0.19795129870129868,0.34907467532467534,25522.41883116883,52.97077922077922
2023-11-20,THFT,330,9,7,0.02727272727272727,0.021212121212121213,2.3347666804485083,26.285619393614702,90.27847843687903,778.9856455507742,45.646194386148025,401.3222412522094,0.052793939393939386,0.22514848484848482,0.15109696969696967,0.20185151515151512,0.3326727272727273,29168.10303030303,48.28787878787879
2023-11-21,ASLT,245,86,42,0.3510204081632653,0.17142857142857143,2.2924408711199167,26.56264507065261,90.75242919344426,757.2139392056567,45.223615663346074,383.20202927716485,0.049759183673469376,0.25847755102040815,0.17499183673469387,0.1996612244897959,0.3553061224489796,26046.873469387756,55.326530612244895
2023-11-21,THFT,345,8,21,0.02318840579710145,0.06086956521739131,2.1271090439574816,26.4412992983694,87.47789422540802,738.581544327313,44.80267054379942,382.52122787328256,0.050686956521739115,0.2223072463768116,0.14748115942028983,0.18328985507246376,0.3261478260869565,30792.855072463768,45.16231884057971
2023-11-22,ASLT,302,85,65,0.2814569536423841,0.2152317880794702,2.1268604726581173,26.290125614796846,91.03340670253479,759.4214141119281,45.45321531046005,385.58702877225863,0.052218543046357604,0.24959602649006624,0.16655298013245032,0.20412582781456953,0.3479139072847682,26208.552980132452,53.27814569536424
2023-11-22,THFT,336,14,17,0.041666666666666664,0.050595238095238096,2.2770533959834554,26.64751462772325,88.28786701670495,758.6953346111884,45.050524525135344,391.2099683866631,0.05178869047619047,0.21746428571428572,0.14570535714285712,0.19388095238095235,0.3289970238095238,30307.229166666668,45.80059523809524
2023-11-23,ASLT,260,112,40,0.4307692307692308,0.15384615384615385,2.457464232222158,26.809581754523478,93.41919971808102,818.0195683543288,45.976643143052186,410.4460058806134,0.056573076923076906,0.2515346153846154,0.1739653846153846,0.2226153846153846,0.36330384615384614,23000.48076923077,57.58076923076923
2023-11-23,THFT,257,16,10,0.0622568093385214,0.038910505836575876,2.336006497097922,25.854329738265644,88.49613843864543,770.8522524326606,44.89863459529043,397.5223134035856,0.05501167315175096,0.23365369649805448,0.15987548638132296,0.21693774319066148,0.3372373540856031,27017.747081712063,51.824902723735406
2023-11-24,ASLT,295,109,52,0.3694915254237288,0.17627118644067796,2.382959557949,26.880572820586295,91.69542455285409,809.083890197725,45.37215986210558,407.43976959881354,0.056749152542372866,0.2512440677966101,0.17137966101694913,0.21875254237288133,0.3584,23389.257627118644,56.772881355932206
2023-11-24,THFT,346,16,17,0.046242774566473986,0.049132947976878616,2.374594283168493,26.444787008083402,86.9601965221903,751.7550967913555,44.95330528782319,391.58015297554016,0.04755491329479768,0.21154046242774566,0.13765028901734103,0.17704624277456646,0.31497976878612716,33268.54913294798,41.552023121387286
2023-11-25,ASLT,309,95,62,0.3074433656957929,0.20064724919093851,2.31147014567829,26.17987466969652,92.62868675106265,768.7997266555813,45.601470214995075,387.3134558613793,0.056258899676375394,0.25779935275080906,0.17092556634304207,0.21639805825242714,0.35172168284789646,25025.02912621359,56.067961165048544
2023-11-25,THFT,355,8,26,0.022535211267605635,0.07323943661971831,2.205163077732184,26.719413383102427,87.52064978239196,761.3673092185608,45.1429641244647,394.5540290332628,0.04645633802816901,0.21190422535211267,0.13823661971830986,0.17619718309859153,0.3160281690140845,32713.481690140845,42.073239436619716
2023-11-26,ASLT,328,127,55,0.3871951219512195,0.1676829268292683,2.3032290005473763,25.571236265867157,91.94888155453776,778.7603217128915,45.54938182457017,396.2690908166878,0.05703353658536584,0.2506646341463415,0.1670579268292683,0.21593292682926826,0.3474420731707317,25410.036585365855,55.048780487804876
2023-11-26,THFT,353,11,35,0.031161473087818695,0.09915014164305949,2.41519141682993,26.142599811346155,87.89772149179385,753.9144055169473,44.998895446151614,392.802158393732,0.0520084985835694,0.22093201133144474,0.14526345609065155,0.19362889518413598,0.31908498583569406,30875.957507082152,45.405099150141645
2023-11-27,ASLT,267,78,47,0.29213483146067415,0.1760299625468165,2.167410468035203,26.62993534099404,93.75363928135837,785.1934820023603,46.13020441302661,396.6111199594787,0.05637827715355804,0.25543071161048686,0.1763071161048689,0.2152883895131086,0.35883520599250934,23819.951310861423,56.89138576779026
2023-11-27,THFT,338,10,25,0.029585798816568046,0.07396449704142012,2.344672039397273,26.989214329258758,87.76423482123383,747.5231416391364,45.21786146585026,390.39325599899263,0.045571005917159756,0.2128491124260355,0.14321893491124257,0.17851775147928994,0.32355621301775145,30764.473372781064,42.86390532544379
2023-11-28,ASLT,275,80,57,0.2909090909090909,0.20727272727272728,2.2109535827824893,26.93978503541651,91.14978508125388,764.6631228094916,45.506567368435284,388.0987303283546,0.04955636363636362,0.24828363636363635,0.17188727272727272,0.20259636363636363,0.3487709090909091,25407.916363636363,53.32
2023-11-28,THFT,347,12,24,0.0345821325648415,0.069164265129683,2.4817215551097385,26.88081271440694,88.06786818334457,780.7902210216579,45.19762435026262,406.76197262817493,0.04324495677233428,0.21923919308357348,0.1434092219020173,0.17113832853025937,0.32687896253602305,31630.4265129683,42.5821325648415
2023-11-29,ASLT,319,88,58,0.27586206896551724,0.18181818181818182,2.2454203928393417,26.72583574925831,92.43007278172836,763.6581393949307,45.74417943539983,385.48014670757334,0.05249843260188087,0.2595579937304075,0.1780501567398119,0.21004075235109718,0.3557398119122257,23648.501567398118,56.09717868338558
2023-11-29,THFT,338,10,17,0.029585798816568046,0.05029585798816568,2.4791223088061813,26.596355455699445,86.79167274361323,759.2923710824884,44.9974402985755,397.4700550182902,0.0473757396449704,0.21302958579881653,0.14226035502958578,0.17803254437869823,0.32082544378698225,31059.866863905325,42.642011834319526
2023-11-30,ASLT,289,78,52,0.2698961937716263,0.17993079584775087,2.134702254936777,26.78249044916126,90.52098694374985,745.9820119588734,45.076963170249414,378.3473982884747,0.055301038062283724,0.24547058823529413,0.16729065743944635,0.21114878892733563,0.3495501730103806,25149.301038062284,54.11764705882353
2023-11-30,THFT,369,3,22,0.008130081300813009,0.05962059620596206,2.5092197777013134,26.338017889129677,87.76237914273777,761.3140615735874,45.45757293744537,398.71459384595937,0.04726016260162601,0.2033739837398374,0.13289701897018968,0.17834959349593493,0.3113143631436314,33324.52574525745,40.36856368563686
2023-12-01,ASLT,308,85,59,0.275974025974026,0.19155844155844157,2.204141176693949,26.445239158084117,91.7292220938669,760.1785768679812,45.6051084175736,386.0781711877565,0.05640259740259739,0.24747402597402596,0.1646948051948052,0.2124512987012987,0.3435714285714285,25808.435064935064,53.66233766233766
2023-12-01,THFT,434,12,26,0.027649769585253458,0.059907834101382486,2.3779935984159315,27.08998452004275,87.37662743505076,751.1168532749142,45.0250145048566,390.9150890852164,0.04809216589861749,0.21457373271889402,0.1382695852534562,0.18185944700460827,0.3212258064516129,31391.158986175116,42.92165898617512
2023-12-02,ASLT,328,109,50,0.3323170731707317,0.1524390243902439,2.296087695047908,26.163915583407714,91.70375048561726,783.6462951002757,45.69146025681451,397.8775161222189,0.055987804878048775,0.24732926829268292,0.16960060975609756,0.21421646341463413,0.34577439024390244,26364.323170731706,54.19512195121951
2023-12-02,THFT,354,15,12,0.0423728813559322,0.03389830508474576,2.26900680164581,26.707332644348984,89.07483667566297,759.914269377641,45.69384819557424,395.0589614373085,0.048307909604519764,0.21226553672316384,0.13808474576271185,0.18313841807909606,0.3184039548022599,32111.91242937853,43.05084745762712
2023-12-03,ASLT,317,125,52,0.3943217665615142,0.1640378548895899,2.243135222674101,26.694630940338634,91.56343351063015,763.9121947380561,45.36061017610415,386.61356785720784,0.055977917981072545,0.2475425867507886,0.17130599369085173,0.21260883280757095,0.349397476340694,25086.548895899054,55.13564668769716
2023-12-03,THFT,312,6,17,0.019230769230769232,0.05448717948717949,2.4043774843114027,26.782960154781595,87.72571145316742,772.1049146916083,45.211128289300575,402.75816551438237,0.0473878205128205,0.20973397435897434,0.13818910256410255,0.18469230769230768,0.3230320512820513,31909.90064102564,42.4775641025641
2023-12-04,ASLT,297,78,61,0.26262626262626265,0.2053872053872054,2.2679685989264966,26.475344551631853,93.32317565782287,762.1292604407859,46.00475868035509,383.5395193175811,0.05314814814814814,0.24975420875420873,0.16956565656565656,0.20178114478114476,0.34665993265993267,27109.84175084175,53.81144781144781
2023-12-04,THFT,354,12,23,0.03389830508474576,0.06497175141242938,2.3605405627835583,26.81503140386681,89.49087678512855,757.2437036687134,45.823526117571916,395.81826970885623,0.04712711864406779,0.21833050847457627,0.14513841807909603,0.18028813559322032,0.3237966101694915,31443.528248587572,43.652542372881356
2023-12-05,ASLT,272,71,59,0.2610294117647059,0.21691176470588236,2.2710196076272875,26.505842911379563,92.83298336965586,750.1778832651838,45.83280710024102,380.24602713172794,0.052996323529411755,0.254625,0.17535661764705882,0.20687867647058825,0.3545220588235294,25405.709558823528,55.286764705882355
2023-12-05,THFT,339,13,26,0.038348082595870206,0.07669616519174041,2.3164557543048923,26.112362519013853,84.88368006563755,769.7943480047417,44.214257112438965,403.8154710688601,0.05158407079646017,0.2160117994100295,0.14033333333333334,0.1913215339233038,0.3170796460176991,31483.613569321533,44.00589970501475
2023-12-06,ASLT,285,87,51,0.30526315789473685,0.17894736842105263,2.263307946184298,26.367298292979864,91.32206253118785,766.5672539656671,45.24246027347019,386.57156361587647,0.05626315789473683,0.253859649122807,0.16419298245614034,0.2159719298245614,0.34610877192982453,25365.038596491228,54.49122807017544
2023-12-06,THFT,342,5,20,0.014619883040935672,0.05847953216374269,2.25727256760991,26.16804400428132,87.91849101195434,730.3982274455918,45.184077067995844,383.2406927146345,0.047906432748538,0.22298538011695906,0.14355555555555555,0.18262865497076022,0.32196491228070173,30955.473684210527,44.01754385964912
2023-12-07,ASLT,290,84,52,0.2896551724137931,0.1793103448275862,2.2406687950307753,26.292483108143774,95.4495126528609,757.9166127188338,46.665907535112396,384.7369066764742,0.05474482758620689,0.25521379310344827,0.1720103448275862,0.21441724137931034,0.35340689655172414,24931.896551724138,56.186206896551724
2023-12-07,THFT,305,6,14,0.019672131147540985,0.04590163934426229,2.4647642100734877,26.87426975051469,88.9359719474981,746.010840692304,45.572725431868875,389.842861793798,0.04643934426229507,0.20934426229508196,0.1390360655737705,0.18012786885245902,0.31620655737704917,32342.019672131148,42.019672131147544
2023-12-08,ASLT,345,89,62,0.2579710144927536,0.17971014492753623,2.242646194582835,26.549895349515115,93.1154950210598,765.7902585731991,45.549764787385406,383.1229800409249,0.05780289855072463,0.2624782608695652,0.1731478260869565,0.22183768115942026,0.3594173913043478,23975.089855072463,58.15652173913043
2023-12-08,THFT,367,7,26,0.01907356948228883,0.07084468664850137,2.4289864296374213,26.887973257882816,85.01170984715868,748.2864469185051,44.46115017008424,394.17837173238416,0.04419618528610353,0.20762397820163486,0.13780653950953678,0.16515531335149863,0.3143732970027248,33154.28337874659,40.1008174386921
2023-12-09,ASLT,315,98,65,0.3111111111111111,0.20634920634920634,2.400062664944078,26.715139420413873,93.91976083479535,751.6701035909712,46.17562639467613,379.9286888391905,0.05848253968253967,0.2592095238095238,0.16853015873015872,0.2203269841269841,0.350984126984127,24662.180952380953,56.526984126984125
2023-12-09,THFT,371,14,11,0.03773584905660377,0.029649595687331536,2.267487969147106,26.34301960997252,88.33217402015998,739.2100349620289,45.373447496748106,384.77169746700457,0.04991644204851751,0.21604043126684636,0.136188679245283,0.18337466307277628,0.3154474393530997,33460.83827493261,42.757412398921836
2023-12-10,ASLT,329,102,61,0.3100303951367781,0.18541033434650456,2.1953792862047727,26.499915145289233,94.50226922957438,763.1223667555349,46.29879375645912,383.8943684221049,0.056410334346504554,0.24796960486322187,0.17002431610942248,0.21312765957446808,0.3507689969604863,25819.316109422492,54.93617021276596
2023-12-10,THFT,305,7,25,0.022950819672131147,0.08196721311475409,2.2699969909687208,26.272006436647764,87.34049897642863,742.5697530653715,44.628979905600985,384.4397300841931,0.04792131147540983,0.22890819672131146,0.1507344262295082,0.19063278688524588,0.3261311475409836,30846.993442622952,46.61967213114754
2023-12-11,ASLT,299,83,64,0.27759197324414714,0.2140468227424749,2.337930477518544,26.085723210932642,93.97943349569378,762.9958186876154,46.118386128072586,384.4702376089408,0.05585618729096989,0.25080267558528424,0.16454180602006688,0.2093411371237458,0.34582943143812706,26501.05016722408,53.96321070234114
2023-12-11,THFT,350,17,14,0.04857142857142857,0.04,2.4412795071755546,27.14078314427997,85.29688656810453,742.873872860159,44.53423005582831,391.53334335770256,0.044459999999999986,0.20939142857142856,0.1417,0.17535714285714285,0.3251057142857143,30681.042857142857,42.114285714285714
2023-12-12,ASLT,269,81,74,0.30111524163568776,0.275092936802974,2.411481348146938,26.47971030200503,89.14795788945963,794.2405712968387,45.05235707823527,406.08917887801823,0.05285873605947954,0.2514386617100372,0.1687360594795539,0.21014126394052043,0.34800371747211895,25811.137546468402,53.940520446096656
2023-12-12,THFT,352,11,23,0.03125,0.06534090909090909,2.2628284085063326,27.116533542721754,88.57766142216563,761.5212335831312,45.27326599416577,396.10794953852417,0.04676704545454544,0.21986931818181815,0.1475880681818182,0.1803380681818182,0.3275965909090909,30752.710227272728,44.36079545454545
2023-12-13,ASLT,271,75,50,0.2767527675276753,0.18450184501845018,2.3111849710171497,26.461006049282723,93.47497318036598,764.912224830903,46.05826988708873,385.13671438317823,0.05496678966789667,0.2536937269372693,0.16531734317343172,0.20764575645756456,0.344479704797048,26074.9667896679,53.42435424354244
2023-12-13,THFT,292,7,18,0.023972602739726026,0.06164383561643835,2.381128381377381,26.494778757602408,87.01015605421236,742.7116415442729,44.67095696812627,388.15042619692537,0.05140068493150684,0.2258527397260274,0.1479657534246575,0.19215753424657533,0.32294520547945205,30490.24315068493,45.88013698630137
2023-12-14,ASLT,285,81,56,0.28421052631578947,0.19649122807017544,2.2832221728448068,26.08054972450003,93.19172305311263,759.3746055589803,46.01118358778707,385.1618836067081,0.05308070175438595,0.2518701754385965,0.17070526315789472,0.20682456140350877,0.3496035087719298,25357.070175438595,54.214035087719296
2023-12-14,THFT,374,8,27,0.0213903743315508,0.07219251336898395,2.277231205728862,26.331062414493793,89.04269511718893,746.7330515938495,45.47771393363295,387.6855952582026,0.04813101604278074,0.21482620320855614,0.14125935828877004,0.17875401069518718,0.31820588235294117,33002.55347593583,42.79679144385027
2023-12-15,ASLT,293,74,54,0.2525597269624573,0.18430034129692832,2.199315289459405,26.60757173935388,92.74693990089946,766.9748678462089,45.840393150552096,388.4944797108283,0.05380204778156995,0.2505597269624573,0.1724470989761092,0.20736518771331056,0.35503071672354947,24937.819112627985,55.10580204778157
2023-12-15,THFT,359,9,24,0.025069637883008356,0.06685236768802229,2.153771632671248,26.488785922129587,85.75572785394402,699.5874614691053,44.83855581993334,372.34926299158946,0.04235376044568244,0.21162395543175488,0.13440111420612813,0.15824233983286906,0.308033426183844,34770.10584958217,38.72701949860724
2023-12-16,ASLT,257,88,39,0.3424124513618677,0.1517509727626459,2.3860118487577338,26.221907980387826,90.81289309724662,767.916874501279,45.268341789898045,389.1705495076311,0.056980544747081696,0.24307782101167313,0.15854863813229572,0.2169066147859922,0.3454474708171206,26550.178988326847,53.206225680933855
2023-12-16,THFT,399,12,21,0.03007518796992481,0.05263157894736842,2.2953693281356284,26.24642352823018,83.8906564178967,718.471146979605,43.898203247043526,379.87857536194684,0.04915538847117794,0.21998997493734335,0.14567167919799498,0.18409774436090226,0.3212681704260652,31153.7343358396,44.6140350877193
2023-12-17,ASLT,358,133,73,0.3715083798882682,0.20391061452513967,2.26199553678898,27.069301237079888,92.10210617440846,772.3789457734443,45.702979620167284,391.6270242241028,0.05272067039106144,0.24706983240223462,0.17129050279329608,0.20691061452513965,0.35544692737430167,25092.703910614524,54.81005586592179
2023-12-17,THFT,318,11,21,0.03459119496855346,0.0660377358490566,2.116568620174679,26.63073868572207,84.87330296845255,731.0010382504928,44.1650659741551,383.2078010253528,0.050930817610062885,0.2214025157232704,0.1402012578616352,0.18729245283018867,0.3222138364779874,31079.443396226416,44.66981132075472
2023-12-18,ASLT,314,111,61,0.3535031847133758,0.1942675159235669,2.1955720231827116,26.891705299641302,90.9285632739249,765.4107199489879,45.229606106136075,389.416308338329,0.052621019108280244,0.25189490445859875,0.17154777070063695,0.21067834394904456,0.3554299363057325,24333.382165605097,55.18471337579618
2023-12-18,THFT,337,11,13,0.032640949554896145,0.03857566765578635,2.278195202951304,27.03820208848179,85.15840625861547,749.1745434752697,44.28081626186845,391.6759281590228,0.04763798219584568,0.22285459940652816,0.14489020771513353,0.1768486646884273,0.3244035608308605,31147.66765578635,43.89910979228487
2023-12-19,ASLT,55,13,6,0.23636363636363636,0.10909090909090909,2.6746927669277847,27.262427016343164,88.05431735505634,809.426043370871,44.76242922534491,410.4836728041727,0.047345454545454524,0.2468,0.16527272727272727,0.1842181818181818,0.34707272727272725,26184.145454545454,50.018181818181816
2023-12-19,THFT,49,1,2,0.02040816326530612,0.04081632653061224,2.175935762667354,27.02491181192451,88.21531957844036,799.3450698983388,44.907657514261246,411.5221401323184,0.04553061224489795,0.22612244897959183,0.16287755102040813,0.1897959183673469,0.36104081632653057,25517.428571428572,49.44897959183673
2023-12-20,ASLT,255,86,47,0.33725490196078434,0.1843137254901961,2.2881816271075097,26.356520018857587,95.08723489084272,778.4866118062725,46.34629933326746,389.76040506754197,0.0568313725490196,0.25973725490196076,0.1720392156862745,0.2162235294117647,0.35454901960784313,24604.560784313726,56.780392156862746
2023-12-20,THFT,313,9,13,0.02875399361022364,0.04153354632587859,2.2340778068373974,27.058850329775098,86.72078143129711,749.8890745546681,44.709578299965,390.10571036826263,0.046734824281150146,0.222258785942492,0.1493993610223642,0.18312460063897762,0.33031948881789136,30124.00319488818,45.277955271565496
2023-12-21,ASLT,283,71,45,0.2508833922261484,0.15901060070671377,2.359831107630803,26.62664915033066,89.98277731419526,762.6678121217435,44.80930209218949,386.9933631575329,0.05640282685512366,0.24940636042402825,0.16541696113074203,0.21124734982332152,0.34489752650176675,24773.031802120142,53.39575971731449
2023-12-21,THFT,379,4,14,0.010554089709762533,0.036939313984168866,2.3935276582262657,26.785998358219654,88.37082958259901,739.666464824648,45.28407839895781,385.145664035705,0.0467018469656992,0.22044327176781003,0.14335356200527705,0.18212664907651713,0.3233562005277045,31408.387862796833,44.13720316622691
2023-12-22,ASLT,309,94,59,0.3042071197411003,0.19093851132686085,2.2295811559910064,26.585704903255525,89.38265594572178,770.1870953361232,44.80932468811971,391.43063372729097,0.056194174757281536,0.25240453074433655,0.16593851132686083,0.2195954692556634,0.3496828478964401,24973.077669902912,55.74757281553398
2023-12-22,THFT,371,12,14,0.03234501347708895,0.03773584905660377,2.3001327138651915,27.537354626481044,86.08849962227568,759.7994480820984,44.418792520981995,395.3292339867464,0.04815363881401616,0.22672506738544473,0.15221024258760107,0.1874690026954178,0.3339029649595687,27821.44204851752,47.301886792452834
2023-12-23,ASLT,319,107,58,0.335423197492163,0.18181818181818182,2.145076690627747,27.06369366306554,94.68345435086819,760.1267181872573,46.08951862129267,379.1848332700621,0.05633542319749215,0.25056112852664575,0.1713322884012539,0.2151974921630094,0.3593636363636364,24007.708463949843,56.31347962382445
2023-12-23,THFT,378,15,15,0.03968253968253968,0.03968253968253968,2.320968744632037,26.644264099235066,86.92057059018683,738.8913838323688,45.18564896230984,387.246780792301,0.04492328042328041,0.2078148148148148,0.13475925925925927,0.16888095238095238,0.3117936507936508,35126.642857142855,39.764550264550266
2023-12-24,ASLT,309,115,45,0.37216828478964403,0.14563106796116504,2.2699562418225465,26.639160561087696,92.53402895618278,769.1513952718165,45.80667181792297,388.7370168011877,0.04966019417475727,0.2366860841423948,0.1652135922330097,0.20049514563106796,0.3454692556634304,26461.81553398058,51.679611650485434
2023-12-24,THFT,306,14,23,0.0457516339869281,0.07516339869281045,2.359308040249455,26.6792896372809,87.44978526037517,772.2935448458036,44.951734600320066,400.6680950384827,0.049065359477124176,0.2178267973856209,0.144218954248366,0.1871797385620915,0.3264640522875817,31618.565359477125,45.01307189542484
2023-12-25,ASLT,294,153,37,0.5204081632653061,0.12585034013605442,2.314029821652823,27.331497909098736,93.03573051447673,789.9917743338857,45.66112710615982,394.9435767134194,0.055748299319727884,0.25092517006802717,0.1733265306122449,0.22257482993197278,0.36038095238095236,22710.595238095237,57.69047619047619
2023-12-25,THFT,205,11,6,0.05365853658536585,0.02926829268292683,2.4378077423199254,27.309669204939162,87.36988636057967,760.4940094973191,45.04549503488969,397.2313961924083,0.05219024390243901,0.2191170731707317,0.14518048780487802,0.19311219512195119,0.3288780487804878,29639.317073170732,46.06341463414634
2023-12-26,ASLT,323,110,66,0.34055727554179566,0.2043343653250774,2.2512134187720467,27.18349092532767,91.5576945141182,770.3929851973502,45.56440675671609,390.4444456053093,0.051609907120743016,0.25070897832817335,0.17117337461300308,0.20207430340557275,0.3558049535603715,25112.068111455108,54.253869969040245
2023-12-26,THFT,307,12,19,0.03908794788273615,0.06188925081433225,2.3810890340976,27.13799130080831,88.96384163246726,766.5105600061512,45.364220797551475,395.70495169993126,0.0535700325732899,0.21836156351791527,0.14049511400651465,0.1975602605863192,0.3260814332247557,29662.299674267102,45.557003257328994
2023-12-27,ASLT,293,92,68,0.31399317406143346,0.23208191126279865,2.3838630378582333,27.102752063848328,91.50579513501839,747.8266432682017,45.511047013600965,379.6376774122795,0.055897610921501695,0.25373720136518774,0.1725460750853242,0.21006484641638226,0.3537645051194539,24296.965870307165,55.06484641638225
2023-12-27,THFT,319,12,14,0.03761755485893417,0.0438871473354232,2.2375044798968613,27.16075005956247,88.85582260580837,732.8357162438724,45.344269741410336,379.6631576114467,0.046238244514106575,0.21803761755485895,0.14609090909090908,0.18019435736677117,0.3274952978056426,30053.423197492164,44.56739811912226
2023-12-28,ASLT,274,75,50,0.2737226277372263,0.18248175182481752,2.2421361320679307,27.21613351794746,88.57242716263993,791.6009318966121,44.452378190534226,401.662695618773,0.054919708029197066,0.2561532846715328,0.17703649635036495,0.21659489051094888,0.3608576642335766,23473.043795620437,57.43795620437956
2023-12-28,THFT,340,15,26,0.04411764705882353,0.07647058823529412,2.259815872572151,26.68230100386654,86.26002615957387,740.7734371209297,44.542127985054485,388.26189435249887,0.047905882352941166,0.22769705882352942,0.1514735294117647,0.1893147058823529,0.33091176470588235,28668.36470588235,46.72941176470588
2023-12-29,ASLT,283,94,42,0.3321554770318021,0.14840989399293286,2.35057449903386,26.764184280022917,91.84701776933557,765.9383600622014,45.522982612677225,389.67055763044874,0.054194346289752636,0.24413427561837456,0.1696643109540636,0.21047349823321554,0.35173144876325085,25046.73851590106,54.3922261484099
2023-12-29,THFT,327,8,20,0.024464831804281346,0.06116207951070336,2.326369501403594,26.85909912518648,85.0759932417589,760.3311420217041,44.36132287546383,398.58204090057734,0.04686238532110091,0.21559633027522937,0.14240366972477062,0.17893577981651376,0.32101529051987765,31236.29357798165,43.10703363914373
2023-12-30,ASLT,337,116,79,0.34421364985163205,0.2344213649851632,2.3706966936705953,26.772938264728115,94.2094186673084,781.0896907411234,46.25710731076987,392.3392996149899,0.05405341246290799,0.25110979228486646,0.16923442136498515,0.20947181008902077,0.35363501483679527,25673.765578635015,54.768545994065285
2023-12-30,THFT,372,14,35,0.03763440860215054,0.09408602150537634,2.2121167534143016,26.508941632130963,87.04857723191697,740.0618233712886,45.121017966570356,387.14167996306827,0.0435510752688172,0.20794354838709675,0.13449462365591397,0.1679247311827957,0.3111989247311828,34322.84946236559,39.454301075268816
2023-12-31,ASLT,334,109,67,0.3263473053892216,0.20059880239520958,2.1426507514821798,26.100659187602286,93.9490070238736,759.764210542341,46.19567029275366,385.78281206381763,0.05751197604790418,0.25120359281437127,0.16976347305389222,0.214814371257485,0.3476616766467066,26603.017964071856,54.89820359281437
2023-12-31,THFT,297,7,15,0.02356902356902357,0.050505050505050504,2.2722662781825327,26.564577097254467,90.68790822262139,761.571339668858,45.83486967922921,391.4148821997037,0.04722895622895622,0.21975420875420873,0.14656902356902357,0.18221885521885522,0.3274747474747474,31681.959595959597,44.53872053872054
2024-01-01,ASLT,543,218,90,0.4014732965009208,0.16574585635359115,2.321610573140224,27.00112949599162,93.1671712270127,784.7946699332401,45.92862793074958,394.9481337646024,0.053600368324125215,0.2467163904235727,0.1707476979742173,0.214036832412523,0.3552430939226519,24799.58747697974,55.15837937384899
2024-01-01,THFT,340,15,14,0.04411764705882353,0.041176470588235294,2.3207664343938115,26.70118486627319,89.4704730551261,768.4523787967876,45.259668917506886,396.0841610918782,0.05283529411764706,0.22373235294117647,0.1519970588235294,0.19895294117647055,0.33289411764705884,28989.261764705883,47.74411764705882
2024-01-02,ASLT,303,99,71,0.32673267326732675,0.23432343234323433,2.4090618940188286,26.301436095190788,91.89956841789108,761.5622057784667,45.513473270851364,387.1259797769274,0.05455115511551154,0.2612310231023102,0.17508910891089108,0.20802310231023102,0.35548844884488445,24417.61716171617,56.48844884488449
2024-01-02,THFT,302,5,28,0.016556291390728478,0.09271523178807947,2.4932392866045214,27.409392900201567,85.00165668954429,778.3121316039209,44.07213578138906,405.8417719038129,0.04678145695364238,0.20716887417218544,0.1377615894039735,0.1853907284768212,0.3302086092715232,31018.168874172185,43.30132450331126
2024-01-03,ASLT,284,91,64,0.3204225352112676,0.22535211267605634,2.2934910484382236,25.88984073416806,95.18629306437508,739.4341077873898,46.627276418745694,375.6762397128711,0.05100704225352111,0.2555915492957746,0.1703732394366197,0.20429929577464787,0.34697183098591544,26282.62323943662,53.88732394366197
2024-01-03,THFT,337,16,16,0.04747774480712166,0.04747774480712166,2.1538521458373565,26.09345976911673,87.82872053494836,763.9064473231849,44.90837897964518,394.8999406873294,0.04865578635014836,0.22307418397626114,0.14159050445103855,0.18501186943620176,0.32155489614243327,31525.454005934716,44.4272997032641
2024-01-04,ASLT,339,108,94,0.3185840707964602,0.27728613569321536,2.18530200004395,26.269844983614234,91.77286058608829,755.676759648944,45.12973511564327,379.10402029561357,0.053935103244837745,0.2571504424778761,0.1747197640117994,0.2124778761061947,0.35484070796460176,24241.849557522124,55.97935103244838
2024-01-04,THFT,310,8,17,0.025806451612903226,0.054838709677419356,2.4523396905442647,26.71869432488094,90.9290741944932,781.9965471039452,46.02190151590149,402.47901591234097,0.048167741935483864,0.21633225806451614,0.14583870967741933,0.18589999999999998,0.3288935483870968,30064.654838709677,44.84516129032258
2024-01-05,ASLT,295,99,65,0.33559322033898303,0.22033898305084745,2.3648386261259935,26.679535987246613,94.24814407463072,786.4950631457593,46.04930702507117,394.65136785742067,0.0560237288135593,0.2499084745762712,0.1692677966101695,0.2150135593220339,0.35405423728813556,23780.51186440678,55.63389830508475
2024-01-05,THFT,339,5,22,0.014749262536873156,0.06489675516224189,2.3866149709807662,26.487896899394244,87.30087774616706,747.3000852371163,44.85524945958407,389.0997204592183,0.04574631268436578,0.21686135693215336,0.13891445427728613,0.17920058997050145,0.31868731563421826,31665.29203539823,42.42772861356932
2024-01-06,ASLT,299,89,63,0.2976588628762542,0.21070234113712374,2.331566207024236,26.48947395099308,95.13841851743643,755.2619908814582,46.46026511094133,380.55234071157327,0.05551505016722407,0.26321404682274246,0.17562541806020066,0.21197324414715718,0.35538461538461535,24407.575250836122,56.69230769230769
2024-01-06,THFT,288,11,18,0.03819444444444445,0.0625,2.346322418365917,26.5999688522938,87.57502894070649,751.0135559244652,44.964613562783946,388.7575118559358,0.046562499999999986,0.21660416666666665,0.14076388888888888,0.17477777777777778,0.3196423611111111,34250.010416666664,42.58680555555556
2024-01-07,ASLT,311,112,74,0.36012861736334406,0.2379421221864952,2.2349907633572346,27.094518412224453,91.17651897089279,768.815329191872,45.029117807259354,386.34507044987714,0.053623794212218634,0.25464951768488747,0.1727717041800643,0.20939228295819934,0.35564630225080385,24048.22508038585,55.62379421221865
2024-01-07,THFT,292,5,16,0.017123287671232876,0.0547945205479452,2.326710409521926,26.240689060624348,88.43247786917637,751.4466843898442,45.458565486271404,391.4671102566788,0.04964726027397259,0.208986301369863,0.13289383561643836,0.1875890410958904,0.31397945205479455,34063.760273972606,42.06849315068493
2024-01-08,ASLT,303,93,74,0.3069306930693069,0.24422442244224424,2.1539447675384973,26.893116216681882,95.64255645846224,761.1476009248812,46.42881917687801,378.92309290852114,0.05806930693069305,0.25296699669967,0.16974587458745874,0.21936633663366337,0.3566567656765676,24951.135313531355,56.72937293729373
2024-01-08,THFT,295,8,23,0.02711864406779661,0.07796610169491526,2.225011097367378,26.851737110834353,88.54216584666166,763.3294847078031,45.40507236421641,397.7570452120193,0.044644067796610155,0.21453898305084743,0.14207118644067795,0.17647457627118643,0.3268203389830508,30861.93220338983,42.779661016949156
2024-01-09,ASLT,237,86,60,0.3628691983122363,0.25316455696202533,2.1156332466173113,26.989456494005697,87.89936317891362,768.9754510105847,44.3423988940967,390.9682440931561,0.05353586497890294,0.2544008438818565,0.16845991561181434,0.20754008438818564,0.35178902953586494,24318.70042194093,55.04641350210971
2024-01-09,THFT,260,6,19,0.023076923076923078,0.07307692307692308,2.13117706276334,26.52473811273271,87.4107065635078,721.0745996817496,44.91303882154799,376.4145584068692,0.04384230769230768,0.21796153846153843,0.1421,0.16882692307692307,0.3207269230769231,32132.73076923077,41.19230769230769
2024-01-10,ASLT,290,80,78,0.27586206896551724,0.2689655172413793,2.368132989709401,27.128348997056538,93.88871756913811,796.7528800396896,46.0834645967668,400.2881463809441,0.057134482758620674,0.2579620689655172,0.17167241379310344,0.2158758620689655,0.3559241379310345,23914.41724137931,56.775862068965516
2024-01-10,THFT,340,6,30,0.01764705882352941,0.08823529411764706,2.235018802188186,26.18332863565332,86.43618732388221,755.6833145975777,44.84266799090592,396.4183204980544,0.04628529411764705,0.21576470588235294,0.1444176470588235,0.18104411764705883,0.3176058823529412,32289.70294117647,42.88529411764706
2024-01-11,ASLT,266,71,59,0.2669172932330827,0.22180451127819548,2.186382242754083,26.02709993196062,92.61938284336453,775.0444836486981,45.73672065030364,391.234392332238,0.05216917293233081,0.2617631578947368,0.17712406015037593,0.20968421052631578,0.35556766917293237,24962.285714285714,56.296992481203006
2024-01-11,THFT,332,17,32,0.05120481927710843,0.0963855421686747,2.3323964192084303,26.6601879969551,88.30322334840662,740.6126906112108,45.26051950375034,385.22564983869455,0.04621987951807228,0.22238855421686746,0.14703614457831324,0.17947289156626503,0.3245331325301205,31501.873493975905,43.96987951807229
2024-01-12,ASLT,243,82,54,0.3374485596707819,0.2222222222222222,2.159819136284043,26.47612313986573,96.04665277996256,730.9791327408597,46.60131134319479,366.48146402321646,0.05525102880658435,0.2548230452674897,0.1741440329218107,0.20644855967078188,0.35065843621399173,25232.54732510288,55.38683127572016
2024-01-12,THFT,262,10,21,0.03816793893129771,0.08015267175572519,2.2664291678833566,26.939724594237976,85.6315190946725,764.4253842124057,44.343029451942414,399.3436548085115,0.05032442748091602,0.21366793893129768,0.13818702290076335,0.18551908396946562,0.31872519083969464,30915.1679389313,42.908396946564885
2024-01-13,ASLT,243,74,61,0.3045267489711934,0.25102880658436216,2.2232042512850403,26.00316339030353,94.09698637938956,741.9405600562025,46.16452978449743,374.2423950075913,0.0591028806584362,0.26029218106995883,0.1708477366255144,0.22439506172839505,0.3485679012345679,24767.9341563786,57.36625514403292
2024-01-13,THFT,252,9,26,0.03571428571428571,0.10317460317460317,2.3519461811907174,26.225841198714154,88.59275827141852,760.3642668469743,45.11145679797693,391.289370374425,0.05078571428571428,0.229031746031746,0.1514484126984127,0.19346031746031744,0.32715079365079364,31894.86111111111,47.03174603174603
2024-01-14,ASLT,203,80,51,0.39408866995073893,0.2512315270935961,2.223743532698836,26.789273447191114,90.35183641592434,735.0886393917231,45.215229855723805,373.69001565217934,0.053975369458128065,0.25366502463054186,0.1683990147783251,0.1993054187192118,0.3519014778325123,27191.03448275862,53.90147783251231
2024-01-14,THFT,166,8,13,0.04819277108433735,0.0783132530120482,2.481475313419718,26.100602788242625,89.31112199550651,763.5955667381289,45.55634802310699,396.4233382432789,0.04889759036144578,0.2196325301204819,0.14045180722891565,0.18406626506024096,0.3170963855421687,32427.331325301206,43.78915662650602
2024-01-15,ASLT,215,91,42,0.4232558139534884,0.19534883720930232,2.3273832339378133,25.640276758567982,88.77310648895869,754.4623213189985,44.351426625562425,384.7905003849363,0.056325581395348816,0.2643953488372093,0.17843720930232557,0.21829302325581396,0.35507906976744186,23893.902325581395,58.12558139534884
2024-01-15,THFT,246,5,18,0.02032520325203252,0.07317073170731707,2.5047321973304104,26.515268062975572,85.86857536106369,751.4303287478756,44.80424838330396,394.89304347056503,0.04821951219512194,0.22006910569105692,0.1408333333333333,0.18084552845528454,0.31541056910569104,31904.39837398374,42.98780487804878
2024-01-16,ASLT,208,63,66,0.30288461538461536,0.3173076923076923,2.2433226351401974,26.667273710368015,96.07976284755105,725.5911995362562,46.79539302489654,366.66644829920335,0.054105769230769214,0.25859134615384616,0.1711778846153846,0.20395192307692306,0.3559182692307692,24816.27403846154,54.9375
2024-01-16,THFT,245,3,22,0.012244897959183673,0.08979591836734693,2.1121287851222528,26.764921109704176,83.15776399986352,726.5303756070342,43.691355422863005,383.31845250183795,0.0440612244897959,0.22823673469387754,0.1501265306122449,0.16918775510204082,0.32571020408163265,32528.726530612246,43.93061224489796
2024-01-17,ASLT,260,79,56,0.3038461538461538,0.2153846153846154,2.2205011946218254,26.057139109518744,93.90163352775743,765.6636989569923,46.13525205643646,389.93940409844464,0.057092307692307685,0.2570730769230769,0.17111153846153845,0.22148076923076923,0.35299615384615385,23471.5,56.926923076923075
2024-01-17,THFT,249,10,12,0.040160642570281124,0.04819277108433735,2.500873529843605,27.21675674471386,86.75923175537065,740.4201444466808,44.946442287571465,387.8031088452707,0.04469879518072288,0.2109759036144578,0.13632128514056224,0.1675020080321285,0.3147309236947791,33232.59437751004,40.16867469879518
2024-01-18,ASLT,267,77,69,0.2883895131086142,0.25842696629213485,2.2240459575852465,26.634372015173167,96.24634275030034,738.8536172008536,46.79815009624206,369.63811964542845,0.0532883895131086,0.2534232209737828,0.1721947565543071,0.20388014981273408,0.3519325842696629,25124.011235955055,54.62172284644195
2024-01-18,THFT,271,9,23,0.033210332103321034,0.08487084870848709,2.231969361516786,26.408471550151603,87.9868882987954,768.3763970499085,45.272506105176575,400.41945921548785,0.04859040590405903,0.21492988929889298,0.1433431734317343,0.18354243542435422,0.32084870848708485,31335.442804428043,43.59040590405904
2024-01-19,ASLT,253,73,57,0.2885375494071146,0.22529644268774704,2.3491707417686953,26.132591723614457,92.74535914851417,765.1802527453893,45.629933979956064,386.7734349154384,0.05335968379446639,0.2608102766798419,0.17949407114624505,0.21147035573122527,0.35648221343873515,23275.86561264822,57.383399209486164
2024-01-19,THFT,273,5,18,0.018315018315018316,0.06593406593406594,2.373931526681045,25.89651915822906,87.16951494769765,750.48023112994,45.06465887360476,392.541854987704,0.0457069597069597,0.2202087912087912,0.14434798534798535,0.1737802197802198,0.31365934065934065,33132.2271062271,41.967032967032964
2024-01-20,ASLT,254,89,62,0.35039370078740156,0.2440944881889764,2.1708049915021728,26.271755759168094,93.24225583709399,749.4645342911444,46.137461452271445,380.69566415126457,0.05053149606299211,0.25605511811023624,0.17618503937007873,0.20129527559055116,0.3497086614173228,25969.46062992126,54.70866141732284
2024-01-20,THFT,253,6,14,0.023715415019762844,0.05533596837944664,2.300660595112292,26.729941358479184,85.16540043903878,730.0967841367162,44.85886313524213,386.9163278475411,0.04199604743083003,0.21628458498023714,0.14012648221343874,0.16275098814229247,0.3095612648221344,34982.260869565216,39.54545454545455
2024-01-21,ASLT,261,104,56,0.39846743295019155,0.21455938697318008,2.1752752783536544,26.837209295404612,93.625412194101,742.7992133395571,46.0617788314112,377.24383420770033,0.05336015325670496,0.2493486590038314,0.16802298850574712,0.20241379310344826,0.3454061302681992,25588.478927203065,53.40229885057471
2024-01-21,THFT,230,9,18,0.0391304347826087,0.0782608695652174,2.2226453037557126,26.994965299840445,84.62425166310796,727.1014350887078,44.50894574995175,382.89425166719434,0.04445652173913042,0.20818260869565217,0.12880434782608693,0.16465652173913042,0.30618695652173916,35804.57391304348,38.321739130434786
2024-01-22,ASLT,269,95,57,0.35315985130111527,0.21189591078066913,2.286835686538997,26.26283974765062,93.33192843256116,771.7596412746082,45.8791277511617,387.6600692009562,0.05601858736059478,0.258271375464684,0.17624907063197026,0.21679553903345725,0.35724535315985134,24320.524163568774,57.69516728624535
2024-01-22,THFT,284,11,23,0.03873239436619718,0.08098591549295775,2.31092229275549,26.249788698332928,85.14465547718972,743.45306054527,44.36230731681364,389.76879346299967,0.045901408450704215,0.21707746478873238,0.14140492957746478,0.17351408450704225,0.31636971830985916,33104.894366197186,41.46830985915493
2024-01-23,ASLT,291,107,60,0.36769759450171824,0.20618556701030927,2.2421714386481852,26.973483823452924,93.90567343724337,786.2375927474495,46.18686609611217,394.7240063821175,0.05277319587628865,0.26797250859106525,0.17914776632302404,0.20847079037800686,0.364041237113402,23679.11683848797,57.79381443298969
2024-01-23,THFT,300,10,23,0.03333333333333333,0.07666666666666666,2.20221974137828,26.244406399962926,87.60483955906516,699.3958358437208,45.33966143672976,369.219940607914,0.046359999999999985,0.21191666666666664,0.13380333333333333,0.16894666666666666,0.30202666666666667,35305.19666666666,39.35666666666667
2024-01-24,ASLT,274,77,51,0.28102189781021897,0.18613138686131386,2.2377793895165454,27.751610162070477,94.76323985679848,769.956000254686,46.42647708644116,386.48706976355726,0.05235401459854014,0.23894890510948902,0.16752554744525544,0.20423722627737226,0.3538029197080292,24787.470802919706,53.17883211678832
2024-01-24,THFT,298,3,27,0.010067114093959731,0.09060402684563758,2.397096336606256,26.192667905327372,82.85167078608369,717.8064270613879,44.07756671090411,384.5691955118916,0.04271812080536912,0.2154228187919463,0.13425167785234898,0.1605738255033557,0.3050906040268456,34451.54697986577,39.35906040268456
2024-01-25,ASLT,298,82,53,0.2751677852348993,0.17785234899328858,2.3432580372330634,26.798569796589977,91.72191185401984,763.8369790795256,45.723317999650305,389.6213515321809,0.0506476510067114,0.24914093959731543,0.17233892617449664,0.20094295302013424,0.35199328859060397,26008.446308724833,53.83221476510067
2024-01-25,THFT,356,16,22,0.0449438202247191,0.06179775280898876,2.332304015756427,26.640996173774806,89.17428643260737,739.5172225734871,45.819585639499664,387.07393263385984,0.04621629213483145,0.21060674157303372,0.14137921348314605,0.1798679775280899,0.3202387640449438,31790.52808988764,42.07303370786517
2024-01-26,ASLT,302,91,65,0.30132450331125826,0.2152317880794702,2.259965492243404,26.67100098651168,91.01157159643964,785.7175672907024,45.002751960702824,394.9204457518762,0.05706291390728476,0.2615761589403973,0.17969867549668875,0.2230894039735099,0.35946688741721855,23083.264900662252,58.79139072847682
2024-01-26,THFT,353,12,14,0.0339943342776204,0.039660056657223795,2.232739902330819,26.442872995741112,87.90378943135441,709.7547128187598,45.06352780285092,369.57368103844846,0.04864022662889517,0.21924362606232295,0.1403342776203966,0.182314447592068,0.310728045325779,31411.01699716714,42.91218130311615
2024-01-27,ASLT,318,104,66,0.3270440251572327,0.20754716981132076,2.331128256724754,26.671113559465038,92.09294629445216,766.7163430764887,45.867414361982846,390.7458191808758,0.054056603773584885,0.25098427672955975,0.17042138364779874,0.20911635220125785,0.34750943396226414,25696.64465408805,54.522012578616355
2024-01-27,THFT,324,10,23,0.030864197530864196,0.07098765432098765,2.281510552074211,26.37186051601914,87.4881722105727,725.7951629100368,45.226368703440976,380.8617857528321,0.047401234567901226,0.2170401234567901,0.14077469135802467,0.1787438271604938,0.3157407407407407,33822.57716049383,42.22839506172839
2024-01-28,ASLT,323,117,69,0.3622291021671827,0.21362229102167182,2.23992355385419,26.92618192796818,92.39238224196123,793.0648539857805,45.751648397906074,400.4832191617625,0.05061300309597522,0.24330030959752322,0.16826934984520123,0.2031486068111455,0.352343653250774,25503.455108359132,53.01238390092879
2024-01-28,THFT,340,5,23,0.014705882352941176,0.06764705882352941,2.377260803959039,27.080646198137508,88.47503958094194,776.07269854181,45.50588908923706,403.7315979652524,0.045861764705882345,0.20679117647058823,0.14113529411764705,0.17551470588235293,0.3239264705882353,32709.55,41.63823529411765
2024-01-29,ASLT,297,79,67,0.265993265993266,0.2255892255892256,2.2341306721715437,26.45637003614913,91.10451846975461,767.0330772158751,45.32979463749123,388.9248770704047,0.05476767676767675,0.2629461279461279,0.1818249158249158,0.21766666666666665,0.3613468013468013,23377.760942760942,58.313131313131315
2024-01-29,THFT,340,8,30,0.023529411764705882,0.08823529411764706,2.3190144877819625,26.71326799644129,87.65994039904334,734.2533499499427,45.2064182036347,383.3199747879338,0.05107941176470587,0.21569117647058822,0.13855,0.18448823529411765,0.3197441176470588,31405.95,43.29117647058823
2024-01-30,ASLT,299,85,45,0.2842809364548495,0.1505016722408027,2.429914627262869,26.728603531683056,96.51169752765026,773.9431605805395,46.91524498134091,388.26606027431137,0.05188628762541805,0.2610535117056856,0.1807859531772575,0.20816722408026755,0.3592040133779264,23215.29431438127,56.62207357859532
2024-01-30,THFT,365,14,31,0.038356164383561646,0.08493150684931507,2.264155568360335,26.757377147394113,85.86295612072392,716.7053392431715,44.60285539047763,376.74462785542136,0.04752876712328766,0.21594794520547944,0.14076712328767121,0.17768493150684928,0.3188958904109589,31452.043835616438,42.33150684931507
2024-01-31,ASLT,317,93,67,0.29337539432176657,0.2113564668769716,2.210016967967364,27.43570416850624,90.05766748611443,750.5151008091101,45.09189012124636,381.7638820757527,0.048113564668769704,0.2465867507886435,0.16968138801261828,0.19149526813880124,0.35108517350157725,24851.271293375394,52.305993690851736
2024-01-31,THFT,320,10,22,0.03125,0.06875,2.3253983409861885,26.674931493509156,87.67806407160336,741.171692934035,45.13893112736832,385.42734740754815,0.04355312499999999,0.20817187499999998,0.137053125,0.167790625,0.313515625,34101.971875,39.91875
2024-02-01,ASLT,342,96,74,0.2807017543859649,0.21637426900584794,2.2206199050725006,26.644880941655057,92.4173736239235,748.6376092607784,45.869309655791845,380.2159077215758,0.05094736842105262,0.2483625730994152,0.16644152046783625,0.1970614035087719,0.349093567251462,25675.269005847953,52.48245614035088
2024-02-01,THFT,357,17,30,0.047619047619047616,0.08403361344537816,2.3289135690471,26.967290707889767,90.23682096201134,781.4149897053732,45.82929831144349,405.158258545035,0.04654621848739495,0.21278991596638655,0.14709523809523808,0.18219607843137253,0.32610924369747896,30796.697478991595,43.983193277310924
2024-02-02,ASLT,303,93,58,0.3069306930693069,0.19141914191419143,2.3714581828028196,26.992919684430177,93.64388282510231,777.0360467782076,46.01159078601188,392.2962867102571,0.053914191419141895,0.24393729372937292,0.1681023102310231,0.2121848184818482,0.3561188118811881,23474.83498349835,54.65346534653465
2024-02-02,THFT,341,16,26,0.0469208211143695,0.07624633431085044,2.3202593449258426,26.590807967460787,90.199083335509,757.5024705403596,45.985057197246576,395.9411455333845,0.046812316715542514,0.20965689149560116,0.13721700879765394,0.1762023460410557,0.31717888563049856,31478.357771261,41.375366568914956
2024-02-03,ASLT,303,98,58,0.3234323432343234,0.19141914191419143,2.244687745909565,26.855528687494335,90.41201493854018,753.353512771997,45.191952217588835,382.80600321851125,0.05466006600660065,0.24783498349834981,0.16247854785478547,0.20594389438943894,0.34485808580858085,26207.247524752474,52.35643564356435
2024-02-03,THFT,290,7,15,0.02413793103448276,0.05172413793103448,2.3033394114071863,26.41051336582137,87.38503748854373,748.8105183878786,45.20617252870463,392.83946220357035,0.04566206896551723,0.21532758620689654,0.13919310344827587,0.17226896551724138,0.3167965517241379,33687.96206896552,41.06551724137931
2024-02-04,ASLT,323,103,53,0.3188854489164087,0.16408668730650156,2.253552463392236,26.085949432382446,96.44143918605519,777.2717569358356,46.73206211124957,389.0519971123725,0.057631578947368416,0.2621393188854489,0.17326006191950463,0.2226377708978328,0.3529752321981424,24951.71517027864,57.56656346749226
2024-02-04,THFT,303,14,22,0.0462046204620462,0.07260726072607261,2.305925712238937,26.447451585348357,85.7730316990104,721.4528997057836,44.48129290699749,379.1113637542363,0.0487095709570957,0.21666666666666665,0.13738943894389438,0.18013531353135312,0.31416501650165013,33779.34323432343,42.43894389438944
2024-02-05,ASLT,334,101,69,0.3023952095808383,0.20658682634730538,2.327461028976376,26.64340323901565,91.96325028488143,752.710202154947,45.505999386109934,382.5896230541934,0.05355389221556885,0.24838323353293412,0.1687395209580838,0.21263473053892215,0.3507095808383234,24446.323353293414,54.80239520958084
2024-02-05,THFT,346,13,26,0.03757225433526012,0.07514450867052024,2.233616722564436,27.00597934914108,87.1437762710663,723.5729747040757,44.81470004742339,377.1222261403798,0.04791329479768785,0.2159364161849711,0.14096820809248556,0.1855115606936416,0.3215115606936416,31268.242774566475,43.61271676300578
2024-02-06,ASLT,307,86,75,0.28013029315960913,0.24429967426710097,2.3194767330452772,26.455650371925312,95.01581605239733,757.0004590730091,46.308382448005375,379.2831130676267,0.05759283387622148,0.26325732899022797,0.17460912052117264,0.21625732899022798,0.3553061889250814,23123.74267100977,57.56026058631922
2024-02-06,THFT,331,14,15,0.04229607250755287,0.045317220543806644,2.4528085861382323,26.18903437349257,87.10591155964742,764.079882445013,45.15384348039311,400.2432237177631,0.04664652567975829,0.2203716012084592,0.1434773413897281,0.17947129909365558,0.31891842900302114,32181.68580060423,43.51359516616314
2024-02-07,ASLT,297,89,58,0.2996632996632997,0.19528619528619529,2.244441567451995,26.539448779207376,91.97058416237275,773.24982593177,45.392656089990595,390.164138113895,0.05407407407407406,0.2576936026936027,0.1795084175084175,0.214003367003367,0.3619191919191919,23990.3468013468,57.41077441077441
2024-02-07,THFT,359,10,36,0.027855153203342618,0.10027855153203342,2.330679060561106,26.805954758523942,89.3707460561854,731.8883759384919,45.761306234360234,383.3539900622334,0.043306406685236755,0.2113008356545961,0.13867966573816154,0.16538440111420613,0.3180055710306407,34112.70473537604,40.46239554317549
2024-02-08,ASLT,308,82,61,0.2662337662337662,0.19805194805194806,2.18275345536294,26.315651797156793,90.95386241956643,754.4311814179049,45.171677008484394,381.8578871494201,0.051746753246753235,0.24738636363636363,0.16293831168831166,0.20255194805194804,0.35014285714285714,26923.76948051948,52.607142857142854
2024-02-08,THFT,350,9,24,0.025714285714285714,0.06857142857142857,2.254244465376559,26.42712605730637,85.61887906249747,735.5557188953926,44.662090504983304,387.0190879506423,0.04636857142857142,0.21568,0.13901142857142856,0.17608857142857143,0.31419142857142857,33545.60571428572,41.81428571428572
2024-02-09,ASLT,350,98,92,0.28,0.26285714285714284,2.2936047013240177,26.599739545514748,92.23856089455313,746.8934223556594,45.76773053314171,378.372240307634,0.0539742857142857,0.24689714285714287,0.1664,0.20636285714285713,0.3475028571428571,26165.154285714285,53.322857142857146
2024-02-09,THFT,341,11,28,0.03225806451612903,0.08211143695014662,2.358968284675285,26.50989044014933,87.45330760313887,738.7600979044983,45.08355811339404,385.2768705147501,0.04494134897360703,0.21262463343108504,0.13834604105571846,0.17339882697947212,0.3164076246334311,32640.633431085043,40.78299120234604
2024-02-10,ASLT,345,108,84,0.3130434782608696,0.24347826086956523,2.272357540496889,26.83747667672443,91.83681297137161,750.5871423016322,45.621094176823256,381.64643916617683,0.0527623188405797,0.2549101449275362,0.17540579710144927,0.20535652173913044,0.3530144927536232,25006.455072463767,55.16811594202898
2024-02-10,THFT,328,7,23,0.021341463414634148,0.0701219512195122,2.2810728428610147,26.549540709115345,86.86250072425631,751.2005498925256,45.0561275474741,392.4066915474384,0.04512195121951218,0.20403658536585365,0.13109146341463415,0.1684542682926829,0.31110060975609755,35288.90853658537,38.926829268292686
2024-02-11,ASLT,312,108,70,0.34615384615384615,0.22435897435897437,2.4156654925185896,26.447327055229145,93.72793002458967,780.5765744735154,46.254626745612555,394.53445991123556,0.04874999999999999,0.24616666666666667,0.16812179487179485,0.19748397435897433,0.34707371794871794,26926.3108974359,52.09615384615385
2024-02-11,THFT,292,13,32,0.04452054794520548,0.1095890410958904,2.2756559698161656,26.4241387727601,89.53518313855255,766.4686645002034,45.63152031635483,394.5154731014657,0.04712671232876711,0.2204623287671233,0.14658561643835616,0.1862431506849315,0.3259931506849315,32210.335616438355,44.97945205479452
2024-02-12,ASLT,321,104,71,0.32398753894080995,0.22118380062305296,2.191712142404673,26.664970698224618,92.45048783882913,758.4147735289104,45.44437410661348,382.39232854427166,0.05557009345794392,0.25981931464174457,0.18047040498442365,0.21676635514018688,0.3596199376947041,23300.595015576324,57.8006230529595
2024-02-12,THFT,304,12,23,0.039473684210526314,0.0756578947368421,2.375606965849867,27.428793570818776,89.35684922526585,781.1777968374909,45.60175587931732,403.23531345756254,0.04304276315789472,0.20576644736842103,0.13826973684210525,0.17363815789473683,0.323391447368421,32610.595394736843,41.296052631578945
2024-02-13,ASLT,292,85,52,0.2910958904109589,0.1780821917808219,2.277772253094764,26.302001691202914,90.36320143599616,730.1259255548883,45.47151175286089,375.1670890130948,0.05075684931506847,0.24736986301369862,0.1656541095890411,0.19302397260273974,0.3449760273972603,27560.866438356163,51.61643835616438
2024-02-13,THFT,314,10,24,0.03184713375796178,0.07643312101910828,2.2599100041350466,26.95290255874191,87.49679919855957,754.1284267115926,45.32960717308424,396.3493039443589,0.04780254777070063,0.2164394904458599,0.13835987261146496,0.18088535031847133,0.3198216560509554,31278.146496815287,42.69108280254777
2024-02-14,ASLT,293,80,45,0.27303754266211605,0.15358361774744028,2.3651673599302256,26.511054940372325,93.11078129027514,782.510330951044,45.666163826261425,391.8705453218979,0.056532423208191115,0.2558122866894198,0.17247098976109215,0.21638566552901023,0.35736860068259385,25286.351535836176,56.26962457337884
2024-02-14,THFT,342,8,20,0.023391812865497075,0.05847953216374269,2.3694894405320586,26.876289642061643,86.61860882195748,755.8755987536974,44.556758422027535,392.88361108654647,0.04440935672514619,0.2156345029239766,0.14728362573099413,0.18360526315789474,0.3305175438596491,30104.973684210527,44.35964912280702
2024-02-15,ASLT,320,92,66,0.2875,0.20625,2.3180132219183482,26.298665755907546,93.31584256911285,763.1967370508188,45.875622214856165,386.35751853590625,0.058734374999999985,0.258746875,0.175075,0.22087812499999998,0.35473125,23852.16875,57.54375
2024-02-15,THFT,287,16,24,0.05574912891986063,0.08362369337979095,2.4240263896815373,26.95647823231496,86.69002005852674,735.9586978273293,45.00496581609516,388.01955654417424,0.043937282229965145,0.215198606271777,0.14358536585365853,0.16998257839721254,0.3202229965156794,31631.91986062718,42.038327526132406
2024-02-16,ASLT,340,87,70,0.25588235294117645,0.20588235294117646,2.2983788664228713,26.311779655361928,89.49854346351273,748.4275684369244,44.900216739904685,381.34346349699706,0.05611176470588234,0.26090588235294115,0.1708735294117647,0.2151264705882353,0.34860294117647056,24983.920588235294,55.67058823529412
2024-02-16,THFT,308,5,24,0.016233766233766232,0.07792207792207792,2.4945463029672785,26.671544410360593,86.41223961483668,776.2435716685802,45.04709874009388,408.9465463053425,0.04559740259740259,0.21299350649350646,0.14150000000000001,0.1765,0.3197922077922078,31469.496753246753,41.97402597402598
2024-02-17,ASLT,315,104,61,0.33015873015873015,0.19365079365079366,2.2406284538386307,26.170383988657647,93.31147242004221,728.6101107228125,46.01416259897683,371.2272503275549,0.0549174603174603,0.24977460317460318,0.1681269841269841,0.20852698412698412,0.3490126984126984,26389.139682539684,53.91428571428571
2024-02-17,THFT,290,12,27,0.041379310344827586,0.09310344827586207,2.2791824057581884,26.533749989283294,84.75921107009896,724.0500003526741,44.168135275781836,379.9236918206638,0.04813103448275861,0.21151724137931033,0.1372310344827586,0.17913103448275863,0.3119551724137931,33292.996551724136,41.45862068965517
2024-02-18,ASLT,314,119,81,0.37898089171974525,0.25796178343949044,2.145399882968491,26.4583655175997,92.08159831637087,749.9100896465153,45.885831601122874,383.37907909490445,0.05718471337579616,0.2514458598726114,0.1687484076433121,0.2209108280254777,0.3515477707006369,24203.299363057326,56.181528662420384
2024-02-18,THFT,309,18,23,0.05825242718446602,0.0744336569579288,2.323291777910297,26.594349044524307,84.63891069942191,748.9389942535391,44.37772731586379,394.55368870619805,0.045482200647249185,0.20640129449838188,0.1316893203883495,0.16966666666666666,0.3107022653721683,34221.82524271845,39.16828478964401
2024-02-19,ASLT,318,87,67,0.27358490566037735,0.21069182389937108,2.188069665368347,26.489030181480487,92.61194235894463,769.5158041156544,45.67737766459259,390.09658363729403,0.05818553459119496,0.25616981132075467,0.17422641509433962,0.21987735849056603,0.3578018867924528,23279.462264150945,57.25471698113208
2024-02-19,THFT,299,9,14,0.030100334448160536,0.046822742474916385,2.3650709548657973,27.120170590074846,86.31826219212984,753.3501312730465,44.8274641197188,397.8301099746666,0.04796655518394647,0.20841137123745818,0.139190635451505,0.18634448160535116,0.32577926421404685,30485.645484949833,43.046822742474916
2024-02-20,ASLT,315,87,67,0.2761904761904762,0.2126984126984127,2.351757749477254,26.264708068966467,94.17923907739875,764.8831061987445,46.08850422006707,384.86069069550035,0.05392380952380951,0.2573269841269841,0.17427936507936506,0.21222539682539682,0.3541333333333333,24674.644444444446,55.84126984126984
2024-02-20,THFT,302,5,25,0.016556291390728478,0.08278145695364239,2.359392160015046,26.387049393753994,85.46355654603985,748.6550492746924,44.4328732027949,391.2778568004096,0.0489139072847682,0.2072119205298013,0.13578145695364235,0.18379801324503311,0.31286092715231784,32481.281456953642,41.95364238410596
2024-02-21,ASLT,313,80,63,0.25559105431309903,0.2012779552715655,2.1335118042148418,26.759167473061392,91.58317978845989,780.2853727236566,45.51241088484132,394.81696331591854,0.05761341853035142,0.2610255591054313,0.17508945686900956,0.21778913738019168,0.35507987220447285,23603.862619808307,57.533546325878596
2024-02-21,THFT,311,14,20,0.04501607717041801,0.06430868167202572,2.273243402719443,26.326297533786324,84.15515712257505,728.0879527858897,43.99753775017785,382.3676848383592,0.0465305466237942,0.22089067524115757,0.1448295819935691,0.17870739549839226,0.3154019292604502,32139.755627009647,42.733118971061096
2024-02-22,ASLT,336,104,71,0.30952380952380953,0.2113095238095238,2.3446014272830893,26.21404682262361,92.65586315404569,770.5357530174283,45.89845354486046,392.61343119191395,0.054101190476190456,0.2512083333333333,0.17082142857142854,0.21173511904761905,0.34944345238095237,25231.032738095237,54.69047619047619
2024-02-22,THFT,300,6,33,0.02,0.11,2.3408917177797277,26.76748399091774,87.99018920322857,742.2541204398217,45.16390605948941,384.084289580918,0.04999999999999999,0.22383666666666666,0.14689666666666665,0.19002666666666665,0.32238333333333336,30484.476666666666,45.88
2024-02-23,ASLT,283,90,55,0.31802120141342755,0.19434628975265017,2.282431929916753,26.645685514083677,93.14137347379649,798.2090648820972,45.72923248653771,402.1952137761901,0.05572084805653709,0.25136749116607776,0.1743851590106007,0.2190989399293286,0.3572826855123675,23998.162544169612,56.71024734982332
2024-02-23,THFT,305,13,15,0.04262295081967213,0.04918032786885246,2.5246422663874877,26.615238204258688,90.07311912679248,776.000707706564,45.75616003670741,401.7693883445767,0.047531147540983594,0.2098,0.14221639344262293,0.18418360655737703,0.32769508196721314,31120.377049180326,43.80983606557377
2024-02-24,ASLT,277,92,54,0.33212996389891697,0.19494584837545126,2.1760554486151236,26.356613619708753,92.75168854082888,780.4380930622079,45.61631968309944,394.3312063882592,0.05559205776173284,0.2523104693140794,0.17336101083032487,0.21497472924187724,0.3579783393501805,24046.837545126353,56.47292418772563
2024-02-24,THFT,315,14,22,0.044444444444444446,0.06984126984126984,2.2522374881140084,26.22282112339979,87.00186239490583,740.8573297103717,45.14678812861646,387.7374927327095,0.04632698412698411,0.21509206349206347,0.14076507936507937,0.17527301587301586,0.3153047619047619,34059.28571428572,41.84126984126984
2024-02-25,ASLT,377,120,61,0.3183023872679045,0.16180371352785147,2.2188169309054455,26.144845235392506,92.30873580258312,785.7369308719574,45.550922612668636,395.38743480406896,0.05603183023872678,0.24875331564986738,0.16580636604774535,0.21466047745358088,0.34951989389920424,25853.480106100797,54.851458885941646
2024-02-25,THFT,275,17,18,0.06181818181818182,0.06545454545454546,2.3421504743760417,26.60590099705618,91.88676604047086,739.9819414075847,46.669020114007616,388.01073181845567,0.04574181818181817,0.21334545454545453,0.14414181818181818,0.17472363636363636,0.31899636363636363,32490.2,42.24727272727273
2024-02-26,ASLT,334,90,80,0.2694610778443114,0.23952095808383234,2.2476455393511015,26.23145973199888,92.76349034177923,773.6403716676165,45.73774375359992,388.58754373129614,0.053874251497005976,0.26286526946107786,0.17676646706586827,0.21422155688622754,0.35729041916167664,24138.2125748503,57.32335329341317
2024-02-26,THFT,300,12,17,0.04,0.056666666666666664,2.3676693664127155,27.093004855353424,89.65229527315304,764.7312691852586,45.44798939238136,392.834414043006,0.04926666666666666,0.21479666666666664,0.14293333333333333,0.19192,0.3277333333333333,30391.443333333333,44.96
2024-02-27,ASLT,345,101,62,0.2927536231884058,0.17971014492753623,2.189947396484017,27.011483789512873,95.27709661744194,765.9436280128133,46.41662559434138,383.44747976197186,0.051817391304347815,0.25193333333333334,0.17644927536231883,0.20778840579710145,0.3556985507246377,23925.86376811594,55.869565217391305
2024-02-27,THFT,318,11,27,0.03459119496855346,0.08490566037735849,2.345269251985068,26.700105400642396,86.24220416706747,726.5903944464217,44.7348765650767,379.622650992283,0.04397484276729559,0.21322012578616353,0.13713522012578613,0.16576100628930818,0.3129308176100629,34082.82704402516,39.9685534591195
2024-02-28,ASLT,309,94,65,0.3042071197411003,0.21035598705501618,2.616603514827361,27.11912188880638,92.73120886579984,804.1765816756666,45.965649729253876,406.6060588603867,0.05158576051779934,0.24531391585760515,0.17171197411003236,0.20600970873786406,0.3550388349514563,24167.569579288025,54.40453074433657
2024-02-28,THFT,306,6,22,0.0196078431372549,0.0718954248366013,2.4631641663346335,26.975040076344687,86.99189256746332,747.0520265733696,45.0327189550955,391.4725379241882,0.04779411764705881,0.20966339869281045,0.13648366013071894,0.18389215686274507,0.32029411764705884,31050.833333333332,42.54575163398693
2024-02-29,ASLT,297,80,59,0.26936026936026936,0.19865319865319866,2.2057372591864643,26.248940390388636,91.20493067814898,764.6569710631145,45.32443043038428,387.49703681985926,0.057057239057239036,0.2546969696969697,0.17034343434343435,0.2153939393939394,0.34610101010101013,25247.781144781144,55.39393939393939
2024-02-29,THFT,356,10,27,0.028089887640449437,0.07584269662921349,2.430166051215619,27.161233496848954,87.01391715948253,765.2804291669158,44.92051795463456,397.9230325744994,0.04806179775280898,0.21301685393258424,0.13996067415730334,0.18421067415730336,0.3235,30192.210674157304,43.37359550561798
2024-03-01,ASLT,338,99,69,0.29289940828402367,0.20414201183431951,2.2485273794907936,26.566085304963604,90.27284188000547,759.7152506567041,44.92010514634607,384.4282685192408,0.05453550295857987,0.2573284023668639,0.17442899408284024,0.2122396449704142,0.3528905325443787,24743.792899408283,55.79289940828402
2024-03-01,THFT,397,16,31,0.04030226700251889,0.07808564231738035,2.3002101277704416,27.209163906593535,87.61837703164561,740.2764396265302,45.10982022310589,386.1198852985493,0.04748866498740554,0.2119571788413098,0.13992947103274558,0.17804030226700251,0.3219294710327456,30929.103274559195,42.31738035264484
2024-03-02,ASLT,329,105,78,0.3191489361702128,0.23708206686930092,2.1554431207066904,26.356119473487023,94.16671430539064,769.5785955194416,46.21308054570699,387.0474436396203,0.05528571428571428,0.24956838905775072,0.17048328267477203,0.21217325227963524,0.3525258358662614,24888.927051671733,55.224924012158056
2024-03-02,THFT,281,13,20,0.046263345195729534,0.0711743772241993,2.2071737111318024,26.475597781743048,87.6487331374163,763.711591650814,44.89239424137709,394.8924147793267,0.049686832740213516,0.21717081850533806,0.1438612099644128,0.18834519572953737,0.3213985765124555,31660.55871886121,44.08896797153025
2024-03-03,ASLT,380,126,82,0.33157894736842103,0.21578947368421053,2.167315958180038,26.321984959774788,91.66700256391286,777.5781682443874,45.33190862965256,392.3690228446592,0.05890526315789472,0.25451315789473683,0.17459210526315788,0.2227684210526316,0.3563578947368421,23784.584210526315,57.29736842105263
2024-03-03,THFT,261,14,9,0.05363984674329502,0.034482758620689655,2.328502455592888,26.44805109366307,89.98948757005601,783.7367238552314,45.475668089706474,401.3358155493475,0.047747126436781605,0.20764750957854405,0.13808429118773946,0.18411111111111111,0.3222298850574713,32367.417624521073,42.91570881226053
2024-03-04,ASLT,367,93,83,0.25340599455040874,0.22615803814713897,2.245939662009569,26.442735837094713,95.09580192989701,751.5577046247222,46.220436334219585,376.22072784606513,0.052226158038147126,0.2566212534059945,0.1766512261580381,0.2112615803814714,0.3561444141689373,23995.604904632153,56.653950953678475
2024-03-04,THFT,308,14,20,0.045454545454545456,0.06493506493506493,2.3491632045631285,26.66112039052124,86.98897906590179,755.1467608908259,44.69595005934696,390.50497530304614,0.049415584415584406,0.22050649350649348,0.14682467532467533,0.1905876623376623,0.32871428571428574,29731.36038961039,45.82142857142857
2024-03-05,ASLT,330,102,70,0.3090909090909091,0.21212121212121213,2.2980017076963617,26.14731889779525,92.93817183440648,752.4933351617697,45.91952943506655,381.6579639986573,0.05568484848484847,0.24686969696969696,0.16177272727272726,0.20642121212121212,0.3442,26910.784848484847,52.96363636363636
2024-03-05,THFT,315,8,24,0.025396825396825397,0.0761904761904762,2.2765386123853295,26.901726945578538,85.59663045919275,731.877153592026,44.69866197869702,386.2751396156346,0.04355873015873015,0.21258730158730155,0.14057142857142854,0.1727936507936508,0.3206380952380952,31772.22857142857,41.52063492063492
2024-03-06,ASLT,297,80,53,0.26936026936026936,0.17845117845117844,2.221248587066068,26.40355512366333,92.05377567113683,781.5077088708333,45.678519429134646,395.78633969008854,0.05074410774410773,0.24950505050505048,0.17477777777777778,0.20249831649831648,0.35537710437710435,25138.80808080808,54.4040404040404
2024-03-06,THFT,298,4,20,0.013422818791946308,0.06711409395973154,2.383568179731372,26.196337927045224,85.10367693731865,750.2959663320013,44.38894238286089,392.5869423849128,0.04570805369127516,0.22158389261744965,0.14322818791946307,0.17638255033557046,0.3133590604026846,32363.258389261744,42.43288590604027
2024-03-07,ASLT,319,82,60,0.25705329153605017,0.18808777429467086,2.419982854081042,26.342869533576174,89.68608312951726,774.6970190206771,45.18603697923543,396.1484185652069,0.052931034482758606,0.247987460815047,0.165858934169279,0.20417868338557993,0.3431442006269592,26009.811912225705,52.592476489028215
2024-03-07,THFT,297,8,19,0.026936026936026935,0.06397306397306397,2.4175706401271166,26.84549875704551,87.2938626269446,756.1867391766808,45.14443434591223,395.1475612797198,0.046134680134680126,0.21343434343434342,0.13987878787878788,0.17155892255892255,0.3147070707070707,33081.06060606061,41.464646464646464
2024-03-08,ASLT,274,87,50,0.3175182481751825,0.18248175182481752,2.3528988983964574,26.494342966398502,92.27753500334158,784.1977523650866,45.611357469239465,395.8722251947843,0.055083941605839404,0.2530985401459854,0.17207299270072993,0.21252919708029197,0.3531058394160584,24637.901459854016,55.63868613138686
2024-03-08,THFT,325,8,21,0.024615384615384615,0.06461538461538462,2.3588896449004175,26.775221203946572,86.66221668429408,745.7149785382852,44.73945467254971,390.25603677075816,0.046396923076923065,0.21979076923076923,0.14388307692307692,0.1782923076923077,0.3215753846153846,30953.793846153847,43.575384615384614
2024-03-09,ASLT,305,90,70,0.29508196721311475,0.22950819672131148,2.4405430387380944,26.360053861524175,93.66965655698813,782.7303282294,46.15411627201997,396.0379048596577,0.054806557377049175,0.2475311475409836,0.16431147540983604,0.2088983606557377,0.3459377049180328,25378.67868852459,53.78688524590164
2024-03-09,THFT,303,14,27,0.0462046204620462,0.0891089108910891,2.390145641735417,26.582559164330235,87.06024396828043,749.9701091241402,44.869309187575695,389.9332633566762,0.045363036303630346,0.21351485148514848,0.13965346534653464,0.17454125412541252,0.3132442244224422,33393.80858085809,41.56435643564357
2024-03-10,ASLT,325,109,74,0.3353846153846154,0.2276923076923077,2.323498507515979,25.839298384594038,95.52079974519793,756.84895844112,46.47383430131501,380.2545002111135,0.0596953846153846,0.25185846153846153,0.1701753846153846,0.22300307692307691,0.35003999999999996,25007.203076923077,56.581538461538464
2024-03-10,THFT,259,12,27,0.04633204633204633,0.10424710424710425,2.2364917211227158,26.531947758537918,85.1090122455427,756.4365023480804,44.42993002189322,396.95292323312043,0.043289575289575284,0.21113899613899612,0.13908880308880306,0.16963706563706563,0.31710424710424706,32869.07722007722,41.03861003861004
2024-03-11,ASLT,332,91,75,0.2740963855421687,0.22590361445783133,2.283811698220692,26.21820094240978,91.59005143912404,762.0361692926449,45.48938415545625,389.7042823546958,0.05590963855421686,0.2476234939759036,0.16648493975903614,0.21052409638554215,0.3464397590361446,25976.472891566264,54.075301204819276
2024-03-11,THFT,294,6,21,0.02040816326530612,0.07142857142857142,2.404833595500436,26.696553741442845,87.26191120418807,756.2074075302656,45.13406342620891,395.5259502779109,0.044265306122448965,0.22031632653061223,0.1445204081632653,0.1742925170068027,0.31939455782312925,30731.299319727892,43.275510204081634
2024-03-12,ASLT,335,78,74,0.23283582089552238,0.2208955223880597,2.1596657747107857,26.182273416247472,93.51277515353142,753.3679378158549,46.03129882778304,380.6637384477749,0.05542985074626864,0.25808656716417905,0.1704776119402985,0.2063731343283582,0.3459641791044776,26156.40895522388,54.602985074626865
2024-03-12,THFT,341,8,29,0.02346041055718475,0.08504398826979472,2.3125655265701277,26.6565905410077,87.75409208407721,748.8902496253029,45.522239287234385,392.80207750269676,0.044777126099706736,0.20496187683284456,0.135158357771261,0.1673607038123167,0.3103636363636364,34766.8651026393,39.302052785923756
2024-03-13,ASLT,327,91,70,0.2782874617737003,0.21406727828746178,2.262244384586809,26.9116499499948,93.53310188840376,755.515494339422,46.066511799522544,382.06078455991957,0.05380428134556573,0.2568470948012232,0.17605198776758407,0.21227522935779816,0.3565107033639143,23416.51376146789,56.391437308868504
2024-03-13,THFT,321,9,19,0.028037383177570093,0.059190031152647975,2.4622247294711905,27.066480155346042,85.38743049917993,744.8918505429848,44.8518180969465,394.2911315498097,0.04667601246105918,0.20837694704049842,0.1382959501557632,0.1797570093457944,0.3174859813084112,30403.728971962617,41.28660436137071
2024-03-14,ASLT,293,86,71,0.2935153583617747,0.24232081911262798,2.245420855521107,26.51083368653308,92.00123924697381,756.7504274160276,45.54806192968153,383.8660797717379,0.05733447098976108,0.2576348122866894,0.1689692832764505,0.21439931740614332,0.3539556313993174,24162.098976109213,56.279863481228666
2024-03-14,THFT,303,11,21,0.036303630363036306,0.06930693069306931,2.421063605875737,27.455855782118313,88.59496098337993,792.1391337423786,45.72909068399486,412.7164284796561,0.04648844884488448,0.20802970297029702,0.13862376237623764,0.18235973597359734,0.3228481848184818,31059.04290429043,42.722772277227726
2024-03-15,ASLT,317,84,65,0.26498422712933756,0.20504731861198738,2.418587362171875,26.550497110389404,92.68558549150576,748.5765075087879,45.71726893737225,379.78123953509055,0.054520504731861194,0.2502681388012618,0.17037539432176657,0.20929968454258674,0.3514889589905363,25066.410094637224,54.48580441640379
2024-03-15,THFT,289,10,19,0.03460207612456748,0.0657439446366782,2.4768705796529464,26.77453678322721,85.65512495488062,751.7104901012025,44.66992829443175,394.3467748836945,0.044124567474048436,0.21181660899653978,0.1385121107266436,0.16626989619377164,0.3130899653979239,34109.44982698962,39.73010380622837
2024-03-16,ASLT,362,118,74,0.3259668508287293,0.20441988950276244,2.235929217283386,26.342760507926332,92.21091708028234,769.0542936449626,45.91314374512966,392.90164920973285,0.053488950276243084,0.24423756906077349,0.16583701657458563,0.20160220994475136,0.3410939226519337,27039.32596685083,52.494475138121544
2024-03-16,THFT,391,19,19,0.04859335038363171,0.04859335038363171,2.170862960909909,26.280610002597886,88.25618920921838,731.6910692962549,45.40482846453145,382.4537210347716,0.048253196930946284,0.20713554987212274,0.13117902813299231,0.1768925831202046,0.30227877237851664,35893.86189258312,39.77493606138108
2024-03-17,ASLT,341,123,62,0.36070381231671556,0.18181818181818182,2.1372227267892736,26.35206048594089,91.1114011337833,775.9375405205061,45.34611562394377,394.37538660733543,0.05672434017595307,0.24896187683284457,0.17197360703812317,0.21910263929618767,0.35195307917888563,24043.565982404692,55.639296187683286
2024-03-17,THFT,280,17,30,0.060714285714285714,0.10714285714285714,2.2522334312238645,26.753782615263567,86.47084228644391,730.0011283944496,44.8939401751713,384.3741620093957,0.0458392857142857,0.21264999999999998,0.14036428571428572,0.1714642857142857,0.317,33486.04285714286,41.542857142857144
2024-03-18,ASLT,296,86,62,0.2905405405405405,0.20945945945945946,2.1323409000875237,26.359759571424167,95.81355407827327,753.0873762420521,46.621163281190206,377.57718004859527,0.05449999999999998,0.26042567567567565,0.176,0.21310472972972974,0.35969594594594595,23868.449324324323,57.236486486486484
2024-03-18,THFT,304,9,20,0.029605263157894735,0.06578947368421052,2.370579757625485,26.93321231778366,90.29020923521222,751.508821736927,45.82566238380528,389.6417478571645,0.045842105263157885,0.2157598684210526,0.14333223684210525,0.18267434210526315,0.32523684210526316,31155.03947368421,43.88157894736842
2024-03-19,ASLT,304,82,53,0.26973684210526316,0.17434210526315788,2.250919691664164,26.47306005912679,93.64364930121917,769.0486958939742,46.01105878466582,386.623107847153,0.05578289473684209,0.24943092105263157,0.17186184210526315,0.21139144736842103,0.356078947368421,24861.746710526317,55.2171052631579
2024-03-19,THFT,294,9,17,0.030612244897959183,0.05782312925170068,2.2879423979591,27.029810391468285,88.8355100188036,722.4441039818605,45.157271194120085,373.4271825524248,0.04842176870748298,0.22243537414965986,0.14713265306122447,0.18040476190476187,0.32705102040816325,30891.98979591837,45.0
2024-03-20,ASLT,323,108,57,0.33436532507739936,0.17647058823529413,2.3323745858882154,26.780019668874967,94.14611511203357,789.2248645531374,45.865549947166166,394.06937891509966,0.056944272445820426,0.26605572755417956,0.1828359133126935,0.2171300309597523,0.36394427244582045,23046.953560371516,59.126934984520126
2024-03-20,THFT,335,11,29,0.03283582089552239,0.08656716417910448,2.266547072093265,26.76477960944487,88.80081465241847,749.839667995588,45.374734653791684,388.3735244101564,0.048259701492537305,0.224710447761194,0.15062686567164177,0.18172835820895522,0.3266746268656716,31348.611940298506,45.59402985074627
2024-03-21,ASLT,336,94,67,0.27976190476190477,0.19940476190476192,2.4497742594626524,26.369969904625513,92.57352755961917,792.1335305689909,45.900478082283165,402.99643011591814,0.049904761904761896,0.23767857142857143,0.16711011904761902,0.20381547619047619,0.34945238095238096,25603.738095238095,52.24404761904762
2024-03-21,THFT,294,7,15,0.023809523809523808,0.05102040816326531,2.4436535714728467,26.45839921229766,86.87459712663271,751.7854773705109,44.84826439236698,394.1449319424466,0.045683673469387745,0.2117517006802721,0.1413877551020408,0.17556462585034013,0.3198843537414966,32175.8231292517,42.08163265306123
2024-03-22,ASLT,291,93,49,0.31958762886597936,0.16838487972508592,2.3759648124926067,26.19144568473368,89.98374232138205,750.2207912938003,45.36407751875543,385.4234102451309,0.052714776632302396,0.24753608247422682,0.16889690721649483,0.20127835051546392,0.3434742268041237,26507.01030927835,52.52233676975945
2024-03-22,THFT,325,11,14,0.033846153846153845,0.043076923076923075,2.462236472502574,26.76973820785224,88.896060963484,784.7789688647551,45.44954158689313,407.4352748850692,0.05058153846153845,0.21646769230769228,0.14441846153846155,0.19061846153846151,0.3241661538461538,30557.064615384614,45.05230769230769
2024-03-23,ASLT,284,96,53,0.3380281690140845,0.18661971830985916,2.2977291199827232,26.209321960693426,92.0218141220547,785.7992024905609,45.48201866715216,395.20152237557744,0.054598591549295764,0.25296126760563376,0.17145422535211266,0.21452464788732392,0.35383450704225355,25026.1338028169,55.79577464788732
2024-03-23,THFT,297,5,15,0.016835016835016835,0.050505050505050504,2.3432953428176675,26.494922497921127,84.77525576958283,741.4864825765296,44.4930405939068,390.849132000868,0.04395959595959595,0.20728282828282826,0.1322188552188552,0.16783501683501684,0.309989898989899,34762.42760942761,39.11784511784512
2024-03-24,ASLT,357,113,55,0.3165266106442577,0.15406162464985995,2.318053248234104,26.579002991855244,93.13509952550366,764.7483573255467,45.96752098621665,388.30604835739774,0.053918767507002786,0.24829131652661066,0.17243417366946778,0.21524649859943976,0.353375350140056,24309.498599439776,55.5406162464986
2024-03-24,THFT,317,10,17,0.031545741324921134,0.05362776025236593,2.4169661775140696,27.047074517199274,91.50618228613916,774.815845981799,46.40735484741421,400.89064428070884,0.048189274447949515,0.21418296529968456,0.14031230283911672,0.184993690851735,0.3264731861198738,31810.596214511042,44.05362776025237
2024-03-25,ASLT,297,104,61,0.3501683501683502,0.2053872053872054,2.2742083311406387,26.44135480843854,94.35448036654408,748.6241642789818,46.316818094172696,379.39078710660914,0.052124579124579115,0.2583232323232323,0.17613131313131314,0.20855892255892255,0.3556599326599327,24515.13468013468,56.303030303030305
2024-03-25,THFT,303,12,17,0.039603960396039604,0.056105610561056105,2.3338975413730183,27.03535924869886,85.30431066001961,754.166465396127,44.540631030602704,396.33702330876963,0.04479867986798679,0.21663366336633663,0.1404158415841584,0.1702145214521452,0.32049174917491746,31286.630363036304,41.88778877887789
2024-03-26,ASLT,307,93,54,0.30293159609120524,0.1758957654723127,2.322697481227016,26.876079071658246,90.20429707696532,731.1960326100173,45.12438746392879,372.3627239007589,0.052130293159609105,0.2483550488599348,0.16693485342019543,0.200742671009772,0.346628664495114,26238.074918566774,53.49185667752443
2024-03-26,THFT,297,12,18,0.04040404040404041,0.06060606060606061,2.38754355155802,27.306904425361047,86.46301516371645,755.3649824826529,44.90225593169058,397.4101776056417,0.04858585858585857,0.20939057239057238,0.13899999999999998,0.18377777777777776,0.32804713804713803,30762.88552188552,43.38047138047138
2024-03-27,ASLT,305,59,70,0.19344262295081968,0.22950819672131148,2.0723663674348907,26.8709358850905,93.383759920957,732.510749134118,45.81142737148468,368.7430817124256,0.05775081967213114,0.2537639344262295,0.1674360655737705,0.21464262295081965,0.35017049180327864,24524.36393442623,55.65245901639344
2024-03-27,THFT,333,9,17,0.02702702702702703,0.05105105105105105,2.2809612226047773,27.16385746658846,85.24099342722324,760.8777494106937,44.537657606536825,398.9754807970709,0.042837837837837824,0.20891591591591593,0.14238138138138137,0.1688258258258258,0.3235885885885886,32096.63963963964,41.393393393393396
2024-03-28,ASLT,300,78,61,0.26,0.20333333333333334,2.2970124450624843,26.75787876895335,92.69506130957362,756.3156627110757,45.75047346251897,382.63439398090435,0.05361999999999998,0.26043999999999995,0.17818666666666666,0.20486666666666667,0.35584,24765.45,56.873333333333335
2024-03-28,THFT,320,10,24,0.03125,0.075,2.247942984275273,26.663798315254002,84.32219073524048,736.858552499115,44.20170049752902,388.06162928027186,0.045668749999999994,0.21584374999999997,0.14249062499999998,0.175209375,0.316303125,32865.828125,42.30625
2024-03-29,ASLT,272,94,57,0.34558823529411764,0.20955882352941177,2.250340269350611,26.31615261825471,92.75166928604511,757.7348055260551,45.75436768854363,382.57220620608933,0.05614338235294116,0.25528676470588235,0.1683860294117647,0.21625367647058824,0.34838602941176466,24444.6875,55.338235294117645
2024-03-29,THFT,289,10,20,0.03460207612456748,0.06920415224913495,2.487916167076848,27.048357816678827,86.39232360998169,743.6033359134426,44.92691995570273,391.10425406117196,0.04512456747404843,0.20749826989619377,0.13742560553633215,0.1720726643598616,0.31733910034602075,33062.366782006924,40.346020761245676
2024-03-30,ASLT,318,100,75,0.31446540880503143,0.2358490566037736,2.1844899718165203,26.306108878999513,92.27594487491722,772.5759399006648,45.47020853925525,389.06680830010407,0.058694968553459105,0.2534433962264151,0.17223584905660377,0.22097798742138364,0.3554276729559748,24305.98113207547,57.44654088050314
2024-03-30,THFT,294,13,14,0.04421768707482993,0.047619047619047616,2.2216010379303137,27.035412939989413,87.90691231619066,740.4585451665051,45.27590073016762,386.98151830796155,0.04662925170068027,0.21953401360544214,0.1416326530612245,0.17855102040816326,0.3181530612244898,32211.571428571428,43.37074829931973
2024-03-31,ASLT,358,137,71,0.38268156424581007,0.19832402234636873,2.1807883153747003,26.36411019240488,92.91110161171811,772.6795128761352,45.66751127190141,388.94421289699244,0.054039106145251384,0.25813966480446926,0.18366759776536312,0.21792737430167597,0.35910055865921786,23926.625698324024,58.167597765363126
2024-03-31,THFT,225,15,17,0.06666666666666667,0.07555555555555556,2.3931664663600114,26.420662121613258,92.84411320765665,742.8736007467004,46.212488093495665,382.7827949401707,0.0439511111111111,0.22439555555555554,0.1576311111111111,0.17396,0.33210222222222224,30758.435555555556,45.568888888888885
2024-04-01,ASLT,302,86,41,0.2847682119205298,0.1357615894039735,2.350987941903469,27.414315270356695,92.3807132944173,775.70727743046,45.817662057767016,392.1491532166192,0.05263576158940396,0.24246688741721853,0.17011920529801325,0.2036026490066225,0.35591059602649006,25124.43046357616,53.49337748344371
2024-04-01,THFT,352,11,17,0.03125,0.048295454545454544,2.3945061687026654,26.95468070771255,87.77731280402496,756.1685461830239,45.10290730587219,391.94121529371654,0.04886363636363635,0.21429829545454543,0.14248295454545454,0.18600284090909092,0.3249375,30661.34943181818,44.23011363636363
2024-04-02,ASLT,280,79,72,0.28214285714285714,0.2571428571428571,2.218637893059505,26.27244150244898,93.62129902775519,762.5002798106318,45.568679726541774,379.97563776111645,0.058321428571428566,0.2715285714285714,0.18350357142857143,0.22629285714285713,0.3638571428571428,22005.460714285713,60.642857142857146
2024-04-02,THFT,270,12,21,0.044444444444444446,0.07777777777777778,2.526713220559815,26.578994291473208,85.54145820226391,738.1163097061641,44.44624102490173,386.3322777594722,0.04842592592592591,0.23325555555555555,0.1502037037037037,0.18314444444444444,0.3232555555555555,30393.36296296296,45.67777777777778
2024-04-03,ASLT,240,82,52,0.3416666666666667,0.21666666666666667,2.3829266047786795,27.031937432369208,91.57747598261845,811.8936657109012,45.57035374710501,409.9206573887567,0.05537083333333332,0.246025,0.16497499999999998,0.212975,0.351275,24342.675,54.34166666666667
2024-04-03,THFT,257,9,15,0.03501945525291829,0.058365758754863814,2.4909073357304075,26.842052855265816,84.68636452802839,751.0593685052982,44.535335739977214,396.8618464236969,0.045455252918287926,0.2214941634241245,0.14488326848249028,0.17624902723735408,0.3189727626459144,31818.346303501945,43.17120622568093
2024-04-04,ASLT,288,78,61,0.2708333333333333,0.21180555555555555,2.3393339184626205,27.04695461569601,93.96450706334446,765.4047339748486,46.35259642921763,388.048943802941,0.05190624999999999,0.24834722222222222,0.16911805555555554,0.20304513888888887,0.34875347222222225,25584.552083333332,53.8125
2024-04-04,THFT,298,6,12,0.020134228187919462,0.040268456375838924,2.2357873916834956,26.29200002486287,85.41404382803464,752.2992342304256,44.43188908283006,395.2193563550473,0.048369127516778514,0.21815436241610736,0.14076174496644295,0.17944295302013422,0.3174228187919463,32060.822147651008,42.75167785234899
2024-04-05,ASLT,301,74,61,0.24584717607973422,0.2026578073089701,2.455556803416262,26.503288112945715,90.17568128383992,755.986263069206,45.06900546781086,385.29347344239034,0.055448504983388686,0.2597641196013289,0.1720797342192691,0.2102392026578073,0.3567574750830565,24283.325581395347,55.83720930232558
2024-04-05,THFT,297,7,19,0.02356902356902357,0.06397306397306397,2.1712966731266996,26.9146603632584,88.50910679014892,734.4636699504942,45.26242027648716,381.0716862288966,0.04803030303030302,0.2147272727272727,0.14108080808080806,0.1774006734006734,0.32047138047138046,32759.508417508416,42.93939393939394
2024-04-06,ASLT,325,105,60,0.3230769230769231,0.18461538461538463,2.2587344367883526,26.549795287605157,94.21918429018335,751.5103541646114,46.2903081289389,382.469850710664,0.052713846153846146,0.24163692307692305,0.16546153846153847,0.20469230769230767,0.34512,25662.636923076923,52.643076923076926
2024-04-06,THFT,344,8,23,0.023255813953488372,0.06686046511627906,2.2209521604263087,26.529520553045156,87.73597733859084,738.8505192995651,45.292005798020426,386.94178260883774,0.046598837209302316,0.21086337209302322,0.13386046511627905,0.17406686046511627,0.3085406976744186,33985.33720930233,40.48837209302326
2024-04-07,ASLT,340,132,57,0.38823529411764707,0.1676470588235294,2.2102504413241193,26.426740915209194,91.75083488759103,765.6370665688638,45.57329684327787,388.33488831661003,0.051467647058823514,0.2472794117647059,0.17384999999999998,0.20580294117647058,0.3528558823529412,24689.4,54.20882352941177
2024-04-07,THFT,252,14,12,0.05555555555555555,0.047619047619047616,2.244439307987332,26.120882218060846,90.13074724600142,723.2811403893313,45.6118388878969,372.1735179696373,0.04662301587301586,0.22992460317460314,0.14740873015873016,0.17601984126984127,0.32106349206349205,32956.49603174603,44.20238095238095
2024-04-08,ASLT,321,99,36,0.308411214953271,0.11214953271028037,2.1851607098324157,26.3458222780232,93.15925691189152,782.4078109211059,45.63796932801652,391.6766799760869,0.05679439252336447,0.2598909657320872,0.1757601246105919,0.217588785046729,0.358404984423676,23915.271028037383,57.242990654205606
2024-04-08,THFT,333,10,21,0.03003003003003003,0.06306306306306306,2.3262502522004826,26.976251725599596,89.13894170768137,712.8729501270793,45.146547516521316,371.24789866340086,0.04672072072072071,0.22168168168168167,0.1515045045045045,0.18066366366366365,0.3289519519519519,30005.099099099098,45.627627627627625
2024-04-09,ASLT,355,95,72,0.2676056338028169,0.2028169014084507,2.331785509697638,26.646373182152107,94.9684205896052,754.4414059087062,46.637652235755446,382.10353715573183,0.054876056338028154,0.26085070422535206,0.17512394366197181,0.20715774647887322,0.35230422535211264,24713.577464788734,55.754929577464786
2024-04-09,THFT,306,18,32,0.058823529411764705,0.10457516339869281,2.266730036054516,26.69471973018137,86.32221684103396,738.3904969779131,44.91824610881577,388.98348677141206,0.04512418300653593,0.21901960784313723,0.14844444444444443,0.17538562091503268,0.3241601307189542,31895.96405228758,44.03921568627451
2024-04-10,ASLT,334,89,75,0.26646706586826346,0.2245508982035928,2.251355385817341,26.618277376031646,92.23143622798696,776.7845957509899,45.82001717772749,391.6437823225796,0.05167964071856286,0.24616167664670655,0.1647754491017964,0.19929341317365268,0.3483443113772455,26668.026946107784,52.21556886227545
2024-04-10,THFT,314,13,21,0.041401273885350316,0.06687898089171974,2.332759114893709,26.525679155025962,85.81612554088352,736.3958073749099,44.825655107900396,389.52232453235763,0.04525159235668789,0.21296496815286622,0.13794904458598725,0.17241719745222928,0.3127675159235669,33297.75159235669,40.51910828025478
2024-04-11,ASLT,296,88,58,0.2972972972972973,0.19594594594594594,2.296697259116358,26.499707347559966,94.83481942209565,760.8855194210199,46.27189203743636,381.5628137601159,0.05475675675675674,0.2584324324324324,0.1772027027027027,0.20694594594594595,0.3568581081081081,24526.635135135137,56.483108108108105
2024-04-11,THFT,355,11,26,0.030985915492957747,0.07323943661971831,2.4931334123395343,27.284756493204956,87.61537399805101,759.3765862018643,45.20563140913768,396.91856419480763,0.04222535211267604,0.2189380281690141,0.14723098591549294,0.16901971830985915,0.3245323943661972,31726.938028169014,42.67323943661972
2024-04-12,ASLT,327,101,69,0.308868501529052,0.21100917431192662,2.3539404543642832,26.696211743892665,93.56968411215351,792.9402979106765,46.247996725876064,400.6427302454948,0.05415290519877674,0.25368195718654435,0.16887155963302752,0.212,0.3501131498470948,25701.31498470948,54.678899082568805
2024-04-12,THFT,367,3,20,0.008174386920980926,0.05449591280653951,2.2715798237981875,27.234446807707954,88.32716605385075,721.3405135748291,45.47935283947459,379.85075448531825,0.044501362397820154,0.209858310626703,0.13618528610354222,0.16566485013623977,0.31488283378746595,34341.57765667575,39.95367847411444
2024-04-13,ASLT,358,113,75,0.31564245810055863,0.20949720670391062,2.15561952677734,26.240094277768748,93.60082250011796,751.9787680758313,46.09142495818811,379.3055821474408,0.05317318435754188,0.26070111731843576,0.1743435754189944,0.20958100558659218,0.35015363128491617,25446.022346368714,55.96648044692738
2024-04-13,THFT,305,12,20,0.03934426229508197,0.06557377049180328,2.2217654297705907,26.568486392897825,88.64631020453453,747.4746070057023,45.488174374024155,391.82515682889704,0.04472786885245901,0.20727213114754098,0.13563278688524588,0.17116065573770492,0.31374426229508195,33915.52131147541,40.2
2024-04-14,ASLT,405,137,73,0.33827160493827163,0.18024691358024691,2.223303510581257,26.40872826490571,92.25937724930512,774.8532031871274,45.722804658603955,393.76882495112693,0.05479259259259258,0.24868148148148148,0.1679037037037037,0.2130641975308642,0.34713333333333335,25935.656790123456,54.45432098765432
2024-04-14,THFT,297,11,11,0.037037037037037035,0.037037037037037035,2.197860100673018,26.826728487019693,88.17131472362325,696.0756357226102,45.198602108744375,364.9742633173421,0.044451178451178436,0.2159259259259259,0.13539730639730638,0.16613468013468013,0.30898653198653203,34500.76430976431,40.121212121212125
2024-04-15,ASLT,354,113,65,0.3192090395480226,0.18361581920903955,2.3187774926870937,26.700992973072037,91.25419508447405,763.7405519324249,45.42633245668213,386.9655428090616,0.05431920903954801,0.25485310734463273,0.16892937853107343,0.20646327683615817,0.34789265536723163,25203.771186440677,53.963276836158194
2024-04-15,THFT,360,9,15,0.025,0.041666666666666664,2.366858213354432,27.523551545059977,88.65439190465379,759.7977581689124,45.71258954654215,397.77246438606363,0.04375833333333332,0.2082277777777778,0.13879166666666665,0.17285277777777777,0.3192833333333333,32308.244444444445,40.977777777777774
2024-04-16,ASLT,328,87,67,0.2652439024390244,0.20426829268292682,2.3547507095517934,26.946701826011154,90.89177250041331,792.7773393872982,45.36465408182589,400.2645987043076,0.0521310975609756,0.24555182926829267,0.16728353658536585,0.20529573170731708,0.34901829268292683,25230.716463414636,53.50609756097561
2024-04-16,THFT,321,11,27,0.03426791277258567,0.08411214953271028,2.203702781046935,26.633506226292976,86.5701671401179,744.5307242275084,44.82880750952116,391.4507412630851,0.04721806853582553,0.21646105919003114,0.1421651090342679,0.1788753894080997,0.3198348909657321,31206.246105919003,42.85981308411215
2024-04-17,ASLT,318,101,48,0.31761006289308175,0.1509433962264151,2.3100385704151507,26.873078004793136,96.34400228499379,776.3351997089273,46.89345973204671,389.97746413138617,0.052506289308176086,0.25122955974842764,0.17554088050314465,0.2102389937106918,0.3590503144654088,24526.506289308178,56.509433962264154
2024-04-17,THFT,324,9,24,0.027777777777777776,0.07407407407407407,2.3191380514629336,26.58776797076418,88.38423386792255,746.8480564869222,45.5884961460374,390.83584080607005,0.046462962962962956,0.2107901234567901,0.1374783950617284,0.17491975308641974,0.3141604938271605,34102.98148148148,41.49382716049383
2024-04-18,ASLT,290,86,64,0.296551724137931,0.2206896551724138,2.3626428850704224,26.795750319276333,92.15123770679426,765.5910837021804,45.53338592486542,386.2231890789476,0.052413793103448264,0.2648793103448276,0.18158275862068965,0.2099103448275862,0.3606758620689655,23793.73103448276,57.60344827586207
2024-04-18,THFT,292,11,18,0.03767123287671233,0.06164383561643835,2.3927586039664472,26.808074888991218,84.91845364322016,744.6770806921278,44.94273015043599,396.18346455926985,0.04143835616438355,0.20134246575342463,0.12908561643835614,0.15755479452054794,0.305222602739726,35032.42808219178,36.53082191780822
2024-04-19,ASLT,321,103,57,0.32087227414330216,0.17757009345794392,2.257349181522813,27.03571457003063,92.38575428230898,751.0152111200474,46.00152851066838,384.9048965781414,0.05358566978193145,0.24814330218068534,0.16718691588785045,0.2087725856697819,0.34927414330218065,25630.70093457944,53.797507788161994
2024-04-19,THFT,323,10,23,0.030959752321981424,0.07120743034055728,2.234072851039498,26.683915204307667,88.46472821378515,744.7585665373372,45.17979835220743,386.45661936585975,0.04592879256965943,0.22190712074303406,0.1408359133126935,0.17510526315789474,0.3208421052631579,32120.63157894737,42.959752321981426
2024-04-20,ASLT,300,93,58,0.31,0.19333333333333333,2.355834504878127,26.725730525349313,91.67852517237716,798.579680185439,45.56351131173782,403.88730851802603,0.054229999999999993,0.24907,0.17076999999999998,0.21319,0.35512,25095.636666666665,55.32333333333333
2024-04-20,THFT,289,14,17,0.04844290657439446,0.058823529411764705,2.1416550162494374,26.649451859331627,87.87532911943643,727.3106983147402,45.07268061738953,379.18590767026643,0.04633217993079584,0.22118685121107265,0.14642906574394463,0.17947404844290657,0.3230276816608997,32204.695501730104,44.21107266435986
2024-04-21,ASLT,345,122,69,0.3536231884057971,0.2,2.217033179828384,26.118742806054403,91.82245501456624,784.1265896440681,45.48586146200747,396.7957052063243,0.05655362318840578,0.25228985507246376,0.17012753623188404,0.21978840579710143,0.349695652173913,25033.50144927536,56.08115942028986
2024-04-21,THFT,297,10,15,0.03367003367003367,0.050505050505050504,2.28938186530647,26.83462026332119,89.05202344392367,762.5818503304293,45.685846007013794,397.36016495931517,0.049164983164983155,0.21287542087542086,0.13839393939393937,0.1837979797979798,0.3212255892255892,32101.289562289563,43.08754208754209
2024-04-22,ASLT,349,105,79,0.3008595988538682,0.22636103151862463,2.2152116321776587,26.247344088102093,94.75546049522899,760.7579432040885,46.31357230105451,383.9631022150043,0.054782234957020046,0.25503151862464185,0.17243266475644697,0.21553581661891116,0.34910601719197704,24118.965616045843,56.174785100286535
2024-04-22,THFT,325,14,18,0.043076923076923075,0.055384615384615386,2.3059311221790857,27.059414289722678,92.13553216194076,760.915720378567,46.573143104188034,392.7062316656526,0.04822461538461537,0.21796000000000001,0.14387692307692307,0.18410153846153846,0.3241969230769231,30907.849230769232,44.652307692307694
2024-04-23,ASLT,302,99,66,0.32781456953642385,0.2185430463576159,2.162435273545153,26.344717994081332,90.45835314356323,744.1165231030917,45.43489189724454,382.1349937076152,0.049639072847682104,0.2485728476821192,0.16951986754966888,0.1979271523178808,0.3463112582781457,26015.115894039736,52.68543046357616
2024-04-23,THFT,269,7,17,0.026022304832713755,0.06319702602230483,2.5078792610602214,27.095877949930728,89.62387555889852,773.3651546662903,45.42954212058228,397.8453116185762,0.04633085501858735,0.22925650557620816,0.1542788104089219,0.18726022304832712,0.33959479553903343,28969.843866171002,47.89591078066915
2024-04-24,ASLT,326,94,59,0.2883435582822086,0.18098159509202455,2.1910024016191065,26.797313598619038,92.76236418607058,770.3613666199708,45.933832442883265,391.5013647900595,0.05064110429447852,0.25889877300613495,0.1736687116564417,0.19883742331288343,0.35664110429447854,25162.220858895704,54.45398773006135
2024-04-24,THFT,272,8,21,0.029411764705882353,0.07720588235294118,2.3572527077488443,26.848709241153102,89.06916911771222,781.9732129713357,45.60728304879143,405.61798108457685,0.04770220588235293,0.21703676470588235,0.1434816176470588,0.18510661764705882,0.3234375,31139.319852941175,44.143382352941174
2024-04-25,ASLT,264,88,50,0.3333333333333333,0.1893939393939394,2.3432982300959675,26.49505869083915,92.74303896484209,763.6262382370292,45.63868978303901,386.74860132414585,0.05596590909090908,0.25912121212121214,0.17988257575757574,0.21945454545454543,0.3640833333333333,22405.48106060606,58.47348484848485
2024-04-25,THFT,304,9,33,0.029605263157894735,0.10855263157894737,2.4532528547554007,26.66864057839338,87.20270482859988,777.9514760211359,45.03141481593772,404.77614741664144,0.04601973684210525,0.19905263157894734,0.1298486842105263,0.1737828947368421,0.313953947368421,33766.61513157895,38.7796052631579
2024-04-26,ASLT,324,92,59,0.2839506172839506,0.18209876543209877,2.1751548016628948,26.781700878452206,93.37413117645193,755.1449953680411,45.981183057558496,381.6681969168821,0.05313580246913578,0.24704629629629626,0.1713827160493827,0.20712654320987653,0.34964814814814815,25240.882716049382,54.22222222222222
2024-04-26,THFT,328,9,20,0.027439024390243903,0.06097560975609756,2.3190074164957104,26.67748908942609,87.47757422407214,754.0966098049125,45.06778720806277,394.72843573626614,0.045027439024390235,0.21634451219512194,0.14502134146341464,0.17896036585365854,0.3234573170731707,31690.259146341465,43.44207317073171
2024-04-27,ASLT,355,126,67,0.35492957746478876,0.18873239436619718,2.2846313077682368,26.93148095923857,91.27120756311662,769.5777308276757,45.216586412491395,390.3221445281163,0.058498591549295764,0.2581492957746479,0.17489014084507043,0.22350422535211267,0.3603887323943662,22925.89295774648,58.287323943661974
2024-04-27,THFT,271,14,21,0.05166051660516605,0.07749077490774908,2.278755172250562,26.177767289824413,88.89529715993082,734.1857175209379,45.45308318929428,380.98010156052953,0.049332103321033195,0.21925092250922507,0.14070848708487085,0.1849151291512915,0.31876383763837635,32570.575645756457,43.82656826568266
2024-04-28,ASLT,410,145,65,0.35365853658536583,0.15853658536585366,2.3079699652396957,26.406479656545237,94.26638672269497,769.002556842382,46.236199771633125,388.8551707510727,0.05897560975609755,0.25314634146341464,0.16942195121951217,0.2218731707317073,0.35243658536585365,24348.070731707317,56.678048780487806
2024-04-28,THFT,301,16,18,0.053156146179401995,0.059800664451827246,2.3015049301436843,26.076990960828393,88.5825338701064,724.7960751693828,45.350081259562934,377.3502796375944,0.047973421926910294,0.2193887043189369,0.13921926910299004,0.18070099667774087,0.31919933554817276,33930.43521594685,42.40863787375415
2024-04-29,ASLT,336,97,52,0.28869047619047616,0.15476190476190477,2.3061636590362267,27.07202477567265,89.50583206284671,773.1680125562946,44.960104522325096,394.64790217271303,0.05357440476190475,0.2501309523809524,0.170125,0.20985714285714285,0.35382142857142856,25471.845238095237,54.62202380952381
2024-04-29,THFT,301,13,22,0.04318936877076412,0.07308970099667775,2.3367545658695543,26.655697287789888,88.23021432874326,756.2725749616076,45.52630371302928,395.18444540406847,0.04629900332225913,0.2178936877076412,0.14147840531561462,0.17526245847176078,0.3159501661129568,32132.56146179402,41.990033222591364
2024-04-30,ASLT,348,98,62,0.28160919540229884,0.1781609195402299,2.3990440793680863,26.69281706905211,92.61557056941314,779.7905311106601,45.76012560475062,394.27068769390723,0.05383620689655171,0.2555775862068965,0.17539655172413793,0.20924712643678162,0.3564540229885057,24061.658045977012,55.882183908045974
2024-04-30,THFT,321,16,18,0.04984423676012461,0.056074766355140186,2.2985771941909907,26.795894831228615,84.42721392154519,712.2577733848224,44.235863283552526,378.32177585116824,0.042866043613707154,0.2182741433021807,0.14122118380062304,0.16742056074766354,0.3160716510903427,32493.00934579439,41.04361370716511
2024-05-01,ASLT,384,113,53,0.2942708333333333,0.13802083333333334,2.311118769448137,26.29802089251191,92.21390565986012,764.7027046435992,45.74759138662867,388.46709868251247,0.053171874999999987,0.2550364583333333,0.1767630208333333,0.20928385416666664,0.35484374999999996,25053.9296875,55.736979166666664
2024-05-01,THFT,381,14,22,0.03674540682414698,0.05774278215223097,2.297379271082484,26.73298099635828,89.61575798884667,769.001147873977,45.55695432966919,397.50192715287795,0.04719947506561679,0.22046981627296586,0.15339107611548555,0.18540682414698162,0.3294015748031496,31000.963254593174,45.47769028871391
2024-05-02,ASLT,391,133,71,0.340153452685422,0.1815856777493606,2.2698460012521355,26.63912208751393,91.15160378972125,775.7097503906352,45.230986843050445,391.637670685243,0.05469820971867006,0.2533759590792839,0.17321739130434782,0.21125063938618924,0.3543145780051151,24536.703324808183,55.31713554987212
2024-05-02,THFT,318,12,25,0.03773584905660377,0.07861635220125786,2.1497684668206802,26.722612486619237,88.4044588450843,725.1127468359696,45.598153372092746,379.7332360122198,0.04288364779874213,0.20271698113207548,0.13212264150943395,0.16572955974842768,0.30844654088050316,34666.908805031446,38.229559748427675
2024-05-03,ASLT,298,92,53,0.3087248322147651,0.17785234899328858,2.3751950338478647,26.601445542191026,91.56878969600865,774.874561962949,45.572192045449256,393.6231793397698,0.05660402684563757,0.25700671140939596,0.1701006711409396,0.21514429530201343,0.35073825503355704,24507.708053691276,55.714765100671144
2024-05-03,THFT,333,5,24,0.015015015015015015,0.07207207207207207,2.339966124047083,26.34926622465812,87.98191394662295,729.0125854351628,45.37165976933094,381.50741102691984,0.042111111111111106,0.2096096096096096,0.13907807807807807,0.16555555555555554,0.31561261261261264,34485.606606606605,40.2012012012012
2024-05-04,ASLT,309,87,54,0.2815533980582524,0.17475728155339806,2.2052951870348085,26.58540266270812,93.0879012312815,759.4031856310598,46.07803292350472,385.0794486792951,0.05435598705501617,0.25317152103559865,0.1681165048543689,0.2096407766990291,0.34888673139158577,25732.546925566345,54.85760517799353
2024-05-04,THFT,349,13,16,0.03724928366762178,0.045845272206303724,2.2053376329204277,26.717911759422297,87.06671241391206,716.0156037916327,45.163292031621175,377.22202334250517,0.042532951289398276,0.2136103151862464,0.13937822349570197,0.16612034383954155,0.31526074498567336,33833.21776504298,40.50143266475645
2024-05-05,ASLT,370,141,58,0.3810810810810811,0.15675675675675677,2.1653194014938038,26.374753903801178,93.31021885790938,767.7739771141873,45.984458591394294,386.8955973223498,0.05725945945945945,0.2430081081081081,0.16037837837837837,0.21605675675675676,0.3442216216216216,26526.2,53.321621621621624
2024-05-05,THFT,282,16,18,0.05673758865248227,0.06382978723404255,2.2280392198353516,26.516196051611605,87.27296367844684,750.9197690067167,44.94475045354457,391.1285389831986,0.04604964539007091,0.21452482269503545,0.13813120567375886,0.17550709219858154,0.3188900709219858,32739.03546099291,42.234042553191486
2024-05-06,ASLT,308,87,56,0.2824675324675325,0.18181818181818182,2.310158841105087,26.627809844678055,89.71012331549164,775.0439518673055,45.00803559358141,394.2286232551055,0.051902597402597395,0.2561655844155844,0.17347402597402597,0.2039318181818182,0.3509155844155844,25737.964285714286,54.798701298701296
2024-05-06,THFT,323,9,17,0.02786377708978328,0.05263157894736842,2.268361656726116,27.285635281343946,86.50363049446315,769.2054413361551,44.7454297916991,400.42331852222634,0.04418885448916408,0.21420123839009286,0.14769969040247677,0.1783157894736842,0.33024148606811143,30995.88854489164,43.869969040247675
2024-05-07,ASLT,320,97,61,0.303125,0.190625,2.3091099879702717,26.7043026562739,93.20281441810896,751.5786678074321,46.07380146990839,379.88494032094434,0.05323749999999998,0.256884375,0.174409375,0.210053125,0.353040625,25210.078125,55.91875
2024-05-07,THFT,348,13,27,0.03735632183908046,0.07758620689655173,2.417958453433245,26.8357711772618,86.53790914614378,776.698579622325,44.946627999147296,407.1387501771854,0.046419540229885044,0.2061120689655172,0.13897701149425287,0.17813793103448275,0.3192183908045977,31502.083333333332,41.63793103448276
2024-05-08,ASLT,323,100,48,0.30959752321981426,0.14860681114551083,2.3086305070123205,26.695500118647956,92.21894600831648,785.7327310944572,45.746404225057454,397.83442042916687,0.05419504643962847,0.25188235294117645,0.17208668730650153,0.20773065015479875,0.34924458204334363,25039.371517027863,54.37770897832817
2024-05-08,THFT,356,5,18,0.014044943820224719,0.05056179775280899,2.2708304701141624,26.87035324502181,87.56410039701119,731.0288930910435,45.57082593806522,385.240802780811,0.04040168539325842,0.19942977528089886,0.13102247191011235,0.15679213483146068,0.30809550561797755,37260.21629213483,36.575842696629216
2024-05-09,ASLT,297,95,50,0.31986531986531985,0.16835016835016836,2.4222554325947487,26.48509961895381,89.77486768019838,770.2050371879861,45.021489491469154,393.6980557203875,0.054309764309764294,0.2563434343434343,0.17148484848484846,0.21077777777777779,0.3525252525252525,24499.784511784514,55.28956228956229
2024-05-09,THFT,302,10,21,0.033112582781456956,0.0695364238410596,2.404646695659279,26.96985609061764,85.99859668210581,746.474795151151,44.739696833850026,392.3336459670722,0.04140066225165562,0.2022615894039735,0.1395728476821192,0.1599569536423841,0.3184437086092715,33007.013245033115,39.40066225165563
2024-05-10,ASLT,297,89,56,0.2996632996632997,0.18855218855218855,2.3859749880573604,26.55489270345785,92.04303033959413,784.7816730106431,45.739429779377346,398.9301703227148,0.057969696969696956,0.24858922558922555,0.1693063973063973,0.21669360269360272,0.3555589225589226,24000.95286195286,56.10437710437711
2024-05-10,THFT,340,15,19,0.04411764705882353,0.05588235294117647,2.2471419113507016,26.58435944692756,88.44207927667722,752.218984809258,45.51378831039229,392.64795208384055,0.04464411764705881,0.2099676470588235,0.13438235294117645,0.1738264705882353,0.3119735294117647,33530.211764705884,40.56470588235294
2024-05-11,ASLT,363,100,64,0.27548209366391185,0.1763085399449036,2.2894998931436783,26.415875468774622,91.61375906788166,760.787131665968,45.5357078567104,386.86940489682365,0.05343801652892561,0.24937741046831957,0.16711845730027547,0.20378787878787877,0.34690358126721765,26193.220385674933,53.34710743801653
2024-05-11,THFT,321,12,23,0.037383177570093455,0.07165109034267912,2.299375797799224,26.496870235684828,88.6436293052256,743.8270515152582,45.66200393281448,387.6923837347255,0.04419314641744547,0.21381308411214953,0.13827414330218069,0.17062305295950156,0.3130467289719626,35006.71339563863,40.54828660436137
2024-05-12,ASLT,399,167,74,0.41854636591478694,0.18546365914786966,2.306214241297713,26.80767697795816,93.96435740895963,801.1779653849457,45.968355347882316,402.12219847791704,0.05474686716791979,0.24861152882205514,0.17534335839598994,0.21719047619047618,0.35872180451127816,24603.912280701756,56.265664160401
2024-05-12,THFT,289,12,15,0.04152249134948097,0.05190311418685121,2.238738990908099,26.437228728231464,88.70206477167548,749.4281436183426,45.522542937480495,389.73759220161,0.045993079584775075,0.21304844290657438,0.14220069204152247,0.17398615916955015,0.32000346020761244,34021.830449826986,42.31487889273357
2024-05-13,ASLT,326,118,61,0.3619631901840491,0.18711656441717792,2.2932958334028926,26.559376057865475,93.83785653911582,768.7570879682871,45.99551516792592,384.73141691721713,0.05405828220858894,0.25627300613496934,0.17447546012269938,0.2101257668711656,0.3561687116564417,24941.432515337423,55.98159509202454
2024-05-13,THFT,332,8,19,0.024096385542168676,0.0572289156626506,2.3920481016045736,26.722828848534018,88.3322896646081,764.3432021892048,45.15650166649697,396.6255291810762,0.048283132530120475,0.2165542168674699,0.14724397590361446,0.19082530120481928,0.32803313253012045,29729.123493975905,45.1777108433735
2024-05-14,ASLT,58,13,4,0.22413793103448276,0.06896551724137931,2.2780985688182294,26.385082205951235,82.38327605317815,689.8804992941449,43.20360407566331,359.76041883154306,0.05246551724137929,0.25749999999999995,0.17884482758620687,0.20710344827586208,0.3535,23308.55172413793,55.58620689655172
2024-05-14,THFT,54,2,7,0.037037037037037035,0.12962962962962962,2.613592861189111,25.959951934589707,80.07037314583314,729.8291933606685,42.39755024186317,384.9843141842852,0.05148148148148147,0.21159259259259258,0.13905555555555554,0.18718518518518515,0.32437037037037036,32639.74074074074,43.592592592592595
2024-05-15,ASLT,273,84,58,0.3076923076923077,0.21245421245421245,2.3246314153911714,26.791960554500108,90.4557528484728,763.3381637540235,45.51508983989564,389.08237130806407,0.051868131868131856,0.24283516483516482,0.1669194139194139,0.1996153846153846,0.3449157509157509,25759.326007326006,52.1025641025641
2024-05-15,THFT,312,10,25,0.03205128205128205,0.08012820512820513,2.132892793482005,26.398070373346098,87.12119771275565,728.0420594984689,44.88348589382238,380.1729764256455,0.0490576923076923,0.22302564102564104,0.14241346153846152,0.18491346153846153,0.31721153846153843,30805.44871794872,44.03525641025641
2024-05-16,ASLT,357,116,58,0.32492997198879553,0.16246498599439776,2.228845877299807,26.460083409640166,91.42868719945662,733.8650994350868,45.58871989387478,376.4312685484863,0.05062745098039214,0.24999439775910362,0.16899159663865546,0.19823809523809524,0.35001960784313724,26033.285714285714,52.773109243697476
2024-05-16,THFT,328,10,23,0.03048780487804878,0.0701219512195122,2.23841210718121,26.357131250441054,86.43882467817167,732.7020357493607,44.69631080044005,384.2608684798762,0.045426829268292675,0.2196920731707317,0.14280487804878048,0.17425,0.3203780487804878,31761.789634146342,42.801829268292686
2024-05-17,ASLT,373,108,81,0.289544235924933,0.21715817694369974,2.1811036977670972,26.554466500002324,95.82376224178175,758.6796494836104,46.661523551284105,383.3082401860724,0.05384182305630025,0.2658686327077748,0.17998659517426271,0.2139436997319035,0.3607292225201072,23428.774798927614,58.10455764075067
2024-05-17,THFT,358,6,27,0.01675977653631285,0.07541899441340782,2.4399815712189445,26.094641337551696,87.2657310018631,752.0996250095766,44.981062526497084,392.1916698330804,0.04623463687150837,0.21410335195530728,0.1377513966480447,0.17156703910614524,0.31427932960893856,34901.94972067039,40.910614525139664
2024-05-18,ASLT,391,158,78,0.4040920716112532,0.19948849104859334,2.2286717124077917,26.383152451706287,93.36866884208092,768.9869682077677,45.721921032224344,385.71061615733146,0.055997442455242956,0.25745268542199484,0.17645780051150892,0.216693094629156,0.35400511508951404,24210.72378516624,56.66240409207161
2024-05-18,THFT,300,10,19,0.03333333333333333,0.06333333333333334,2.099537785620404,26.409642090274364,89.02614611368728,726.0704221782114,45.53805543851479,377.40033502845,0.046533333333333315,0.21803333333333333,0.13882666666666665,0.17341666666666666,0.31118,33576.73333333333,41.41
2024-05-19,ASLT,430,153,75,0.3558139534883721,0.1744186046511628,2.0954816137208216,26.535824141516397,96.01171084005848,754.2147807069204,46.68179116450372,378.9612186374395,0.05629999999999998,0.2659186046511628,0.1791627906976744,0.21741627906976743,0.35546511627906974,23459.697674418603,58.33720930232558
2024-05-19,THFT,297,18,18,0.06060606060606061,0.06060606060606061,2.2150721582470427,26.130876899789445,90.74042580872435,738.047063732601,46.263015953762455,384.689556228462,0.044878787878787865,0.2153232323232323,0.1388114478114478,0.17254208754208752,0.31376430976430975,34874.454545454544,41.255892255892256
2024-05-20,ASLT,405,105,64,0.25925925925925924,0.1580246913580247,2.3375049520059923,26.20066842017756,89.62923318540153,777.7657856677837,45.00227124979774,395.8752278010881,0.0542864197530864,0.258595061728395,0.1732641975308642,0.2106469135802469,0.3493358024691358,25214.7012345679,55.48888888888889
2024-05-20,THFT,312,9,19,0.028846153846153848,0.060897435897435896,2.325635019968825,26.393001047249836,85.65128956126169,742.3213061131503,44.759820201091266,389.23276489057724,0.0455801282051282,0.21811217948717948,0.13945192307692306,0.17275641025641025,0.3121826923076923,33037.541666666664,41.33974358974359
2024-05-21,ASLT,349,103,61,0.29512893982808025,0.17478510028653296,2.32349706327721,26.43239579669106,90.31878016177978,769.2894384491548,45.02116465637862,390.87860977712575,0.05253008595988537,0.25855014326647563,0.17309742120343838,0.20759598853868194,0.3515386819484241,25895.429799426933,54.9054441260745
2024-05-21,THFT,367,12,24,0.0326975476839237,0.0653950953678474,2.1911896394018644,26.72184386737089,86.1076012299741,731.9278232296427,44.844931554593245,384.17472652112946,0.04320163487738418,0.21135967302452316,0.1373732970027248,0.16323705722070844,0.3109727520435967,34471.871934604904,39.858310626702995
2024-05-22,ASLT,372,99,63,0.2661290322580645,0.1693548387096774,2.3108556817088823,26.47962005246535,91.0136384993422,755.8319259750772,45.51134022302418,387.0701064118562,0.05177150537634407,0.2532016129032258,0.17489784946236558,0.20293817204301073,0.3520537634408602,24943.163978494624,54.38172043010753
2024-05-22,THFT,346,15,18,0.04335260115606936,0.05202312138728324,2.3191165651240273,26.447885565703594,89.4777717509315,756.3112084686985,45.77409660250556,393.08916197051184,0.04829479768786126,0.2175086705202312,0.1411329479768786,0.18789306358381502,0.3208179190751445,31610.271676300577,44.17052023121387
2024-05-23,ASLT,359,92,71,0.2562674094707521,0.1977715877437326,2.340693581732534,27.014834062826043,91.97623743407722,771.7385389004655,45.578307525985686,392.2333183276217,0.05115877437325904,0.2511977715877437,0.17035654596100278,0.2054066852367688,0.35443454038997213,25353.857938718662,54.28412256267409
2024-05-23,THFT,380,16,19,0.042105263157894736,0.05,2.2279304036636565,26.46965365552253,86.1982661164012,734.2956660593621,44.67390069462476,384.6106320661966,0.04400263157894736,0.21424210526315787,0.1402421052631579,0.16994736842105262,0.31342894736842103,33920.43947368421,41.16842105263158
2024-05-24,ASLT,378,104,81,0.2751322751322751,0.21428571428571427,2.2042554728011563,26.382353311901372,93.27012098907065,750.9864851311961,46.090843144273556,380.8281277177619,0.053182539682539665,0.2588015873015873,0.17428306878306876,0.20556349206349206,0.35477777777777775,24566.150793650795,55.65079365079365
2024-05-24,THFT,352,9,25,0.02556818181818182,0.07102272727272728,2.3015989314541554,26.382053250649733,90.92378632713866,721.5719827971631,46.15572760812871,376.83162856188034,0.04446874999999999,0.21137784090909092,0.13634943181818182,0.16692613636363635,0.31300568181818184,34033.579545454544,39.90909090909091
2024-05-25,ASLT,365,119,70,0.32602739726027397,0.1917808219178082,2.2843260758667943,25.946848031304025,95.19683168394255,740.1739412006211,46.52187814787058,373.46488960909454,0.055142465753424644,0.26172054794520544,0.1721808219178082,0.20739178082191778,0.34596164383561645,25941.71780821918,55.153424657534245
2024-05-25,THFT,379,19,24,0.05013192612137203,0.0633245382585752,2.2320048843990943,26.589777770140238,87.203730355951,719.4086880406568,45.17391195152061,378.11221826483484,0.04383377308707123,0.20575725593667546,0.13317150395778363,0.1640079155672823,0.3056675461741425,36234.955145118736,38.928759894459105
2024-05-26,ASLT,396,142,74,0.35858585858585856,0.18686868686868688,2.352394432526117,26.969250963357702,95.13755785228985,760.0488753070863,46.4591505311112,383.7621771263955,0.05482575757575756,0.24804545454545454,0.17136363636363636,0.20746464646464643,0.3526010101010101,24994.09595959596,54.96212121212121
2024-05-26,THFT,298,14,32,0.04697986577181208,0.10738255033557047,2.217748450988802,26.389914116982546,85.16372629566882,724.0186402645892,44.47968111531929,380.10056088946743,0.04431208053691274,0.21015436241610738,0.1325234899328859,0.16856375838926174,0.3071543624161074,35312.6644295302,39.375838926174495
2024-05-27,ASLT,395,148,96,0.37468354430379747,0.2430379746835443,2.268027692302315,26.959322984214623,97.11771167003819,773.172852965243,47.136538308426985,389.7001364658101,0.05638734177215189,0.2485240506329114,0.16937215189873417,0.2156405063291139,0.352253164556962,24440.020253164555,55.32911392405063
2024-05-27,THFT,301,9,21,0.029900332225913623,0.06976744186046512,2.2930608361086073,26.677895956801045,89.5245706267952,760.8171308497435,45.782975213163276,395.1444133798844,0.04711295681063122,0.21189036544850498,0.1413222591362126,0.18292358803986708,0.32309634551495015,31960.574750830565,43.46511627906977
2024-05-28,ASLT,350,104,67,0.29714285714285715,0.19142857142857142,2.3585027568923236,26.58781538954715,89.46950629825412,741.9219036771383,45.03590432285101,382.13685700515566,0.05223999999999999,0.24877714285714286,0.16531142857142855,0.20327142857142855,0.3448257142857143,25288.545714285716,52.785714285714285
2024-05-28,THFT,338,12,18,0.03550295857988166,0.05325443786982249,2.3716849675539446,26.98641447245268,89.70281789312652,745.1724931446482,45.49916174457033,384.0640386980213,0.04730177514792898,0.22103254437869824,0.14414497041420118,0.17931656804733725,0.32271301775147926,32371.721893491125,43.680473372781066
2024-05-29,ASLT,342,116,52,0.3391812865497076,0.15204678362573099,2.2317804485177626,26.990551072845822,93.84016924674255,749.097366216938,46.02469555913795,378.04399883871224,0.055038011695906414,0.26247076023391813,0.17619005847953215,0.2106345029239766,0.3574093567251462,23326.383040935674,56.95614035087719
2024-05-29,THFT,378,13,27,0.03439153439153439,0.07142857142857142,2.2196041385620373,26.39763362553276,84.68406064149106,722.2854250272516,44.5514964226832,382.2531139927905,0.044301587301587286,0.21123809523809522,0.13276455026455025,0.16383597883597883,0.3064021164021164,34875.80952380953,38.404761904761905
2024-05-30,ASLT,344,96,62,0.27906976744186046,0.18023255813953487,2.448913859981028,26.380467833375068,92.3984299831321,764.9982186320769,45.63742168502577,386.69929065166775,0.054159883720930224,0.25488372093023254,0.17195058139534883,0.21132848837209303,0.3554563953488372,23993.898255813954,55.75
2024-05-30,THFT,365,12,17,0.03287671232876712,0.04657534246575343,2.3369991119947695,26.179172791094217,88.34906093454691,767.2989836755843,45.39164965461608,400.73410081784135,0.04645753424657533,0.2140958904109589,0.14245479452054793,0.18216712328767123,0.31865479452054796,32373.142465753426,42.73424657534247
2024-05-31,ASLT,349,92,61,0.2636103151862464,0.17478510028653296,2.2837901305348316,26.28379157303301,93.76961240010186,744.3130350836751,46.289092747258955,378.8455156822203,0.05175358166189111,0.24834957020057305,0.16544412607449854,0.20383667621776502,0.34272779369627504,26392.799426934096,52.845272206303726
2024-05-31,THFT,356,9,19,0.025280898876404494,0.05337078651685393,2.332065221524533,26.39776779306188,87.03663657750495,775.0179240496584,45.056960959737644,404.7763126544941,0.0442134831460674,0.20772752808988762,0.13785955056179774,0.17335393258426965,0.31405337078651685,33552.761235955055,40.46348314606742
2024-06-01,ASLT,360,106,41,0.29444444444444445,0.11388888888888889,2.2890795908799597,26.496152321155982,92.92800035941616,769.7486754636052,45.96804300021683,392.0671669753547,0.052513888888888874,0.24614444444444444,0.17238055555555554,0.21184166666666665,0.35289444444444446,24459.277777777777,54.56666666666667
2024-06-01,THFT,434,17,18,0.03917050691244239,0.041474654377880185,2.3176743082793285,26.649370436806493,90.17623192678175,756.342727864985,46.14099257392511,394.88457812384814,0.043426267281105976,0.20686175115207373,0.13538248847926268,0.16605069124423963,0.31280875576036865,35040.41935483871,39.5
2024-06-02,ASLT,352,118,67,0.3352272727272727,0.1903409090909091,2.209732376090368,26.69015487620231,94.13764036339268,774.844092529131,46.00365326186808,389.302742080752,0.054536931818181804,0.25858238636363634,0.17492897727272727,0.21463068181818182,0.35693465909090905,24231.735795454544,56.95738636363637
2024-06-02,THFT,326,8,20,0.024539877300613498,0.06134969325153374,2.2560648052818593,26.271503159801245,87.62894972593061,759.1411913583488,45.100004471522894,395.09722632920705,0.04819938650306747,0.21933435582822086,0.140521472392638,0.1819723926380368,0.31501226993865034,33202.77607361963,43.29141104294479
2024-06-03,ASLT,371,124,81,0.33423180592991913,0.2183288409703504,2.238398246007595,26.28880656212742,95.0653491607002,781.7567487971705,46.50046368933927,394.37915122125685,0.05586253369272236,0.25588140161725065,0.17624797843665765,0.2148517520215633,0.3548247978436657,24113.706199460918,56.92991913746631
2024-06-03,THFT,394,17,25,0.04314720812182741,0.06345177664974619,2.4751484952525566,26.78587359689742,87.16965449477108,770.8641495614822,44.95958252058896,401.6204766168223,0.0494213197969543,0.2269187817258883,0.1500253807106599,0.19453807106598983,0.33343401015228424,28767.903553299493,47.30456852791878
2024-06-04,ASLT,352,101,58,0.2869318181818182,0.16477272727272727,2.324304408679131,26.19907087759882,93.06978908161295,752.4964193415949,45.798989789931085,381.55300466415684,0.05785511363636362,0.2593835227272727,0.17708238636363635,0.21757954545454544,0.3545028409090909,23834.735795454544,57.40625
2024-06-04,THFT,327,12,22,0.03669724770642202,0.0672782874617737,2.3230002206275926,26.700420893072863,87.70981970213099,758.3643566697181,45.31746477043384,396.49713926848654,0.046055045871559626,0.21650152905198775,0.1422721712538226,0.17752905198776758,0.3184434250764526,31598.724770642202,42.79204892966361
2024-06-05,ASLT,392,129,81,0.32908163265306123,0.2066326530612245,2.3405131394988903,26.643815161132533,93.51717348538855,764.3931503155319,46.08778428326538,386.20986465437375,0.05217602040816326,0.2584617346938775,0.17485969387755101,0.20543367346938776,0.3544897959183674,25253.05612244898,55.55102040816327
2024-06-05,THFT,347,12,21,0.0345821325648415,0.06051873198847262,2.3140793602990897,26.718197894124675,88.57707018005178,740.6769613350978,45.27376110937091,384.4556676258222,0.04633141210374638,0.21979250720461097,0.1450662824207493,0.18172046109510084,0.32470317002881843,31425.322766570604,44.435158501440924
2024-06-06,ASLT,390,110,77,0.28205128205128205,0.19743589743589743,2.393443680937057,26.630717717450334,90.40693968730963,773.5353918819786,45.34880103232395,394.73035484018305,0.05204102564102562,0.24933333333333332,0.1698205128205128,0.2028205128205128,0.34837692307692303,26073.61282051282,53.37692307692308
2024-06-06,THFT,381,10,19,0.026246719160104987,0.049868766404199474,2.3248831761061126,26.4451171933232,84.55418675940895,736.9735029820808,44.29180304942803,387.4044730411769,0.04391076115485563,0.21410498687664042,0.13648293963254593,0.16887664041994752,0.3112257217847769,33399.53018372703,40.47244094488189
2024-06-07,ASLT,362,84,60,0.23204419889502761,0.16574585635359115,2.2262364275976383,26.072745514816646,88.42409028825341,736.661820607089,44.85134559650455,380.31434241382897,0.0527513812154696,0.25393646408839776,0.1673232044198895,0.20142541436464087,0.3420331491712707,26481.129834254145,53.24033149171271
2024-06-07,THFT,394,12,21,0.030456852791878174,0.0532994923857868,2.2899431981364278,26.450986473331582,86.3882756912905,737.8550253296359,44.71022494181368,388.0903988395358,0.0443451776649746,0.21621573604060912,0.1440761421319797,0.17458121827411166,0.31900761421319795,31352.01776649746,42.441624365482234
2024-06-08,ASLT,363,120,56,0.3305785123966942,0.15426997245179064,2.21652678815833,26.358401387332936,95.48066495975041,765.7186601233711,46.65040763209003,386.0810045819912,0.05707438016528925,0.25014049586776854,0.1723884297520661,0.21499724517906335,0.35220110192837467,25311.59779614325,55.74931129476584
2024-06-08,THFT,353,9,15,0.025495750708215296,0.042492917847025496,2.3070225531425215,26.228020637863583,88.12734130395485,729.8385511984989,45.356614958719774,381.8955015570821,0.04530028328611897,0.21261189801699715,0.13506798866855524,0.17060623229461755,0.30808215297450425,35246.762039660054,40.274787535410766
2024-06-09,ASLT,416,144,62,0.34615384615384615,0.14903846153846154,2.2504186373270736,26.04191767194535,91.19290321880311,783.7440239188758,45.36562631655431,397.7167932765406,0.055382211538461526,0.24846153846153846,0.1666634615384615,0.21081730769230766,0.3481033653846154,25749.853365384617,53.65865384615385
2024-06-09,THFT,306,14,19,0.0457516339869281,0.06209150326797386,2.286354010908391,26.327293703047225,86.9715040829346,718.5792273200389,45.025775951029466,376.33297627306206,0.04469281045751633,0.22048692810457515,0.14177777777777778,0.16906535947712417,0.31510784313725493,33750.04575163399,41.54575163398693
2024-06-10,ASLT,329,94,72,0.2857142857142857,0.2188449848024316,2.334033150222274,26.47484527276637,93.31497666220729,777.0777751760028,46.22074645949856,394.85778781518445,0.05374164133738601,0.24381762917933128,0.16465045592705166,0.20359878419452887,0.34620364741641335,26810.550151975684,52.632218844984806
2024-06-10,THFT,385,3,17,0.007792207792207792,0.04415584415584416,2.366361389486863,26.66397486558235,87.50430788493138,761.8005361195399,45.162288227814,399.3485669641787,0.04479999999999999,0.2157090909090909,0.14387792207792205,0.1773090909090909,0.32124415584415583,31788.74025974026,42.9012987012987
2024-06-11,ASLT,313,100,58,0.3194888178913738,0.1853035143769968,2.213257261631993,26.726554468420083,93.40875716763877,754.6925642668422,45.770203645652344,380.0848352563668,0.05178274760383386,0.25945367412140574,0.18095207667731628,0.20873801916932905,0.3582076677316294,23184.533546325878,56.72843450479233
2024-06-11,THFT,295,8,26,0.02711864406779661,0.08813559322033898,2.274360833997334,26.573424857330796,86.81198189180674,726.097510482164,45.06290217961556,383.3592816371373,0.044037288135593204,0.20975254237288135,0.13847457627118642,0.16844067796610168,0.3130813559322034,32202.938983050848,40.37966101694915
2024-06-12,ASLT,331,84,78,0.2537764350453172,0.23564954682779457,2.258194142843829,26.104159198007924,91.69174577824468,776.9078490660105,45.32811022352007,394.0335551294967,0.055205438066465246,0.26274924471299094,0.17961631419939575,0.2176676737160121,0.35770996978851965,23735.95166163142,57.894259818731115
2024-06-12,THFT,332,12,23,0.03614457831325301,0.06927710843373494,2.516262738251894,27.007533780940804,88.58010138063052,774.3717346208093,45.59839935884387,405.0402395410608,0.04683734939759035,0.21093373493975903,0.13675602409638554,0.1812379518072289,0.3188644578313253,31115.66265060241,42.48795180722892
2024-06-13,ASLT,338,99,67,0.29289940828402367,0.19822485207100593,2.4240846022444087,27.162841568124474,89.51940085140187,789.7580884929163,44.88523085507145,400.6847361419127,0.04894674556213017,0.25290532544378697,0.17637278106508875,0.20067455621301777,0.356491124260355,24790.609467455623,54.48816568047337
2024-06-13,THFT,366,11,30,0.030054644808743168,0.08196721311475409,2.244274376681538,26.521340823669473,87.90933279050539,740.0861436080522,45.07745104638934,385.19581459533634,0.04664754098360655,0.2196912568306011,0.14275409836065572,0.17469945355191258,0.3178551912568306,33336.360655737706,42.90163934426229
2024-06-14,ASLT,327,100,57,0.3058103975535168,0.1743119266055046,2.2604335094418198,26.349181920454964,94.0718104536162,767.9689118772095,46.22388186259804,387.5680335776318,0.055373088685015275,0.2452813455657492,0.16636085626911315,0.20706422018348622,0.348611620795107,26953.35474006116,53.44954128440367
2024-06-14,THFT,354,13,19,0.03672316384180791,0.05367231638418079,2.3114783593858634,26.553081872509512,86.81645082432215,751.4430505259573,44.900941747638484,393.07595029044774,0.04650282485875705,0.2157966101694915,0.14010451977401128,0.1781186440677966,0.3156864406779661,31712.751412429378,42.559322033898304
2024-06-15,ASLT,384,125,60,0.3255208333333333,0.15625,2.182605719174726,26.246157782542642,94.70075426375116,792.5749589333203,46.246703646154884,397.3875881754669,0.05613802083333332,0.25328385416666666,0.17430729166666667,0.22034635416666667,0.35506510416666665,24539.934895833332,56.778645833333336
2024-06-15,THFT,409,14,15,0.034229828850855744,0.03667481662591687,2.2619513263661077,25.988712871184017,87.79504993246921,742.0784405429966,45.518404133660084,389.39338386851,0.04300244498777504,0.20194376528117358,0.12907090464547677,0.16571882640586796,0.30131295843520783,36967.21760391198,37.599022004889974
2024-06-16,ASLT,435,173,64,0.39770114942528734,0.1471264367816092,2.2104293203183745,26.076205165976177,92.39586347301838,770.3858218003378,45.49552386907606,389.35085432033884,0.05502298850574711,0.25151954022988504,0.1703816091954023,0.2189494252873563,0.35351724137931034,24679.45287356322,55.91494252873563
2024-06-16,THFT,326,18,16,0.05521472392638037,0.049079754601226995,2.204983330173347,26.378925328060607,92.1822504096261,724.0248594714843,46.28521259589517,375.2114333732196,0.04673312883435581,0.22947852760736198,0.14822085889570552,0.1773159509202454,0.3194662576687117,33102.10429447853,44.63803680981595
2024-06-17,ASLT,430,138,84,0.3209302325581395,0.19534883720930232,2.298426247340873,26.40749360046986,92.86236660836005,773.2151535126134,45.63074898427495,388.19643773803466,0.055106976744186034,0.26553255813953486,0.1793,0.21527674418604653,0.35699767441860464,23534.081395348836,57.54186046511628
2024-06-17,THFT,364,12,21,0.03296703296703297,0.057692307692307696,2.246431512851197,26.749190909663547,89.87903116786352,758.294975228927,45.78660325868664,394.45958513297035,0.04637637362637362,0.2168708791208791,0.14265384615384613,0.17983516483516482,0.3240521978021978,31991.565934065933,43.717032967032964
2024-06-18,ASLT,383,116,76,0.3028720626631854,0.19843342036553524,2.1798747259749005,25.84819999909198,95.10926211417865,755.9345771217788,46.155494782936124,381.4223162572616,0.05482245430809399,0.2594386422976501,0.17361096605744125,0.21333942558746738,0.35322976501305486,24490.383812010445,56.595300261096604
2024-06-18,THFT,376,13,24,0.034574468085106384,0.06382978723404255,2.306916311426326,26.279655129810624,86.17476245153559,750.2383206869106,44.57299108214104,392.33954265092285,0.04419148936170212,0.20933244680851065,0.13886968085106383,0.17646010638297874,0.31609308510638295,33416.34308510638,41.13297872340426
2024-06-19,ASLT,348,105,85,0.3017241379310345,0.2442528735632184,2.429608820698947,26.38379620678237,93.0524158414643,764.7360198038514,46.012023268506255,387.8387364319626,0.05314367816091953,0.25435057471264366,0.17231321839080457,0.2081551724137931,0.35384770114942526,25139.255747126437,55.1551724137931
2024-06-19,THFT,360,13,24,0.03611111111111111,0.06666666666666667,2.239693827226117,26.198757120463636,86.06106326114663,724.0581566141472,44.68720417005232,382.8365512875358,0.04534722222222221,0.21505,0.13993055555555553,0.17629166666666665,0.318925,33067.89166666667,42.09722222222222
2024-06-20,ASLT,354,101,68,0.2853107344632768,0.192090395480226,2.3829762839954403,26.953065112855324,94.28373974726148,770.8649486971793,46.150939018433014,387.4175102480831,0.05464689265536722,0.2521468926553672,0.17209322033898306,0.20837570621468926,0.3570960451977401,25130.66384180791,55.121468926553675
2024-06-20,THFT,367,12,10,0.0326975476839237,0.027247956403269755,2.2630023679204796,26.918203947491996,88.10788555618713,740.7944515272914,45.30665350589159,386.74078437509564,0.04370572207084467,0.22377384196185285,0.14896730245231607,0.17488283378746594,0.32607629427792917,30863.43051771117,43.95367847411444
2024-06-21,ASLT,364,114,82,0.3131868131868132,0.22527472527472528,2.2509734164390127,26.310316732783257,92.48236348860746,745.6036632287487,45.68661652826078,379.83591739448514,0.053576923076923064,0.2569285714285714,0.17498901098901098,0.20982417582417578,0.3535274725274725,25145.585164835164,56.01373626373626
2024-06-21,THFT,407,9,25,0.022113022113022112,0.06142506142506143,2.2047364836528933,26.55930465430056,85.79095781826385,737.8976861075892,44.75484351704268,388.20446773296163,0.04628501228501228,0.21409336609336607,0.1352039312039312,0.17383046683046682,0.3132039312039312,33265.068796068794,40.82063882063882
2024-06-22,ASLT,383,134,67,0.34986945169712796,0.17493472584856398,2.1977474522852125,26.59907472902112,92.73123071607206,753.9356087583064,45.95591676775269,381.4688834002574,0.05211227154046996,0.24544647519582247,0.16695300261096604,0.20272323759791122,0.3465848563968668,26689.74412532637,52.98433420365535
2024-06-22,THFT,365,11,16,0.030136986301369864,0.043835616438356165,2.125457227885504,26.213783803010376,85.05105312755035,725.3146308456611,44.64454509720832,383.8608408433967,0.04112876712328766,0.20523287671232876,0.12304383561643836,0.15451232876712329,0.28691780821917806,37923.10410958904,35.394520547945206
2024-06-23,ASLT,390,114,88,0.2923076923076923,0.22564102564102564,2.2296653191241997,26.610213171821936,94.76925014629734,791.2872928842826,46.27257043785903,394.87189073495256,0.053999999999999986,0.2631,0.18022051282051282,0.2151128205128205,0.3574820512820513,24247.776923076923,58.166666666666664
2024-06-23,THFT,321,15,21,0.04672897196261682,0.06542056074766354,2.2952126147003633,26.74281478133497,87.71099447014204,748.9895827377791,45.44747855835908,391.6489602331838,0.044613707165109026,0.20889096573208724,0.13154828660436135,0.16686604361370716,0.30970093457943926,34765.56386292835,39.1183800623053
2024-06-24,ASLT,377,125,76,0.33156498673740054,0.20159151193633953,2.268602877535977,26.687040826524754,92.99844910338624,760.5075036739479,45.78494482767882,385.06060894160555,0.05141909814323606,0.25978514588859414,0.17417241379310344,0.206448275862069,0.35717506631299734,24470.2175066313,55.89920424403183
2024-06-24,THFT,373,9,19,0.024128686327077747,0.05093833780160858,2.1700177978207384,26.649679529810975,87.72991376280214,738.0868613296428,45.240238135373446,386.2748372114775,0.04561394101876674,0.2115495978552279,0.14050402144772117,0.17858445040214477,0.3189088471849866,32551.278820375333,41.9946380697051
2024-06-25,ASLT,373,100,73,0.2680965147453083,0.19571045576407506,2.240145696812004,26.591371549368844,91.34757240952848,768.5660255811105,45.34531232899949,389.630781562733,0.05729222520107237,0.254171581769437,0.16913941018766757,0.21449865951742625,0.35383378016085787,23862.27345844504,56.05898123324397
2024-06-25,THFT,338,9,30,0.026627218934911243,0.08875739644970414,2.2547909545024702,26.425116571227896,87.86317366774207,744.4974500235381,45.288262376613616,388.84579307471245,0.04643195266272188,0.21626923076923074,0.14212721893491123,0.18309763313609467,0.31681656804733727,31209.647928994083,42.914201183431956
2024-06-26,ASLT,339,109,58,0.3215339233038348,0.1710914454277286,2.1212452676836664,26.74995804446941,93.81522496775258,755.1865540588797,46.21697382626745,381.13351201732,0.049740412979351015,0.26050442477876107,0.1787315634218289,0.20261061946902656,0.35569026548672567,25484.5604719764,55.525073746312685
2024-06-26,THFT,354,6,9,0.01694915254237288,0.025423728813559324,2.432375102376805,26.28438343610355,86.30703331349362,749.8363975717028,44.7540624372884,392.75446404319604,0.04883615819209038,0.21258192090395478,0.13827118644067796,0.18666666666666668,0.3178305084745763,32157.72033898305,42.759887005649716
2024-06-27,ASLT,323,102,64,0.3157894736842105,0.19814241486068113,2.1039842194489773,26.59721476444633,94.34692859236445,758.190324485651,46.21502183650727,381.42995100240097,0.055733746130030945,0.2534736842105263,0.1736811145510836,0.21484210526315786,0.35763777089783283,23491.97213622291,56.76160990712074
2024-06-27,THFT,350,13,29,0.037142857142857144,0.08285714285714285,2.248347912505818,27.049718639767914,89.97730077505477,742.2500785754929,46.05687331799288,388.68665870497887,0.045248571428571416,0.2054857142857143,0.13689714285714283,0.17412571428571427,0.31352857142857143,32441.46285714286,40.63428571428572
2024-06-28,ASLT,298,100,58,0.33557046979865773,0.19463087248322147,2.172485891512621,27.242099568213604,94.27779108877205,764.4148966959825,46.295706989058466,384.9424146815668,0.05428859060402683,0.2548691275167785,0.17395973154362415,0.2129228187919463,0.3591979865771812,23872.335570469797,56.66107382550336
2024-06-28,THFT,338,10,30,0.029585798816568046,0.08875739644970414,2.2476958482014058,26.412937292169847,85.96301430664361,753.353354979102,45.02683944973346,399.1585433644305,0.04310946745562129,0.20784911242603551,0.14235207100591715,0.16561242603550294,0.3179644970414201,34342.653846153844,40.071005917159766
2024-06-29,ASLT,364,117,72,0.32142857142857145,0.1978021978021978,2.3115126635855874,25.989380762963286,94.13650452459898,762.2153874391284,46.17973738027795,385.37473211017306,0.056991758241758235,0.24858516483516482,0.16659615384615384,0.21591483516483514,0.3432857142857143,26160.32967032967,54.41208791208791
2024-06-29,THFT,367,16,21,0.043596730245231606,0.05722070844686648,2.37101323864066,26.171600918005048,90.24137222705909,741.5100469329366,45.898115147130945,387.1232826890518,0.04863215258855585,0.2195367847411444,0.14074386920980925,0.18152043596730244,0.31488283378746595,32898.21798365123,43.182561307901906
2024-06-30,ASLT,368,116,73,0.31521739130434784,0.1983695652173913,2.053456111521313,26.297469147975836,91.71802390735006,751.3708392025324,45.71740076304118,385.61532712515486,0.05256521739130434,0.23706521739130434,0.15853260869565217,0.19795108695652172,0.3320733695652174,28485.66304347826,50.76902173913044
2024-06-30,THFT,394,15,18,0.03807106598984772,0.04568527918781726,2.2403604811348314,26.635853894370502,88.43196463248235,720.7788340843008,45.53595468503314,379.4273450563036,0.04147969543147207,0.2092994923857868,0.13678426395939083,0.16293401015228426,0.30858375634517765,34844.197969543144,39.368020304568525
2024-07-01,ASLT,346,93,70,0.26878612716763006,0.2023121387283237,2.0916834794804617,26.497687161033543,91.00508885124277,765.1946826794467,45.539840788796035,392.3545828066384,0.0536329479768786,0.24635838150289016,0.16380346820809247,0.2101965317919075,0.34139306358381505,26367.92485549133,53.361271676300575
2024-07-01,THFT,430,21,19,0.04883720930232558,0.044186046511627906,2.293590707345711,26.674334584090126,89.1090176066637,757.6487988736754,45.3561596732789,392.95406446888074,0.04779999999999999,0.2277627906976744,0.1525488372093023,0.18538372093023253,0.3285930232558139,29720.809302325582,46.39767441860465
2024-07-02,ASLT,354,104,79,0.2937853107344633,0.2231638418079096,2.319117950562675,26.826392028475198,92.57870010472503,790.5137633642457,45.749162514504164,397.8065152389203,0.05293785310734462,0.2494774011299435,0.1709971751412429,0.2081581920903955,0.35392090395480225,24987.146892655368,54.74858757062147
2024-07-02,THFT,393,4,28,0.010178117048346057,0.07124681933842239,2.358418338985029,26.78552440764653,86.70979865668679,754.8343139800019,45.03239796521565,396.73330065048424,0.04470483460559795,0.21538422391857506,0.139824427480916,0.176206106870229,0.3192239185750636,32329.37659033079,41.58015267175573
2024-07-03,ASLT,366,97,80,0.2650273224043716,0.2185792349726776,2.380860458248239,26.663136094397583,94.28834579343794,786.2778546313743,46.122542583290425,392.6001147105817,0.05706557377049179,0.26064207650273225,0.174327868852459,0.22001639344262294,0.355655737704918,24513.55737704918,57.37978142076503
2024-07-03,THFT,375,14,26,0.037333333333333336,0.06933333333333333,2.2993675474083246,26.72868739699603,85.95029058241865,727.8161505622912,44.650636196976286,382.08920564147354,0.04449599999999999,0.20546133333333333,0.13430933333333334,0.16781866666666664,0.31333066666666665,34758.38133333333,39.333333333333336
2024-07-04,ASLT,494,150,116,0.30364372469635625,0.23481781376518218,2.26923578472618,26.53923792430238,93.50739260075055,789.9246335304832,45.933289329099615,397.32170432736746,0.058534412955465576,0.2532165991902834,0.17441700404858299,0.22371255060728745,0.3613724696356275,23366.742914979757,57.98582995951417
2024-07-04,THFT,277,9,28,0.032490974729241874,0.10108303249097472,2.268709302401912,26.977432463794,88.65228925388415,741.0333215814776,45.66690107188017,390.21372122408087,0.0445162454873646,0.21005054151624547,0.13676173285198553,0.16983032490974728,0.31503249097472924,33335.39711191336,40.45126353790614
2024-07-05,ASLT,466,145,116,0.3111587982832618,0.24892703862660945,2.1775144820285335,26.66221117726346,95.44966362209215,765.6115052101251,46.470059582047625,383.06715677875326,0.05784334763948497,0.26207081545064376,0.17666094420600859,0.22084120171673818,0.35633261802575106,23529.283261802575,57.933476394849784
2024-07-05,THFT,355,14,23,0.03943661971830986,0.0647887323943662,2.2958230123784262,26.421059005093802,87.81782544494892,743.0628329360538,45.19494106959791,386.5465146013011,0.044859154929577455,0.21901971830985914,0.1421943661971831,0.1740394366197183,0.31898309859154933,32611.988732394366,42.2169014084507
2024-07-06,ASLT,390,115,110,0.2948717948717949,0.28205128205128205,2.3827835626857623,26.506684685813823,95.25478912710379,775.5464272424636,46.4909892382189,390.1718453322218,0.055853846153846136,0.24854615384615383,0.17077435897435894,0.21782820512820514,0.3508871794871795,25336.646153846155,55.261538461538464
2024-07-06,THFT,351,18,23,0.05128205128205128,0.06552706552706553,2.3962166829746336,26.643543948444826,87.05332332422213,757.7380514464056,44.95599708670587,395.70223283930426,0.04477207977207976,0.20814814814814817,0.13263817663817662,0.17066666666666666,0.3095299145299145,33853.46438746439,39.44444444444444
2024-07-07,ASLT,390,147,109,0.3769230769230769,0.2794871794871795,2.1899998259074605,26.392791202628807,95.86428798121756,767.6855510225247,46.71759375778958,388.98266222425354,0.05793846153846152,0.2601230769230769,0.1809974358974359,0.22568717948717948,0.3600205128205128,22777.058974358974,59.12051282051282
2024-07-07,THFT,348,15,24,0.04310344827586207,0.06896551724137931,2.1192130741017667,26.847902474358616,87.59967277790226,756.8053023355633,45.01238670389715,394.00749560878046,0.04513505747126436,0.2149051724137931,0.14189080459770115,0.17501436781609195,0.32123563218390805,33362.83620689655,42.35632183908046
2024-07-08,ASLT,339,86,57,0.2536873156342183,0.168141592920354,2.3216949160696467,26.3283861517519,89.91662778209466,750.975138474574,44.9894477698531,382.46888160901034,0.05362536873156341,0.2474188790560472,0.16505014749262537,0.2061504424778761,0.3434365781710914,25876.286135693215,52.51917404129794
2024-07-08,THFT,396,13,16,0.03282828282828283,0.04040404040404041,2.3578102319275254,26.133817894288992,88.46681429041364,766.6744753449732,45.270423394030374,398.95787564789293,0.04832828282828282,0.21766161616161614,0.14388888888888887,0.18237626262626264,0.31958838383838384,31941.363636363636,43.792929292929294
2024-07-09,ASLT,296,86,58,0.2905405405405405,0.19594594594594594,2.271402289547648,26.548518015585575,94.92179878601519,756.1523940669615,46.35832859476474,381.1031058817878,0.05494594594594593,0.2638716216216216,0.17695945945945946,0.2088716216216216,0.35614864864864865,23992.99662162162,56.8445945945946
2024-07-09,THFT,371,9,18,0.02425876010781671,0.04851752021563342,2.3885904747135096,26.971093953400764,85.83376691020833,743.2989002460326,44.35718130938829,388.12111133346144,0.04712398921832883,0.21943126684636116,0.14627493261455524,0.18205390835579516,0.326989218328841,30490.288409703506,44.67654986522911
2024-07-10,ASLT,308,85,70,0.275974025974026,0.22727272727272727,2.3298852510351837,26.620676132018197,91.0026442038407,771.6099326328704,45.459571017299545,393.61665024582277,0.053685064935064926,0.24866233766233764,0.17167532467532468,0.2071103896103896,0.35185064935064936,25156.876623376622,54.64935064935065
2024-07-10,THFT,324,9,24,0.027777777777777776,0.07407407407407407,2.2312403186824685,26.143245394023673,86.46741111629508,755.0264874297334,44.788628873179505,393.2142296836219,0.04355246913580246,0.2198425925925926,0.14714814814814814,0.17278086419753086,0.31940123456790126,32567.487654320987,42.82716049382716
2024-07-11,ASLT,324,109,62,0.33641975308641975,0.19135802469135801,2.3461870714934556,26.323019994406938,93.33303835002904,776.8751566004294,45.774796814434914,390.8159135413225,0.05718827160493826,0.2603086419753086,0.1742654320987654,0.21566975308641975,0.35825308641975306,23723.682098765432,57.32098765432099
2024-07-11,THFT,396,15,21,0.03787878787878788,0.05303030303030303,2.3061074835019544,26.474588321186076,85.10723142682468,757.2629361951273,44.36186488209577,398.16077428050403,0.0447121212121212,0.2056540404040404,0.13596969696969696,0.17233333333333334,0.3136540404040404,32491.911616161615,40.343434343434346
2024-07-12,ASLT,343,85,74,0.2478134110787172,0.21574344023323616,2.176647548836186,26.467619117026455,92.45197930126987,776.2949594976312,45.91306011215049,392.946096630228,0.053413994169096195,0.2526734693877551,0.17060641399416906,0.20672594752186588,0.348067055393586,25075.46355685131,54.096209912536445
2024-07-12,THFT,399,15,25,0.03759398496240601,0.06265664160401002,2.3127002196233635,26.05560889761578,85.12914718070462,750.8085584847639,44.279799925071664,393.01212587889773,0.04573934837092731,0.211406015037594,0.13794736842105262,0.17834335839598994,0.3179298245614035,32433.448621553885,41.531328320802004
2024-07-13,ASLT,381,129,77,0.33858267716535434,0.2020997375328084,2.297782126884456,26.861184881630546,93.02162886711231,778.406679552415,45.8584949904245,391.1376759035142,0.056278215223097096,0.25621522309711287,0.17148031496062993,0.21584251968503934,0.36038582677165354,23614.464566929135,56.979002624671914
2024-07-13,THFT,391,10,20,0.02557544757033248,0.05115089514066496,2.2104943335170613,26.407705786782138,84.97907497780344,720.7765578291842,44.52249949708893,381.5333530278941,0.04239130434782608,0.21715601023017903,0.1385626598465473,0.16329667519181584,0.3089079283887468,34194.41176470588,39.81841432225064
2024-07-14,ASLT,349,118,90,0.33810888252148996,0.25787965616045844,2.4581094933349554,26.538774058686325,89.31789942268297,785.7633711491937,45.01747970664027,401.6296779658705,0.05368194842406876,0.243567335243553,0.16714613180515758,0.21002865329512893,0.34816332378223497,25874.303724928366,53.55587392550143
2024-07-14,THFT,319,15,20,0.047021943573667714,0.06269592476489028,2.478726588300104,26.333239620656745,87.62668442914803,742.7053536347398,45.10730104640181,387.9342196095771,0.04645454545454544,0.21397492163009402,0.1387460815047022,0.17766457680250783,0.3135235109717868,33696.13166144201,41.99373040752351
2024-07-15,ASLT,321,117,71,0.3644859813084112,0.22118380062305296,2.2950779721614065,26.323654840724508,93.8815986034046,774.6181998178365,46.178264187717836,390.3433977895554,0.05529595015576323,0.25253271028037383,0.17086604361370716,0.21435202492211838,0.34916199376947044,25111.931464174453,55.70716510903427
2024-07-15,THFT,354,12,26,0.03389830508474576,0.07344632768361582,2.4210975942238555,26.544344231481343,87.85134490511116,752.0803687834955,45.30553783731004,392.2419863350734,0.046200564971751394,0.22153954802259887,0.1471864406779661,0.17906214689265537,0.32173446327683614,31721.090395480227,44.00282485875706
2024-07-16,ASLT,363,118,69,0.325068870523416,0.19008264462809918,2.2457780702694734,26.917480941066795,96.05630554607231,789.7680524729273,46.9938358341295,396.995569800954,0.05130853994490357,0.24990633608815424,0.16987603305785123,0.19984022038567495,0.34925344352617077,25692.980716253445,53.294765840220386
2024-07-16,THFT,352,8,26,0.022727272727272728,0.07386363636363637,2.241061685874272,26.669702908841384,86.42258685273642,726.6102496832281,44.9376029709367,383.79856137769514,0.04639204545454545,0.2131903409090909,0.13685795454545455,0.1734744318181818,0.31205113636363635,33563.71875,40.96022727272727
2024-07-17,ASLT,343,111,73,0.3236151603498542,0.21282798833819241,2.2591527514260865,26.348222056058944,96.28168001776264,751.8469216593647,46.84807125402785,377.21852790399066,0.057215743440233224,0.25977259475218656,0.17610495626822156,0.22104956268221573,0.35542274052478134,23823.74052478134,57.64431486880466
2024-07-17,THFT,367,16,28,0.043596730245231606,0.07629427792915532,2.33364902140431,26.4238863745687,87.11866251237105,760.452175375802,45.20876789041285,399.02066678331227,0.04601089918256129,0.21625068119891006,0.14460490463215256,0.18054495912806537,0.31673569482288827,31731.634877384196,43.46594005449591
2024-07-18,ASLT,287,91,62,0.3170731707317073,0.21602787456445993,2.371410932676009,26.70907157177806,92.03675483970548,773.8859042948048,45.73091497241782,393.74463080948294,0.053512195121951205,0.25380139372822297,0.16958885017421602,0.2077491289198606,0.351006968641115,25149.996515679442,54.0801393728223
2024-07-18,THFT,344,13,25,0.0377906976744186,0.07267441860465117,2.3691473092060065,26.613346970101976,85.8410993594087,742.2071120418539,44.527041125989406,389.82471841789067,0.045261627906976735,0.20854651162790697,0.13824127906976744,0.17502906976744184,0.31588662790697675,33928.33430232558,41.174418604651166
2024-07-19,ASLT,336,94,71,0.27976190476190477,0.2113095238095238,2.1840248767597954,26.665900908477802,92.56213312549733,765.2166053066301,45.874522103863555,388.0458114960399,0.0546517857142857,0.2636964285714286,0.17342261904761905,0.21439285714285714,0.35670833333333335,24114.622023809523,56.973214285714285
2024-07-19,THFT,429,14,18,0.03263403263403263,0.04195804195804196,2.2415111691582226,26.10054007950309,85.77213817035151,742.8584301194289,44.50417416917086,389.40059270759696,0.047962703962703954,0.20745454545454542,0.13486713286713287,0.1772144522144522,0.3123100233100233,34113.04662004662,40.794871794871796
2024-07-20,ASLT,355,107,64,0.30140845070422534,0.18028169014084508,2.2441721115639597,26.22984548544799,91.4865159518109,769.4948622579093,45.49800118042228,391.0059586994752,0.05247323943661971,0.25261408450704226,0.1718281690140845,0.20799718309859155,0.35020845070422535,26183.425352112678,54.59154929577465
2024-07-20,THFT,380,17,20,0.04473684210526316,0.05263157894736842,2.3743541309967076,26.611746309202125,89.73634677975981,754.5617192620874,45.828109131270416,391.83203212589893,0.04319999999999999,0.20851842105263158,0.14163157894736841,0.1639736842105263,0.31411578947368424,35411.89473684211,40.40263157894737
2024-07-21,ASLT,402,129,87,0.3208955223880597,0.21641791044776118,2.3070092599889733,25.819114348580243,90.59947996390144,756.8916200442299,45.40419457952695,386.3191008663445,0.05297014925373133,0.2557089552238806,0.16626616915422884,0.20349502487562188,0.3393830845771144,27387.2039800995,52.88059701492537
2024-07-21,THFT,396,6,29,0.015151515151515152,0.07323232323232323,2.201649287828493,26.08335438971454,85.5609138923821,718.9225380453638,44.66487537438805,380.4593809858528,0.04278282828282828,0.2121464646464646,0.13647727272727272,0.16181565656565655,0.3079494949494949,35158.68939393939,39.292929292929294
2024-07-22,ASLT,333,91,72,0.2732732732732733,0.21621621621621623,2.3612398867600435,26.78720033205138,91.29864250842274,758.028199995031,45.52717153321883,384.19893643411046,0.05275075075075074,0.24988588588588587,0.16583783783783781,0.2025375375375375,0.3458168168168168,26543.930930930932,52.990990990990994
2024-07-22,THFT,427,13,26,0.03044496487119438,0.06088992974238876,2.1963468981832093,26.315075728032916,85.79239529133157,755.3594783668955,44.55243446201516,394.39185131180216,0.04957845433255268,0.2101288056206089,0.13846370023419202,0.18359953161592504,0.3203653395784543,32191.43325526932,42.822014051522245
2024-07-23,ASLT,326,114,59,0.3496932515337423,0.18098159509202455,2.289902178470651,26.614650139654973,93.35690337531436,772.494661592736,45.88914823072218,389.1163578524175,0.05380981595092023,0.2582208588957055,0.17302760736196318,0.2112361963190184,0.35882515337423315,24337.159509202455,56.50306748466258
2024-07-23,THFT,368,7,27,0.019021739130434784,0.07336956521739131,2.3774385343503717,26.0191116893227,88.30995999283341,722.2458066517098,45.235709493671344,378.0830527612894,0.0461820652173913,0.2119782608695652,0.135625,0.17121195652173912,0.3137228260869565,34137.926630434784,40.80434782608695
2024-07-24,ASLT,349,104,71,0.2979942693409742,0.2034383954154728,2.2254205080931153,26.42848967402323,92.22048707375184,750.0091236598694,45.504571456372304,378.73029726752924,0.05212034383954153,0.26065042979942693,0.17291117478510026,0.2026590257879656,0.3533180515759312,25001.349570200575,55.022922636103154
2024-07-24,THFT,392,11,28,0.02806122448979592,0.07142857142857142,2.251652682173102,26.32184976390463,85.92368727254971,716.3148139219124,44.87380670596728,379.1836045498763,0.04140816326530611,0.20680102040816328,0.13363265306122446,0.160875,0.3096734693877551,34538.0331632653,37.94897959183673
2024-07-25,ASLT,301,75,57,0.24916943521594684,0.1893687707641196,2.2386061401714175,25.902290032134168,94.00915265376324,756.947324930069,46.10112705704355,382.03247600358236,0.0556112956810631,0.27459136212624585,0.1794784053156146,0.21224584717607972,0.35356810631229235,24434.53488372093,58.053156146179404
2024-07-25,THFT,396,14,37,0.03535353535353535,0.09343434343434344,2.3287064531009665,26.19928930263313,87.67011482552756,750.3639369192734,45.05977714985635,391.062837018348,0.0454090909090909,0.21322727272727274,0.14044696969696968,0.17819696969696971,0.3160833333333333,32932.979797979795,42.12626262626262
2024-07-26,ASLT,339,109,83,0.3215339233038348,0.2448377581120944,2.2445841245061744,26.065395484332818,93.6211472873233,761.4775032580752,46.09858233662031,385.6950879613835,0.055171091445427714,0.2585929203539823,0.175976401179941,0.21491740412979352,0.3527050147492625,24936.705014749263,56.68731563421829
2024-07-26,THFT,378,12,19,0.031746031746031744,0.05026455026455026,2.390806470060774,27.152554320550003,89.43744871368042,745.053442988923,45.568215254742675,387.14180724668734,0.04609788359788359,0.2159074074074074,0.14356613756613754,0.17943386243386242,0.3236005291005291,31094.64814814815,43.5
2024-07-27,ASLT,436,152,82,0.3486238532110092,0.18807339449541285,2.2569798059120423,26.30249481333457,94.21036530994796,775.2972347177043,46.19238760317341,389.8562339426993,0.056135321100917415,0.251940366972477,0.1681169724770642,0.21579587155963303,0.3497752293577982,25417.26605504587,55.5
2024-07-27,THFT,342,11,24,0.03216374269005848,0.07017543859649122,2.0985160233124716,26.009948333802413,88.05758974583871,705.6977099947281,45.40096738233479,370.555948985376,0.043754385964912275,0.212672514619883,0.13698538011695904,0.1689970760233918,0.30970760233918126,34848.97953216374,39.72514619883041
2024-07-28,ASLT,393,131,65,0.3333333333333333,0.16539440203562342,2.2653994593680413,26.545514373301554,91.22432949778468,779.6857599012615,45.49320533621232,395.4823403676868,0.05416539440203561,0.2524656488549618,0.17110432569974554,0.21082442748091604,0.35333078880407126,25254.295165394404,55.646310432569976
2024-07-28,THFT,353,14,24,0.039660056657223795,0.0679886685552408,2.4289522475463756,26.508075634951574,86.60309743238017,770.8975407475864,44.87574609371775,403.365313500387,0.04606515580736543,0.21430028328611897,0.1446968838526912,0.18277337110481584,0.32345042492917847,31750.0,43.594900849858355
2024-07-29,ASLT,339,116,58,0.3421828908554572,0.1710914454277286,2.2466819194769565,26.23127773294403,95.04748073510119,752.4993211660286,46.255820158575894,377.3722047959094,0.054772861356932136,0.2651828908554572,0.1786135693215339,0.2145899705014749,0.3571858407079646,24677.690265486726,57.61356932153392
2024-07-29,THFT,390,22,21,0.05641025641025641,0.05384615384615385,2.3909536548464416,26.345650787141732,87.49380884687798,741.0641899075473,45.0006478346108,389.46349598584817,0.046482051282051275,0.22624871794871793,0.14841282051282048,0.18184871794871793,0.32594871794871794,30755.858974358973,44.59487179487179
2024-07-30,ASLT,331,105,72,0.31722054380664655,0.2175226586102719,2.1024746294289933,26.510538557036533,93.32237059018665,756.4212657927646,45.69284524723108,380.51226061612357,0.05350755287009062,0.26630815709969785,0.17894259818731117,0.2115166163141994,0.3584380664652568,23756.154078549847,57.24773413897281
2024-07-30,THFT,357,7,31,0.0196078431372549,0.08683473389355742,2.3352448872089213,26.39371707659178,86.74016372106014,755.3065581899689,44.781864140251884,392.58410151231874,0.04745378151260503,0.21543697478991597,0.1423613445378151,0.1807563025210084,0.3244789915966387,31889.1512605042,43.63025210084034
2024-07-31,ASLT,363,118,58,0.325068870523416,0.15977961432506887,2.252159643440712,26.5560858115016,92.92845056620023,760.5371502138761,45.88272381185785,384.40043012267796,0.05369972451790632,0.25744077134986226,0.1718044077134986,0.2054435261707989,0.35356749311294766,25097.12947658402,54.955922865013775
2024-07-31,THFT,366,15,26,0.040983606557377046,0.07103825136612021,2.4776510053775724,25.802864790377033,87.13607821102129,769.9453369090273,44.817703640713916,400.07013327623713,0.04376775956284151,0.21104644808743167,0.14119125683060108,0.17934426229508196,0.3206502732240437,31629.16120218579,42.53551912568306
2024-08-01,ASLT,324,102,71,0.3148148148148148,0.2191358024691358,2.288812310393293,26.521136093045754,93.71627800137956,759.6532901212747,45.99342932351971,382.6758456124028,0.05450925925925924,0.26093518518518516,0.17939197530864195,0.21348765432098765,0.3592222222222222,23330.021604938273,57.391975308641975
2024-08-01,THFT,422,10,21,0.023696682464454975,0.04976303317535545,2.509306942644321,25.957679846873287,84.86271668097032,735.6321818028831,44.74351130947112,389.73906608737656,0.04231516587677724,0.21505687203791468,0.13659715639810427,0.16080568720379146,0.30539336492890995,34493.41469194313,39.26777251184834
2024-08-02,ASLT,350,88,86,0.25142857142857145,0.24571428571428572,2.329187720610109,26.376149594786565,92.27806702331151,750.9994379298669,45.87457041778717,382.1024665667052,0.05204571428571427,0.2520428571428571,0.16866,0.20182857142857144,0.3463542857142857,26223.465714285714,53.55142857142857
2024-08-02,THFT,387,8,22,0.020671834625323,0.056847545219638244,2.4126102653956973,25.881130703116607,85.01630153359764,722.4510698442444,44.772441639741444,382.84278965463415,0.04212144702842376,0.20803875968992247,0.13483720930232557,0.1598294573643411,0.29703100775193797,36033.40310077519,38.036175710594314
2024-08-03,ASLT,402,103,73,0.2562189054726368,0.18159203980099503,2.3017176012137472,26.457927148172676,94.73418839324711,753.8391730817634,46.47571772090001,382.1083314189781,0.05328855721393033,0.24979850746268656,0.17054477611940297,0.20942786069651742,0.34889054726368157,26495.114427860695,54.13930348258707
2024-08-03,THFT,419,12,27,0.028639618138424822,0.06443914081145585,2.255390868348838,26.25569141715535,87.31284821009821,734.6102504034394,45.220053806392094,385.57349318656946,0.04044152744630071,0.20904057279236277,0.13460381861575177,0.15643675417661096,0.3031551312649165,35804.07875894988,38.40572792362769
2024-08-04,ASLT,448,136,110,0.30357142857142855,0.24553571428571427,2.181700201202434,25.86692725589057,90.474050346413,769.4521821625683,44.98108118201908,390.35304253862654,0.05549776785714284,0.26002901785714283,0.1760111607142857,0.21698214285714285,0.35388839285714285,24379.33035714286,56.861607142857146
2024-08-04,THFT,365,12,12,0.03287671232876712,0.03287671232876712,2.2616711651104096,26.118798422224078,88.21999324924958,736.601866641688,45.614049608066885,385.49970847334464,0.04154520547945204,0.20523835616438355,0.12923013698630137,0.1547890410958904,0.3001095890410959,38156.24657534246,36.57534246575342
2024-08-05,ASLT,356,113,64,0.31741573033707865,0.1797752808988764,2.2489552100808163,26.317553012714537,92.6585999223586,715.0719400222176,45.82129784524014,366.5408324171941,0.05230337078651684,0.25096348314606737,0.16886516853932584,0.1977696629213483,0.3431320224719101,26828.505617977527,52.76966292134831
2024-08-05,THFT,378,10,30,0.026455026455026454,0.07936507936507936,2.313436762922795,26.339759730244705,86.52398079073305,751.8281591727042,44.785688716455994,394.44611049232964,0.046373015873015865,0.22185449735449733,0.14777248677248678,0.1809285714285714,0.32326984126984126,31480.055555555555,44.27248677248677
2024-08-06,ASLT,303,106,65,0.34983498349834985,0.2145214521452145,2.228793090741216,26.21435253128826,89.26536473556193,732.0350638744059,45.01814412679993,376.4850188193772,0.047257425742574244,0.25006930693069307,0.1691089108910891,0.19259075907590759,0.3475016501650165,26709.864686468645,51.696369636963695
2024-08-06,THFT,392,13,27,0.03316326530612245,0.06887755102040816,2.507455445433523,26.802773738270425,85.66128952910681,789.6882864085778,44.61590488807752,412.466406126785,0.046951530612244885,0.21931377551020406,0.14426785714285714,0.18251020408163265,0.3246658163265306,29968.002551020407,44.43877551020408
2024-08-07,ASLT,323,90,65,0.2786377708978328,0.20123839009287925,2.1162133184028757,26.28071694250161,92.53887478780183,751.2325541129195,45.75815470012384,381.47384114881055,0.05666253869969039,0.2611640866873065,0.1758359133126935,0.2140185758513932,0.3581826625386997,24363.53560371517,57.26625386996904
2024-08-07,THFT,386,19,29,0.04922279792746114,0.07512953367875648,2.4571918778880972,26.77106680249789,87.82136350574702,786.7037847164598,45.20802970611563,407.54175684625073,0.04781606217616579,0.21688341968911917,0.1448082901554404,0.18550518134715024,0.32721502590673573,30771.774611398963,44.46632124352332
2024-08-08,ASLT,297,78,60,0.26262626262626265,0.20202020202020202,2.085670621356116,25.72064679943837,91.33454318718353,744.8964987087994,45.27185250833903,377.1049208468556,0.05589562289562288,0.2685319865319865,0.17833670033670032,0.21439057239057238,0.35609090909090907,24555.55218855219,57.9057239057239
2024-08-08,THFT,342,13,31,0.038011695906432746,0.09064327485380116,2.3706005993649373,25.97536050285366,87.57363281549321,757.6675306906061,44.68858448001494,388.4396175115821,0.04922222222222221,0.2173830409356725,0.1440233918128655,0.18721052631578947,0.32325730994152047,32450.51461988304,44.67251461988304
2024-08-09,ASLT,329,103,70,0.3130699088145897,0.2127659574468085,2.194548392772958,26.789214803272717,95.10977110095095,767.3954670782783,46.6859411261567,388.6343002743371,0.04899999999999999,0.24999088145896656,0.17340425531914894,0.20017933130699087,0.35343465045592704,25225.173252279634,53.93009118541033
2024-08-09,THFT,369,10,34,0.02710027100271003,0.0921409214092141,2.1740156268490916,25.821877673073352,89.45871772846888,741.7566341804902,45.43547826742107,384.59353216198025,0.04615718157181571,0.2257940379403794,0.14894579945799458,0.1841653116531165,0.32539837398373983,31471.452574525745,45.417344173441734
2024-08-10,ASLT,372,98,76,0.26344086021505375,0.20430107526881722,2.247735176161023,25.683621495945957,87.95730385469578,748.3317997664817,44.300352577257165,385.2460507359422,0.05323655913978493,0.25902419354838707,0.1753548387096774,0.20762365591397847,0.3528145161290322,25854.120967741936,55.45161290322581
2024-08-10,THFT,372,10,22,0.026881720430107527,0.05913978494623656,2.250480611315294,26.55750769260703,85.9960969041553,729.9779131075079,44.66680957753921,384.84075390958793,0.04268279569892472,0.21858602150537632,0.14291666666666666,0.17127956989247312,0.3175913978494624,32794.397849462366,41.884408602150536
2024-08-11,ASLT,369,113,64,0.3062330623306233,0.17344173441734417,2.2173132900994243,26.5123707622756,92.6861008382465,787.8318468032122,45.778664029013385,394.90672241879565,0.05788888888888888,0.25878861788617885,0.17291869918699185,0.21861517615176151,0.35314634146341467,24549.536585365855,57.06775067750677
2024-08-11,THFT,321,20,18,0.06230529595015576,0.056074766355140186,2.122307863920813,26.67752311894342,85.21508258448715,748.4259495055835,44.51051153386018,391.27836521842335,0.04405919003115264,0.21569470404984423,0.13866043613707166,0.16838940809968847,0.31671339563862927,34246.06853582554,41.16822429906542
2024-08-12,ASLT,325,86,86,0.26461538461538464,0.26461538461538464,2.2261067553857714,26.156350081767613,91.88395034717138,760.9534939351194,45.55335161771031,385.4383071161379,0.054916923076923065,0.2564307692307692,0.1703907692307692,0.20350461538461537,0.3501230769230769,26289.643076923076,54.784615384615385
2024-08-12,THFT,319,10,21,0.03134796238244514,0.06583072100313479,2.240968811622854,25.94365623221857,86.9532356053458,730.1756516899646,44.957184574428474,383.6374909350483,0.04475548589341692,0.22247021943573664,0.14285893416927897,0.1703040752351097,0.3128808777429467,33688.04388714734,41.843260188087775
2024-08-13,ASLT,316,76,69,0.24050632911392406,0.21835443037974683,2.303854498539659,26.473421054130316,93.09896878514176,773.9239463826209,46.02932975116696,392.52620616052405,0.051003164556962015,0.24823101265822786,0.16690506329113924,0.20230696202531645,0.34300632911392404,26645.436708860758,52.58860759493671
2024-08-13,THFT,352,13,18,0.036931818181818184,0.05113636363636364,2.248536369828747,26.450722056062457,89.25508451886812,725.1133141686073,45.3159597469865,376.60341956687955,0.0469431818181818,0.22732670454545453,0.1517272727272727,0.18130113636363634,0.32782954545454546,30320.360795454544,45.86079545454545
2024-08-14,ASLT,326,76,60,0.2331288343558282,0.18404907975460122,2.2245218383232905,26.421444720370935,93.26472865746133,779.6878094868911,46.193948421237636,396.20905411039536,0.051791411042944775,0.2513159509202454,0.16958588957055212,0.20247546012269935,0.3481196319018405,26166.199386503067,53.65950920245399
2024-08-14,THFT,332,14,33,0.04216867469879518,0.09939759036144578,2.3017100222247118,26.551845298335056,90.33714046576243,745.9750387916298,45.78430033641038,387.01205388944425,0.04907530120481927,0.21968975903614457,0.14693674698795178,0.1821234939759036,0.32399397590361445,31374.2078313253,44.355421686746986
2024-08-15,ASLT,293,88,55,0.3003412969283277,0.18771331058020477,2.3259764060311423,26.24188100110863,93.68039030833161,800.8639111475659,45.824469036387384,400.68372258182694,0.05384641638225254,0.2560068259385665,0.1773617747440273,0.21383617747440273,0.3607269624573379,25136.44709897611,56.75085324232082
2024-08-15,THFT,362,12,21,0.03314917127071823,0.058011049723756904,2.448903543007763,26.739497632195445,87.95562055142348,744.7649588573103,45.16376553166672,389.2105587473334,0.04576243093922651,0.22141160220994474,0.14749723756906077,0.1803232044198895,0.32536187845303866,31068.444751381216,44.47790055248619
2024-08-16,ASLT,298,89,37,0.2986577181208054,0.12416107382550336,2.103832693237449,25.994073385748223,91.73794628184778,759.6036835363058,45.67680572900305,389.4520551952678,0.05043288590604025,0.24555704697986577,0.16588590604026845,0.19683557046979866,0.3426845637583893,27865.302013422817,51.11409395973154
2024-08-16,THFT,368,8,24,0.021739130434782608,0.06521739130434782,2.3983519898648673,26.52712037677051,86.80333787296209,756.5780906342193,44.92045394716893,395.44599095653103,0.047809782608695645,0.20863315217391304,0.13539673913043476,0.17897554347826086,0.31441847826086955,33149.58423913043,41.03260869565217
2024-08-17,ASLT,348,115,72,0.33045977011494254,0.20689655172413793,2.2470738092643803,26.967493572697816,93.98570776816858,768.366466297734,46.37898238417023,388.87971861501063,0.0554655172413793,0.25720689655172413,0.17154885057471264,0.21271264367816092,0.3561465517241379,24722.16091954023,56.14942528735632
2024-08-17,THFT,370,14,21,0.03783783783783784,0.05675675675675676,2.361323310481768,26.224059662596435,86.38581928213014,731.9644351258995,44.73561747863131,385.91785047499405,0.04725945945945945,0.2154027027027027,0.1405891891891892,0.17736756756756755,0.31658378378378377,32405.28918918919,42.1972972972973
2024-08-18,ASLT,370,110,47,0.2972972972972973,0.12702702702702703,2.189442841697853,26.206330572772014,94.54752354726004,757.8540910372133,46.33940315507263,382.0182880783443,0.055018918918918906,0.25675675675675674,0.17595405405405404,0.21278108108108107,0.35005135135135135,25883.727027027027,55.84054054054054
2024-08-18,THFT,335,17,26,0.050746268656716415,0.07761194029850746,2.227491154500971,26.20531382452511,88.51486041206455,756.816075573243,45.314294482930734,393.6601297391194,0.0469820895522388,0.21999402985074626,0.1421820895522388,0.1825313432835821,0.31909850746268653,32563.501492537314,43.56716417910448
2024-08-19,ASLT,308,100,49,0.3246753246753247,0.1590909090909091,2.3406857462800446,26.419657842390794,95.76578017635767,768.4959011604006,46.58463588248535,386.40932580932173,0.05530519480519479,0.25352922077922074,0.17214285714285713,0.2196461038961039,0.3568344155844156,23072.76948051948,56.66233766233766
2024-08-19,THFT,339,7,18,0.02064896755162242,0.05309734513274336,2.531913056825161,26.488045844977382,85.98047555772422,753.2861328117116,44.45973304401226,393.5890571272599,0.04522418879056046,0.21377581120943953,0.14236578171091444,0.1803480825958702,0.32424778761061945,30634.716814159292,42.985250737463126
2024-08-20,ASLT,294,79,50,0.2687074829931973,0.17006802721088435,2.3548128805879673,26.25930756225906,91.21575120474795,753.9770537695731,45.389044982635845,382.9765573210517,0.049578231292517,0.24562585034013604,0.16481972789115645,0.19495918367346937,0.34344897959183673,27010.891156462585,51.19387755102041
2024-08-20,THFT,368,8,31,0.021739130434782608,0.08423913043478261,2.4132813659410086,26.857821503781935,85.88788136182323,752.6036994484182,44.560289114691166,391.7596833366816,0.045277173913043464,0.20594021739130436,0.13312228260869566,0.17526358695652175,0.31562771739130435,32387.375,40.09239130434783
2024-08-21,ASLT,297,84,41,0.2828282828282828,0.13804713804713806,2.3525949654787865,26.30066053906583,92.53680899147739,774.8119349264229,45.737131544772254,392.1613990852808,0.05409090909090907,0.25333670033670036,0.17277441077441075,0.21451515151515152,0.35268686868686866,24694.303030303032,56.26936026936027
2024-08-21,THFT,341,8,24,0.02346041055718475,0.07038123167155426,2.310244352254277,26.829364253777403,85.23882191733458,731.5011035566915,44.47699311419431,383.88630366913696,0.04373020527859236,0.2154516129032258,0.13871554252199414,0.17188856304985337,0.314841642228739,32256.98826979472,41.32258064516129
2024-08-22,ASLT,284,89,42,0.31338028169014087,0.14788732394366197,2.3735313495889976,26.964775643214136,89.79765478423133,775.3362603648955,45.01792649583482,394.02785567250703,0.05169366197183097,0.25090845070422535,0.174,0.20447535211267606,0.35246126760563384,23808.841549295776,54.278169014084504
2024-08-22,THFT,332,7,23,0.02108433734939759,0.06927710843373494,2.3146002068035814,26.55927760590077,88.35303197750859,753.0796456414355,45.36869026362672,393.10001103214967,0.045626506024096375,0.21747891566265062,0.1446897590361446,0.17668072289156625,0.3212530120481928,31380.00903614458,43.30120481927711
2024-08-23,ASLT,299,95,48,0.3177257525083612,0.1605351170568562,2.4336687268619066,26.65816391736849,90.69541286098341,781.0178453421977,45.64404769325532,402.65065572101304,0.04997324414715718,0.23761204013377923,0.15960535117056854,0.19529765886287626,0.34436454849498327,27006.963210702343,50.00334448160535
2024-08-23,THFT,374,21,26,0.05614973262032086,0.06951871657754011,2.2647283701675827,26.698849880545374,84.66840488987704,729.7076844384505,44.1197985730271,381.9932308382318,0.04434491978609625,0.21505882352941177,0.1386417112299465,0.1720614973262032,0.3152807486631016,33111.866310160425,41.51336898395722
2024-08-24,ASLT,376,106,67,0.28191489361702127,0.17819148936170212,2.1562092154039902,26.166686829865526,92.18493744374705,766.9092907304298,45.84890871061824,390.68507909730454,0.055284574468085095,0.24660372340425532,0.16354787234042553,0.21138031914893618,0.34481648936170217,27227.574468085106,53.401595744680854
2024-08-24,THFT,364,18,22,0.04945054945054945,0.06043956043956044,2.3697193448614793,26.6182773329333,85.21854748175811,764.6468850255395,44.497018505026524,400.78785554695713,0.04214010989010988,0.21199999999999997,0.14003846153846153,0.16523626373626374,0.3152225274725275,34000.98351648352,40.510989010989015
2024-08-25,ASLT,360,111,77,0.30833333333333335,0.21388888888888888,2.355825392040086,26.026183194482105,88.59746759821077,756.0394171112795,44.86253187857598,389.5928079769822,0.0557361111111111,0.24911388888888888,0.16053055555555554,0.2101472222222222,0.34068055555555554,26507.655555555557,52.68333333333333
2024-08-25,THFT,316,11,17,0.03481012658227848,0.05379746835443038,2.352387336706964,26.02922682512935,86.97914091056168,721.4560702773329,44.7824394801819,377.068447722513,0.04036075949367087,0.2171012658227848,0.14137341772151898,0.15788291139240507,0.31099367088607593,35368.537974683546,39.348101265822784
2024-08-26,ASLT,360,102,85,0.2833333333333333,0.2361111111111111,2.3784834256464937,26.38373122269981,88.95443135788148,774.6693662312192,44.95806470560271,399.3604980201622,0.053388888888888875,0.24179444444444442,0.16535555555555556,0.2005388888888889,0.3468027777777778,27277.81111111111,51.983333333333334
2024-08-26,THFT,331,11,21,0.03323262839879154,0.0634441087613293,2.204445197792952,26.462510327613206,84.84519181754976,729.7842320207577,44.296781786558654,384.2994611120293,0.044531722054380656,0.21223262839879153,0.13596676737160118,0.1725347432024169,0.3115317220543807,33434.99093655589,40.37764350453172
2024-08-27,ASLT,334,106,60,0.31736526946107785,0.17964071856287425,2.280435402614086,26.136650632176888,90.53846251178685,752.7426265228734,45.176155996104974,385.31779153330837,0.053275449101796386,0.25706586826347305,0.17535928143712576,0.207625748502994,0.3525389221556886,24469.65868263473,55.51197604790419
2024-08-27,THFT,328,14,27,0.042682926829268296,0.08231707317073171,2.33648238537177,26.589970767342887,86.05495363324384,724.1692923118674,44.74902040052545,382.48805722740974,0.040606707317073165,0.21552134146341465,0.14162195121951218,0.16160060975609755,0.31253658536585366,32928.77743902439,40.27743902439025
2024-08-28,ASLT,345,102,72,0.2956521739130435,0.20869565217391303,2.178020977205582,25.987009252457423,93.86242047176772,752.3283017920849,46.23456623111785,382.66523088441244,0.054927536231884046,0.26162318840579707,0.17531884057971014,0.20954782608695652,0.3536173913043478,25042.814492753623,56.631884057971014
2024-08-28,THFT,368,10,42,0.02717391304347826,0.11413043478260869,2.266075655827669,26.19238793369691,86.28828521312117,717.6235711833343,44.79714763814893,377.8377574447693,0.046214673913043465,0.2195842391304348,0.14178260869565215,0.1754429347826087,0.3134782608695652,32715.067934782608,42.16847826086956
2024-08-29,ASLT,341,90,74,0.26392961876832843,0.21700879765395895,2.2687929684571713,26.239343221094284,92.25068866947619,761.7069942099722,45.48844973070277,385.1606043355557,0.050950146627565966,0.26463343108504395,0.18246041055718473,0.20922873900293254,0.3574310850439883,24012.65395894428,57.35190615835777
2024-08-29,THFT,317,17,25,0.05362776025236593,0.07886435331230283,2.3163321464950384,26.810371797773424,85.63187409850113,751.4085891596316,44.799426877242766,394.0455258276079,0.04604731861198737,0.21699369085173498,0.1381577287066246,0.16821451104100946,0.3120630914826498,34292.20189274448,40.73501577287066
2024-08-30,ASLT,361,113,65,0.31301939058171746,0.18005540166204986,2.279334616898366,26.535154611671167,92.62326687168546,769.9878063619634,45.6959368530397,389.41558048587035,0.05313573407202215,0.2577506925207756,0.17522437673130192,0.20433240997229915,0.3560886426592798,24894.349030470916,55.2797783933518
2024-08-30,THFT,380,10,17,0.02631578947368421,0.04473684210526316,2.4381341441703555,26.779491797159544,87.24450682827239,752.0789844826005,45.1472385398498,395.07237907668025,0.04411052631578947,0.2162842105263158,0.1431921052631579,0.17315263157894736,0.3214368421052632,32057.168421052633,42.35526315789474
2024-08-31,ASLT,379,124,72,0.32717678100263853,0.18997361477572558,2.3382749562979788,26.20665104144064,93.90063853732633,776.912626888778,45.975481447378655,391.5355160643792,0.05670448548812664,0.25664379947229554,0.17597097625329813,0.22213192612137203,0.35854617414248025,24081.469656992085,57.889182058047496
2024-08-31,THFT,337,13,20,0.03857566765578635,0.05934718100890208,2.2023146132412696,26.407987012226158,85.34168217052203,717.8137136414798,44.63131757158161,380.12823698461483,0.04408308605341245,0.21097329376854598,0.13440356083086052,0.16416913946587536,0.3115964391691394,35445.87240356083,38.875370919881306
2024-09-01,ASLT,425,147,85,0.3458823529411765,0.2,2.242613441933126,26.723306422562157,94.20052659749078,770.6059279973183,46.14116968951353,387.5638736786106,0.05431529411764705,0.24551764705882353,0.16686823529411765,0.2128,0.3518494117647059,24914.049411764707,54.58117647058823
2024-09-01,THFT,415,15,26,0.03614457831325301,0.06265060240963856,2.389422088809342,26.949125807770614,88.29116138794822,771.7488646190096,45.419531756210965,401.194365814793,0.045228915662650596,0.21323614457831325,0.1426987951807229,0.17316867469879516,0.32142409638554215,32673.098795180722,42.01686746987952
2024-09-02,ASLT,399,126,83,0.3157894736842105,0.20802005012531327,2.2294850566438513,26.675394951817765,95.87071164109238,745.9269442748968,46.80320243141515,379.55080605026166,0.05072431077694234,0.24740852130325813,0.17167418546365912,0.1999548872180451,0.3526791979949875,25565.984962406015,53.769423558897245
2024-09-02,THFT,323,9,29,0.02786377708978328,0.08978328173374613,2.305949335571491,26.401318065095538,88.14196155722594,733.9430854903136,45.265091983417015,382.9858310124421,0.04610835913312692,0.22360681114551081,0.14474303405572753,0.18004643962848296,0.31719814241486066,31742.851393188856,43.56965944272446
2024-09-03,ASLT,339,96,75,0.2831858407079646,0.22123893805309736,2.3943194559558294,26.552429874291846,91.6405394277491,783.2901191620222,45.42732774831123,396.08828837782414,0.055374631268436565,0.25969911504424775,0.1747787610619469,0.215023598820059,0.35584365781710914,24411.0796460177,56.852507374631266
2024-09-03,THFT,377,8,21,0.021220159151193633,0.05570291777188329,2.413731246359981,26.680257963528277,85.57684029138726,748.9129285133832,44.55764144670977,393.7228549987851,0.04478249336870025,0.21584084880636606,0.14150397877984083,0.17541909814323606,0.31939257294429707,31975.037135278515,42.283819628647215
2024-09-04,ASLT,347,111,74,0.31988472622478387,0.2132564841498559,2.2661962570447227,26.813837235582643,91.03022426996849,766.5167530864587,45.37174817188791,389.11026472967984,0.05472910662824206,0.2561239193083574,0.17244380403458212,0.20600576368876078,0.3549048991354467,24501.85014409222,55.112391930835734
2024-09-04,THFT,353,10,32,0.028328611898016998,0.0906515580736544,2.456476951236069,26.994838869916133,87.70741420911135,775.0232918064928,45.40708785731258,405.6731504857187,0.04421529745042491,0.213356940509915,0.14409348441926345,0.17195750708215296,0.3227903682719547,32313.84135977337,41.946175637393765
2024-09-05,ASLT,365,112,68,0.30684931506849317,0.1863013698630137,2.321637901305023,26.43649325662239,91.65822761545459,773.0232438873792,45.47182419595384,391.8825193849096,0.053939726027397245,0.2502794520547945,0.17063561643835615,0.20770136986301369,0.35181643835616444,24999.57808219178,54.654794520547945
2024-09-05,THFT,377,12,32,0.03183023872679045,0.08488063660477453,2.3963852851905125,26.434383290300495,85.72421035110509,754.2676899511117,44.64582149073051,395.8884824535053,0.04556233421750662,0.2187161803713528,0.14180106100795756,0.17914323607427055,0.320159151193634,31922.575596816976,42.55437665782493
2024-09-06,ASLT,339,89,54,0.26253687315634217,0.1592920353982301,2.2729720564297327,26.488986224710306,91.76535564756826,764.8584044236767,45.65580224758127,389.55140958247756,0.054023598820058985,0.2489557522123894,0.16366371681415928,0.20978761061946902,0.34744542772861353,25427.589970501474,54.017699115044245
2024-09-06,THFT,400,10,22,0.025,0.055,2.3165292868124645,26.933280238924663,86.12275402973464,747.01873359858,44.847633730227884,392.61069510656455,0.04561749999999999,0.2150925,0.13776,0.17543,0.31634,32786.8975,41.4525
2024-09-07,ASLT,371,122,67,0.3288409703504043,0.18059299191374664,2.1461495758453166,26.775372408335972,92.29973001601697,760.1555033236369,45.97023012222028,388.78592601990596,0.05096495956873314,0.25012398921832885,0.17229380053908355,0.2011805929919137,0.3488517520215634,26024.22371967655,53.7088948787062
2024-09-07,THFT,351,12,13,0.03418803418803419,0.037037037037037035,2.359419372133951,26.09713015944222,84.79813809167415,737.6037569075684,44.56943035379953,391.09469824136045,0.044484330484330474,0.2127207977207977,0.13790598290598288,0.1687094017094017,0.3133874643874644,34188.54985754986,39.86894586894587
2024-09-08,ASLT,337,123,67,0.3649851632047478,0.19881305637982197,2.3570814899143913,26.722263588068348,92.51079788190187,780.3031978114677,45.63967735982427,393.22239619382253,0.05434718100890206,0.25597329376854594,0.1705608308605341,0.2146676557863501,0.354406528189911,23852.353115727004,55.753709198813056
2024-09-08,THFT,344,8,26,0.023255813953488372,0.0755813953488372,2.293838666071613,26.531758336325968,86.2121546505742,743.2744040558302,44.45803837965809,385.96993003768375,0.04929941860465115,0.2211017441860465,0.14510174418604652,0.18381686046511628,0.31784883720930235,31089.093023255813,44.15988372093023
2024-09-09,ASLT,311,82,52,0.26366559485530544,0.16720257234726688,2.2689473325550322,26.461935129579537,91.44663363903972,779.8686713770293,45.73647372667704,398.43965170170094,0.051331189710610924,0.24910932475884245,0.16384887459807074,0.2013151125401929,0.34512540192926044,26985.40192926045,52.22829581993569
2024-09-09,THFT,365,12,29,0.03287671232876712,0.07945205479452055,2.564440948672444,27.080674929437613,85.5887827326003,775.690689947626,44.54996535103027,406.27792575477537,0.048197260273972586,0.2213150684931507,0.14521643835616438,0.18341095890410958,0.32546575342465756,30636.646575342467,44.67123287671233
2024-09-10,ASLT,358,98,64,0.2737430167597765,0.1787709497206704,2.3026194540403337,26.36157911794383,94.81785134418557,742.291601718248,46.43627372071626,375.5258734835969,0.05679608938547485,0.25495251396648044,0.17101117318435752,0.21554189944134078,0.3507206703910614,24260.888268156425,55.444134078212294
2024-09-10,THFT,303,8,19,0.026402640264026403,0.0627062706270627,2.308874399392347,27.093897936553308,88.12400097987397,764.6944053733694,45.146919667277146,393.9533290403861,0.043653465346534644,0.21733993399339935,0.14745214521452144,0.1759174917491749,0.3291782178217822,31320.72607260726,43.64026402640264
2024-09-11,ASLT,336,97,66,0.28869047619047616,0.19642857142857142,2.3168949425791086,26.604468682286395,92.45495782352458,780.723041213059,45.92099754709286,397.20486764793003,0.05547916666666666,0.24578571428571425,0.1654970238095238,0.20900892857142858,0.34952976190476187,25511.282738095237,53.723214285714285
2024-09-11,THFT,327,16,21,0.04892966360856269,0.06422018348623854,2.251736074873047,26.298778376805483,86.50451258584374,740.1983545766602,44.77448362801154,389.1779867314789,0.04543425076452598,0.2207400611620795,0.14277981651376148,0.17457492354740062,0.31804587155963304,31336.152905198778,42.281345565749234
2024-09-12,ASLT,340,104,60,0.3058823529411765,0.17647058823529413,2.281057854863291,26.064428252508783,92.06328177198759,781.4897438067487,45.59222869204047,394.79447297222555,0.05642941176470586,0.2598676470588235,0.1727,0.2202735294117647,0.35508529411764705,24099.326470588236,57.37647058823529
2024-09-12,THFT,317,14,21,0.04416403785488959,0.06624605678233439,2.327072467636117,26.75068689824502,85.67799505087027,731.8597885342341,44.88255938321698,387.66319636065555,0.04277917981072554,0.20686750788643532,0.13372239747634068,0.16830599369085172,0.3068738170347003,34311.1072555205,39.19558359621451
2024-09-13,ASLT,377,100,70,0.26525198938992045,0.1856763925729443,2.316767865994075,26.51732596815806,92.14079113579828,792.0109634594035,45.67282054308739,400.70919723320924,0.05886737400530503,0.24949336870026526,0.1676684350132626,0.22689655172413792,0.3552254641909814,23782.29177718833,56.83289124668435
2024-09-13,THFT,391,19,17,0.04859335038363171,0.043478260869565216,2.376871980078331,26.634051920961003,87.0758672536564,733.3992306646921,45.0762734474265,383.61663431741044,0.041664961636828625,0.2071841432225064,0.13988746803069052,0.16441176470588234,0.31414066496163684,33912.07672634271,39.61381074168798
2024-09-14,ASLT,403,130,78,0.3225806451612903,0.1935483870967742,2.1379270448211978,26.476153104823236,93.8196631675335,767.9901895592732,46.023701377269795,386.23504442174243,0.057191066997518594,0.2504565756823821,0.16702729528535978,0.2186774193548387,0.34711662531017373,25045.545905707197,55.25062034739454
2024-09-14,THFT,341,16,24,0.0469208211143695,0.07038123167155426,2.170113892948002,26.794301942700162,87.61281159084767,732.2624388139193,45.08823129701482,381.97037904165484,0.04723753665689149,0.21749560117302053,0.13903812316715541,0.18126686217008797,0.31697360703812316,32318.34017595308,42.52199413489736
2024-09-15,ASLT,451,133,89,0.29490022172949004,0.1973392461197339,2.104461742794178,25.792297754305483,90.45830010699225,771.1143016298091,45.21592497932591,390.04139443020597,0.06357649667405764,0.23706651884700664,0.1555321507760532,0.2347361419068736,0.3388713968957871,26208.490022172948,54.39911308203991
2024-09-15,THFT,306,24,24,0.0784313725490196,0.0784313725490196,2.430713545652816,25.872134135458584,86.94754972958685,762.1546858354527,44.74621764593925,397.911335739399,0.04662745098039215,0.22547712418300653,0.14588562091503268,0.18061437908496733,0.31898366013071894,31722.95424836601,43.967320261437905
2024-09-16,ASLT,342,98,59,0.28654970760233917,0.17251461988304093,2.2475673354785157,26.034359968856037,90.49773095684127,793.0815652548689,45.04821033652573,400.2250767846076,0.053526315789473665,0.25058187134502924,0.17819590643274852,0.2224707602339181,0.3583421052631579,24350.76023391813,56.84795321637427
2024-09-16,THFT,345,10,20,0.028985507246376812,0.057971014492753624,2.2940672960413195,26.524340110640217,89.97815414791988,747.6918828773261,45.7430504482638,387.68302093715766,0.04817681159420288,0.2254869565217391,0.14253333333333335,0.1818695652173913,0.3204608695652174,31559.315942028985,44.27246376811594
2024-09-17,ASLT,342,97,65,0.28362573099415206,0.19005847953216373,2.2680454489966,26.547820608054355,92.07477048359898,766.8979102700017,45.58350770384395,387.6481242670459,0.05028654970760232,0.25764619883040935,0.1756812865497076,0.20164327485380112,0.3563070175438596,24972.36842105263,54.90643274853801
2024-09-17,THFT,367,8,21,0.021798365122615803,0.05722070844686648,2.37170413276966,26.8097374722523,86.0238459315996,731.732171241355,44.72036356017446,385.99438407028913,0.047239782016348764,0.21707356948228881,0.1418201634877384,0.17840054495912805,0.3221689373297003,31241.299727520436,42.99455040871935
2024-09-18,ASLT,329,95,46,0.2887537993920973,0.1398176291793313,2.1760216153145264,26.13230809695682,93.12972145544502,741.1640493758416,45.930306663651216,376.0099965726778,0.05459574468085105,0.26196656534954404,0.17748632218844984,0.2152401215805471,0.3498936170212766,24148.674772036473,56.73860182370821
2024-09-18,THFT,346,11,22,0.031791907514450865,0.06358381502890173,2.3050611379587043,26.23003306548593,85.44871994386182,722.7382120201107,44.4467491390702,378.3991621049515,0.04434393063583814,0.2138323699421965,0.13852312138728323,0.16977745664739882,0.3098179190751445,34259.60693641619,40.286127167630056
2024-09-19,ASLT,371,86,72,0.23180592991913745,0.1940700808625337,2.3036022163159573,26.809005772965996,93.35494680346753,764.6593828938776,46.08970544878212,387.3297309690191,0.05299999999999999,0.25529919137466306,0.17158760107816712,0.20883018867924527,0.35350404312668465,25086.657681940702,55.24797843665768
2024-09-19,THFT,333,10,30,0.03003003003003003,0.09009009009009009,2.447015987385232,26.959684102373085,85.59963757290186,752.0535581310436,44.66748754434931,392.6396622018066,0.04487387387387386,0.2185975975975976,0.1372012012012012,0.1714174174174174,0.31494294294294295,32340.207207207208,41.31831831831832
2024-09-20,ASLT,364,101,65,0.2774725274725275,0.17857142857142858,2.181158786761679,26.9492288089967,91.39679750980596,770.3407090438261,45.42958697019816,390.8204125134827,0.056717032967032954,0.25495054945054946,0.17207692307692307,0.2126346153846154,0.35468681318681317,23863.340659340658,55.96978021978022
2024-09-20,THFT,392,18,27,0.04591836734693878,0.06887755102040816,2.1980731242453606,26.501071966003323,87.59344210398781,732.3967914629176,45.38650398588603,385.66265851075946,0.04650255102040815,0.20401020408163265,0.12939030612244898,0.17411734693877548,0.3056301020408163,34955.93622448979,39.25255102040816
2024-09-21,ASLT,409,141,80,0.34474327628361856,0.19559902200489,2.2680831772142804,26.499234293806136,93.65504114246401,790.4069867560805,45.988838149252025,396.779625045444,0.05617603911980439,0.25024694376528117,0.17026650366748164,0.21585085574572127,0.35248655256723715,25098.20293398533,55.32273838630807
2024-09-21,THFT,352,16,23,0.045454545454545456,0.06534090909090909,2.2817997690867102,26.18393279481323,88.79849977440807,745.7566066362216,45.67301881028889,388.8842373610148,0.044446022727272716,0.2160880681818182,0.13720454545454544,0.16915625,0.31020454545454546,34828.91477272727,40.75568181818182
2024-09-22,ASLT,377,135,58,0.35809018567639256,0.15384615384615385,2.1550475791336554,26.40979645215243,95.34813213596993,762.101684087862,46.54819612991134,384.1665346955104,0.05709814323607426,0.25484615384615383,0.17249336870026524,0.21910610079575596,0.3592705570291777,24174.610079575596,57.19098143236074
2024-09-22,THFT,322,11,17,0.034161490683229816,0.052795031055900624,2.2569063908569844,26.599083966258533,87.63722565075186,731.4055599025892,45.15577698243838,381.5337456456475,0.04742546583850931,0.21885403726708072,0.14030124223602483,0.17343788819875774,0.3170217391304348,32948.0900621118,42.30434782608695
2024-09-23,ASLT,331,99,58,0.2990936555891239,0.17522658610271905,2.233558496474331,26.726484841804684,90.47469875870365,746.5048349598123,45.230754690498074,380.5273313012885,0.054368580060422944,0.24902114803625375,0.17286706948640482,0.2094622356495468,0.35040785498489424,24622.432024169186,54.685800604229605
2024-09-23,THFT,356,16,21,0.0449438202247191,0.05898876404494382,2.2980460203626767,26.92547790080036,88.39905276071853,734.3498120820421,45.4501517275921,386.66928903563814,0.04652528089887639,0.21967696629213482,0.1402696629213483,0.17813202247191012,0.3188707865168539,31799.157303370786,42.54213483146067
2024-09-24,ASLT,252,80,48,0.31746031746031744,0.19047619047619047,2.250199673823073,26.706093039682536,91.14434192129337,753.4941874765495,45.76511149103286,387.0462160644766,0.052761904761904746,0.24290873015873013,0.16657936507936508,0.20069444444444443,0.34356349206349207,26619.896825396827,51.801587301587304
2024-09-24,THFT,310,5,17,0.016129032258064516,0.054838709677419356,2.2879182123897066,26.136170847846802,86.5877458126804,747.2158308959503,44.91024663546806,394.74623037564936,0.04492258064516128,0.21061290322580642,0.13900322580645158,0.17635483870967741,0.3134806451612903,33196.829032258065,41.04838709677419
2024-09-25,ASLT,322,87,56,0.2701863354037267,0.17391304347826086,2.2909932218082303,26.40807193078369,93.31824907995463,789.036890139272,45.79931158898626,396.16198447335995,0.05649378881987576,0.2556304347826087,0.1704472049689441,0.22331677018633542,0.358695652173913,23306.347826086956,57.46894409937888
2024-09-25,THFT,380,10,29,0.02631578947368421,0.07631578947368421,2.4100631252280187,26.451336789836564,85.28014056154741,753.1607667534372,44.501307546130164,397.1009930322663,0.04474210526315788,0.2156131578947368,0.1435157894736842,0.17417894736842107,0.31596052631578947,32845.56052631579,42.078947368421055
2024-09-26,ASLT,343,82,67,0.239067055393586,0.19533527696793002,2.397833735787979,26.510372454363424,89.42484851171591,769.1225579358344,44.98947156860205,393.88427071526087,0.05066180758017491,0.2430874635568513,0.16319533527696792,0.20459475218658893,0.34406413994169094,26187.107871720116,51.67638483965015
2024-09-26,THFT,348,7,34,0.020114942528735632,0.09770114942528736,2.217082418141721,26.56472498428803,86.98249790746213,743.2528523489888,44.80814240656066,388.80717817821494,0.04654885057471264,0.21183908045977012,0.13895114942528736,0.1742097701149425,0.3172212643678161,32568.793103448275,41.910919540229884
2024-09-27,ASLT,323,110,55,0.34055727554179566,0.17027863777089783,2.1658845800230195,26.76919193040328,90.68295505744385,770.0322160666994,45.35696405478801,392.0516820567226,0.05212383900928792,0.247578947368421,0.1666501547987616,0.20468730650154796,0.34484829721362226,26738.037151702785,53.22910216718266
2024-09-27,THFT,392,12,31,0.030612244897959183,0.07908163265306123,2.2994532065508495,25.99504942228905,89.39069463988494,760.5469769366824,45.392625936692646,392.3137385365865,0.04889030612244897,0.22213520408163265,0.14642602040816324,0.18857142857142858,0.3236479591836735,31675.83418367347,44.923469387755105
2024-09-28,ASLT,352,120,71,0.3409090909090909,0.20170454545454544,2.313746506960975,26.33280031959171,90.44645738148623,770.6505492925753,45.21218657693521,392.00103687088034,0.05301988636363635,0.2470426136363636,0.16611647727272727,0.20926704545454544,0.34994034090909093,26618.360795454544,53.35227272727273
2024-09-28,THFT,363,10,19,0.027548209366391185,0.05234159779614325,2.1843536719790104,26.284026421340148,85.243011486151,726.2977484668143,44.59286737699401,383.1806637797276,0.042338842975206605,0.21076308539944902,0.13403030303030303,0.16219283746556473,0.30988429752066116,35298.523415977965,38.45454545454545
2024-09-29,ASLT,387,138,76,0.35658914728682173,0.19638242894056848,2.29774960215129,26.147172788000336,92.2496832913962,794.3677308431667,45.67165121254819,403.1474434894584,0.0561033591731266,0.25441085271317826,0.17379069767441857,0.21749612403100774,0.3534521963824289,24340.245478036177,56.25581395348837
2024-09-29,THFT,315,15,17,0.047619047619047616,0.05396825396825397,2.255388157020875,26.114562409973338,88.52589448635038,757.9404168583308,45.4016589356385,393.86476737235586,0.043987301587301575,0.2159015873015873,0.13929523809523808,0.17105714285714285,0.3180063492063492,33876.1746031746,41.526984126984125
2024-09-30,ASLT,352,113,68,0.3210227272727273,0.19318181818181818,2.2404797817402664,26.57705889882338,93.8260087610911,772.4829700063608,45.920103666435836,389.8847280986372,0.053548295454545446,0.26117329545454543,0.18091761363636363,0.2137244318181818,0.35947727272727276,23555.909090909092,57.37215909090909
2024-09-30,THFT,377,12,21,0.03183023872679045,0.05570291777188329,2.2333853021843146,26.410833726919602,88.66870869113178,748.5551463647098,45.217468984007056,389.40365632755066,0.0439761273209549,0.21944562334217504,0.14715915119363396,0.17261273209549072,0.32204774535809017,31573.20424403183,42.96816976127321
2024-10-01,ASLT,339,104,58,0.30678466076696165,0.1710914454277286,2.1996030200548957,26.82914404077245,93.9042265121791,767.7060449808799,45.86140471578593,387.7726369869902,0.052843657817109126,0.2577935103244838,0.18121828908554571,0.215023598820059,0.36160176991150444,23230.669616519175,57.53982300884956
2024-10-01,THFT,418,10,29,0.023923444976076555,0.06937799043062201,2.289107553792319,26.785698413311273,89.4848117053649,758.9046673061913,45.452265691100045,393.1320102059146,0.0468492822966507,0.22454306220095693,0.15057655502392345,0.18395933014354066,0.328688995215311,30137.27990430622,45.485645933014354
2024-10-02,ASLT,325,100,63,0.3076923076923077,0.19384615384615383,2.2412092447086827,26.35073823813329,90.15509953049263,784.8344024231455,45.080476347337616,398.249501047792,0.05301230769230768,0.26144615384615383,0.1714153846153846,0.20884923076923073,0.35330153846153844,24007.84,55.58461538461538
2024-10-02,THFT,332,9,26,0.02710843373493976,0.0783132530120482,2.366423390913255,26.309939599822588,88.29043717755071,733.5434916890114,45.16986757529187,380.3075982627437,0.0439156626506024,0.21362048192771083,0.14019277108433734,0.170289156626506,0.3159427710843373,33969.97590361446,40.6566265060241
2024-10-03,ASLT,299,83,72,0.27759197324414714,0.2408026755852843,2.2391849435279676,26.76246813756156,91.46015677907884,766.802236575725,45.61150635405732,391.59025430370497,0.05104682274247491,0.2451772575250836,0.16540802675585284,0.20178260869565218,0.34687290969899665,25935.09364548495,52.08361204013378
2024-10-03,THFT,373,9,40,0.024128686327077747,0.10723860589812333,2.2452610639568733,26.43207446515037,88.65902283459602,725.5140215679899,45.5459570910278,380.18887702994874,0.04308310991957104,0.2101608579088472,0.13782037533512062,0.16676139410187668,0.31167292225201076,34273.34584450402,39.83646112600536
2024-10-04,ASLT,361,96,56,0.2659279778393352,0.15512465373961218,2.213728000912572,26.62360585154232,92.72892687432831,776.1598651021624,45.852594419683015,395.03509683113987,0.054443213296398875,0.25760941828254846,0.17405817174515234,0.21540443213296398,0.3554127423822715,23900.484764542936,56.24376731301939
2024-10-04,THFT,360,14,26,0.03888888888888889,0.07222222222222222,2.3140613420858593,26.5619337142024,85.92021797001786,740.848195286143,44.79674862546982,390.4137468877544,0.047277777777777766,0.21960833333333332,0.1424138888888889,0.17479444444444442,0.318975,32670.380555555555,42.275
2024-10-05,ASLT,356,110,56,0.3089887640449438,0.15730337078651685,2.269801052172358,26.443139951021656,91.83570573482197,763.2660026338403,45.656161315021826,389.1276391043304,0.05019382022471909,0.2421179775280899,0.1651741573033708,0.20206741573033707,0.3450814606741573,26452.022471910113,51.93539325842696
2024-10-05,THFT,376,11,22,0.02925531914893617,0.05851063829787234,2.3210684332873783,26.314241224314106,87.95642716760867,738.2902048116306,45.26323874370117,384.8585996420497,0.04375265957446808,0.21194414893617022,0.13852393617021275,0.1671409574468085,0.3111037234042553,34801.28723404255,40.284574468085104
2024-10-06,ASLT,381,128,63,0.3359580052493438,0.16535433070866143,2.3038651590561723,26.265603415486208,91.51296323993552,770.6696519991818,45.34609216577907,391.6275735287738,0.05721522309711285,0.24564041994750657,0.16797375328083988,0.21996587926509187,0.35032283464566927,25191.24934383202,55.577427821522306
2024-10-06,THFT,321,14,22,0.04361370716510903,0.06853582554517133,2.538331993762782,26.79775353335897,86.84876034036712,793.7787106215212,44.922357074356086,412.36820805029845,0.04783800623052958,0.21146728971962617,0.14442367601246106,0.18569158878504674,0.32535514018691586,30833.71651090343,43.925233644859816
2024-10-07,ASLT,335,95,65,0.2835820895522388,0.19402985074626866,2.2758198109445327,26.190410764880244,92.80001614821943,761.750744808731,45.73346392573076,386.8603497709967,0.0550686567164179,0.2472417910447761,0.17141492537313432,0.21248656716417907,0.35311044776119405,24579.55223880597,55.18507462686567
2024-10-07,THFT,377,10,19,0.026525198938992044,0.050397877984084884,2.2208253506125972,26.672110741821424,88.69809212153906,737.8511104874784,45.53055973023579,385.83060026553505,0.044954907161803705,0.21677718832891246,0.14468700265251988,0.17493103448275862,0.32359416445623346,31501.4774535809,43.01856763925729
2024-10-08,ASLT,288,81,54,0.28125,0.1875,2.262378300956616,27.04789461272623,93.40643589371248,760.0810297663274,45.947475236776334,383.0257337580583,0.04851041666666665,0.2547881944444444,0.17668402777777778,0.1952222222222222,0.35772916666666665,24393.354166666668,54.388888888888886
2024-10-08,THFT,338,11,25,0.03254437869822485,0.07396449704142012,2.273703772235789,26.66582842452961,86.07515567718019,717.550317989749,44.95023159639523,379.58274387483993,0.042970414201183416,0.21393195266272189,0.13953846153846153,0.16636094674556212,0.31391420118343194,33096.01183431953,40.849112426035504
2024-10-09,ASLT,288,72,46,0.25,0.1597222222222222,2.046370259823606,26.37999982117227,93.1046060802808,755.8126781164372,46.19631986159451,385.1904112573209,0.05163194444444443,0.2484548611111111,0.16870833333333335,0.20330902777777776,0.34392013888888884,26286.065972222223,52.77430555555556
2024-10-09,THFT,349,12,24,0.034383954154727794,0.06876790830945559,2.3201856727059593,25.88724116956517,86.98447453713068,752.6573104027445,45.02180059395788,394.75020033863206,0.04617478510028652,0.2122893982808023,0.1384670487106017,0.174512893982808,0.3127449856733524,33332.42693409742,40.767908309455585
2024-10-10,ASLT,315,107,61,0.3396825396825397,0.19365079365079366,2.333897647860887,26.974011520951326,91.06475535053023,773.823564945813,45.563754740813266,394.3672998493419,0.051596825396825384,0.2575619047619047,0.1770920634920635,0.2077174603174603,0.35873333333333335,23241.54603174603,56.1936507936508
2024-10-10,THFT,374,12,21,0.03208556149732621,0.05614973262032086,2.3365884869514106,26.258257396650418,85.81727297126054,750.4432826932369,44.57180228588618,392.20723365916365,0.044545454545454534,0.2106951871657754,0.13779679144385026,0.1739812834224599,0.3130935828877005,32778.96524064171,40.14705882352941
2024-10-11,ASLT,352,89,79,0.2528409090909091,0.22443181818181818,2.2651693884672786,25.925483304016435,93.27029303563641,765.9117797740587,45.90021788001823,388.7133220805318,0.05873011363636362,0.25013352272727274,0.17074147727272726,0.2199744318181818,0.3507215909090909,24569.642045454544,56.22159090909091
2024-10-11,THFT,380,16,17,0.042105263157894736,0.04473684210526316,2.2524419022646938,26.175799634039063,87.74689695248091,719.8849022316192,45.290452090733176,378.44523481266026,0.04414473684210526,0.2053078947368421,0.13502105263157893,0.16469473684210525,0.3070131578947368,34605.13421052632,38.85526315789474
2024-10-12,ASLT,377,114,65,0.30238726790450926,0.1724137931034483,2.322325817454181,26.24466246607737,93.21978698228818,753.2245933110119,46.11420978098195,384.5341967984392,0.05305039787798407,0.24644562334217507,0.16712466843501325,0.20765782493368698,0.3457055702917772,26024.63395225464,52.94164456233422
2024-10-12,THFT,318,13,19,0.040880503144654086,0.059748427672955975,2.2245846664984734,26.187505739800212,89.6277263672199,734.2299956100106,45.63906311947124,381.11174139515344,0.04637735849056603,0.2144811320754717,0.13823899371069182,0.1771383647798742,0.3129088050314465,35016.40251572327,41.59119496855346
2024-10-13,ASLT,309,110,48,0.3559870550161812,0.1553398058252427,2.2708449563387783,26.455370821297496,91.1090582217674,776.9048305124201,45.22652322814241,393.4104593938631,0.05434627831715209,0.24334951456310677,0.16299676375404532,0.20906472491909384,0.3460388349514563,25628.650485436894,52.86084142394822
2024-10-13,THFT,301,16,24,0.053156146179401995,0.07973421926910298,2.3184135927196685,26.11808553871797,84.50247457663876,742.1339493697957,44.19761792707589,391.53241546893787,0.04664451827242523,0.22492358803986712,0.1455016611295681,0.1778172757475083,0.321734219269103,32042.518272425248,44.15614617940199
2024-10-14,ASLT,296,109,62,0.36824324324324326,0.20945945945945946,2.258940582557451,26.64249340084863,93.53632240295894,753.5555651094405,46.01517903816616,380.7323518042226,0.05235810810810809,0.2651013513513513,0.18192229729729728,0.20332432432432432,0.35963175675675674,24747.49662162162,57.189189189189186
2024-10-14,THFT,295,8,25,0.02711864406779661,0.0847457627118644,2.304974956736937,26.70844732652053,86.52920138224677,743.3601928819915,45.01040657125343,391.14615597072844,0.04338644067796609,0.2135457627118644,0.13787457627118643,0.16983050847457626,0.3170406779661017,33442.779661016946,41.09152542372881
2024-10-15,ASLT,252,85,56,0.3373015873015873,0.2222222222222222,2.3220660318803588,26.22510058222299,93.6471054366279,750.5867268306623,46.65594511705509,385.5670432246032,0.05163095238095236,0.25671031746031747,0.17077380952380952,0.19834523809523807,0.35046031746031747,25367.45634920635,54.08730158730159
2024-10-15,THFT,332,13,15,0.0391566265060241,0.045180722891566265,2.4550032834719544,26.676774818754136,85.40584177985471,731.6280869389365,44.47465426933629,384.28089457345965,0.043861445783132516,0.21600602409638553,0.14195481927710843,0.1745632530120482,0.31981325301204816,31771.626506024095,42.06927710843374
2024-10-16,ASLT,294,82,69,0.2789115646258503,0.23469387755102042,2.2529749014924803,26.235005361909284,93.51615211574854,729.1592545444786,46.24029681122916,369.6241336736408,0.048068027210884344,0.2500918367346939,0.17396938775510204,0.19188435374149657,0.34362585034013604,26898.979591836734,52.425170068027214
2024-10-16,THFT,327,7,31,0.021406727828746176,0.09480122324159021,2.3574647891655953,26.598383515073184,86.97596335954677,757.6088368016434,44.89543230738927,394.49012792164586,0.04598165137614678,0.21483486238532107,0.14175229357798164,0.17265137614678897,0.31748318042813456,32926.477064220184,41.7737003058104
2024-10-17,ASLT,322,90,83,0.2795031055900621,0.2577639751552795,2.2177510398292046,26.574762149432107,91.52108168806059,750.2701126572854,45.53696048930151,382.31398139285153,0.05227639751552794,0.2535186335403727,0.17062111801242236,0.2048664596273292,0.3471273291925466,25433.350931677018,53.87888198757764
2024-10-17,THFT,315,10,24,0.031746031746031744,0.0761904761904762,2.3244231260520682,26.265080557252933,87.28310606058186,745.8435536927942,45.082560928936516,391.908688477174,0.04445714285714285,0.22347936507936508,0.14538095238095236,0.1789238095238095,0.3208857142857143,31520.368253968252,43.28888888888889
2024-10-18,ASLT,314,64,62,0.20382165605095542,0.19745222929936307,2.2792125126352745,25.769081472985757,91.95809937798609,734.579675391816,45.66709894435202,374.75333743301053,0.05429936305732483,0.2598630573248407,0.16901910828025477,0.2082579617834395,0.3469968152866242,26389.914012738853,54.554140127388536
2024-10-18,THFT,325,9,24,0.027692307692307693,0.07384615384615385,2.3211409404919334,26.19782456808377,89.25469517884723,723.8066898197877,45.67112768708932,377.53211325263965,0.043089230769230755,0.22232923076923075,0.1457630769230769,0.1731076923076923,0.3161753846153846,32211.39076923077,42.34153846153846
2024-10-19,ASLT,328,101,45,0.3079268292682927,0.13719512195121952,2.217082014148948,26.43571368013393,93.54671142719212,760.6242595917253,46.33612525767236,388.8472058415317,0.055929878048780475,0.2461310975609756,0.16675304878048777,0.21991158536585365,0.34748780487804876,25122.04268292683,54.78963414634146
2024-10-19,THFT,353,13,23,0.036827195467422094,0.06515580736543909,2.3262716054328774,26.406199704321512,86.70283064958413,724.9857579762559,45.10590233765511,381.11518663243913,0.04369405099150141,0.21580736543909346,0.13689801699716714,0.16372237960339941,0.31011331444759205,35538.83852691218,39.728045325779036
2024-10-20,ASLT,427,132,94,0.3091334894613583,0.22014051522248243,2.2328760028195247,26.12028941882214,91.42508274940948,769.3815468723468,45.559280728922715,393.3902076941499,0.05436768149882903,0.25015222482435595,0.1682903981264637,0.21026463700234194,0.34921545667447307,25414.002341920375,54.51990632318501
2024-10-20,THFT,319,21,23,0.06583072100313479,0.07210031347962383,2.2186733959519556,26.083369442794456,84.42554655270119,727.6005412295282,44.26509959298143,384.77801977580344,0.0449373040752351,0.21530407523510972,0.13624451410658306,0.1695924764890282,0.3071880877742947,34314.5987460815,40.310344827586206
2024-10-21,ASLT,364,110,58,0.3021978021978022,0.15934065934065933,2.2639724067682065,26.59978789763614,90.93507427859151,767.8328251598593,45.19218851404602,390.3563555069046,0.05074999999999999,0.2516923076923077,0.17032692307692307,0.19679395604395603,0.34704120879120876,25704.615384615383,52.88186813186813
2024-10-21,THFT,335,16,19,0.04776119402985075,0.056716417910447764,2.3524295911041926,26.227368127610024,86.96443278186389,761.983501680085,44.92049823654892,395.6313281022272,0.046832835820895515,0.21841194029850744,0.1410507462686567,0.18014029850746266,0.3217820895522388,32112.94925373134,43.20597014925373
2024-10-22,ASLT,337,92,57,0.27299703264094954,0.16913946587537093,2.2777864674639634,26.2172468694201,91.7433640746778,784.0458057731468,45.62686507482856,398.87667852014215,0.05369436201780414,0.24943026706231453,0.175026706231454,0.21513353115727002,0.35317804154302673,25057.41543026706,55.37388724035608
2024-10-22,THFT,345,9,20,0.02608695652173913,0.057971014492753624,2.265094278539773,26.225424698714594,86.50402167456183,736.3707637984321,44.80166343671463,387.569427003289,0.04754782608695651,0.21538840579710145,0.1411536231884058,0.18364347826086957,0.31618840579710145,31466.376811594204,43.2231884057971
2024-10-23,ASLT,286,82,65,0.2867132867132867,0.22727272727272727,2.272872558175702,27.084835337495292,94.70728121241143,782.636624168687,46.487617186702465,392.74669416140944,0.052923076923076906,0.24859090909090906,0.16923426573426573,0.2105,0.3492832167832168,25283.122377622378,54.75524475524475
2024-10-23,THFT,324,9,29,0.027777777777777776,0.08950617283950617,2.3187704554544144,26.610500501993922,85.71681278498913,713.9157684431775,44.67656940708167,377.2697289329389,0.044969135802469126,0.21346913580246915,0.13895987654320988,0.17370061728395061,0.3127716049382716,32396.478395061727,40.885802469135804
2024-10-24,ASLT,264,76,58,0.2878787878787879,0.2196969696969697,2.320062908850755,26.732759901079334,95.80435076974335,776.9517319887977,46.5339199785466,389.20658588718254,0.055166666666666656,0.26052272727272724,0.17702651515151516,0.21653030303030302,0.3584280303030303,23800.007575757576,57.628787878787875
2024-10-24,THFT,347,12,35,0.0345821325648415,0.10086455331412104,2.3061449338771673,26.898217094221657,85.93178742389483,732.6997056396683,44.95423134796892,386.87188657783224,0.043210374639769435,0.20453025936599423,0.13163400576368875,0.16894524495677232,0.3091008645533141,33944.616714697404,39.002881844380404
2024-10-25,ASLT,370,100,64,0.2702702702702703,0.17297297297297298,2.246933064546935,26.44457373633582,89.74112936392999,753.5754037480997,44.86379477311455,383.28127030364567,0.05628378378378377,0.2478243243243243,0.16515135135135134,0.21485675675675675,0.34654594594594595,26211.335135135134,54.383783783783784
2024-10-25,THFT,326,3,23,0.009202453987730062,0.0705521472392638,2.19829785047744,26.513676658466938,88.21294556579828,746.7811479592718,45.468485745971726,389.2824501207448,0.04388957055214723,0.20705828220858893,0.13574233128834354,0.1673834355828221,0.3143282208588957,33942.57668711656,39.79141104294479
2024-10-26,ASLT,362,135,58,0.3729281767955801,0.16022099447513813,2.25754353166217,26.383846338892326,93.95359843262568,755.3047260292038,46.2564208678851,384.2178854973296,0.05368784530386739,0.250878453038674,0.1739088397790055,0.20939226519337015,0.3543066298342541,25194.759668508286,55.447513812154696
2024-10-26,THFT,353,7,31,0.019830028328611898,0.08781869688385269,2.331176798819398,26.684026706597475,87.03213663332838,740.499875643468,45.003468609482994,386.0820340520402,0.04322096317280452,0.20553541076487253,0.13244475920679888,0.1663201133144476,0.31218130311614734,34335.74220963173,38.87252124645892
2024-10-27,ASLT,371,122,67,0.3288409703504043,0.18059299191374664,2.223668024981938,26.74988872718788,92.21133052972462,772.6636947882345,45.53033265307799,391.5385181408954,0.055072776280323435,0.24381940700808624,0.1666145552560647,0.21448517520215632,0.34785714285714286,25052.037735849055,54.142857142857146
2024-10-27,THFT,305,12,23,0.03934426229508197,0.07540983606557378,2.2369068211066088,26.420521908774216,86.6190926433348,729.5005176530473,44.971139403553494,384.9776594653705,0.046455737704918024,0.2116622950819672,0.13614754098360654,0.1732983606557377,0.3100754098360656,33206.6262295082,40.26229508196721
2024-10-28,ASLT,340,88,60,0.25882352941176473,0.17647058823529413,2.187843799420841,26.85781042046412,93.80992038380232,754.8457953453603,46.20850807094044,382.07701901881705,0.05409999999999998,0.25079999999999997,0.17090882352941175,0.20857941176470587,0.35166176470588234,24321.91176470588,54.78823529411765
2024-10-28,THFT,340,8,12,0.023529411764705882,0.03529411764705882,2.400452216734994,26.521254277478263,85.58965968699776,759.31593417376,44.29435691508911,396.8053078998244,0.04779117647058822,0.21066764705882352,0.1398470588235294,0.18775882352941176,0.319014705882353,31366.679411764704,43.11470588235294
2024-10-29,ASLT,330,114,75,0.34545454545454546,0.22727272727272727,2.1480693638406123,26.703999014881614,91.5903760956401,758.4729651003281,45.41844637251474,385.4318264034079,0.052854545454545446,0.255260606060606,0.17541212121212119,0.21057878787878787,0.3552090909090909,23892.142424242425,55.76969696969697
2024-10-29,THFT,386,21,19,0.054404145077720206,0.04922279792746114,2.3009157592616423,26.54855620102955,87.24389083390226,750.2344833721068,45.08456006057402,391.9464839562526,0.04440673575129532,0.21497927461139896,0.14396891191709843,0.1730103626943005,0.3204689119170984,32530.098445595853,42.57772020725388
2024-10-30,ASLT,359,107,57,0.298050139275766,0.15877437325905291,2.2995261647927334,26.31774206881358,92.56861829800495,763.2385156211532,45.69710172925389,387.0689246998147,0.05057381615598885,0.25361838440111417,0.171025069637883,0.20084401114206127,0.3495125348189415,25654.125348189416,53.66295264623955
2024-10-30,THFT,393,18,31,0.04580152671755725,0.07888040712468193,2.452569908634434,26.480286235949595,88.60878396865499,770.7467805873799,45.47085246184948,400.57970689650335,0.04504071246819338,0.20876335877862595,0.141323155216285,0.17252162849872774,0.31883969465648854,32898.412213740456,41.475826972010175
2024-10-31,ASLT,374,93,66,0.24866310160427807,0.17647058823529413,2.289877241352184,26.546483841607596,92.64887889140616,758.2624850387326,45.91979060161561,385.8261039810615,0.050751336898395706,0.24566844919786096,0.16973796791443851,0.19760962566844917,0.3475561497326203,26472.874331550804,52.596256684491976
2024-10-31,THFT,349,18,25,0.05157593123209169,0.07163323782234957,2.4027452837745145,26.322935583582527,89.16423193667963,745.3018082083585,45.58841642594159,387.4966727605066,0.04136962750716332,0.2123323782234957,0.13699140401146132,0.1630401146131805,0.31363037249283665,34963.38108882521,39.67048710601719
2024-11-01,ASLT,365,107,66,0.29315068493150687,0.18082191780821918,2.1656782171779296,26.789336704280032,90.81313990779125,777.3080576447229,45.3531240740357,395.2781182993003,0.05074794520547944,0.2353780821917808,0.15951232876712326,0.19534794520547943,0.34184931506849314,27601.523287671233,49.945205479452056
2024-11-01,THFT,457,13,28,0.028446389496717725,0.061269146608315096,2.2522828122048946,26.592105299457426,88.2356811132439,752.7028712841657,45.18133079162222,390.1492297633794,0.04640919037199124,0.21814660831509847,0.14470240700218817,0.1828577680525164,0.32305032822757107,31895.194748358863,43.51422319474836
2024-11-02,ASLT,329,100,74,0.303951367781155,0.22492401215805471,2.2991306735151578,26.18631242964365,92.55933015299098,766.5492507881589,45.9307906314444,390.05534650507724,0.0547386018237082,0.25148328267477205,0.17427659574468085,0.2140091185410334,0.3484133738601824,24335.282674772036,54.963525835866264
2024-11-02,THFT,309,11,23,0.03559870550161812,0.0744336569579288,2.301839914924166,26.379182667495964,90.77983831374848,747.8114615069417,45.67595131489901,383.2695056737618,0.045394822006472484,0.2203559870550162,0.14785113268608413,0.1788252427184466,0.32739482200647246,32127.844660194176,44.29449838187702
2024-11-03,ASLT,340,119,66,0.35,0.19411764705882353,2.216581128852344,26.187977734331998,93.26520915517072,788.5515476376409,46.1240367138724,401.03352244252295,0.057358823529411754,0.2501323529411765,0.1723470588235294,0.2173970588235294,0.3534058823529412,24722.326470588236,55.81764705882353
2024-11-03,THFT,307,12,23,0.03908794788273615,0.0749185667752443,2.3864633401667117,26.476802190976155,88.4843148946833,747.9744244618229,45.46293692303532,392.6026044400987,0.04497068403908793,0.213257328990228,0.13911400651465797,0.17557654723127034,0.3140228013029316,33612.31921824104,41.557003257328994
2024-11-04,ASLT,315,101,61,0.32063492063492066,0.19365079365079366,2.3161545530304126,26.79282153363189,95.4232954906919,741.1319379461615,46.4033670807054,373.8842145044927,0.05227936507936507,0.2562634920634921,0.17201904761904763,0.2018888888888889,0.35318730158730155,24341.984126984127,54.476190476190474
2024-11-04,THFT,324,7,21,0.021604938271604937,0.06481481481481481,2.4124956392991486,25.9829685013213,87.13826928212966,751.2337646123852,44.74598669624088,390.9367912499435,0.05098456790123456,0.22091975308641973,0.1452469135802469,0.1984320987654321,0.3263086419753087,30093.552469135804,46.33024691358025
2024-11-05,ASLT,239,77,56,0.32217573221757323,0.23430962343096234,2.286821232128826,26.442337203459758,93.4850469608685,765.4474772111874,45.96314301245239,386.4831150729615,0.054627615062761495,0.24371548117154812,0.1647907949790795,0.21049790794979079,0.3540836820083682,25590.276150627615,54.02928870292887
2024-11-05,THFT,276,5,24,0.018115942028985508,0.08695652173913043,2.360277714421266,26.748047944968743,90.73512625859976,764.1378012945065,45.69174378476875,392.4109389431986,0.05181159420289854,0.2263623188405797,0.1474855072463768,0.19756521739130434,0.3331340579710145,28709.373188405796,48.0036231884058
2024-11-06,ASLT,277,68,56,0.24548736462093862,0.20216606498194944,2.222164608821019,26.416214138131558,94.12220660249625,734.9199755679801,46.533649209579316,376.10908894035634,0.05342238267148013,0.2513682310469314,0.16663176895306858,0.20261010830324908,0.34448375451263535,25930.71119133574,53.12274368231047
2024-11-06,THFT,340,15,31,0.04411764705882353,0.09117647058823529,2.2574050794386626,26.248056450038547,88.52209838982293,739.9014225200162,45.35888616137062,386.2656069072341,0.048164705882352936,0.22595882352941174,0.1481264705882353,0.18013529411764703,0.32348823529411763,31325.773529411767,44.75
2024-11-07,ASLT,316,79,56,0.25,0.17721518987341772,2.367499352767631,25.89941283382775,92.88626233318844,792.1334081654542,45.76833558030465,398.15954370408576,0.056512658227848095,0.25165822784810127,0.16646835443037974,0.22081012658227847,0.3509398734177215,25623.92088607595,55.49367088607595
2024-11-07,THFT,356,10,31,0.028089887640449437,0.08707865168539326,2.3610178097867567,26.860825325175277,86.28984215402866,752.0379455425042,44.68566755944535,394.9480813348256,0.048640449438202234,0.21593539325842695,0.14414044943820226,0.18337078651685393,0.3250308988764045,30928.120786516854,44.151685393258425
2024-11-08,ASLT,354,96,61,0.2711864406779661,0.17231638418079095,2.400860545400944,26.496785573040892,91.91353639844124,796.7322566669308,45.54387732589356,403.85438233034745,0.05613841807909603,0.2514774011299435,0.16709604519774013,0.21762994350282486,0.35738983050847456,24041.822033898305,55.88418079096045
2024-11-08,THFT,322,10,29,0.031055900621118012,0.09006211180124224,2.161183148934182,26.24426428304272,88.31811129911206,742.0633955602973,45.32157663690259,387.47401709575774,0.04639440993788819,0.21623291925465837,0.1395062111801242,0.17580745341614906,0.31538819875776397,33883.934782608696,42.099378881987576
2024-11-09,ASLT,322,114,66,0.35403726708074534,0.20496894409937888,2.1803651212674495,26.145806219638747,92.32357884346553,762.3612029111363,45.688092049022046,389.17493338514566,0.05838198757763974,0.25677329192546583,0.17823291925465837,0.22668012422360248,0.3546273291925466,23703.61801242236,57.91304347826087
2024-11-09,THFT,345,15,26,0.043478260869565216,0.07536231884057971,2.340829607443116,26.175694028988406,88.4146150386699,721.6589059091705,45.2909240988534,375.6366909555084,0.045539130434782596,0.21486376811594202,0.14084927536231884,0.1737391304347826,0.31406666666666666,34631.2,41.56231884057971
2024-11-10,ASLT,304,112,68,0.3684210526315789,0.2236842105263158,2.3837235137310557,26.9338640674609,95.05476685117068,784.4202345395782,46.72833711908014,395.5081689006023,0.05303947368421051,0.23461184210526312,0.16087171052631577,0.20359210526315788,0.3495756578947368,26831.35855263158,51.5296052631579
2024-11-10,THFT,302,14,27,0.046357615894039736,0.08940397350993377,2.4465371301863743,26.7334444538116,86.9825767111314,771.5346032675271,44.84311003142074,401.65518570106326,0.04997682119205297,0.2181092715231788,0.1435,0.19045364238410595,0.32744701986754965,29332.235099337748,45.158940397350996
2024-11-11,ASLT,337,107,81,0.31750741839762614,0.2403560830860534,2.219701680427555,26.36016984074149,90.57038446641457,769.5392886650302,45.05584610227706,390.00419149697564,0.0555074183976261,0.2519940652818991,0.16791394658753708,0.21451038575667652,0.348673590504451,24981.629080118695,55.21364985163205
2024-11-11,THFT,288,6,30,0.020833333333333332,0.10416666666666667,2.225321577984151,26.853316599537305,86.7945105644399,754.9239859496392,44.967502316201866,396.5579390487962,0.0476111111111111,0.21405555555555555,0.14415624999999999,0.18285763888888887,0.32279166666666664,31034.64236111111,43.763888888888886
2024-11-12,ASLT,306,75,70,0.24509803921568626,0.22875816993464052,2.2854766568680285,26.32064276080766,89.0596245375425,743.3979783289728,44.77998896513883,381.18071491452224,0.05056209150326796,0.2457483660130719,0.165937908496732,0.1978529411764706,0.34684313725490196,26692.849673202614,51.99346405228758
2024-11-12,THFT,363,12,20,0.03305785123966942,0.05509641873278237,2.2651956024322817,26.730771756395757,88.34527904613911,771.1189231635692,45.258158885704574,399.6771827208796,0.04448760330578512,0.21538292011019283,0.1439862258953168,0.1787052341597796,0.32080716253443525,31614.644628099173,43.04683195592286
2024-11-13,ASLT,302,84,74,0.2781456953642384,0.24503311258278146,2.2914673570361086,26.865171280415325,93.49471642095631,751.6689936153103,46.08715584408744,382.1309234495007,0.05212913907284767,0.24191721854304635,0.16326490066225166,0.20307615894039732,0.34639403973509936,25708.98344370861,51.82781456953642
2024-11-13,THFT,311,7,33,0.022508038585209004,0.10610932475884244,2.3598399298751698,26.590096017018894,86.57505798363852,768.2588062013846,44.835381382550175,400.8365150466302,0.04320578778135047,0.21469453376205785,0.14186495176848873,0.1685819935691318,0.31904823151125405,32924.81672025724,41.39549839228296
2024-11-14,ASLT,320,101,53,0.315625,0.165625,2.3418741994753605,26.406751103755,93.70449220405952,751.3716706841647,45.98615310827502,377.0190680217619,0.054559374999999986,0.24986875,0.16458437499999998,0.210259375,0.34778125,26268.196875,53.375
2024-11-14,THFT,389,10,18,0.02570694087403599,0.04627249357326478,2.367653086375324,26.10191684227678,86.89039162145336,744.4729103481612,44.80227555793794,389.90035783562877,0.04712596401028277,0.2142287917737789,0.1408740359897172,0.17877377892030846,0.316694087403599,33207.22107969152,42.51670951156812
2024-11-15,ASLT,317,92,63,0.2902208201892745,0.19873817034700317,2.315599898856675,26.560144263141627,92.32530191842812,746.8371165518195,45.705010728744305,379.09381802782997,0.05372870662460567,0.24970031545741325,0.17128391167192428,0.2068391167192429,0.34921135646687695,25580.977917981072,54.110410094637224
2024-11-15,THFT,330,9,14,0.02727272727272727,0.04242424242424243,2.336503874324218,26.58508329878305,89.01218657173622,762.847921455807,45.40882196200187,395.097322774387,0.0457090909090909,0.21467272727272727,0.14395454545454545,0.1784272727272727,0.32457878787878786,32061.37575757576,43.14545454545455
2024-11-16,ASLT,336,102,75,0.30357142857142855,0.22321428571428573,2.1865822277529645,26.38570792447588,92.67293241731757,730.4784250983315,46.05270284589174,373.769908617139,0.05044642857142856,0.2458035714285714,0.16776488095238096,0.19479761904761905,0.34091666666666665,28043.479166666668,51.407738095238095
2024-11-16,THFT,327,11,22,0.03363914373088685,0.0672782874617737,2.3186722384767506,25.984788994306665,85.59598460620197,733.5401776978107,44.32046457976532,383.3614443049291,0.05023547400611619,0.22040672782874615,0.14002140672782876,0.18530886850152903,0.3121406727828746,33386.81039755352,43.53211009174312
2024-11-17,ASLT,311,109,53,0.3504823151125402,0.17041800643086816,2.2918980994232654,26.467410201252903,92.7236787537438,774.0005982385312,46.05069543275715,393.77646060746525,0.05557234726688102,0.24411897106109323,0.16160450160771705,0.204,0.34380385852090034,27349.800643086815,51.92282958199357
2024-11-17,THFT,280,9,22,0.03214285714285714,0.07857142857142857,2.2350310643525964,25.79057461476383,85.35805310987418,739.0448721739211,44.54040669403506,389.77876521916,0.04665357142857142,0.2136642857142857,0.13258571428571428,0.17793928571428572,0.30542142857142857,34658.235714285714,40.642857142857146
2024-11-18,ASLT,308,99,53,0.32142857142857145,0.17207792207792208,2.382313508849873,26.331499994936205,89.72565819279036,796.011900464477,44.85023138541981,404.0174625463292,0.057285714285714266,0.24569480519480516,0.1651038961038961,0.22253571428571428,0.35353896103896104,24516.66883116883,54.98051948051948
2024-11-18,THFT,291,11,25,0.037800687285223365,0.0859106529209622,2.238901464779443,26.348445913614004,85.85913826390122,720.4963122615113,44.73769795075062,380.59263715439863,0.04130240549828178,0.20547766323024053,0.13746735395189003,0.16098969072164948,0.31055670103092786,35844.63917525773,38.72164948453608
2024-11-19,ASLT,309,97,72,0.313915857605178,0.23300970873786409,2.233570851901192,26.713185320315507,94.30275910047892,771.9818475438829,46.154035211767344,386.7697592274741,0.05539158576051779,0.26105177993527506,0.17375404530744337,0.21414886731391586,0.3582556634304207,24288.375404530743,57.02588996763754
2024-11-19,THFT,287,6,33,0.020905923344947737,0.11498257839721254,2.234596524916612,26.545451285731286,86.09440332966182,738.006964478715,44.58636680236606,386.1160005914422,0.04518815331010452,0.21215331010452962,0.14321254355400695,0.17713937282229963,0.3210034843205575,32390.533101045297,42.34843205574913
2024-11-20,ASLT,276,72,53,0.2608695652173913,0.19202898550724637,2.2974743982467105,26.605945369068074,92.59747870610724,782.2065363586812,45.813722144895195,396.73016719861704,0.05074999999999998,0.24884782608695652,0.16905072463768114,0.20003260869565215,0.3465905797101449,26421.434782608696,52.757246376811594
2024-11-20,THFT,319,12,26,0.03761755485893417,0.08150470219435736,2.314689932496603,26.647404527744293,86.67477158213217,738.9798607920283,44.53383706112651,384.17051047237555,0.04440752351097177,0.22250783699059562,0.14756739811912226,0.17284326018808777,0.32833542319749215,31397.54858934169,43.54545454545455
2024-11-21,ASLT,226,67,60,0.29646017699115046,0.26548672566371684,2.29879498022897,26.801655267970762,97.1187705046053,743.5444236459106,46.75361377755433,371.67488091017606,0.05206194690265486,0.24942920353982298,0.1718141592920354,0.20477433628318584,0.3504380530973451,25732.53097345133,54.030973451327434
2024-11-21,THFT,302,9,21,0.029801324503311258,0.0695364238410596,2.1979479095754253,26.473052241240516,86.07608083663354,767.8844862331182,44.8108255704939,404.3301316820987,0.047880794701986744,0.212705298013245,0.13983112582781457,0.18539403973509933,0.31951324503311257,31206.1059602649,43.33112582781457
2024-11-22,ASLT,297,93,72,0.31313131313131315,0.24242424242424243,2.22497491887434,26.12658113386233,91.17635869971049,722.0026480969609,45.654231969581076,373.0770552015367,0.05166666666666665,0.2471750841750842,0.1640976430976431,0.19806734006734006,0.33854208754208753,27233.670033670034,51.51851851851852
2024-11-22,THFT,315,16,23,0.050793650793650794,0.07301587301587302,2.2945903535114622,26.05051456690684,88.329864429011,762.7180994154375,45.34807059808306,396.37288658359336,0.04381904761904761,0.21667619047619047,0.14187936507936508,0.17089206349206348,0.31405079365079364,35314.38412698413,41.48888888888889
2024-11-23,ASLT,307,111,64,0.36156351791530944,0.20846905537459284,2.3124818436270043,26.384671489010838,94.59770138140799,767.3991751766636,46.36436231830661,388.23651286776516,0.054003257328990216,0.2408110749185668,0.16370684039087946,0.2090846905537459,0.3472703583061889,26560.804560260585,52.54071661237785
2024-11-23,THFT,302,11,21,0.03642384105960265,0.0695364238410596,2.1893759945177527,25.926446200216404,86.20779330044711,712.3102692028824,45.14573687845084,378.82486750346226,0.04423178807947019,0.2005662251655629,0.12596026490066226,0.16168543046357614,0.29721523178807946,37170.46357615894,36.311258278145694
2024-11-24,ASLT,327,113,73,0.345565749235474,0.22324159021406728,2.4364375348951426,26.096801101581967,92.54257638805379,787.2896042073403,45.52765458380193,396.01100635891345,0.05700917431192659,0.251519877675841,0.17306727828746177,0.21756880733944953,0.35322324159021407,25628.272171253822,55.82262996941896
2024-11-24,THFT,274,10,25,0.0364963503649635,0.09124087591240876,2.256951772943175,26.557794493770583,85.79309410193153,732.1671198721153,44.66933833261508,385.5745163042956,0.045777372262773716,0.21665328467153286,0.13953649635036494,0.16790145985401458,0.3150948905109489,34392.21532846715,40.7007299270073
2024-11-25,ASLT,287,81,68,0.28222996515679444,0.23693379790940766,2.3037259314155722,27.294513573717925,94.8242302595239,721.298285965201,46.33164283470931,362.3929539670247,0.05356097560975608,0.24994773519163763,0.16749477351916375,0.19729268292682925,0.3504285714285714,25993.38675958188,52.97212543554007
2024-11-25,THFT,329,11,22,0.03343465045592705,0.0668693009118541,2.3160493883035334,26.60523589068124,85.4949047672387,736.0826250876264,44.447040567776845,387.0483517838891,0.04602127659574467,0.21421884498480243,0.13649240121580547,0.1790334346504559,0.311112462006079,32145.93313069909,41.19756838905775
2024-11-26,ASLT,267,92,55,0.3445692883895131,0.20599250936329588,2.3118202966597132,26.834035114114656,91.08016587447497,770.7539998799771,45.26290867999392,389.76075924795134,0.055168539325842675,0.25072284644194753,0.17307116104868914,0.21405243445692881,0.3566404494382022,23109.063670411986,56.250936329588015
2024-11-26,THFT,348,12,32,0.034482758620689655,0.09195402298850575,2.2182197236292382,26.643721789339516,89.27763389759818,750.454841916088,45.4243534843795,389.8342833122606,0.04759770114942528,0.21881321839080456,0.14650862068965517,0.1884971264367816,0.3281867816091954,30632.706896551725,45.456896551724135
2024-11-27,ASLT,256,86,55,0.3359375,0.21484375,2.2097834247546335,26.340734801625935,94.18744171861212,734.9712714550636,46.06437624478931,369.9008033043453,0.055789062499999986,0.26257421875,0.17914453125,0.21703124999999998,0.35659765625,23898.3984375,57.35546875
2024-11-27,THFT,337,7,28,0.020771513353115726,0.0830860534124629,2.3003327252309362,26.413229078195023,86.48964693387441,737.9919840448893,44.78851794372825,385.99654596169853,0.04940652818991097,0.21245697329376853,0.1380385756676558,0.18490801186943617,0.31465578635014835,32693.92581602374,42.317507418397625
2024-11-28,ASLT,219,105,39,0.4794520547945205,0.1780821917808219,2.3244696379991874,26.764825231574928,93.61102744185072,781.797241911105,45.82138919612526,392.42372629990365,0.054050228310502275,0.2585022831050228,0.1786529680365297,0.2127945205479452,0.3574063926940639,24033.776255707762,56.90867579908676
2024-11-28,THFT,166,14,19,0.08433734939759036,0.1144578313253012,2.232786721675984,26.416335898875424,95.21300337831045,746.1405377611277,46.65573741438952,378.93890259670786,0.048704819277108416,0.243289156626506,0.16140963855421686,0.19223493975903613,0.33731927710843373,28052.078313253012,50.18072289156626
2024-11-29,ASLT,247,92,51,0.3724696356275304,0.20647773279352227,2.429228918058497,26.43360153416046,92.82820402438033,770.715627460562,46.033420245055176,392.8381005748522,0.05357085020242913,0.24312955465587044,0.16595951417004048,0.20978542510121456,0.34460323886639677,26462.0971659919,52.963562753036435
2024-11-29,THFT,268,13,19,0.048507462686567165,0.0708955223880597,2.2227439055229943,26.25341420869398,87.3932595513938,745.5692245897421,45.11233184822596,388.1774418604261,0.04492910447761193,0.21698880597014925,0.13926119402985074,0.16925746268656716,0.3147835820895522,34790.43656716418,41.56716417910448
2024-11-30,ASLT,241,81,72,0.3360995850622407,0.2987551867219917,2.3212155643365255,26.36525728502215,94.70206195532062,775.5401552376685,46.40080741613703,392.3624168293054,0.054539419087136914,0.24941908713692945,0.17219502074688794,0.20980082987551865,0.35275933609958504,25280.539419087138,54.77593360995851
2024-11-30,THFT,254,3,14,0.011811023622047244,0.05511811023622047,2.249595263794218,26.091712641662347,86.07820243324684,726.444732575926,44.93325931436394,384.8630212577252,0.0466023622047244,0.21210629921259844,0.13115748031496063,0.16788188976377952,0.30285039370078737,35493.27165354331,38.99212598425197
2024-12-01,ASLT,296,120,66,0.40540540540540543,0.22297297297297297,2.365332574248972,26.14899361349723,90.73347117831938,768.8446318442371,45.173175023800084,390.3403786038527,0.055618243243243236,0.2512128378378378,0.16841891891891891,0.2139493243243243,0.3535844594594595,25257.87162162162,55.179054054054056
2024-12-01,THFT,293,9,16,0.030716723549488054,0.05460750853242321,2.157677648113663,26.613376074289743,88.87038048734104,744.4596679232608,45.38851521638935,387.0059606665338,0.04873720136518771,0.22429692832764503,0.15033447098976108,0.18669965870307165,0.32619112627986346,30602.638225255974,46.153583617747444
2024-12-02,ASLT,271,84,61,0.30996309963099633,0.22509225092250923,2.249504958645753,26.933743330398187,97.10366255059543,733.9881096604815,47.234494243166495,373.6923975477391,0.05519926199261991,0.2532435424354243,0.1721660516605166,0.21521033210332102,0.3542988929889299,24206.464944649448,55.896678966789665
2024-12-02,THFT,327,15,27,0.045871559633027525,0.08256880733944955,2.294270415857081,26.639072870593196,87.74476953327323,769.7952182164654,45.03556207215836,399.3451658213795,0.04562385321100916,0.22127217125382262,0.1498195718654434,0.17875535168195716,0.32851070336391436,31091.642201834864,44.764525993883794
2024-12-03,ASLT,303,89,60,0.29372937293729373,0.19801980198019803,2.2228022794513884,26.392371229440887,91.94242507261605,749.7028958584815,45.66126935068769,380.28586431006204,0.056376237623762364,0.2547590759075907,0.172019801980198,0.21337953795379536,0.35394719471947195,25078.059405940596,56.15181518151815
2024-12-03,THFT,331,6,29,0.01812688821752266,0.08761329305135952,2.4372304091096755,26.322185011677036,84.88824031829799,752.0499072663864,44.1950373401057,394.22101512208826,0.046697885196374606,0.2231480362537764,0.1456737160120846,0.18387009063444107,0.32339577039274925,30587.755287009062,44.755287009063444
2024-12-04,ASLT,240,83,54,0.3458333333333333,0.225,2.419869443961048,26.740505471247786,94.30414945941185,798.5580592011466,46.18826663246997,401.4888951768813,0.053654166666666656,0.2484875,0.17191666666666666,0.21075416666666666,0.35460416666666666,25057.604166666668,54.829166666666666
2024-12-04,THFT,344,10,25,0.029069767441860465,0.07267441860465117,2.3093596578440576,26.4151190813939,87.30725337233929,751.7140912034401,44.99833980658563,392.7803806652209,0.04666860465116278,0.21836918604651162,0.14011046511627906,0.1801831395348837,0.31823837209302325,32523.98546511628,42.38662790697674
2024-12-05,ASLT,262,76,51,0.2900763358778626,0.1946564885496183,2.3799569107516203,26.804993144798992,91.25367280530324,772.0447176652935,45.39340806457859,391.35006983460227,0.054786259541984725,0.2556984732824427,0.1737442748091603,0.20796946564885496,0.352881679389313,24541.618320610687,55.038167938931295
2024-12-05,THFT,332,11,14,0.03313253012048193,0.04216867469879518,2.219235984289408,26.22811501226465,88.04383044436766,727.6725711287428,45.253975911938916,381.02707458008973,0.04412349397590361,0.21761746987951805,0.141394578313253,0.17271686746987952,0.31273493975903616,33690.25602409639,41.6355421686747
2024-12-06,ASLT,282,92,64,0.3262411347517731,0.22695035460992907,2.3112330878321643,26.60060033027809,90.90167893478318,780.4336977725308,45.25253352221096,395.88910208561805,0.05436524822695034,0.24532269503546097,0.1665354609929078,0.21145035460992906,0.3537943262411347,25032.51418439716,54.53191489361702
2024-12-06,THFT,312,13,17,0.041666666666666664,0.05448717948717949,2.2611292962235283,26.180286679850973,88.16015389399858,728.0885853636141,45.16438555708933,380.9558194422596,0.04324999999999999,0.22489423076923076,0.14745512820512818,0.1741025641025641,0.321900641025641,31591.352564102563,43.27564102564103
2024-12-07,ASLT,313,106,62,0.33865814696485624,0.19808306709265175,2.2450142413591587,26.45356385137467,93.03262419457137,755.4685327900023,46.043122138633,381.8310252226112,0.05157188498402555,0.24837060702875396,0.169185303514377,0.20227156549520767,0.3470926517571885,27312.658146964855,52.93929712460064
2024-12-07,THFT,371,18,21,0.04851752021563342,0.05660377358490566,2.2248972426824474,26.42960802573596,87.19889936404404,724.3271912821871,44.926211730298576,378.64172400742564,0.04685714285714285,0.22114285714285714,0.14186792452830188,0.180010781671159,0.31491644204851754,32165.576819407008,43.301886792452834
2024-12-08,ASLT,376,112,82,0.2978723404255319,0.21808510638297873,2.1718113963535832,26.200192400904026,91.53576986247155,736.2798971000815,45.54622977237228,375.4900849084109,0.05160372340425531,0.2468164893617021,0.16518351063829786,0.20211436170212763,0.34453457446808505,26424.156914893618,51.84308510638298
2024-12-08,THFT,275,14,14,0.05090909090909091,0.05090909090909091,2.157970112638399,26.007483017589717,91.59178537946129,733.9959002395389,46.09236414978431,379.7812740497542,0.04878545454545454,0.22222545454545453,0.14331636363636363,0.18236,0.31930909090909093,34164.218181818185,43.92
2024-12-09,ASLT,327,103,65,0.3149847094801223,0.19877675840978593,2.3415106393769745,26.828564497544956,91.39982718115702,755.9994976702095,45.54070826664073,385.1012250141936,0.05176146788990824,0.24850764525993885,0.16750458715596328,0.20225993883792048,0.3509755351681957,25037.34862385321,53.15902140672783
2024-12-09,THFT,327,9,24,0.027522935779816515,0.07339449541284404,2.3270322088553734,26.38474156934227,86.00717571421352,729.4375361841721,44.73393039915019,385.19361368663544,0.0469663608562691,0.21547094801223243,0.1374373088685015,0.1796605504587156,0.31551070336391435,31694.070336391436,42.08868501529052
2024-12-10,ASLT,325,86,70,0.26461538461538464,0.2153846153846154,2.2286926968312493,25.86768234722212,95.69346919127716,748.8749920050772,46.53098097776824,377.39496296843015,0.056772307692307684,0.2527015384615385,0.16868,0.22119384615384613,0.35007692307692306,25195.166153846152,55.76
2024-12-10,THFT,330,9,27,0.02727272727272727,0.08181818181818182,2.3493998974598314,26.253202783572064,87.53238588353953,754.5315837894445,45.06892474075866,396.1061270251918,0.042645454545454535,0.2111242424242424,0.14049999999999999,0.1640090909090909,0.3158424242424242,33705.645454545454,40.33030303030303
2024-12-11,ASLT,296,108,54,0.36486486486486486,0.18243243243243243,2.332102433167224,26.268791657106764,91.39491259564176,731.6250544587089,45.621567992333006,377.4849415422652,0.05294256756756755,0.24214864864864866,0.16307094594594593,0.19885472972972973,0.343375,26405.93581081081,51.310810810810814
2024-12-11,THFT,312,13,31,0.041666666666666664,0.09935897435897435,2.2919254699231404,26.58314587523136,87.35385175649324,752.0266553251132,45.09526250114544,393.103074622799,0.046798076923076914,0.2137147435897436,0.13680128205128203,0.1755160256410256,0.31723717948717944,33104.0608974359,41.98076923076923
2024-12-12,ASLT,235,71,49,0.3021276595744681,0.20851063829787234,2.4305296706429425,26.335309478277708,91.6877536290307,783.4369855075528,45.75795691868834,399.12901722130044,0.053736170212765944,0.2503531914893617,0.16519574468085105,0.2040468085106383,0.34679574468085106,26036.859574468086,52.99148936170213
2024-12-12,THFT,267,8,18,0.0299625468164794,0.06741573033707865,2.3256999425497726,26.704103485282282,88.21276273912076,727.2682991335689,45.53000532374643,383.18659550737493,0.0394569288389513,0.20832958801498125,0.13812734082397002,0.15680524344569288,0.3134456928838951,34017.85767790262,38.36704119850187
2024-12-13,ASLT,291,85,64,0.2920962199312715,0.21993127147766323,2.3786432014609993,26.47634005642653,94.051475369248,767.2119483980812,46.11222878010695,385.83979950000753,0.052477663230240536,0.2523230240549828,0.1710652920962199,0.203,0.35577319587628864,24634.453608247422,54.893470790378004
2024-12-13,THFT,282,10,20,0.03546099290780142,0.07092198581560284,2.408919731370795,27.455280319829907,89.3874258798411,748.4838176262003,45.491692163251344,386.7269829218929,0.04942198581560282,0.21134397163120566,0.14043971631205673,0.18822340425531914,0.32645390070921987,31267.95390070922,44.177304964539005
2024-12-14,ASLT,280,99,51,0.3535714285714286,0.18214285714285713,2.3809123524356584,26.505380944831934,95.59020655891297,765.5970914678643,46.61035297163844,387.0479264123407,0.06203928571428571,0.2503392857142857,0.16410357142857143,0.23059285714285715,0.3521392857142857,24192.878571428573,57.075
2024-12-14,THFT,320,11,23,0.034375,0.071875,2.274480630061595,26.525948289835803,87.27768901968543,739.9935235407469,44.90104264408255,385.70100827138344,0.04690312499999999,0.217959375,0.1401625,0.17054375,0.31665625,33470.028125,42.153125
2024-12-15,ASLT,313,122,77,0.38977635782747605,0.24600638977635783,2.17414549154194,26.784804999007505,91.9822008055841,754.4566273525112,45.82910550587598,386.3626329635872,0.053472843450479215,0.244073482428115,0.16554313099041532,0.20713099041533545,0.34940894568690095,25221.130990415335,53.18849840255591
2024-12-15,THFT,266,11,14,0.041353383458646614,0.05263157894736842,2.2079202834442535,26.068826083543605,83.35045450576744,703.8318419826778,44.02728998744426,374.8855925781879,0.04470300751879698,0.2180676691729323,0.13975939849624058,0.16852255639097743,0.3126691729323308,33669.39473684211,41.04135338345865
2024-12-16,ASLT,286,90,68,0.3146853146853147,0.23776223776223776,2.278121301418438,26.545531839195807,93.28030800899441,765.9314753340828,45.951570448238,387.3019560245053,0.053220279720279706,0.2554055944055944,0.17187062937062936,0.20593006993006993,0.349493006993007,24980.16083916084,54.65034965034965
2024-12-16,THFT,292,9,22,0.030821917808219176,0.07534246575342465,2.3983356884365246,26.995135480241498,86.37976568657233,753.3673701313205,44.88170903952199,394.6153785254257,0.042126712328767114,0.21248630136986302,0.14518835616438355,0.16908561643835615,0.32093835616438354,32886.87671232877,41.27739726027397
2024-12-17,ASLT,269,86,56,0.31970260223048325,0.20817843866171004,2.259865837195106,26.44751191166317,91.01724330452163,762.2284098101884,45.335321401252386,387.1787325474818,0.05041263940520445,0.25633828996282526,0.17752788104089218,0.20427881040892193,0.35310408921933084,25075.89219330855,54.92565055762082
2024-12-17,THFT,291,9,35,0.030927835051546393,0.12027491408934708,2.3564974185884675,26.421419685421768,85.121302896357,737.7030529655577,44.31981800306639,388.8340419735488,0.04445704467353951,0.2207628865979381,0.14504810996563572,0.17540206185567012,0.3180996563573883,31918.570446735393,43.38831615120275
2024-12-18,ASLT,275,82,57,0.29818181818181816,0.20727272727272728,2.208541728927174,26.514481860467335,92.45786068248557,776.7840741386393,45.55378593586537,392.4275827087484,0.05412363636363635,0.25037818181818183,0.17029818181818182,0.20883272727272725,0.34868727272727273,25763.225454545456,54.512727272727275
2024-12-18,THFT,326,7,26,0.02147239263803681,0.07975460122699386,2.2379031985072397,26.383763521173524,87.25221392741274,750.7774110089043,44.695535728070396,390.17617677679635,0.0458803680981595,0.21562576687116564,0.14275460122699385,0.18011963190184047,0.32163496932515334,32477.055214723925,43.26687116564417
2024-12-19,ASLT,246,69,47,0.2804878048780488,0.1910569105691057,2.285001114093106,26.57124050715906,91.61687747748418,754.7463644463752,45.511076783310855,381.86098063279513,0.055195121951219506,0.25928861788617885,0.1705121951219512,0.21123577235772356,0.35101219512195125,24581.58130081301,55.235772357723576
2024-12-19,THFT,298,7,28,0.02348993288590604,0.09395973154362416,2.2666151085201753,26.539360310669917,86.18315400674408,737.0350675847221,44.77037015558406,388.36988321196344,0.04446644295302012,0.21590268456375838,0.1412785234899329,0.17896644295302014,0.3158758389261745,31401.822147651008,41.93624161073826
2024-12-20,ASLT,281,95,65,0.33807829181494664,0.2313167259786477,2.2706828404502684,26.17948661744249,94.08007534264176,747.030753019696,46.39170809543161,377.43285866091816,0.056967971530249094,0.25045907473309603,0.16499999999999998,0.2120071174377224,0.3453487544483986,26219.651245551602,54.0
2024-12-20,THFT,318,10,29,0.031446540880503145,0.09119496855345911,2.397927333364923,27.01153941340684,87.19546219009847,785.3148807643196,45.249712318285304,411.0508359758428,0.04476415094339621,0.21355031446540879,0.14382704402515722,0.17947169811320754,0.3270849056603774,30550.69182389937,43.179245283018865
2024-12-21,ASLT,286,100,59,0.34965034965034963,0.2062937062937063,2.316202916870346,26.572559378981417,94.43680054835386,767.9779901230081,46.595054412073814,390.2335831138178,0.04897552447552446,0.24743006993006994,0.1668391608391608,0.19788461538461538,0.34727272727272723,26377.356643356645,52.27972027972028
2024-12-21,THFT,285,5,28,0.017543859649122806,0.09824561403508772,2.240149263556364,26.16180684019883,88.67003177679062,741.104179477266,45.44737862953237,385.93149957701684,0.04589473684210526,0.2196561403508772,0.1432421052631579,0.1703719298245614,0.31683508771929825,33371.53333333333,41.76491228070176
2024-12-22,ASLT,287,111,65,0.3867595818815331,0.2264808362369338,2.2692996636497864,26.584735925194707,92.62979847238485,757.8633004466614,45.87082699476433,384.55413838092994,0.05582229965156792,0.25153310104529614,0.1715191637630662,0.21178048780487804,0.3522369337979094,25904.668989547037,55.4390243902439
2024-12-22,THFT,287,11,29,0.03832752613240418,0.10104529616724739,2.2923335130241655,26.3188282831519,89.62611815212625,751.1562642654258,45.628530084869695,390.21132702372194,0.04600348432055748,0.2123170731707317,0.1391533101045296,0.17873519163763066,0.3192404181184669,32850.96864111498,42.393728222996515
2024-12-23,ASLT,299,91,78,0.30434782608695654,0.2608695652173913,2.1658100389974537,26.439174991444453,94.89610439209156,762.124592557592,46.27413812081718,382.15899550946085,0.0540602006688963,0.25684280936454845,0.17553846153846153,0.2068361204013378,0.35346822742474915,25495.996655518396,55.61538461538461
2024-12-23,THFT,336,12,30,0.03571428571428571,0.08928571428571429,2.296324956785313,26.951177636760516,88.8889743523682,762.526106231788,45.49498104232266,396.71738814094317,0.04766071428571427,0.2269940476190476,0.15160119047619047,0.1861517857142857,0.33272619047619045,29742.57738095238,46.083333333333336
2024-12-24,ASLT,252,91,42,0.3611111111111111,0.16666666666666666,2.1869118908216914,26.40988049401467,90.24506454358283,752.8758145228401,45.48318764212401,387.4503405722603,0.05099999999999999,0.24886507936507937,0.16574603174603175,0.2009563492063492,0.34575396825396826,26502.54761904762,52.09126984126984
2024-12-24,THFT,271,8,36,0.02952029520295203,0.13284132841328414,2.196931107788088,26.11564686721189,86.96286016336917,727.872980475496,45.044723762542766,382.26778587479373,0.04367158671586715,0.21316605166051658,0.1405719557195572,0.1727269372693727,0.31497785977859777,33662.738007380074,41.93357933579336
2024-12-25,ASLT,298,146,50,0.4899328859060403,0.16778523489932887,2.259107808224598,26.420674205380642,88.633863197681,809.1861323489661,44.62104739817707,413.4517949547852,0.061949664429530184,0.25500671140939596,0.1733959731543624,0.23368120805369128,0.36118791946308726,21945.322147651008,58.98993288590604
2024-12-25,THFT,168,17,10,0.10119047619047619,0.05952380952380952,2.2715914192747086,26.376060838685287,92.31065326216154,737.6639300625369,45.984400040388515,380.11743389482797,0.04954166666666666,0.22931547619047618,0.16013690476190476,0.19252380952380954,0.340797619047619,27789.684523809523,49.214285714285715
2024-12-26,ASLT,237,78,59,0.3291139240506329,0.2489451476793249,2.2067085923067378,26.24939157957153,90.41381769155294,774.4972420604148,45.29546570343305,393.35593710594003,0.054421940928270025,0.2528818565400844,0.1720337552742616,0.20429535864978904,0.34970042194092826,26034.978902953586,53.957805907173
2024-12-26,THFT,261,13,18,0.04980842911877394,0.06896551724137931,2.4599874712962944,26.73564534087997,89.3957251520895,765.0413284232284,45.62362527619159,396.6789844662893,0.046509578544061285,0.2241685823754789,0.1493831417624521,0.1835478927203065,0.3268927203065134,30785.505747126437,45.088122605363985
2024-12-27,ASLT,236,75,54,0.3177966101694915,0.2288135593220339,2.2360963585491866,26.18486047068405,94.59877636897244,723.5447017499305,46.51362145125994,370.2097786281831,0.05337288135593219,0.2488771186440678,0.1658135593220339,0.20202118644067796,0.34500000000000003,26215.504237288136,53.021186440677965
2024-12-27,THFT,290,13,27,0.04482758620689655,0.09310344827586207,2.4417932712797263,26.695848173176017,88.04506882013455,747.2750630332465,45.06764504358588,390.23801220192723,0.04649655172413792,0.2158551724137931,0.14263793103448275,0.173651724137931,0.31796206896551726,32421.431034482757,42.224137931034484
2024-12-28,ASLT,340,121,76,0.3558823529411765,0.2235294117647059,2.16427720115276,26.81114743044739,95.06582987745979,773.1451696953296,46.57802827624773,389.8365951116441,0.054361764705882346,0.24806470588235294,0.16770294117647058,0.2128470588235294,0.3509441176470588,25666.667647058825,54.55294117647059
2024-12-28,THFT,276,13,24,0.04710144927536232,0.08695652173913043,2.4302437866991875,26.058543634630425,91.03838434735124,734.0578776016304,46.129560107855234,380.48181922653845,0.045952898550724625,0.22590942028985506,0.1465072463768116,0.17314492753623187,0.3178985507246377,33017.565217391304,43.17028985507246
2024-12-29,ASLT,310,136,69,0.43870967741935485,0.22258064516129034,2.251741732188886,26.326355634137034,94.23189995430234,730.6499110213888,46.33900398436923,372.17384924871095,0.05405806451612902,0.25201935483870963,0.17378064516129033,0.2094032258064516,0.35045806451612904,25174.63870967742,55.148387096774194
2024-12-29,THFT,282,15,21,0.05319148936170213,0.07446808510638298,2.4763099095998253,26.191020867578903,89.56520355706411,766.9164583144241,45.37466927692742,395.2894398468145,0.046758865248226936,0.22059219858156026,0.14798581560283688,0.1824858156028369,0.3286702127659575,30322.528368794327,44.98936170212766
2024-12-30,ASLT,298,90,68,0.30201342281879195,0.22818791946308725,2.289141894469579,26.34465956832331,92.22407084542142,770.2030195734218,45.67172540353389,388.10424862427584,0.054073825503355696,0.25923489932885907,0.1738221476510067,0.2144496644295302,0.35411073825503353,23941.476510067114,56.281879194630875
2024-12-30,THFT,296,13,24,0.04391891891891892,0.08108108108108109,2.311097812200324,26.519742531998748,86.86157079230485,726.7587368855524,44.89578243981828,381.19932341037264,0.049527027027027014,0.21573986486486485,0.13548310810810812,0.18194594594594593,0.31396621621621623,33483.5,41.983108108108105
2024-12-31,ASLT,298,101,59,0.3389261744966443,0.19798657718120805,2.2614373877740284,26.30884433561082,91.28017320229404,774.3810424987614,45.68091033072083,396.38588947654665,0.05193959731543623,0.24105704697986574,0.1639496644295302,0.2024496644295302,0.3475201342281879,26877.27852348993,51.95302013422819
2024-12-31,THFT,265,7,19,0.026415094339622643,0.07169811320754717,2.411682154840523,26.58230452905702,85.68553070221795,751.8923169978698,44.38327627280863,393.2800901899985,0.048226415094339614,0.22570566037735848,0.15098867924528303,0.18010188679245281,0.32465660377358485,30683.96603773585,44.90943396226415
2025-01-01,ASLT,460,160,78,0.34782608695652173,0.16956521739130434,2.2187330214795082,26.44041075474438,93.63893295797375,769.8774164684382,45.89672679407889,387.3979014776631,0.054369565217391294,0.25576521739130437,0.17620434782608696,0.2114891304347826,0.35886521739130434,24905.652173913044,56.55434782608695
2025-01-01,THFT,265,14,15,0.052830188679245285,0.05660377358490566,2.353750131852762,26.376127069131147,89.25975376596875,765.4199335192222,45.720059244572916,397.47365573019397,0.04791698113207546,0.21876603773584904,0.1476150943396226,0.18550188679245283,0.3249547169811321,31798.849056603773,44.48301886792453
2025-01-02,ASLT,262,84,68,0.32061068702290074,0.2595419847328244,2.165230798398873,26.32692436454676,93.95298612294953,771.6262302773691,45.85506970596858,386.6514008168477,0.05773664122137403,0.2646984732824427,0.17606106870229007,0.2199503816793893,0.3649236641221374,22911.637404580153,59.29007633587786
2025-01-02,THFT,276,12,23,0.043478260869565216,0.08333333333333333,2.405874307833841,26.847214349731487,85.54227730266936,760.8225562843801,44.34972489017697,396.61416375110144,0.044836956521739114,0.21104347826086955,0.1408369565217391,0.17846739130434783,0.3224565217391305,31441.134057971016,42.26086956521739
2025-01-03,ASLT,271,81,65,0.2988929889298893,0.23985239852398524,2.1470125485136164,26.06012537173368,92.42160302692112,757.0443021384332,45.4539056642942,380.6890782137472,0.05655350553505533,0.2587011070110701,0.17273431734317343,0.21166420664206642,0.3533062730627306,25553.926199261994,56.18450184501845
2025-01-03,THFT,274,12,27,0.043795620437956206,0.09854014598540146,2.4369184995601554,26.56371424189255,86.21158351073495,746.6171047576496,44.61498785675972,389.7571310081599,0.0470912408759124,0.21172627737226277,0.13631021897810217,0.17591970802919707,0.3153175182481752,33095.20437956204,41.481751824817515
2025-01-04,ASLT,277,97,63,0.35018050541516244,0.22743682310469315,2.4260867164755453,26.872014164096257,91.73919492995294,786.8111511013846,45.713530268527926,402.67761699285523,0.049184115523465695,0.2516101083032491,0.17016606498194944,0.19950902527075812,0.3551119133574007,25595.339350180504,53.69675090252708
2025-01-04,THFT,267,7,22,0.026217228464419477,0.08239700374531835,2.282672613941074,26.534543974589905,87.34697460535823,738.2737067117771,44.980276154747344,386.09253908683746,0.04288764044943819,0.2152434456928839,0.14072284644194757,0.16719850187265917,0.31341573033707865,33998.7191011236,40.756554307116104
2025-01-05,ASLT,281,110,75,0.3914590747330961,0.2669039145907473,2.21559225085036,26.450570887725384,91.96034557542626,759.3695916127665,45.41385020302969,384.1415022224377,0.05465836298932383,0.2531459074733096,0.1757437722419929,0.21510320284697507,0.3533523131672598,24351.540925266905,56.77224199288256
2025-01-05,THFT,248,25,26,0.10080645161290322,0.10483870967741936,2.3355609052019717,26.528856768373313,86.52830949503202,772.3182249264706,44.80748835668328,405.7697676487379,0.04754032258064515,0.2146774193548387,0.14361290322580644,0.18347580645161288,0.3227903225806451,31077.141129032258,43.62903225806452
2025-01-06,ASLT,238,69,59,0.28991596638655465,0.24789915966386555,2.263068545450307,26.73988216963742,90.46772065351685,746.7326736448664,45.075684750744934,379.41524961469327,0.05293697478991595,0.2535504201680672,0.17317226890756302,0.206218487394958,0.3566302521008403,24686.915966386554,55.10504201680672
2025-01-06,THFT,276,10,18,0.036231884057971016,0.06521739130434782,2.2680395649319935,26.198735408469254,86.88536676659842,758.8743360425866,44.829920472246194,395.7647477805,0.047405797101449265,0.21118478260869564,0.1368369565217391,0.17822101449275363,0.3166014492753623,33176.557971014496,41.80072463768116
2025-01-07,ASLT,242,76,66,0.3140495867768595,0.2727272727272727,2.463326210545818,26.638253511742754,90.06645386518869,789.6752339876781,45.132388314866525,399.2071392711033,0.052297520661157004,0.26194214876033056,0.176400826446281,0.2023471074380165,0.3551404958677686,25033.714876033056,55.18595041322314
2025-01-07,THFT,251,7,29,0.027888446215139442,0.11553784860557768,2.2398700714606288,26.53125464672292,87.53360955366368,736.2788007389123,44.72529471860046,383.141333764261,0.04886454183266931,0.2159840637450199,0.14117529880478086,0.18270916334661355,0.32450996015936256,31543.314741035858,43.66533864541832
2025-01-08,ASLT,218,62,53,0.28440366972477066,0.24311926605504589,2.143429979082671,26.48444657220936,92.50006488072924,728.451957372966,45.80410785298954,373.06671524724675,0.04917889908256879,0.2595,0.17664220183486237,0.19697247706422016,0.3519954128440367,25226.1376146789,54.69724770642202
2025-01-08,THFT,296,7,26,0.02364864864864865,0.08783783783783784,2.376509042747259,26.365888088698917,90.26056051514448,786.5313341217166,45.50776009051358,404.63911294797094,0.04639527027027026,0.22361148648648646,0.14727027027027026,0.1835743243243243,0.32839864864864865,30287.56418918919,45.3445945945946
2025-01-09,ASLT,260,62,78,0.23846153846153847,0.3,2.320657561428491,26.930012160660894,94.11943552935797,763.650342455995,46.09771578252945,383.01462369140654,0.051442307692307676,0.25691153846153847,0.17397307692307692,0.20471153846153844,0.35953846153846153,24203.03076923077,55.434615384615384
2025-01-09,THFT,271,12,23,0.04428044280442804,0.08487084870848709,2.1731466173491,26.622391777697757,87.18106622814273,743.6735704281999,45.04382013570136,386.444296675917,0.042878228782287815,0.21071955719557195,0.136070110701107,0.16105166051660516,0.3107490774907749,35251.54612546125,38.8929889298893
2025-01-10,ASLT,240,75,65,0.3125,0.2708333333333333,2.214620365638677,26.592017787019284,95.33529698488012,754.5306209635291,46.67483827350586,384.17932958624584,0.05303749999999999,0.24704583333333333,0.17410416666666664,0.20732499999999998,0.35155,24161.5125,54.30416666666667
2025-01-10,THFT,275,13,25,0.04727272727272727,0.09090909090909091,2.2106288419584437,26.573171290887124,86.94107395484822,746.375242231816,44.771859422285665,388.65476559793456,0.049076363636363626,0.22308727272727272,0.14665454545454545,0.18742545454545456,0.32809454545454547,31130.46181818182,45.589090909090906
2025-01-11,ASLT,297,108,79,0.36363636363636365,0.265993265993266,2.254889482270085,26.437876020047582,91.42228072725655,770.8167728275805,45.42498055597963,391.08876323617875,0.055670033670033654,0.2546868686868687,0.16994949494949493,0.21618855218855218,0.3511178451178451,24445.08754208754,56.02020202020202
2025-01-11,THFT,266,10,27,0.03759398496240601,0.10150375939849623,2.2562750815261094,26.764437190808533,86.69985049870522,758.4529240925616,44.99062964369397,396.69220411300114,0.0434360902255639,0.19599624060150375,0.13306766917293233,0.17038345864661653,0.31417293233082705,34196.924812030076,39.1578947368421
2025-01-12,ASLT,273,105,64,0.38461538461538464,0.23443223443223443,2.4036831776474097,26.614915172761126,94.96759079504326,779.9516393614953,46.34731832500811,392.6680805613359,0.0565091575091575,0.24603663003663,0.16916117216117216,0.21279120879120877,0.358010989010989,24779.322344322343,55.46153846153846
2025-01-12,THFT,241,12,17,0.04979253112033195,0.07053941908713693,2.1175561112653125,26.23004156336267,88.48948112489411,739.5836466857693,45.26325905197975,383.2810659577901,0.046161825726141074,0.21054771784232365,0.14480082987551868,0.18126141078838173,0.31807468879668044,33897.224066390045,42.82572614107884
2025-01-13,ASLT,226,69,58,0.3053097345132743,0.25663716814159293,2.225149278768635,26.540801941549105,96.37886283478727,746.9945860854734,46.57849480419143,370.68140222337877,0.05670353982300883,0.27098230088495573,0.1768097345132743,0.21440265486725663,0.3589867256637168,23284.37168141593,58.41150442477876
2025-01-13,THFT,295,12,17,0.04067796610169491,0.0576271186440678,2.3774648467201973,26.648905812185905,86.80674742182161,765.8471294009603,44.48770905078152,398.43407003146984,0.04897966101694914,0.2239457627118644,0.14692881355932202,0.18864745762711863,0.3275694915254237,27916.62372881356,45.884745762711866
2025-01-14,ASLT,263,76,75,0.2889733840304182,0.28517110266159695,2.235429732968137,26.36747281798877,93.55340115184306,756.2360559207377,45.88764915023313,382.06270685207835,0.05452471482889733,0.26800380228136883,0.1793041825095057,0.21192015209125475,0.35649429657794673,23686.45627376426,57.55893536121673
2025-01-14,THFT,247,7,30,0.02834008097165992,0.1214574898785425,2.3116122543963784,26.744271703090124,87.86280778486687,730.5619484916724,45.095870724849206,380.42045648454086,0.046805668016194325,0.22172469635627529,0.14243319838056678,0.1793157894736842,0.3189109311740891,31810.57894736842,43.51417004048583
2025-01-15,ASLT,245,59,86,0.24081632653061225,0.3510204081632653,2.225818371701238,26.23692037367278,93.98891146352688,755.2600223822225,46.34366487178226,382.4423377692845,0.05434285714285713,0.25940816326530614,0.1730816326530612,0.20675102040816326,0.35312653061224486,24648.371428571427,55.56734693877551
2025-01-15,THFT,286,11,31,0.038461538461538464,0.10839160839160839,2.4777349170454093,27.26380380469296,87.20766410642305,772.3483024340018,45.01499611678652,401.90709921564616,0.046475524475524464,0.2090874125874126,0.14036013986013987,0.1800314685314685,0.3270104895104895,31541.653846153848,42.86013986013986
2025-01-16,ASLT,265,71,82,0.2679245283018868,0.30943396226415093,2.141218178318254,26.570502626029686,94.58670745914178,729.3414260995788,46.18847708707794,368.4456180305185,0.05582641509433961,0.26304150943396226,0.17626415094339623,0.2130867924528302,0.35973962264150944,23135.70566037736,57.62264150943396
2025-01-16,THFT,287,7,29,0.024390243902439025,0.10104529616724739,2.300486998897988,26.729826931759355,88.34996864256745,761.5752410152265,45.285284723798725,396.4552819541397,0.04755052264808362,0.20268989547038327,0.1317979094076655,0.18522299651567944,0.31136933797909405,32955.65853658537,40.69337979094077
2025-01-17,ASLT,273,70,69,0.2564102564102564,0.25274725274725274,2.4222232085323663,26.806803364272746,93.52301518380482,763.7361587245966,45.8587765771293,382.94765592112566,0.0536117216117216,0.26191941391941387,0.17684249084249085,0.20710256410256409,0.35735164835164834,24708.68131868132,56.35897435897436
2025-01-17,THFT,339,14,22,0.04129793510324484,0.06489675516224189,2.3157318352237652,26.397875657477588,87.05121822779412,753.5377986558209,44.98147691936495,395.7975484149026,0.04479351032448376,0.2127197640117994,0.14193215339233037,0.17628318584070796,0.31774631268436576,32109.734513274336,41.75221238938053
2025-01-18,ASLT,302,116,67,0.3841059602649007,0.22185430463576158,2.2150989627565236,26.33396196006635,91.51357854997744,763.6894476888099,45.68117304845996,390.306287576052,0.05101324503311257,0.2434801324503311,0.1688774834437086,0.19723841059602648,0.34696026490066223,27345.798013245032,52.48344370860927
2025-01-18,THFT,307,6,28,0.019543973941368076,0.09120521172638436,2.332370013052382,26.6025855417752,87.73804209629711,745.3013989400276,45.0120157548146,387.51717729602444,0.049081433224755694,0.2174788273615635,0.13845602605863191,0.18003908794788273,0.31858631921824104,32399.296416938112,42.82084690553746
2025-01-19,ASLT,248,85,66,0.34274193548387094,0.2661290322580645,2.2559193626398,26.277125336904312,93.29962028653812,770.1085077597371,46.06039655257126,389.02427847113546,0.05635887096774192,0.2589274193548387,0.16890322580645162,0.2101008064516129,0.3512217741935484,25653.33870967742,55.41129032258065
2025-01-19,THFT,248,8,27,0.03225806451612903,0.10887096774193548,2.296386943605456,26.71914751456737,89.20990997046138,754.7566271010609,45.42936756891804,389.8581333137758,0.04535080645161289,0.22068145161290323,0.14640725806451613,0.17666935483870969,0.323741935483871,32317.04435483871,43.733870967741936
2025-01-20,ASLT,212,81,53,0.38207547169811323,0.25,2.183352766336251,26.297927139820516,91.6321469240662,746.4752280532255,45.501603123134586,378.45131843082504,0.0528820754716981,0.26411792452830185,0.17405188679245284,0.19967924528301886,0.3535,25158.844339622643,55.0377358490566
2025-01-20,THFT,222,11,15,0.04954954954954955,0.06756756756756757,2.1926619855893734,26.464032150249025,84.01724718186492,745.6196006450485,43.960951691187226,389.8352549674703,0.04664864864864864,0.2141261261261261,0.13626126126126126,0.17603603603603604,0.31235585585585585,33944.81081081081,41.36036036036036
2025-01-21,ASLT,200,76,48,0.38,0.24,2.27751084721025,26.565138194932274,92.51169329294763,783.89173726213,45.48127334826095,394.4558958705945,0.054129999999999984,0.246965,0.16755499999999998,0.20977,0.354135,24597.51,54.335
2025-01-21,THFT,228,15,27,0.06578947368421052,0.11842105263157894,2.2961888088022047,27.29384495589495,87.52333856797512,743.4075407822338,44.91433784313734,386.2254833007759,0.049407894736842095,0.2192719298245614,0.14125,0.18159649122807017,0.32094298245614034,32166.19298245614,44.21491228070175
2025-01-22,ASLT,233,72,58,0.3090128755364807,0.24892703862660945,2.260457750399402,26.23083227987015,94.78459952211436,745.8089335047077,46.413801871947186,377.9306022645644,0.0528154506437768,0.2550557939914163,0.1727381974248927,0.20358798283261803,0.3496909871244635,25237.472103004293,54.45922746781116
2025-01-22,THFT,244,9,20,0.036885245901639344,0.08196721311475409,2.3621532108411603,27.28371905019932,87.79760274275215,708.3701746002524,44.94275423006792,372.25335697705987,0.04378688524590163,0.21825819672131147,0.14505327868852455,0.16847131147540984,0.3210204918032787,31126.122950819674,42.34426229508197
2025-01-23,ASLT,267,79,72,0.2958801498127341,0.2696629213483146,2.3191380641869124,26.385246781688156,92.53828104805964,740.5888404915252,45.77585021213487,375.0752514163105,0.05344569288389511,0.2615318352059925,0.17739700374531833,0.20846067415730338,0.35547191011235957,24549.078651685395,56.53183520599251
2025-01-23,THFT,264,6,24,0.022727272727272728,0.09090909090909091,2.353823059234422,26.668745841783764,87.6780612821837,768.7994406287504,44.99142131485363,402.08296011147195,0.04450757575757575,0.2083371212121212,0.1403030303030303,0.17453787878787877,0.32282954545454545,32140.128787878788,41.93939393939394
2025-01-24,ASLT,236,81,54,0.3432203389830508,0.2288135593220339,2.203732169251747,26.16649304110426,95.15186425500373,749.0361907716763,46.176775319574716,374.55158737482674,0.054923728813559315,0.2637542372881356,0.17918644067796607,0.21014830508474575,0.35546610169491527,24631.3093220339,56.92372881355932
2025-01-24,THFT,289,14,30,0.04844290657439446,0.10380622837370242,2.3001151154957933,26.426230518285056,86.90349971323978,727.0052954202276,44.74945750061621,380.98807887486714,0.04819031141868511,0.22277854671280276,0.14295501730103807,0.18230103806228373,0.3208062283737024,31446.76124567474,44.03114186851211
2025-01-25,ASLT,270,96,65,0.35555555555555557,0.24074074074074073,2.354764987610228,26.494333435547126,95.20911170801077,761.7798299107751,46.3808817967091,382.587534406893,0.056151851851851835,0.25205185185185186,0.17388888888888887,0.2189259259259259,0.36295925925925926,22514.485185185185,57.11851851851852
2025-01-25,THFT,259,9,26,0.03474903474903475,0.10038610038610038,2.135288160937327,27.061007430456385,87.67523914086829,714.8750921371475,44.746368381188816,370.20389590017953,0.04369884169884169,0.2142239382239382,0.1381853281853282,0.16394980694980696,0.32238223938223937,33477.75675675676,40.86486486486486
2025-01-26,ASLT,293,113,80,0.3856655290102389,0.27303754266211605,2.35156777361885,26.85571296909565,90.21626791874162,763.9370476630734,45.00281534901897,387.7887421682928,0.05340955631399316,0.2522559726962457,0.17429351535836177,0.20827986348122865,0.3531569965870307,24583.692832764504,55.07849829351536
2025-01-26,THFT,257,10,28,0.038910505836575876,0.10894941634241245,2.173298132465594,26.377550284984526,88.34075410105767,753.0243670626066,44.92763154373382,388.06191191830544,0.04749027237354085,0.22494941634241244,0.14620233463035018,0.18208560311284047,0.3247976653696498,32524.1906614786,44.599221789883266
2025-01-27,ASLT,294,76,82,0.2585034013605442,0.2789115646258503,2.4849247856558336,26.917445441814298,92.27384124548155,777.2199525586411,45.673744345650015,393.36778822106805,0.051214285714285705,0.2509795918367347,0.1728877551020408,0.20747959183673467,0.35238435374149657,24355.918367346938,54.7312925170068
2025-01-27,THFT,280,9,38,0.03214285714285714,0.1357142857142857,2.312962798599734,26.734157371625944,86.54434408096944,750.8605173973285,44.394443843437884,387.4968998690707,0.04595714285714284,0.21964642857142858,0.1460607142857143,0.180675,0.322175,30697.014285714286,43.964285714285715
2025-01-28,ASLT,293,98,71,0.33447098976109213,0.24232081911262798,2.2930218643404165,26.82616642614514,90.64659111858482,780.6215973407935,45.124536162619044,393.74636423158535,0.05220136518771329,0.2525767918088737,0.1797815699658703,0.20732764505119453,0.35994539249146756,23902.180887372015,56.45392491467577
2025-01-28,THFT,301,13,30,0.04318936877076412,0.09966777408637874,2.393038808011616,26.94236021007988,85.76385311686067,729.2328149324946,44.8262687945794,384.7028802764289,0.045199335548172744,0.21013953488372092,0.13978737541528238,0.1733222591362126,0.3156478405315615,32206.654485049832,41.388704318936874
2025-01-29,ASLT,284,64,66,0.22535211267605634,0.2323943661971831,2.385969496750101,26.445922435650917,92.92706586457935,758.743898265299,45.918022481806226,385.5681129485183,0.05267957746478872,0.25170070422535207,0.16914788732394365,0.20398239436619717,0.35024647887323945,25318.264084507042,53.99647887323944
2025-01-29,THFT,318,11,30,0.03459119496855346,0.09433962264150944,2.3421874708167567,26.89783027293937,85.13717170389062,757.4987780683575,44.161838014173824,394.44117630298774,0.04737735849056603,0.2204025157232704,0.14543081761006288,0.186811320754717,0.32466981132075473,30736.245283018867,44.833333333333336
2025-01-30,ASLT,303,80,68,0.264026402640264,0.22442244224422442,2.326838669001907,26.832695068226204,89.73032067946481,726.6557612507278,45.15468824475038,373.54466466828353,0.05206270627062705,0.2466105610561056,0.1648085808580858,0.20220462046204618,0.34599009900990096,26277.960396039605,52.23432343234323
2025-01-30,THFT,261,8,27,0.03065134099616858,0.10344827586206896,2.318527482871951,26.01890086746082,84.00273550020039,740.1295700293288,43.92612045302091,390.0738185866391,0.04739463601532566,0.21980459770114943,0.1409616858237548,0.18094636015325669,0.31627203065134096,31910.34865900383,43.172413793103445
2025-01-31,ASLT,267,75,68,0.2808988764044944,0.2546816479400749,2.241247755644267,26.307949683257043,96.73996122736496,733.3093526166326,46.97005815495202,370.75299907200974,0.05768539325842695,0.26216853932584266,0.174374531835206,0.21893258426966292,0.35208239700374533,23487.299625468164,57.235955056179776
2025-01-31,THFT,305,11,28,0.036065573770491806,0.09180327868852459,2.167093176477543,26.33195407592955,88.0569106393734,763.2935386064901,45.00882339038642,394.19739263437805,0.049557377049180326,0.2233934426229508,0.1447967213114754,0.186527868852459,0.3227311475409836,31270.609836065574,45.308196721311475
2025-02-01,ASLT,354,133,68,0.3757062146892655,0.192090395480226,2.2479002484703288,26.436455830964213,92.08029763223043,772.158206424774,45.58594847564046,390.43198061959293,0.053895480225988696,0.2555,0.1700225988700565,0.20903107344632768,0.3515508474576271,24356.59604519774,55.440677966101696
2025-02-01,THFT,330,9,34,0.02727272727272727,0.10303030303030303,2.32825633156487,26.29892639884731,90.84410432681477,775.5750513261321,45.786011502705996,397.52452985814307,0.04581818181818181,0.2203181818181818,0.14959090909090908,0.18066060606060605,0.3271090909090909,32486.10606060606,44.54545454545455
2025-02-02,ASLT,326,117,80,0.3588957055214724,0.24539877300613497,2.3511360155910883,26.417214928656065,95.21536814906912,754.2015459936172,46.57304672802097,381.52454881364844,0.05287423312883434,0.2476687116564417,0.17062269938650307,0.20661042944785274,0.35008588957055214,26141.65337423313,54.17484662576687
2025-02-02,THFT,254,5,27,0.01968503937007874,0.1062992125984252,2.332175910402481,26.687581411835474,87.17902300108868,760.1215078361429,45.03864252402028,395.63380423910945,0.04238582677165353,0.21396456692913385,0.14478740157480313,0.1640275590551181,0.3198700787401575,33407.37795275591,41.28740157480315
2025-02-03,ASLT,268,63,70,0.23507462686567165,0.26119402985074625,2.169642230974994,26.457454298679306,94.26681498559866,735.3858194535161,46.38060093902819,374.5539892115944,0.054477611940298494,0.2540149253731343,0.16845522388059703,0.20611194029850746,0.34480597014925374,25440.123134328358,54.559701492537314
2025-02-03,THFT,329,13,22,0.03951367781155015,0.0668693009118541,2.2651364887223835,26.65213173017557,87.67437642975499,763.8093444358349,45.13594816287924,398.6825736606273,0.0455562310030395,0.21954407294832823,0.1464042553191489,0.17125227963525835,0.32083282674772035,31681.66869300912,42.86018237082067
2025-02-04,ASLT,240,69,71,0.2875,0.29583333333333334,2.2903126827569147,26.550619083905065,93.36280551338794,762.5453577733567,46.04463050486343,383.97756224682166,0.053249999999999985,0.2553083333333333,0.17350416666666665,0.20207916666666664,0.3548625,25877.533333333333,54.37916666666667
2025-02-04,THFT,291,13,28,0.044673539518900345,0.09621993127147767,2.3791436209482306,27.010877132199685,86.88336887106327,763.7654493112962,44.82984510700502,397.54786890476595,0.04640893470790377,0.22229209621993126,0.1499553264604811,0.17787285223367696,0.3274020618556701,29913.776632302404,44.8041237113402
2025-02-05,ASLT,267,75,64,0.2808988764044944,0.2397003745318352,2.301593630601275,26.629511768428866,90.26492416173974,754.3931312840235,45.201045306840996,384.2502817324629,0.053955056179775265,0.24770411985018725,0.16406367041198502,0.19967790262172286,0.34210861423220973,26296.55805243446,51.846441947565545
2025-02-05,THFT,249,10,35,0.040160642570281124,0.14056224899598393,2.432570472229392,26.345656291327913,86.09187191704828,766.3370912258675,44.61888556833271,399.78088490133655,0.04786746987951806,0.2227710843373494,0.14907228915662651,0.18761044176706826,0.32630522088353414,30709.277108433736,45.325301204819276
2025-02-06,ASLT,221,61,61,0.27601809954751133,0.27601809954751133,2.295223728854773,26.255657396113115,91.17917997293918,753.2444915035204,45.413214111549436,384.61066289656696,0.05405882352941174,0.2666380090497737,0.17937104072398188,0.21258823529411763,0.3592805429864253,23925.882352941175,57.484162895927604
2025-02-06,THFT,253,6,26,0.023715415019762844,0.10276679841897234,2.417115287375128,26.607229422118113,87.24788232229939,766.7787940037431,44.81598837598227,398.4944286220486,0.04769169960474307,0.22041501976284586,0.14473913043478262,0.1837114624505929,0.32546640316205533,30943.529644268776,44.67193675889328
2025-02-07,ASLT,278,62,87,0.22302158273381295,0.3129496402877698,2.324409198858377,26.339971558681967,91.64173672236328,775.0411663761,45.346200030901095,389.96271324232123,0.05757913669064747,0.25348920863309354,0.16863309352517983,0.21434892086330934,0.353136690647482,24027.428057553956,55.82014388489208
2025-02-07,THFT,318,11,36,0.03459119496855346,0.11320754716981132,2.47498951455445,27.5166791889651,88.02961452322755,761.3195128686839,44.9683279984885,394.39912695839246,0.050176100628930805,0.22523899371069178,0.1474245283018868,0.1894559748427673,0.32921069182389934,29603.11320754717,46.57861635220126
2025-02-08,ASLT,274,91,80,0.33211678832116787,0.291970802919708,2.311535949653721,26.320506403109366,94.36667696823302,771.343225078985,46.11005513948606,387.7082581978821,0.05363868613138685,0.25750364963503647,0.1787810218978102,0.21334671532846716,0.35693430656934305,24608.700729927008,56.7007299270073
2025-02-08,THFT,257,13,18,0.05058365758754864,0.07003891050583658,2.155682299818573,26.080251902945573,87.10060576056112,713.1348574875202,44.82023401012322,375.0074541375794,0.04864202334630349,0.22670817120622566,0.14426070038910505,0.1851556420233463,0.3177587548638132,32006.677042801555,44.42412451361868
2025-02-09,ASLT,250,103,62,0.412,0.248,2.2985492985899096,26.664618438225197,97.25321305587015,771.1563257832039,46.89840272998005,384.5949413890832,0.05575999999999999,0.261252,0.177904,0.21689999999999998,0.36346,23177.06,58.272
2025-02-09,THFT,263,12,24,0.045627376425855515,0.09125475285171103,2.206030453717516,26.969625840897283,87.83855961741963,761.3798636858581,45.19236012602299,394.91245971084453,0.044224334600760445,0.2186425855513308,0.14487072243346008,0.1681787072243346,0.3188174904942966,32713.42585551331,41.85551330798479
2025-02-10,ASLT,289,90,73,0.31141868512110726,0.25259515570934254,2.279434628157888,26.43444518479201,93.92440822474664,768.286378120463,45.877402879187024,386.4888345819993,0.05542560553633217,0.2556228373702422,0.17621107266435984,0.21373010380622834,0.35947750865051903,24001.882352941175,56.62629757785467
2025-02-10,THFT,296,12,34,0.04054054054054054,0.11486486486486487,2.289384405506594,26.33290363388594,84.72490722223401,745.4087831018372,43.995235698932674,390.34035395005236,0.0476385135135135,0.2264222972972973,0.15289527027027025,0.18594256756756755,0.326027027027027,30153.804054054053,45.92567567567568
2025-02-11,ASLT,241,63,60,0.26141078838174275,0.24896265560165975,2.132668816483275,26.20288411103451,96.03299028881844,742.9370414485361,46.54596811524039,370.92179321633444,0.05590041493775932,0.2523900414937759,0.1690414937759336,0.20567219917012447,0.34655186721991704,26890.38589211618,54.37759336099585
2025-02-11,THFT,263,12,31,0.045627376425855515,0.11787072243346007,2.3019817111582794,26.4354258075959,89.49361545890434,742.5864568910235,45.772293498262314,388.46664134312437,0.044760456273764244,0.2206615969581749,0.14447908745247148,0.17031558935361216,0.3171406844106464,33037.692015209126,42.40684410646388
2025-02-12,ASLT,182,61,55,0.33516483516483514,0.3021978021978022,2.299402818887076,26.276833519298613,95.65708392488757,758.0577942953181,46.804652660667934,383.7323266003478,0.05759890109890108,0.2533241758241758,0.17423076923076922,0.21485164835164836,0.34844505494505496,25157.093406593405,55.81318681318681
2025-02-12,THFT,226,5,29,0.022123893805309734,0.12831858407079647,2.4547419352000293,26.97720504955677,88.80865664696933,763.8696410582271,45.476280446894755,397.36702458820525,0.04508849557522123,0.20858407079646019,0.14034955752212389,0.1726991150442478,0.3186283185840708,32592.641592920354,41.69911504424779
2025-02-13,ASLT,234,73,59,0.31196581196581197,0.25213675213675213,2.16678119456281,26.3860665983165,95.77246273939103,746.6494436645684,46.343829337679615,375.3013884090218,0.054666666666666655,0.2579188034188034,0.17591880341880342,0.20681196581196581,0.3578504273504273,24409.55128205128,56.5
2025-02-13,THFT,252,7,24,0.027777777777777776,0.09523809523809523,2.328406947517819,26.92868733757788,83.38017332637948,734.1942734809278,43.78856429562381,388.1434170431726,0.044722222222222205,0.21028174603174604,0.13954761904761903,0.1694047619047619,0.3189563492063492,33117.25793650794,41.285714285714285
2025-02-14,ASLT,238,71,63,0.29831932773109243,0.2647058823529412,2.2039921214543288,26.318870591389043,97.37443674309534,755.0186408730029,46.81986163854695,375.1726245731357,0.05972268907563024,0.2630672268907563,0.17252941176470588,0.22593697478991595,0.35784873949579826,23576.96638655462,58.54201680672269
2025-02-14,THFT,276,11,21,0.03985507246376811,0.07608695652173914,2.4466324979023777,26.407250713212374,87.8996995722826,742.3833571727815,44.97349319763158,386.33287248836666,0.045528985507246364,0.216713768115942,0.14540942028985507,0.18216666666666667,0.3243405797101449,31851.25,44.242753623188406
2025-02-15,ASLT,274,118,70,0.4306569343065693,0.25547445255474455,2.2259154889043042,26.538716870959423,94.09713634215905,761.4890812519898,46.2691623777622,385.1731993900066,0.053405109489051084,0.24477372262773722,0.16803649635036494,0.20623357664233574,0.3451167883211679,25589.29197080292,53.47810218978102
2025-02-15,THFT,249,11,17,0.04417670682730924,0.06827309236947791,2.139022822055229,26.20024837040961,91.62012082501467,737.4993805496699,46.25840884570054,380.8651022913156,0.041791164658634535,0.21348995983935742,0.1455180722891566,0.16439357429718873,0.3147309236947791,35339.99196787149,40.7710843373494
2025-02-16,ASLT,254,87,77,0.3425196850393701,0.3031496062992126,2.253717083997151,26.69316593207436,95.14001475729997,760.1505646649863,46.485830503442415,379.6392740606169,0.053440944881889746,0.25201574803149607,0.16379133858267714,0.20001574803149605,0.3471417322834645,26624.696850393702,53.196850393700785
2025-02-16,THFT,232,16,32,0.06896551724137931,0.13793103448275862,2.354342223715551,26.735811333371355,86.40577894418793,730.6757519360513,44.80863843816177,383.22159502569826,0.047336206896551714,0.21662499999999998,0.14067241379310344,0.17272413793103447,0.31309482758620694,33329.525862068964,42.25
2025-02-17,ASLT,255,103,67,0.403921568627451,0.2627450980392157,2.1366909391227753,27.020671989586592,95.11782148691253,730.4210838433764,46.46631589340756,366.36441675875056,0.05157647058823528,0.25688627450980395,0.16883137254901961,0.19694117647058823,0.35253725490196075,25839.61960784314,53.23529411764706
2025-02-17,THFT,196,10,27,0.05102040816326531,0.1377551020408163,2.329690219596584,27.121107104948795,87.33675638496845,739.558216048245,44.9244623457338,388.4113106894474,0.04899999999999999,0.22204081632653058,0.14782653061224488,0.18577040816326532,0.3275459183673469,29707.244897959183,45.224489795918366
2025-02-18,ASLT,233,68,72,0.2918454935622318,0.3090128755364807,2.3131803689217105,26.45541390582521,94.08855837490452,752.7901139233932,46.102237290073866,378.94593477809786,0.059592274678111574,0.25893562231759654,0.17215450643776822,0.22112017167381975,0.35119313304721034,23728.742489270386,57.32618025751073
2025-02-18,THFT,251,7,26,0.027888446215139442,0.10358565737051793,2.4046145667537724,26.6898826233727,87.93500045420848,760.9072893176951,45.07670088386379,396.1321302809677,0.04559362549800796,0.20950597609561752,0.14422709163346614,0.17965338645418324,0.32217529880478085,30753.772908366533,42.9800796812749
2025-02-19,ASLT,247,75,65,0.30364372469635625,0.2631578947368421,2.3422715710986046,26.242352721822172,92.50257799657574,776.8653640704626,45.59304341038801,390.7793416084607,0.05482995951417003,0.25367611336032386,0.17245748987854248,0.2091497975708502,0.35280566801619434,24770.546558704453,56.05263157894737
2025-02-19,THFT,252,6,19,0.023809523809523808,0.07539682539682539,2.2471873396668363,26.51885350167077,88.97602412220583,752.5155977496127,45.366013451372915,390.29835405996465,0.04902777777777777,0.22174603174603172,0.14755555555555555,0.18938888888888888,0.3233690476190476,30883.714285714286,45.72222222222222
2025-02-20,ASLT,241,66,63,0.27385892116182575,0.26141078838174275,2.198872033522313,26.415003182466517,93.78687577435952,719.8417067831278,46.239641744336865,365.8999524063929,0.05134439834024895,0.24528215767634853,0.16389626556016595,0.19793775933609956,0.33735684647302905,27533.97510373444,51.6597510373444
2025-02-20,THFT,290,13,24,0.04482758620689655,0.08275862068965517,2.3195296354554813,26.37505127903447,85.20470954911808,740.566082834827,44.36647019733481,389.31361368831205,0.04554137931034481,0.2280862068965517,0.14345862068965515,0.17470344827586207,0.32037241379310344,32053.779310344828,43.49310344827586
2025-02-21,ASLT,282,84,79,0.2978723404255319,0.2801418439716312,2.3189403171005125,26.955122533581743,90.6409594457334,764.4539028749028,45.35303843359652,389.01850808953014,0.05239361702127658,0.24376241134751772,0.16286879432624113,0.2017163120567376,0.34652836879432625,25520.58865248227,52.1063829787234
2025-02-21,THFT,282,10,30,0.03546099290780142,0.10638297872340426,2.2746839053116283,26.622661651281728,86.13991855607956,752.1489096668599,44.603028020425725,394.27658967654753,0.046173758865248216,0.2049574468085106,0.13140425531914893,0.1757836879432624,0.30968794326241134,33288.843971631206,39.726950354609926
2025-02-22,ASLT,288,97,72,0.3368055555555556,0.25,2.371264420777459,26.642175798229406,96.3826390224588,757.8394245886358,46.98285765506035,382.82856722560314,0.05353124999999999,0.24949652777777775,0.16767013888888888,0.2045520833333333,0.3500451388888889,25352.57986111111,54.020833333333336
2025-02-22,THFT,278,9,26,0.03237410071942446,0.09352517985611511,2.149956825006138,26.817070708724206,86.05671467365146,729.6953919429407,44.66336497534565,382.5909192607946,0.04755755395683452,0.21450359712230216,0.14138489208633093,0.18080935251798558,0.31847841726618703,31496.43525179856,43.35971223021583
2025-02-23,ASLT,321,105,89,0.32710280373831774,0.2772585669781931,2.420401158723048,26.96208695140226,96.99781357000661,768.0432420192984,47.00366902822127,384.35959182072895,0.05716199376947039,0.2523364485981308,0.17275077881619935,0.21562616822429906,0.35802492211838005,23987.47663551402,56.39252336448598
2025-02-23,THFT,263,12,27,0.045627376425855515,0.10266159695817491,2.2536067520222636,26.789903422642297,87.80653215980357,756.1079690229609,44.97455668852717,389.4159523408099,0.046030418250950556,0.22393536121673002,0.14377566539923953,0.17138022813688214,0.3211596958174905,32892.80608365019,42.90494296577947
2025-02-24,ASLT,285,86,80,0.3017543859649123,0.2807017543859649,2.245262998355528,27.099681471888637,95.03689390126469,794.6863898219035,46.45288453006037,397.7314877108477,0.0536736842105263,0.25722456140350874,0.17784912280701753,0.21041754385964911,0.3630175438596491,24199.171929824563,56.74035087719298
2025-02-24,THFT,324,9,34,0.027777777777777776,0.10493827160493827,2.383626894615182,26.912426747475354,87.35609936643282,725.2819141000828,45.095246014012496,381.17492659499754,0.04541666666666665,0.21334259259259256,0.14503703703703702,0.17428703703703702,0.31819753086419755,31590.867283950618,41.91975308641975
2025-02-25,ASLT,267,72,73,0.2696629213483146,0.27340823970037453,2.2468191234285464,26.29356149678739,94.52475773325129,778.0954050018577,46.47102129137126,392.76504193512994,0.052902621722846425,0.25668913857677905,0.17416104868913856,0.20311610486891385,0.35397752808988764,26052.80524344569,55.53932584269663
2025-02-25,THFT,259,11,28,0.04247104247104247,0.10810810810810811,2.2686245921526536,26.85057912474662,87.1752484394532,746.998524367617,44.88726270565011,390.7656199887977,0.04619305019305018,0.21640154440154438,0.14407335907335905,0.17798455598455598,0.3216061776061776,32053.76833976834,43.12355212355212
2025-02-26,ASLT,248,75,59,0.3024193548387097,0.23790322580645162,2.317032222424854,26.382961402206085,92.07858537915932,784.9276049222359,45.45499540073405,394.6740476070226,0.054096774193548365,0.26496370967741933,0.18439516129032257,0.2178064516129032,0.36243548387096775,21777.754032258064,59.028225806451616
2025-02-26,THFT,279,8,24,0.02867383512544803,0.08602150537634409,2.3562004436197928,26.60031224023034,89.4958273563258,790.5060273603015,45.527726591156416,407.39411075063873,0.045899641577060925,0.22620430107526882,0.15374193548387097,0.18671684587813617,0.3368279569892473,29099.293906810035,47.07168458781362
2025-02-27,ASLT,269,75,66,0.2788104089219331,0.24535315985130113,2.3158187169359716,26.893238022776934,93.53725036020889,761.637984923346,46.06505774328413,383.27791878361705,0.05476951672862452,0.25835315985130114,0.17577323420074348,0.2128364312267658,0.35188847583643124,24569.100371747212,56.14869888475837
2025-02-27,THFT,294,13,29,0.04421768707482993,0.09863945578231292,2.3033758119771894,26.525827086054015,89.29310234332365,740.484373671933,45.71400780024612,386.3194842157802,0.04818707482993196,0.2090238095238095,0.13568707482993195,0.18424489795918367,0.3150952380952381,32766.384353741498,41.46258503401361
2025-02-28,ASLT,289,89,76,0.3079584775086505,0.2629757785467128,2.3353693026056552,26.735769136031934,93.34032435442128,781.6974823835685,45.91111787859544,394.3275705430342,0.0533910034602076,0.2561280276816609,0.17444982698961936,0.20902076124567473,0.36007612456747407,23610.04152249135,56.294117647058826
2025-02-28,THFT,298,9,24,0.030201342281879196,0.08053691275167785,2.3307801394325067,26.759834236450804,87.43774678989551,748.9181613562399,44.931373482785304,389.59060821014333,0.04532885906040267,0.22258389261744965,0.14463758389261744,0.17961073825503357,0.32295637583892617,31160.55033557047,43.52684563758389
2025-03-01,ASLT,287,107,62,0.37282229965156793,0.21602787456445993,2.300838600016404,26.826981415639494,91.73681149145898,787.2632616231425,45.62615575291981,400.34640844389025,0.053547038327526116,0.24863414634146339,0.16942508710801393,0.20369337979094074,0.352404181184669,25062.975609756097,53.73867595818815
2025-03-01,THFT,263,13,16,0.049429657794676805,0.060836501901140684,2.410480760093741,26.62167660489462,88.9032312181811,773.3081576630311,45.33771367957901,401.24798850652587,0.04792775665399238,0.21895817490494296,0.14425475285171102,0.18725855513307982,0.3278973384030418,32003.634980988594,44.61216730038023
2025-03-02,ASLT,289,115,83,0.39792387543252594,0.28719723183391005,2.2015087202181434,26.06232635164231,92.00651748648127,743.9959042498775,45.81550282766712,380.25813586873284,0.05708996539792386,0.25371626297577854,0.16510034602076123,0.21091695501730104,0.3450553633217993,25345.792387543253,53.93425605536332
2025-03-02,THFT,218,7,12,0.03211009174311927,0.05504587155963303,2.4820247359560503,27.000621703587925,90.2230977728391,791.9388758420499,45.856578277771824,407.91049547563904,0.04812385321100916,0.22462844036697244,0.152545871559633,0.19181192660550458,0.33640366972477065,30288.32110091743,46.80733944954128
2025-03-03,ASLT,280,82,67,0.29285714285714287,0.2392857142857143,2.265939911042478,26.481178443499633,93.82242454974927,769.03522361335,46.12214898132739,386.4428747785218,0.05237857142857142,0.2532678571428571,0.17079642857142857,0.20220357142857143,0.34915714285714283,25549.23214285714,54.325
2025-03-03,THFT,299,10,16,0.033444816053511704,0.05351170568561873,2.3282047837802793,26.274656645266138,86.16594333056572,753.2514389296558,44.66054164439916,393.1321466944983,0.04822408026755852,0.2151772575250836,0.14023076923076921,0.1811638795986622,0.32032775919732437,33252.1237458194,42.90969899665552
2025-03-04,ASLT,279,98,64,0.35125448028673834,0.22939068100358423,2.2940997651234345,26.467239080368774,94.25348351478647,756.2249476423501,46.16249538374846,379.7995890739014,0.051974910394265224,0.25717921146953404,0.16964874551971326,0.20597491039426521,0.3463333333333333,25697.086021505376,54.51254480286738
2025-03-04,THFT,249,7,24,0.028112449799196786,0.0963855421686747,2.304373260010367,26.170228373677723,85.35425447094288,750.2409166442413,44.45953073785487,394.6306126542068,0.04525301204819276,0.22395983935742972,0.14568674698795178,0.176574297188755,0.3185301204819277,32592.895582329318,43.65461847389558
2025-03-05,ASLT,244,76,67,0.3114754098360656,0.27459016393442626,2.1838733967986697,26.198036945148296,96.15888267331802,744.7749568023963,46.73081638337067,373.9782133032545,0.05733606557377048,0.2492090163934426,0.16530737704918033,0.21909016393442624,0.3436147540983607,25818.266393442624,55.127049180327866
2025-03-05,THFT,311,11,31,0.03536977491961415,0.09967845659163987,2.3169202931534785,26.502554078792777,87.775350224274,763.5688766934708,45.07188696229081,396.5455091176794,0.04417041800643086,0.2189389067524116,0.14773954983922827,0.17646623794212218,0.32303858520900325,32177.405144694534,43.765273311897104
2025-03-06,ASLT,265,81,73,0.30566037735849055,0.27547169811320754,2.2807824578915272,26.996254441917266,92.97983167973683,780.2941557190366,45.833337629457695,392.0519686934064,0.05410943396226414,0.2511849056603773,0.16980377358490564,0.21021509433962263,0.3515811320754717,24769.275471698114,54.64150943396226
2025-03-06,THFT,252,12,15,0.047619047619047616,0.05952380952380952,2.352397915208278,27.04492632247536,86.04102096079966,757.773642610352,44.456769938007845,395.5851067800873,0.04412301587301586,0.21847222222222223,0.1441547619047619,0.1709642857142857,0.32767857142857143,31389.555555555555,43.1468253968254
2025-03-07,ASLT,282,82,76,0.2907801418439716,0.2695035460992908,2.2009079718793165,25.940399773780598,93.87173707212835,762.5104202191184,46.23351532405943,386.51985925006665,0.05703546099290779,0.25537943262411344,0.17016666666666666,0.21872340425531914,0.35021985815602835,24980.748226950356,56.03191489361702
2025-03-07,THFT,290,8,34,0.027586206896551724,0.11724137931034483,2.3314633133576033,26.42206926505784,87.91843860112067,758.9706115823207,45.0384703008225,393.9506703477114,0.0522206896551724,0.22933103448275863,0.1468206896551724,0.19014137931034483,0.3249344827586207,31167.09655172414,46.8
2025-03-08,ASLT,329,112,80,0.3404255319148936,0.24316109422492402,2.178756948079832,26.136044600229674,93.18439306349167,756.7153519360049,45.80336070836144,383.2552576421662,0.05798480243161092,0.25154407294832826,0.16977811550151975,0.21975987841945288,0.35206686930091186,25054.06686930091,55.99088145896656
2025-03-08,THFT,269,14,19,0.05204460966542751,0.07063197026022305,2.2562799416256527,26.42271671964127,86.66344340242155,741.1044141397116,44.91050420187173,386.14406552528175,0.045416356877323406,0.21405204460966543,0.13691821561338288,0.1756542750929368,0.3122527881040892,34258.64312267658,41.53531598513011
2025-03-09,ASLT,329,88,90,0.2674772036474164,0.2735562310030395,2.2707327101920898,26.2433662337136,95.47741585499666,784.5235584681978,46.53109878637562,392.3120037497884,0.05743768996960485,0.25582370820668693,0.17212765957446807,0.2153373860182371,0.35404255319148936,25904.55623100304,56.68996960486322
2025-03-09,THFT,241,11,26,0.04564315352697095,0.1078838174273859,2.2908650311163337,26.92851929901671,88.3541015878767,765.2598541390295,45.53010973820525,400.29242634149045,0.04406639004149377,0.20700414937759334,0.14031120331950206,0.17598340248962654,0.3207302904564315,32290.427385892115,41.12448132780083
2025-03-10,ASLT,350,102,87,0.2914285714285714,0.24857142857142858,2.3227930449918675,26.6820992268025,95.12021979432663,772.0247536888382,46.23420608435018,385.9209383993491,0.05455999999999999,0.2624114285714286,0.18105142857142856,0.2122942857142857,0.35944,24094.265714285713,57.7
2025-03-10,THFT,261,7,23,0.02681992337164751,0.08812260536398467,2.447749530475351,26.42713823001016,87.93227605256259,756.4565628592812,45.5522470397376,399.19902687529117,0.04535632183908045,0.20479310344827586,0.13324137931034483,0.17166666666666666,0.3151379310344828,34465.64367816092,39.74329501915709
2025-03-11,ASLT,316,97,66,0.3069620253164557,0.2088607594936709,2.0478804194342657,26.171478026977248,88.4908690860816,761.674466471076,44.80384692393594,391.4918788709684,0.0515379746835443,0.253753164556962,0.16888291139240505,0.20117405063291138,0.34730379746835444,26321.73734177215,53.5
2025-03-11,THFT,294,19,27,0.06462585034013606,0.09183673469387756,2.4026808357263825,26.396568473248756,90.45682145420109,763.7919120301411,46.13396754784218,397.54553596358534,0.047894557823129236,0.2191394557823129,0.14131632653061224,0.18751360544217685,0.3167721088435374,31943.119047619046,43.204081632653065
2025-03-12,ASLT,299,85,82,0.2842809364548495,0.27424749163879597,2.3038117457403557,26.35837904677369,93.64273022679319,738.3710526118592,46.24272363922446,375.2621662461896,0.052060200668896314,0.2616488294314381,0.17252173913043478,0.20002341137123744,0.34898327759197323,26071.47491638796,54.64882943143812
2025-03-12,THFT,292,13,27,0.04452054794520548,0.09246575342465753,2.319618250443153,26.687092839537073,87.47802713293929,753.8401161380326,45.1362775460007,394.0794656899178,0.04562328767123286,0.21448287671232877,0.13462328767123286,0.17743835616438355,0.31675342465753425,32977.109589041094,41.613013698630134
2025-03-13,ASLT,291,66,59,0.2268041237113402,0.2027491408934708,2.3597136688751967,25.968187010480882,92.23505963322495,784.9240230488413,45.54960200936916,396.60603939343605,0.05222680412371133,0.24557731958762885,0.1725360824742268,0.2037491408934708,0.3507972508591065,26734.529209621993,54.00687285223368
2025-03-13,THFT,288,12,26,0.041666666666666664,0.09027777777777778,2.3600719758168216,26.776810494132075,90.34627647239681,786.6516963786212,46.16101286918719,407.0593920190958,0.0452048611111111,0.2104097222222222,0.13901041666666666,0.1778576388888889,0.32299652777777776,33170.84027777778,41.857638888888886
2025-03-14,ASLT,351,99,80,0.28205128205128205,0.22792022792022792,2.3416565980483117,26.19695857891154,93.84717900628925,758.4035117931332,46.17446505184801,384.05402987292445,0.056461538461538445,0.25888888888888884,0.17352991452991454,0.21527065527065528,0.3504957264957265,25367.131054131056,56.085470085470085
2025-03-14,THFT,294,10,19,0.034013605442176874,0.06462585034013606,2.433979559450502,26.540863130496025,87.13420437572205,740.9536505892364,44.74628553245096,386.7179085968735,0.046425170068027204,0.21787414965986393,0.14210544217687074,0.17723129251700678,0.3190578231292517,32676.833333333332,42.642857142857146
2025-03-15,ASLT,426,137,100,0.3215962441314554,0.2347417840375587,2.2902457564000684,25.72586700112669,90.48372180174286,761.7966373432968,45.43708498569783,391.2167137732693,0.05240140845070421,0.23875586854460093,0.16060093896713615,0.20053286384976524,0.33462910798122064,29442.75821596244,50.50469483568075
2025-03-15,THFT,290,11,19,0.03793103448275862,0.06551724137931035,2.311802746605286,25.778021747446296,86.49124280504309,740.0003422498907,44.90355925911003,388.14062743616967,0.04456896551724137,0.2087862068965517,0.12853103448275863,0.16756206896551723,0.29980689655172416,36678.60344827586,38.39655172413793
2025-03-16,ASLT,301,122,63,0.4053156146179402,0.20930232558139536,2.18714693304623,26.48034149730627,91.9821044366873,769.5786320582329,45.51563631267518,387.481439531618,0.05398006644518272,0.2483222591362126,0.16581395348837208,0.21151827242524915,0.34894019933554815,26272.129568106313,54.19269102990033
2025-03-16,THFT,256,17,22,0.06640625,0.0859375,2.4056880284489806,27.10319096806136,86.13971953080373,781.9829238138336,44.794807914437264,406.3540139591125,0.04512109374999999,0.20830468749999997,0.14017578125,0.1750703125,0.32086328124999997,33828.56640625,41.59765625
2025-03-17,ASLT,310,85,73,0.27419354838709675,0.23548387096774193,2.297512843302657,26.313957521722543,90.59909853737696,780.7571811146817,45.42980367642094,399.8380324447352,0.0546032258064516,0.24922580645161288,0.16914838709677418,0.2112096774193548,0.3505129032258064,25113.493548387098,54.79354838709678
2025-03-17,THFT,278,11,22,0.039568345323741004,0.07913669064748201,2.278568498283244,26.963695084989933,85.11602969288086,755.6438670482273,44.29294713237377,396.0134927302162,0.043197841726618696,0.21915827338129495,0.1420935251798561,0.16928776978417265,0.32057194244604315,31400.089928057554,41.96762589928058
2025-03-18,ASLT,328,89,77,0.27134146341463417,0.2347560975609756,2.295607780706811,26.942645916452236,91.77446914628541,773.4691695650936,45.43019079771472,390.162962379471,0.05483536585365853,0.2648109756097561,0.17840243902439024,0.21472560975609753,0.3576158536585366,23298.725609756097,57.728658536585364
2025-03-18,THFT,303,6,34,0.019801980198019802,0.11221122112211221,2.1681598153958914,26.359993730571016,86.6054743943345,745.5583683940281,44.62046906597871,387.52261849917755,0.04766336633663365,0.21752145214521448,0.1411782178217822,0.17799339933993397,0.3197359735973597,32764.122112211222,42.775577557755774
2025-03-19,ASLT,279,93,69,0.3333333333333333,0.24731182795698925,2.304561821949794,26.461594618803755,95.0958589974397,756.2832992928863,46.56275502261741,382.4022589659641,0.05372401433691754,0.2592293906810036,0.1740179211469534,0.20327598566308244,0.3532293906810036,24987.95340501792,55.0573476702509
2025-03-19,THFT,280,10,29,0.03571428571428571,0.10357142857142858,2.333699180877561,26.842918630214736,88.73585213546723,740.9234227943028,45.439523271583845,388.8495344606482,0.04627857142857142,0.22228214285714284,0.1452142857142857,0.17855,0.3264357142857143,30368.803571428572,43.76428571428571
2025-03-20,ASLT,253,75,60,0.2964426877470356,0.23715415019762845,2.1435405804720546,26.801052749200284,92.2769628855023,722.6490176138676,45.72761481592289,366.5821544803304,0.05062845849802371,0.2566245059288538,0.17160474308300394,0.20143478260869566,0.35008300395256914,25108.13438735178,54.07509881422925
2025-03-20,THFT,287,8,24,0.027874564459930314,0.08362369337979095,2.3480732991715896,26.13482145193261,88.61090725376837,749.7750301399707,45.22867560366089,388.8474991425115,0.047829268292682914,0.2164808362369338,0.14428571428571427,0.18908013937282228,0.3251567944250871,30737.5818815331,44.400696864111495
2025-03-21,ASLT,349,96,78,0.27507163323782235,0.22349570200573066,2.464581975578517,26.52210920307466,92.20407231406016,775.8658170926644,45.926004037657165,394.9634893766473,0.04981948424068767,0.24682234957020055,0.1665759312320917,0.20123209169054443,0.34791690544412607,26945.22636103152,52.12893982808023
2025-03-21,THFT,307,15,18,0.048859934853420196,0.05863192182410423,2.404517729020008,27.13754997226022,87.11024993340763,739.7028791258393,44.94528763354668,386.0709434244775,0.04760260586319217,0.21844625407166124,0.1465276872964169,0.18357003257328988,0.3267654723127036,30685.44625407166,44.88599348534202
2025-03-22,ASLT,348,114,68,0.3275862068965517,0.19540229885057472,2.286124190522159,27.064458318141487,92.74315937042041,778.7160693021239,46.2240431863825,396.9218560470713,0.05038793103448275,0.23785344827586205,0.16411494252873562,0.19827298850574712,0.3500948275862069,26362.899425287356,51.52873563218391
2025-03-22,THFT,292,19,25,0.06506849315068493,0.08561643835616438,2.3443200858368587,26.54360636053473,88.74612167859176,750.2859664321284,45.63193673632871,391.30635017304314,0.045976027397260255,0.2182945205479452,0.1439349315068493,0.17419520547945203,0.31938013698630136,33137.12671232877,42.70205479452055
2025-03-23,ASLT,263,102,69,0.38783269961977185,0.2623574144486692,2.203357791215369,26.38257322375204,93.67275640193039,798.6874777820171,46.013726088071024,402.42050513793805,0.05444106463878325,0.25474144486692013,0.17736121673003802,0.21382889733840302,0.3576653992395437,24130.7680608365,56.961977186311785
2025-03-23,THFT,243,14,19,0.05761316872427984,0.07818930041152264,2.1727271194553976,26.780865791130594,87.81944113316425,751.0493453863855,45.38955480814868,391.7470462168696,0.043469135802469125,0.21074897119341562,0.13673251028806585,0.16898765432098767,0.3131934156378601,33996.00411522634,40.41975308641975
2025-03-24,ASLT,254,79,70,0.3110236220472441,0.2755905511811024,2.215722696587807,25.859864842603656,92.74347652122677,752.2398549743118,45.678971412979514,379.6089652358402,0.05484645669291337,0.2662322834645669,0.1764763779527559,0.2132795275590551,0.35721259842519687,24472.291338582676,57.476377952755904
2025-03-24,THFT,284,11,22,0.03873239436619718,0.07746478873239436,2.3447585621043996,26.499879665180305,88.69072876838845,750.2052761930141,45.255247799527886,388.56283161756517,0.04467957746478872,0.2242781690140845,0.14607394366197182,0.17623591549295772,0.3224049295774648,32679.070422535213,43.33802816901409
2025-03-25,ASLT,262,80,67,0.3053435114503817,0.25572519083969464,2.3138903331110945,26.335046589592526,93.10158107837883,760.2920412397931,45.757019539681934,381.93376156305646,0.05692366412213739,0.26388549618320606,0.17485114503816793,0.21264503816793892,0.3526679389312977,25002.106870229007,56.69083969465649
2025-03-25,THFT,239,9,24,0.03765690376569038,0.100418410041841,2.2936297806117154,26.931752214153338,87.34464550220471,721.7538972056193,45.24657270395381,378.0336116334297,0.04148117154811714,0.21838912133891214,0.14278661087866107,0.1626192468619247,0.3156317991631799,33651.058577405856,40.79497907949791
2025-03-26,ASLT,287,88,73,0.30662020905923343,0.25435540069686413,2.25596689307031,26.64169444589097,89.21996765166286,761.3591661853641,44.998722645635716,391.0076451362146,0.054268292682926815,0.24776655052264807,0.1658118466898955,0.20706271777003485,0.3492682926829268,25708.1393728223,53.42857142857143
2025-03-26,THFT,282,11,34,0.03900709219858156,0.12056737588652482,2.3707313395990868,27.20987059229229,89.91114931976243,758.6194982094074,45.61120634031358,391.06527175548297,0.04720567375886523,0.21697517730496452,0.1460531914893617,0.18339716312056736,0.3259078014184397,31064.68439716312,44.43262411347518
2025-03-27,ASLT,271,95,62,0.3505535055350554,0.22878228782287824,2.3106365995206195,26.25680238484532,93.28825009787984,764.8556916008365,45.91996350617603,387.02291083024426,0.048424354243542425,0.2550221402214022,0.17612546125461254,0.19461254612546125,0.348140221402214,25980.254612546127,53.601476014760145
2025-03-27,THFT,307,7,23,0.02280130293159609,0.0749185667752443,2.339715549062897,27.01456158948332,89.542861539819,757.7419014078954,45.720124756661846,396.24259359077234,0.04617263843648207,0.2199087947882736,0.14623452768729642,0.18147231270358305,0.3266026058631922,30672.57654723127,44.697068403908794
2025-03-28,ASLT,347,100,92,0.2881844380403458,0.26512968299711814,2.289260325033981,26.449642282062335,94.9934978823322,758.969984190885,46.42320130055456,382.1496574181712,0.05447262247838616,0.24798270893371757,0.17239769452449566,0.2142276657060519,0.3519567723342939,25897.876080691643,55.23919308357349
2025-03-28,THFT,272,12,28,0.04411764705882353,0.10294117647058823,2.161594754378626,26.56429396793601,87.985125889752,740.9752643011913,45.400528680694414,387.78427280398716,0.043033088235294115,0.20650735294117645,0.1332941176470588,0.16425735294117647,0.3111764705882353,36527.455882352944,38.61029411764706
2025-03-29,ASLT,343,113,66,0.3294460641399417,0.1924198250728863,2.4528151723408964,26.551669846054544,94.04037980955084,785.8581403093143,46.41514486287101,396.5608072319787,0.055236151603498526,0.24902332361516033,0.16442857142857142,0.21167638483965015,0.34877842565597666,26725.93002915452,53.98542274052478
2025-03-29,THFT,282,17,24,0.06028368794326241,0.0851063829787234,2.3457984475962474,27.038433983367824,88.00155148129905,746.2243331203206,45.26011088022751,388.5379563233397,0.04480496453900708,0.2082836879432624,0.13547872340425532,0.16968439716312056,0.31660283687943264,33345.02127659575,40.173758865248224
2025-03-30,ASLT,341,112,71,0.3284457478005865,0.20821114369501467,2.4013635161683657,26.833544464941834,94.11729304810535,797.463677950205,45.923636688748154,396.22074099572467,0.052351906158357754,0.25204692082111435,0.1706598240469208,0.2109618768328446,0.3607126099706745,24489.645161290322,55.18768328445748
2025-03-30,THFT,255,14,19,0.054901960784313725,0.07450980392156863,2.449728426192772,26.623690993989094,89.8083818148587,784.8494628552487,45.38953778618099,402.9802297231247,0.04792156862745097,0.22494509803921567,0.15103921568627451,0.18978039215686274,0.33430196078431373,29899.87450980392,47.12156862745098
2025-03-31,ASLT,267,95,78,0.35580524344569286,0.29213483146067415,2.3566259988219027,26.587771241580842,91.42352052485012,784.5575372924064,45.193184032026146,394.7783669837386,0.0547003745318352,0.2610936329588015,0.17427340823970036,0.2137677902621723,0.35699250936329585,24298.265917602996,56.90262172284644
2025-03-31,THFT,263,8,29,0.030418250950570342,0.11026615969581749,2.3177275166244478,26.68893693165442,89.37123091007746,791.1225316459168,45.5617160938541,409.7703858387274,0.045787072243346,0.22078326996197717,0.1470874524714829,0.17963878326996197,0.3280190114068441,31473.749049429658,44.52091254752852
2025-04-01,ASLT,303,91,71,0.30033003300330036,0.23432343234323433,2.1973898900614697,26.33377881563651,91.153106159406,772.6809650317277,45.237818674617216,392.32042474879376,0.05130363036303629,0.257023102310231,0.17597359735973594,0.20807920792079207,0.3527227722772277,24915.24092409241,55.31023102310231
2025-04-01,THFT,304,18,24,0.05921052631578947,0.07894736842105263,2.2858676948612384,26.644497423772506,87.3821682493223,752.0314666110941,44.824596543479096,391.7389519863368,0.04599342105263157,0.22745723684210523,0.15380592105263158,0.17992763157894737,0.32902302631578945,29593.865131578947,45.61842105263158
2025-04-02,ASLT,270,92,69,0.34074074074074073,0.25555555555555554,2.342039896873382,26.470501079553195,94.1291452171155,779.4392680927948,46.36682889094969,393.6533053399659,0.05602222222222221,0.2407259259259259,0.16144074074074075,0.20968518518518517,0.34820740740740735,25770.666666666668,52.870370370370374
2025-04-02,THFT,254,8,18,0.031496062992125984,0.07086614173228346,2.370517792028811,26.3487168674482,87.5462356731564,739.2781395804645,44.93498625463415,383.63692661660866,0.04494488188976377,0.21396456692913385,0.13864960629921258,0.17450787401574802,0.3158976377952756,33014.62598425197,41.618110236220474
2025-04-03,ASLT,302,99,71,0.32781456953642385,0.23509933774834438,2.3200362278850957,26.259866044765865,92.6233208716646,768.3203787153927,45.62695406645019,388.9137406135315,0.055225165562913896,0.2604602649006622,0.1727549668874172,0.21740066225165564,0.35573841059602646,23180.887417218542,57.17880794701987
2025-04-03,THFT,269,8,27,0.02973977695167286,0.10037174721189591,2.344205871966806,25.903546435168572,88.69821009445471,745.3443023384663,45.26914900215155,386.5603282560907,0.04963940520446095,0.23476579925650556,0.1496988847583643,0.1810074349442379,0.3224126394052045,31911.00371747212,45.72862453531599
2025-04-04,ASLT,311,91,70,0.29260450160771706,0.22508038585209003,2.224043426625068,26.48189615291096,92.6363754280401,748.0191098591607,46.0325099786879,380.2456522124746,0.05148874598070738,0.23913504823151124,0.161064308681672,0.19633118971061092,0.3417620578778135,28033.967845659165,50.254019292604504
2025-04-04,THFT,293,13,21,0.04436860068259386,0.07167235494880546,2.271837694304212,26.62369286126318,85.83323607158422,728.4125965368099,44.77666814709943,384.23902301388534,0.044375426621160396,0.21584300341296928,0.13891467576791808,0.17006143344709895,0.31478839590443686,33230.89419795222,41.08873720136519
2025-04-05,ASLT,324,97,65,0.2993827160493827,0.2006172839506173,2.258466835444619,26.35418990871063,91.19034806371172,773.4569755124028,45.41862781424472,391.3879063276543,0.05483641975308641,0.24493518518518517,0.1668148148148148,0.20947530864197528,0.3451512345679012,26405.25925925926,53.41975308641975
2025-04-05,THFT,263,13,20,0.049429657794676805,0.07604562737642585,2.2909529283801424,26.022325610816367,87.64536243265894,724.9365982348099,45.077175810536325,377.60930239303235,0.04448669201520911,0.2199467680608365,0.14334220532319392,0.17316730038022812,0.3181673003802281,34226.63878326996,42.23574144486692
2025-04-06,ASLT,318,123,69,0.3867924528301887,0.2169811320754717,2.29373290448994,26.28696309101829,94.61804086409597,775.655449725007,46.38038756389457,391.75564121179184,0.05808805031446539,0.2532012578616352,0.1735062893081761,0.22061006289308174,0.3529308176100629,24518.48427672956,56.70125786163522
2025-04-06,THFT,239,5,24,0.02092050209205021,0.100418410041841,2.46233047700483,26.876289897537784,88.71030089223017,754.2980931979581,45.75187783212412,395.2649469286075,0.0425481171548117,0.20818828451882845,0.13505439330543934,0.1636610878661088,0.313581589958159,34873.0669456067,39.57322175732217
2025-04-07,ASLT,281,93,60,0.3309608540925267,0.21352313167259787,2.4217990989729485,26.539806478472748,95.12501582063466,780.2263366517897,46.50646067070511,393.40225624751247,0.0565409252669039,0.24615658362989323,0.16602846975088967,0.21728113879003558,0.356355871886121,24977.08896797153,55.30249110320285
2025-04-07,THFT,271,13,22,0.04797047970479705,0.08118081180811808,2.469789815307338,26.723655406689705,84.39628337385061,754.598265931282,44.47061373870339,403.1949231068812,0.04432841328413283,0.20819188191881915,0.13808856088560884,0.17342435424354244,0.3186346863468634,31738.92988929889,40.92988929889299
2025-04-08,ASLT,317,94,74,0.29652996845425866,0.2334384858044164,2.26546534951347,26.236264032789556,92.2542990887453,755.2216797737359,45.91400812942082,383.6077311958479,0.050776025236593046,0.2541577287066246,0.16769085173501577,0.19935331230283912,0.34802523659305995,26466.84858044164,53.28706624605678
2025-04-08,THFT,289,7,32,0.02422145328719723,0.11072664359861592,2.291564806790303,26.650516593804287,87.74754306328578,737.8659739498256,45.17981558345998,385.4648809184242,0.047557093425605525,0.21751903114186852,0.1365570934256055,0.17371626297577855,0.31328373702422146,33493.20069204152,41.70242214532872
2025-04-09,ASLT,299,92,68,0.3076923076923077,0.22742474916387959,2.303017787261446,26.760788355395434,90.17677363112213,777.6949189634271,45.0365166711722,395.4807193470134,0.05324080267558527,0.2552374581939799,0.1691438127090301,0.20857859531772574,0.3493344481605351,24224.581939799333,54.862876254180605
2025-04-09,THFT,247,7,23,0.02834008097165992,0.0931174089068826,2.2907517808094875,26.862112530756047,90.31016756129898,782.3930042649611,45.775514164760395,403.8451323466988,0.05073279352226719,0.21636437246963564,0.1440080971659919,0.19342510121457487,0.325336032388664,29907.404858299597,44.54251012145749
2025-04-10,ASLT,296,84,63,0.28378378378378377,0.21283783783783783,2.097838045112763,26.53309355657489,91.74303498220458,739.9433134473645,45.364962861443615,372.6697352847875,0.053719594594594584,0.25932094594594596,0.1698277027027027,0.2039662162162162,0.3484628378378378,25350.307432432433,54.861486486486484
2025-04-10,THFT,246,8,20,0.032520325203252036,0.08130081300813008,2.315525665227072,26.414990111922585,87.3401373380155,725.697262269698,45.19767176229046,382.0045817813919,0.04379268292682925,0.2167073170731707,0.14093089430894307,0.17027235772357724,0.3140650406504065,32440.654471544716,41.016260162601625
2025-04-11,ASLT,302,91,65,0.30132450331125826,0.2152317880794702,2.2110161089098916,27.11377829429633,93.22305363256343,763.5103911653023,45.97068056190005,384.70498925368344,0.05038410596026489,0.24375827814569534,0.16521523178807945,0.1950662251655629,0.34815562913907283,26781.387417218542,51.98344370860927
2025-04-11,THFT,279,13,19,0.04659498207885305,0.06810035842293907,2.3495231018658775,26.367881650408666,84.4904530736506,738.1522899207703,44.192085569929375,389.73001745923085,0.047405017921146944,0.2193942652329749,0.14661290322580645,0.1783942652329749,0.3192293906810036,31083.154121863798,43.74551971326165
2025-04-12,ASLT,329,128,65,0.3890577507598784,0.19756838905775076,2.172304599095846,26.922091077864643,91.8558741672882,723.9284052930112,45.61390550944092,370.7872037385368,0.05322796352583586,0.24351975683890575,0.1660820668693009,0.20233130699088145,0.3443981762917933,25952.87841945289,52.22796352583587
2025-04-12,THFT,266,9,20,0.03383458646616541,0.07518796992481203,2.325734795351604,26.915739703845155,86.15147149290502,751.6659381132421,44.66507771687758,392.042871286591,0.04414285714285713,0.21222180451127817,0.137593984962406,0.16786842105263158,0.3114812030075188,33122.52255639098,39.83458646616541
2025-04-13,ASLT,372,123,72,0.33064516129032256,0.1935483870967742,2.2839062460108903,26.776759534301174,92.62774292784883,745.1576212208344,45.902553865949734,378.98657945343734,0.05133602150537633,0.24636827956989246,0.16207795698924732,0.1960752688172043,0.34049999999999997,28278.309139784946,50.876344086021504
2025-04-13,THFT,278,24,18,0.08633093525179857,0.06474820143884892,2.23501499421037,26.739082053853416,87.14280639130621,735.4405793281428,44.99677780967947,382.41658502818416,0.04970143884892085,0.21944964028776978,0.13977338129496403,0.17878057553956833,0.31879856115107913,33203.10791366907,42.694244604316545
2025-04-14,ASLT,302,84,55,0.2781456953642384,0.18211920529801323,2.30414917924885,26.610711218874673,91.07585281551853,788.9708324777887,45.34067528261838,400.15543171189006,0.05305629139072846,0.25320198675496686,0.17817880794701985,0.20699668874172183,0.35934768211920526,24224.509933774836,55.728476821192054
2025-04-14,THFT,331,7,24,0.021148036253776436,0.07250755287009064,2.260373515240989,26.668479206447433,86.53706854242772,752.320982588325,44.88018853828706,393.7620152867175,0.043628398791540776,0.2153957703927492,0.1407250755287009,0.17135347432024167,0.3158157099697885,33602.88519637462,41.51963746223565
2025-04-15,ASLT,314,87,60,0.2770700636942675,0.1910828025477707,2.2490168514582,26.228883134636916,94.75086905963323,754.0530699610124,46.3321491635371,379.3784764782745,0.055200636942675144,0.24784713375796177,0.16910828025477706,0.20429299363057324,0.35045222929936304,26000.299363057326,54.15923566878981
2025-04-15,THFT,265,12,12,0.045283018867924525,0.045283018867924525,2.3197207379967324,26.88160717863863,88.95425480267889,716.8678762056167,45.77121343849183,377.87409012091996,0.04143018867924527,0.21286792452830186,0.13886037735849055,0.16366037735849057,0.31176603773584904,33413.95849056604,39.928301886792454
2025-04-16,ASLT,302,81,60,0.2682119205298013,0.1986754966887417,2.1493621868998436,26.83080271509993,89.77739382000551,751.7339217612712,44.726392338902755,381.23143294195233,0.05549668874172184,0.2503841059602649,0.17174834437086092,0.21114900662251654,0.3524039735099338,24467.632450331126,55.30132450331126
2025-04-16,THFT,299,8,24,0.026755852842809364,0.0802675585284281,2.450960914937443,26.900104308015205,87.37187392320942,757.0239146252779,45.17647453825182,395.45413598209296,0.041886287625418045,0.20766889632107022,0.13912709030100334,0.16574916387959865,0.31386622073578596,33670.66555183946,39.94648829431438
2025-04-17,ASLT,288,76,79,0.2638888888888889,0.2743055555555556,2.277237994360471,25.86977135803123,91.74081720537828,776.7169010721423,45.33247814085886,391.77038288406044,0.05350347222222221,0.25981944444444444,0.1761284722222222,0.207125,0.35615624999999995,24007.878472222223,55.958333333333336
2025-04-17,THFT,266,9,19,0.03383458646616541,0.07142857142857142,2.362265006600556,26.4133589494402,86.70856277521318,740.7848916325778,45.00206372691363,388.8677166333898,0.044796992481202995,0.224890977443609,0.1445563909774436,0.16838345864661655,0.3162744360902256,33378.65413533834,42.349624060150376
2025-04-18,ASLT,348,106,79,0.3045977011494253,0.22701149425287356,2.29706065362802,26.423608128304746,90.76951729851689,778.5299451431601,45.12271958716511,392.2406422826078,0.05671264367816091,0.25448850574712645,0.17453160919540228,0.21760057471264366,0.35429597701149423,24386.10632183908,56.991379310344826
2025-04-18,THFT,290,22,22,0.07586206896551724,0.07586206896551724,2.3764025973889114,25.98606502806521,87.98399934152685,750.4999452919648,45.06042654573648,387.1212877119117,0.04804827586206895,0.2357620689655172,0.1539241379310345,0.1882655172413793,0.32665172413793103,30893.548275862067,47.3448275862069
2025-04-19,ASLT,356,120,87,0.33707865168539325,0.2443820224719101,2.2174276543755633,26.315194101060477,94.08768643112984,760.1169006290318,46.25864976884036,385.6236582392357,0.05387640449438201,0.2603876404494382,0.17169943820224717,0.20726404494382022,0.35031460674157305,25782.43820224719,55.23033707865169
2025-04-19,THFT,270,13,22,0.04814814814814815,0.08148148148148149,2.1681236199342147,26.633187593846962,86.65814885839345,735.9814732738533,45.06039635938044,385.70239964824077,0.039581481481481474,0.19871851851851852,0.12787407407407406,0.15092592592592594,0.30414444444444444,37527.82592592593,35.12592592592593
2025-04-20,ASLT,294,118,61,0.4013605442176871,0.20748299319727892,2.278730394669724,26.66265247090212,94.92393463635213,765.9477035788589,46.38585592708802,383.4221144987405,0.051193877551020395,0.2506292517006803,0.16914625850340137,0.20764625850340135,0.354765306122449,24826.343537414967,54.78231292517007
2025-04-20,THFT,214,12,18,0.056074766355140186,0.08411214953271028,2.37196668684909,26.377683482148683,88.93487070166015,755.3509118336991,45.57683205012731,394.74910969370654,0.044514018691588775,0.2236682242990654,0.15417289719626165,0.17421028037383177,0.32569626168224297,32339.495327102803,44.18691588785047
2025-04-21,ASLT,281,77,62,0.27402135231316727,0.2206405693950178,2.2227003653252897,26.757936950268526,92.19289733568809,757.0406758671377,45.66166675243075,385.2032224744018,0.05491103202846974,0.26060854092526686,0.17542704626334518,0.21308896797153026,0.3587508896797153,23421.17081850534,56.80782918149466
2025-04-21,THFT,291,11,33,0.037800687285223365,0.1134020618556701,2.4302103019572225,26.68139826217884,87.16005754158496,765.9633332522722,44.9705908496502,399.10347831387355,0.04790378006872851,0.21848797250859106,0.14343298969072163,0.1823127147766323,0.32381443298969076,31119.972508591065,43.54639175257732
2025-04-22,ASLT,324,76,61,0.2345679012345679,0.1882716049382716,2.184397575906739,26.08519410193531,89.22310464376135,747.2232562155932,45.0956190064569,384.33798617451384,0.04899382716049381,0.25382716049382714,0.1734351851851852,0.19118827160493826,0.34575925925925927,27070.4012345679,52.589506172839506
2025-04-22,THFT,276,8,20,0.028985507246376812,0.07246376811594203,2.2934308092529645,26.64345018507201,85.88442988501919,728.820088786928,45.230747968465074,388.2720297838913,0.040583333333333325,0.19764492753623186,0.13082971014492753,0.15596376811594204,0.3055615942028985,35965.967391304344,36.481884057971016
2025-04-23,ASLT,315,90,69,0.2857142857142857,0.21904761904761905,2.3886443360156813,26.389572246973984,95.37158658451438,759.9805276977987,46.38072334967954,381.5701814839905,0.05313333333333332,0.25726984126984126,0.1749301587301587,0.2109904761904762,0.35606984126984126,24589.33968253968,56.12380952380953
2025-04-23,THFT,247,9,20,0.03643724696356275,0.08097165991902834,2.3980947032809983,26.334803703242244,88.5763494107098,745.2546471274134,45.64076090944073,391.7015306109781,0.04494331983805667,0.21302024291497976,0.13678947368421052,0.17121862348178135,0.3124251012145749,34012.78137651822,40.82995951417004
2025-04-24,ASLT,324,94,65,0.29012345679012347,0.2006172839506173,2.307033581862861,26.85251841741806,92.62167933382813,762.9189787685209,45.88898746922496,386.30265640629324,0.04844444444444443,0.26305555555555554,0.18169135802469133,0.19856172839506173,0.35682407407407407,25021.996913580246,55.574074074074076
2025-04-24,THFT,294,8,29,0.027210884353741496,0.09863945578231292,2.255755271506344,26.158147453266434,87.64302407457502,720.9347989357848,45.1066590084843,379.18939298628095,0.04762244897959182,0.21208503401360543,0.13793197278911565,0.1779659863945578,0.3158027210884354,33469.97619047619,41.56122448979592
2025-04-25,ASLT,287,88,46,0.30662020905923343,0.1602787456445993,2.3551831276152715,26.18212073733674,92.69327034460126,750.2660511700669,45.670528562835756,379.68371049729024,0.05517770034843204,0.2508745644599303,0.16887108013937283,0.21521602787456445,0.3520522648083624,25090.23693379791,54.76306620209059
2025-04-25,THFT,290,13,25,0.04482758620689655,0.08620689655172414,2.1807377236158,26.567308194530817,88.7196268678909,744.1004297406945,45.542397008371225,387.3976624547321,0.04523448275862068,0.21951724137931033,0.14518620689655173,0.180451724137931,0.32197586206896556,31681.189655172413,43.282758620689656
2025-04-26,ASLT,296,97,58,0.3277027027027027,0.19594594594594594,2.1267321801213868,25.884186215583544,91.91490081323693,773.0242691667338,45.61391710772916,391.60225005839527,0.05691554054054053,0.2527972972972973,0.16881081081081079,0.21958445945945945,0.3488716216216216,25969.722972972973,55.51013513513514
2025-04-26,THFT,275,9,21,0.03272727272727273,0.07636363636363637,2.2812833940739785,26.387117089339796,88.01230886743899,738.929210476733,45.232478365067095,386.39779806036404,0.04463999999999999,0.21581454545454545,0.1431381818181818,0.1711490909090909,0.3164181818181818,33704.53090909091,41.69090909090909
2025-04-27,ASLT,378,140,100,0.37037037037037035,0.26455026455026454,2.25558952247513,26.22413861337804,93.72995963169764,776.0362000066749,45.89516967969048,389.5138627222794,0.05599735449735448,0.25472222222222224,0.17336772486772487,0.21817195767195766,0.35733068783068783,24278.24603174603,57.00529100529101
2025-04-27,THFT,268,11,21,0.041044776119402986,0.07835820895522388,2.3853970375312423,26.583256752908945,87.38102234389908,739.0747761674949,45.209853480971695,389.4081781738306,0.04202611940298507,0.21332089552238803,0.13828358208955221,0.16488805970149253,0.31106716417910446,34425.35820895522,39.78358208955224
2025-04-28,ASLT,350,93,59,0.26571428571428574,0.16857142857142857,2.360740702481969,26.776572067711193,93.18834126870108,771.5983334840871,45.882981095880716,390.7069464516614,0.05089999999999998,0.25561142857142855,0.1811485714285714,0.20941142857142855,0.36442857142857144,22908.34857142857,57.12285714285714
2025-04-28,THFT,287,12,22,0.041811846689895474,0.07665505226480836,2.3454812836673344,26.64709933426109,87.60370847993131,757.0216508234425,44.96468090020886,392.9537074400937,0.04275958188153309,0.21646689895470383,0.14913240418118465,0.17649825783972126,0.3255644599303136,30967.19163763066,43.609756097560975
2025-04-29,ASLT,366,107,79,0.2923497267759563,0.21584699453551912,2.2690378241566584,26.42407795547903,91.90598923263948,740.3763659655245,45.38358060358741,376.17091911537705,0.05196994535519124,0.2525,0.1789398907103825,0.20681967213114755,0.35821311475409834,24557.724043715847,55.67486338797814
2025-04-29,THFT,288,13,25,0.04513888888888889,0.08680555555555555,2.3124098850920003,26.59907966078128,86.86271865772898,727.8908512161511,45.059180341710714,385.190428521016,0.04471180555555554,0.21963194444444445,0.14406944444444444,0.17284375,0.32392361111111106,32083.78125,42.43055555555556
2025-04-30,ASLT,275,80,58,0.2909090909090909,0.2109090909090909,2.0995017838939254,26.48952738549776,93.81509816028999,766.1447968902538,45.90372656197236,384.72199492658143,0.054396363636363625,0.27350909090909087,0.18086181818181815,0.2098581818181818,0.35876363636363634,24123.52727272727,57.70545454545454
2025-04-30,THFT,280,12,25,0.04285714285714286,0.08928571428571429,2.3231938928025544,26.47905061884868,87.56855060948088,773.7965309852235,44.860976411021475,400.8250796555975,0.04495714285714284,0.22282142857142856,0.1511142857142857,0.17961071428571426,0.32689285714285715,30354.575,44.892857142857146
2025-05-01,ASLT,285,81,38,0.28421052631578947,0.13333333333333333,2.2790971756345306,26.508766593362832,92.62350084787563,797.6076427258453,45.69149948378781,398.9047466998684,0.054950877192982445,0.25863859649122806,0.17824912280701752,0.22096842105263156,0.36119999999999997,23842.99649122807,58.00701754385965
2025-05-01,THFT,277,14,19,0.05054151624548736,0.06859205776173286,2.345311911696368,26.50097610503858,89.64192852304542,733.3525315259484,45.72283127540905,381.8148706004462,0.047740072202166056,0.22824909747292416,0.14867870036101083,0.18244765342960287,0.32061371841155234,31538.440433212996,45.14079422382672
2025-05-02,ASLT,300,116,64,0.38666666666666666,0.21333333333333335,2.284550781491336,26.828409672346563,95.10630497739992,767.7763910267623,46.44823583136145,387.60104525924,0.05558333333333331,0.2552733333333333,0.17514666666666664,0.21428999999999998,0.3607566666666666,23749.806666666667,56.63333333333333
2025-05-02,THFT,295,10,25,0.03389830508474576,0.0847457627118644,2.3272726303760893,26.274847667587064,86.56143970091158,745.702737229752,44.75051951924846,389.3406305909027,0.04686440677966101,0.22991186440677966,0.14569830508474574,0.18073898305084746,0.32135254237288136,31872.566101694916,44.29830508474576
2025-05-03,ASLT,302,110,48,0.36423841059602646,0.15894039735099338,2.313568630436951,25.912909403782223,95.81180036042257,782.804163300203,46.5073646581637,391.25792718791854,0.05451655629139071,0.2603344370860927,0.17683774834437085,0.21714900662251654,0.3562615894039735,24144.83774834437,57.35099337748344
2025-05-03,THFT,238,14,19,0.058823529411764705,0.07983193277310924,2.363923577129305,26.626992672084004,85.80920306180059,757.0392062387899,44.527107392353855,395.5444272901601,0.04519327731092435,0.2159579831932773,0.14081932773109243,0.1787731092436975,0.32079411764705884,32149.319327731093,42.436974789915965
2025-05-04,ASLT,276,88,43,0.3188405797101449,0.15579710144927536,2.3856377338915484,26.865000516283825,92.68332867152361,809.5768979803761,46.104408715587184,410.9052783412127,0.0561123188405797,0.248213768115942,0.16814492753623186,0.21893478260869564,0.3567427536231884,23655.17391304348,55.78260869565217
2025-05-04,THFT,228,15,11,0.06578947368421052,0.04824561403508772,2.2284390897680058,25.075812048287492,85.01588236606524,697.586002837115,44.11275752702906,371.6722396867193,0.047785087719298236,0.22952631578947366,0.15423245614035086,0.18248245614035088,0.3252631578947368,31246.697368421053,45.780701754385966
2025-05-05,ASLT,291,80,49,0.27491408934707906,0.16838487972508592,2.320403496902652,26.757898937357808,93.36551136992816,757.1309340931938,45.977932734444984,383.4713303345691,0.05407560137457043,0.254680412371134,0.17007903780068725,0.20516151202749142,0.3566529209621993,24999.30240549828,54.83505154639175
2025-05-05,THFT,268,18,15,0.06716417910447761,0.055970149253731345,2.3656370199090504,26.398348007805712,86.59179839460444,749.0273918491071,44.68905832498187,392.6697458193433,0.045768656716417895,0.2214365671641791,0.14877985074626865,0.18045895522388058,0.32666791044776117,30446.41417910448,44.701492537313435
2025-05-06,ASLT,315,91,65,0.28888888888888886,0.20634920634920634,2.3165440418060688,26.464877031941814,91.30510580044901,769.6139370369406,45.40258696587119,391.82513520075076,0.053876190476190466,0.24633333333333332,0.16968571428571427,0.2090126984126984,0.35319999999999996,25066.415873015874,54.24444444444445
2025-05-06,THFT,280,16,17,0.05714285714285714,0.060714285714285714,2.276727161420654,26.36532923749212,88.38188227496964,738.5897944726264,45.061310667305655,382.79306499844853,0.04508571428571428,0.215575,0.13936071428571425,0.17513214285714285,0.31861428571428574,32505.917857142857,41.44642857142857
2025-05-07,ASLT,279,69,68,0.24731182795698925,0.24372759856630824,2.202424638160944,26.51099363115532,91.27167981741565,748.4911312660771,45.3182552749365,379.09609303684766,0.052709677419354825,0.25455555555555553,0.1693046594982079,0.20789247311827955,0.35175268817204297,24648.272401433693,54.89964157706093
2025-05-07,THFT,285,12,26,0.042105263157894736,0.0912280701754386,2.2938225698882193,26.079622234753536,85.69169884506105,733.8367987622789,44.484303925522,386.84997417485755,0.047028070175438585,0.2250771929824561,0.14509473684210525,0.1770421052631579,0.31724912280701756,31860.891228070177,43.02456140350877
2025-05-08,ASLT,269,81,62,0.30111524163568776,0.23048327137546468,2.176368024066003,26.354607694864296,94.97748616192442,767.9503255131517,46.451884703953795,386.3040462545022,0.053249070631970256,0.2579888475836431,0.17684014869888476,0.20920446096654274,0.356,23768.18215613383,56.42379182156134
2025-05-08,THFT,250,11,13,0.044,0.052,2.3723493955525896,26.157788599875445,86.80907185500848,755.992584897462,44.73744866848226,394.00972276430963,0.04720799999999999,0.21736399999999997,0.14213599999999998,0.180172,0.320288,31937.448,43.384
2025-05-09,ASLT,285,76,52,0.26666666666666666,0.1824561403508772,2.1863624503446686,26.91681941736602,92.69712189337814,765.7995188192957,45.948014910907794,388.91241488445263,0.053638596491228055,0.24235438596491227,0.1648280701754386,0.20448070175438596,0.3497228070175438,25430.736842105263,53.03859649122807
2025-05-09,THFT,288,5,12,0.017361111111111112,0.041666666666666664,2.3740428626553087,26.958923730911078,89.03168105451945,759.8718180823938,45.779890830110624,395.5778165307066,0.044065972222222215,0.20767013888888888,0.13797569444444444,0.16800694444444442,0.318875,34550.48263888889,40.21875
2025-05-10,ASLT,10,3,2,0.3,0.2,3.0185550220172916,23.797786683968603,86.30667082072928,875.9533241885999,43.26436768711012,451.89588555766005,0.0643,0.30469999999999997,0.22469999999999998,0.26789999999999997,0.3892,17055.8,72.4
2025-05-10,THFT,4,0,0,0.0,0.0,1.0091901984454972,27.51571180581692,102.60763941551639,849.828608008625,48.13258165119167,403.65131893835,0.04075,0.26175,0.17825,0.16925,0.3405,27159.25,54.0
