district,date,THFT_RollAvg7,THFT_RollDRate7,THFT_RollARate7,THFT_RollAvgDist7,THFT_RollAvgMaxDist7,THFT_RollAvgCMLen7,THFT_RollAvgLen7,THFT_RollAvgHardship7,THFT_RollAvgCountCMArea7,THFT_RollAvgDRateCMArea7,THFT_RollAvgARateCMArea7,THFT_RollAvgDensity7
1,2025-01-01,18.571428571428573,0.030177345537757444,0.10531139229147037,2.0172977112884687,20.551285393272668,42.9976602922,300.9836220454,8.05062688691037,0.26716257063490517,0.00043412154201258037,0.0015149756613239318,0.03816608151927218
1,2025-01-02,17.714285714285715,0.02396616541353384,0.07425549167035236,2.042487895518268,20.598912287123813,42.9976602922,300.9836220454,7.439739053516143,0.25483199045175575,0.000344769511699903,0.0010682155097605454,0.03640457006453653
1,2025-01-03,17.857142857142858,0.02396616541353384,0.07378863826232249,2.011502815900938,20.57563413542647,42.9976602922,300.9836220454,7.557386112339672,0.2568870871489473,0.000344769511699903,0.0010614995074821414,0.03669815530699248
1,2025-01-04,17.571428571428573,0.02396616541353384,0.07487088934457355,2.0744341741798116,20.66063755280849,42.9976602922,300.9836220454,7.172104727058287,0.25277689375456414,0.000344769511699903,0.0010770684218548048,0.0361109848220806
1,2025-01-05,17.0,0.03587092731829574,0.11356136553504974,2.067490960222829,20.658366604251455,42.9976602922,300.9836220454,6.862580917534477,0.24455650696579784,0.0005160275697992013,0.0016336571106775242,0.03493664385225684
1,2025-01-06,17.857142857142858,0.026942355889724316,0.1241133135869978,2.074543442533028,20.65080015171399,42.9976602922,300.9836220454,6.787905592859153,0.2568870871489473,0.0003875840262247276,0.0017854540258109928,0.03669815530699248
1,2025-01-07,18.285714285714285,0.026942355889724316,0.12728791676160098,2.0208422021121306,20.605582746464798,42.9976602922,300.9836220454,6.470445275398836,0.26305237724052205,0.0003875840262247276,0.0018311228413041391,0.0375789110343603
1,2025-01-08,18.285714285714285,0.019423558897243114,0.14232551074656336,2.111591780410035,20.718694982244035,42.9976602922,300.9836220454,6.079467831789813,0.26305237724052205,0.0002794210421620129,0.0020474488094295684,0.0375789110343603
1,2025-01-09,19.0,0.019423558897243114,0.16180603022708287,2.1162742875467417,20.703859827885275,42.9976602922,300.9836220454,6.074884180147338,0.2733278607264799,0.0002794210421620129,0.002327689268137511,0.039046837246639994
1,2025-01-10,18.142857142857142,0.019423558897243114,0.16577428419533682,2.1191653188182675,20.682880885523975,42.9976602922,300.9836220454,6.551074656337815,0.2609972805433305,0.0002794210421620129,0.0023847752875039434,0.037285325791904356
1,2025-01-11,17.714285714285715,0.026942355889724316,0.16782486519328627,2.0822355965109685,20.645528350529652,42.9976602922,300.9836220454,6.512797144376092,0.2548319904517557,0.0003875840262247276,0.0024142742831574113,0.03640457006453653
1,2025-01-12,18.285714285714285,0.02396616541353384,0.13806296043138147,2.11554358371775,20.65155563471021,42.9976602922,300.9836220454,6.929463811042759,0.26305237724052205,0.000344769511699903,0.0019861291379091655,0.0375789110343603
1,2025-01-13,16.857142857142858,0.02396616541353384,0.118582440950862,2.1106096619610875,20.63356033056193,42.9976602922,300.9836220454,7.444615326194273,0.24250141026860628,0.000344769511699903,0.0017058886792012233,0.0346430586098009
1,2025-01-14,17.285714285714285,0.02396616541353384,0.14125817791231324,2.1392126884579663,20.693196481881028,42.9976602922,300.9836220454,7.109014419164795,0.24866670036018101,0.000344769511699903,0.002032094504152267,0.03552381433716872
1,2025-01-15,17.142857142857142,0.016447368421052638,0.12663829487137757,2.049356081395639,20.565856921118797,42.9976602922,300.9836220454,7.7873769922642095,0.24661160366298943,0.00023660652763718838,0.001821777590696989,0.03523022909471278
1,2025-01-16,16.0,0.016447368421052638,0.12756593865616422,2.0707880898191737,20.624094629489065,42.9976602922,300.9836220454,7.494241556271632,0.2301708300854568,0.00023660652763718838,0.0018351223744449859,0.032881547155065256
1,2025-01-17,17.571428571428573,0.016447368421052638,0.1280835369998495,2.069673596609177,20.589338685097577,42.9976602922,300.9836220454,8.297554185671217,0.2527768937545642,0.00023660652763718838,0.0018425683769710424,0.0361109848220806
1,2025-01-18,16.857142857142858,0.008928571428571437,0.12325002464754017,2.0334648378978795,20.550937218104227,42.9976602922,300.9836220454,8.469412402642217,0.24250141026860625,0.0001284435435744737,0.0017730350300735832,0.0346430586098009
1,2025-01-19,16.714285714285715,0.0,0.14348811988563542,2.033665165095731,20.59338966339517,42.9976602922,300.9836220454,7.9098885931184055,0.24044631357141472,0.0,0.0020641737288423904,0.03434947336734496
1,2025-01-20,17.857142857142858,0.0,0.1577738341713497,2.0064261673048747,20.574677615527,42.9976602922,300.9836220454,7.319412402642216,0.2568870871489473,0.0,0.0022696833985615477,0.03669815530699248
1,2025-01-21,17.285714285714285,0.0,0.12856214949748015,2.0294556066902993,20.605137378193568,42.9976602922,300.9836220454,7.221773347019968,0.24866670036018101,0.0,0.0018494535417128502,0.03552381433716872
1,2025-01-22,16.285714285714285,0.0,0.14659966753499817,2.0363115414847663,20.630972483505698,42.9976602922,300.9836220454,6.800416925663547,0.23428102347983998,0.0,0.0021089354479239078,0.03346871763997714
1,2025-01-23,15.714285714285714,0.0,0.15476293284112064,2.023072529494823,20.58318139862556,42.9976602922,300.9836220454,7.820825088928852,0.22606063669107362,0.0,0.002226369544906284,0.032294376670153384
1,2025-01-24,15.857142857142858,0.0,0.16019771544981629,2.0557767002560636,20.66308410009098,42.9976602922,300.9836220454,6.8270362690530755,0.2281157333882652,0.0,0.0023045525714298766,0.03258796191260932
1,2025-01-25,15.571428571428571,0.0,0.18570791953144897,2.0737528852918086,20.65164796690198,42.9976602922,300.9836220454,6.888260758848994,0.22400553999388206,0.0,0.0026715341244998012,0.03200079142769744
1,2025-01-26,16.142857142857142,0.0,0.16265027542117325,2.069556469290299,20.619506741562358,42.9976602922,300.9836220454,7.148912387921676,0.23222592678264836,0.0,0.0023398343067074765,0.0331751323975212
1,2025-01-27,17.428571428571427,0.004926108374384244,0.20255175325368557,2.152805432050122,20.707098475466957,42.9976602922,300.9836220454,7.721326181025124,0.2507217970573726,7.08654033514338e-05,0.0029138440738540896,0.035817399579624654
1,2025-01-28,18.571428571428573,0.004926108374384244,0.20019881207721496,2.1779545818484536,20.739175685876795,42.9976602922,300.9836220454,7.611074080184787,0.26716257063490517,7.08654033514338e-05,0.002879995422370934,0.03816608151927218
1,2025-01-29,19.428571428571427,0.004926108374384244,0.19943487013680244,2.2248369979312668,20.76395235136966,42.9976602922,300.9836220454,8.48807942777837,0.27949315081805465,7.08654033514338e-05,0.0028690056004608186,0.03992759297400782
1,2025-01-30,20.714285714285715,0.004926108374384244,0.17838223855785507,2.2377959240199634,20.803780334237274,42.9976602922,300.9836220454,7.48056063078589,0.2979890210927789,7.08654033514338e-05,0.0025661492450852175,0.04256986015611127
1,2025-01-31,20.857142857142858,0.004926108374384244,0.1833822385578551,2.1476136963176615,20.68285341647159,42.9976602922,300.9836220454,7.640560630785891,0.3000441177899704,7.08654033514338e-05,0.002638077629486923,0.042863445398567214
1,2025-02-01,22.285714285714285,0.011419614867890738,0.16065496583058234,2.1264665514790115,20.664410998644364,42.9976602922,300.9836220454,7.835365825591085,0.32059508476188625,0.00016427888958741468,0.00231113042766099,0.045799297823126604
1,2025-02-02,22.142857142857142,0.011419614867890738,0.16942689565514377,2.1907610495392076,20.731352488240816,42.9976602922,300.9836220454,7.987412609216816,0.3185399880646947,0.00016427888958741468,0.002437320575734157,0.04550571258067067
1,2025-02-03,21.0,0.006493506493506502,0.13564786680222327,2.1132117791428335,20.645929954470585,42.9976602922,300.9836220454,7.862617863732416,0.30209921448716204,9.341348623598092e-05,0.0019513863813243257,0.04315703064102315
1,2025-02-04,21.0,0.006493506493506502,0.13564786680222327,2.089863836853086,20.59631930239704,42.9976602922,300.9836220454,8.319760720875271,0.30209921448716204,9.341348623598092e-05,0.001951386381324326,0.04315703064102315
1,2025-02-05,20.714285714285715,0.006493506493506502,0.11996159229241936,2.096361453428721,20.650685972892436,42.9976602922,300.9836220454,7.165699096225412,0.2979890210927789,9.341348623598092e-05,0.0017257287047699563,0.04256986015611127
1,2025-02-06,20.857142857142858,0.006493506493506502,0.14815708101422387,2.0765410425474315,20.617412042611384,42.9976602922,300.9836220454,7.6017893217893215,0.3000441177899705,9.341348623598092e-05,0.0021313398950051363,0.042863445398567214
1,2025-02-07,19.0,0.006493506493506502,0.17291898577612863,2.0979029351302034,20.67206426328863,42.9976602922,300.9836220454,7.298932178932178,0.2733278607264799,9.341348623598092e-05,0.0024875566558516765,0.039046837246639994
1,2025-02-08,17.571428571428573,0.0,0.19564625850340134,2.12714618156436,20.744779323882746,42.9976602922,300.9836220454,6.532698412698413,0.25277689375456414,0.0,0.0028145038576776094,0.0361109848220806
1,2025-02-09,17.142857142857142,0.0,0.20993197278911563,2.062727165759037,20.643140292300327,42.9976602922,300.9836220454,7.529523809523809,0.24661160366298945,0.0,0.003020013527396767,0.035230229094712774
1,2025-02-10,17.142857142857142,0.0,0.216734693877551,2.094476926290841,20.69467244389735,42.9976602922,300.9836220454,7.0941496598639455,0.24661160366298943,0.0,0.0031178752748820806,0.03523022909471278
1,2025-02-11,18.285714285714285,0.004329004329004337,0.2198515769944341,2.1019849804583357,20.690367487250864,42.9976602922,300.9836220454,7.376747062461348,0.26305237724052205,6.227565749065396e-05,0.003162713748275351,0.0375789110343603
1,2025-02-12,18.142857142857142,0.004329004329004337,0.2511440940012369,2.0903326977391488,20.651797844948415,42.9976602922,300.9836220454,7.308719851576995,0.2609972805433305,6.227565749065396e-05,0.0036128777867077927,0.037285325791904356
1,2025-02-13,17.857142857142858,0.004329004329004337,0.231302824159967,2.087553279663193,20.672671347134404,42.9976602922,300.9836220454,6.896021438878582,0.2568870871489473,6.227565749065396e-05,0.0033274476898756287,0.03669815530699248
1,2025-02-14,19.571428571428573,0.004329004329004337,0.20154091939806223,2.0603022328459732,20.640189146956384,42.9976602922,300.9836220454,6.753164296021438,0.28154824751524626,6.227565749065396e-05,0.0028993025446273834,0.04022117821646375
1,2025-02-15,20.714285714285715,0.004329004329004337,0.17296949082663368,2.1121902910260766,20.669984213567297,42.9976602922,300.9836220454,7.496021438878581,0.29798902109277886,6.227565749065396e-05,0.0024882832051890675,0.04256986015611127
1,2025-02-16,21.0,0.004329004329004337,0.1936977821431603,2.2128822366875838,20.828392092191596,42.9976602922,300.9836220454,6.467450010307153,0.302099214487162,6.227565749065396e-05,0.002786473706350198,0.04315703064102315
1,2025-02-17,19.428571428571427,0.004329004329004337,0.1807726120751331,2.19043494164243,20.811991834389875,42.9976602922,300.9836220454,6.369490826633684,0.27949315081805465,6.227565749065396e-05,0.002600536386128103,0.03992759297400782
1,2025-02-18,17.142857142857142,0.0,0.19681539282379618,2.186663250501531,20.832563426336332,42.9976602922,300.9836220454,5.773616113111912,0.24661160366298943,0.0,0.0028313226462405266,0.03523022909471278
1,2025-02-19,17.428571428571427,0.008928571428571437,0.1649276377217554,2.181475113184638,20.841555188887153,42.9976602922,300.9836220454,5.936881419234361,0.2507217970573726,0.0001284435435744737,0.0023725957049031206,0.035817399579624654
1,2025-02-20,18.142857142857142,0.008928571428571437,0.1552658019729631,2.1186676525884534,20.727036923383224,42.9976602922,300.9836220454,6.4613810741687985,0.2609972805433305,0.0001284435435744737,0.002233603657750067,0.037285325791904356
1,2025-02-21,17.285714285714285,0.008928571428571437,0.15328167498883613,2.102705951326496,20.68396683017045,42.9976602922,300.9836220454,6.842333455121179,0.248666700360181,0.0001284435435744737,0.0022050606480668506,0.03552381433716872
1,2025-02-22,18.0,0.008928571428571437,0.18042453213169327,2.046528151105936,20.650791960437356,42.9976602922,300.9836220454,6.276619169406893,0.2589421838461389,0.0001284435435744737,0.0025955290205332505,0.03699174054944842
1,2025-02-23,17.571428571428573,0.008928571428571437,0.1624173292505408,1.992224754964086,20.595851937225678,42.9976602922,300.9836220454,5.909272230631383,0.25277689375456414,0.0001284435435744737,0.002336483218366245,0.0361109848220806
1,2025-02-24,20.0,0.008928571428571437,0.19045965729286882,2.0288198115633276,20.63250700304723,42.9976602922,300.9836220454,5.9981611195202715,0.287713537606821,0.0001284435435744737,0.0027398910885557026,0.04110193394383157
1,2025-02-25,20.285714285714285,0.008928571428571437,0.16348044455514213,2.0169564675401164,20.61704209041,42.9976602922,300.9836220454,6.2440700093920105,0.2918237310012041,0.0001284435435744737,0.0023517768516247853,0.041689104428743455
1,2025-02-26,21.428571428571427,0.0,0.16050425407895166,1.994703684510466,20.563737401149524,42.9976602922,300.9836220454,6.839308104630105,0.30826450457873683,0.0,0.0023089623370999607,0.04403778636839097
1,2025-02-27,21.142857142857142,0.006802721088435382,0.1747012372200342,2.0345596975401046,20.638447571992007,42.9976602922,300.9836220454,6.605057882802243,0.3041543111843536,9.786174748531331e-05,0.002513195549243223,0.04345061588347909
1,2025-02-28,21.714285714285715,0.01978973407544837,0.1848022473210443,2.0824423058739754,20.68495073787899,42.9976602922,300.9836220454,7.34098861873298,0.31237469797311995,0.00028468871995727507,0.002658505416721416,0.04462495685330285
1,2025-03-01,20.571428571428573,0.028193095419986183,0.16732325572440568,2.065051931154398,20.615652300469726,42.9976602922,300.9836220454,8.39913987923718,0.2959339243955873,0.00040557676096854436,0.002407058291417976,0.04227627491365533
1,2025-03-02,20.142857142857142,0.028193095419986183,0.12650692919379342,2.0380979140964213,20.579227526990547,42.9976602922,300.9836220454,8.922330973856846,0.28976863430401256,0.00040557676096854436,0.0018198878065060961,0.04139551918628752
1,2025-03-03,20.0,0.028193095419986183,0.10615690884377306,2.012696221315138,20.51018300075727,42.9976602922,300.9836220454,9.308167359693233,0.287713537606821,0.00040557676096854436,0.0015271389892423386,0.04110193394383158
1,2025-03-04,20.285714285714285,0.034995816508421554,0.11152747812411677,2.0145183319041875,20.52872412060376,42.9976602922,300.9836220454,8.990229658296887,0.2918237310012041,0.0005034385084538576,0.001604398263572849,0.041689104428743455
1,2025-03-05,20.0,0.034995816508421554,0.10557509717173584,2.0494292142661963,20.570926341281528,42.9976602922,300.9836220454,9.200186368253595,0.287713537606821,0.0005034385084538576,0.0015187692345231998,0.04110193394383157
1,2025-03-06,19.857142857142858,0.028193095419986183,0.09945264819214399,2.034987993972749,20.555830346428248,42.9976602922,300.9836220454,9.236921062131147,0.28565844090962944,0.00040557676096854436,0.001430693661786418,0.04080834870137563
1,2025-03-07,20.142857142857142,0.015206082432973196,0.09728814602764183,2.0402386447546417,20.577735290546347,42.9976602922,300.9836220454,8.096228421438505,0.28976863430401256,0.00021874978849658263,0.001399555833041091,0.04139551918628752
1,2025-03-08,22.142857142857142,0.006802721088435382,0.08969801320031734,2.077113223139059,20.66178068491348,42.9976602922,300.9836220454,7.883975778445824,0.3185399880646947,9.786174748531331e-05,0.0012903666347083317,0.04550571258067067
1,2025-03-09,23.142857142857142,0.006802721088435382,0.11350753700984116,2.052875254323574,20.589137334624034,42.9976602922,300.9836220454,8.394798289268335,0.3329256649450358,9.786174748531331e-05,0.001632882750906928,0.04756080927786226
1,2025-03-10,23.285714285714285,0.006802721088435382,0.10740253090483505,2.0615956002265934,20.608917538635275,42.9976602922,300.9836220454,8.453406347876394,0.3349807616422273,9.786174748531331e-05,0.0015450581057278006,0.04785439452031819
1,2025-03-11,23.142857142857142,0.007142857142857151,0.10128008192524322,2.050819345680053,20.589008352046683,42.9976602922,300.9836220454,8.661569613182516,0.3329256649450358,0.000102754834859579,0.0014569825329910188,0.04756080927786226
1,2025-03-12,22.857142857142858,0.007142857142857151,0.12270865335381465,2.0188305380438365,20.54606296737097,42.9976602922,300.9836220454,7.9992319508448535,0.32881547155065255,0.000102754834859579,0.0017652470375697556,0.04697363879295038
1,2025-03-13,22.571428571428573,0.007142857142857151,0.12429595494111623,2.0863613551399736,20.638311793017802,42.9976602922,300.9836220454,7.513517665130569,0.3247052781562694,0.000102754834859579,0.0017880814453163287,0.0463864683080385
1,2025-03-14,21.571428571428573,0.015546218487394967,0.10888979247613025,2.1088143176365235,20.67388895299994,42.9976602922,300.9836220454,7.890268365410681,0.3103196012759284,0.00022364287587084834,0.0015664533701290014,0.044331371610846916
1,2025-03-15,20.571428571428573,0.021498599439775917,0.11157796451914097,2.152886754678384,20.733857078219625,42.9976602922,300.9836220454,6.771988795518207,0.2959339243955873,0.00030927190492049744,0.0016051245445385203,0.042276274913655335
1,2025-03-16,20.428571428571427,0.021498599439775917,0.1045751633986928,2.226732815211872,20.86860502718358,42.9976602922,300.9836220454,5.6683473389355745,0.29387882769839574,0.00030927190492049744,0.0015043845103624627,0.04198268967119939
1,2025-03-17,19.142857142857142,0.029435107376283853,0.10457516339869281,2.2032002509642883,20.8225784600664,42.9976602922,300.9836220454,6.049299719887955,0.2753829574236715,0.0004234439436533629,0.0015043845103624627,0.03934042248909593
1,2025-03-18,19.714285714285715,0.02229225023342671,0.10814659197012137,2.145102832236173,20.731134258227105,42.9976602922,300.9836220454,6.487394957983192,0.2836033442124378,0.0003206891087937839,0.001555761927792252,0.040514763458919696
1,2025-03-19,19.285714285714285,0.02229225023342671,0.1119281045751634,2.1238143226892867,20.74517348532265,42.9976602922,300.9836220454,6.294117647058823,0.2774380541208631,0.0003206891087937839,0.0016101615462473236,0.03963400773155187
1,2025-03-20,20.428571428571427,0.02229225023342671,0.101549594196653,2.041830858490652,20.623382851461717,42.9976602922,300.9836220454,6.8875242404654164,0.29387882769839574,0.0003206891087937839,0.001460859649442807,0.04198268967119939
1,2025-03-21,20.285714285714285,0.03174603174603175,0.11993194713782948,2.058965853792127,20.645978548363953,42.9976602922,300.9836220454,6.748868778280543,0.2918237310012041,0.00045668815493146194,0.0017253022391549588,0.04168910442874345
1,2025-03-22,20.428571428571427,0.03150793650793652,0.12517004237592474,1.9990743608239558,20.52676302733869,42.9976602922,300.9836220454,7.981249730661495,0.29387882769839574,0.00045326299376947596,0.0018006557847186498,0.04198268967119939
1,2025-03-23,20.714285714285715,0.03150793650793652,0.11588211667933031,1.9306734517504367,20.427340134681998,42.9976602922,300.9836220454,8.718976400276711,0.29798902109277886,0.00045326299376947596,0.001667042686758826,0.042569860156111264
1,2025-03-24,21.285714285714285,0.02357142857142858,0.1259831267803404,1.9366686111950568,20.470898523436762,42.9976602922,300.9836220454,8.582612763913074,0.3062094078815452,0.0003390909550366105,0.0018123525542370182,0.04374420112593504
1,2025-03-25,21.428571428571427,0.02357142857142858,0.13098312678034038,1.9991706549030275,20.546477049208942,42.9976602922,300.9836220454,8.321660382960692,0.3082645045787368,0.0003390909550366105,0.001884280938638724,0.044037786368390966
1,2025-03-26,21.285714285714285,0.02357142857142858,0.12363018560386982,2.0549821844064584,20.572562375943225,42.9976602922,300.9836220454,8.836366265313634,0.3062094078815452,0.0003390909550366105,0.001778503902753863,0.04374420112593503
1,2025-03-27,19.714285714285715,0.02357142857142858,0.12765948963317383,2.1185124004228975,20.649156229152492,42.9976602922,300.9836220454,8.87153110047847,0.2836033442124378,0.0003390909550366105,0.0018364681685720872,0.04051476345891969
1,2025-03-28,19.857142857142858,0.022521008403361353,0.10927713669199737,2.078770304288256,20.590657410276435,42.9976602922,300.9836220454,9.111026898797798,0.2856584409096294,0.0003239799499102019,0.0015720255788599354,0.04080834870137563
1,2025-03-29,19.142857142857142,0.016806722689075636,0.1207057081205688,2.1194389805865024,20.659043647566875,42.9976602922,300.9836220454,8.288169755940654,0.2753829574236715,0.00024177608202253871,0.0017364333146352618,0.03934042248909593
1,2025-03-30,18.857142857142858,0.016806722689075636,0.13839699516170104,2.204532666883689,20.748189083183917,42.9976602922,300.9836220454,8.021031321619557,0.27127276402928835,0.00024177608202253871,0.001990934453606355,0.03875325200418405
1,2025-03-31,18.571428571428573,0.016806722689075636,0.11242296918767505,2.2054959474020093,20.760758070086997,42.9976602922,300.9836220454,7.3002521008403365,0.26716257063490517,0.00024177608202253871,0.0016172805086624319,0.03816608151927218
1,2025-04-01,17.571428571428573,0.024743230625583573,0.10543884220354809,2.187087973607391,20.737968282975732,42.9976602922,300.9836220454,7.799299719887955,0.25277689375456414,0.00035594812075540424,0.0015168091145775098,0.0361109848220806
1,2025-04-02,18.714285714285715,0.024743230625583573,0.11734360410831,2.1608372435161853,20.73139724802741,42.9976602922,300.9836220454,7.57310924369748,0.2692176673320968,0.00035594812075540424,0.001688067172676808,0.038459666761728115
1,2025-04-03,19.428571428571427,0.031886087768440714,0.13639122315592905,2.115219210818296,20.70192148730794,42.9976602922,300.9836220454,7.115966386554622,0.27949315081805465,0.0004587029556149831,0.0019620800656356854,0.03992759297400782
1,2025-04-04,20.0,0.015079365079365087,0.13479058289982662,2.095861263742329,20.69704523260233,42.9976602922,300.9836220454,6.703001200480193,0.287713537606821,0.00021692687359244444,0.0019390537721097293,0.04110193394383157
1,2025-04-05,20.714285714285715,0.015079365079365087,0.11764772575696945,2.096315138390961,20.70853968741678,42.9976602922,300.9836220454,6.680144057623049,0.2979890210927789,0.00021692687359244444,0.0016924421684467398,0.04256986015611127
1,2025-04-06,20.571428571428573,0.015079365079365087,0.10136621315192744,2.0923163317076194,20.71349442364747,42.9976602922,300.9836220454,6.8251020408163265,0.2959339243955873,0.00021692687359244444,0.0014582215889874053,0.042276274913655335
1,2025-04-07,20.714285714285715,0.021882086167800463,0.13537981859410433,2.0691229052072604,20.648787274313012,42.9976602922,300.9836220454,7.709455782312925,0.29798902109277886,0.00031478862107775773,0.0019475303264139719,0.04256986015611127
1,2025-04-08,22.0,0.013945578231292525,0.15125283446712018,2.068821723722936,20.645299934042903,42.9976602922,300.9836220454,7.190937263794408,0.3164848913675031,0.00020061658234489223,0.0021758744038797026,0.045212127338214725
1,2025-04-09,20.285714285714285,0.013945578231292525,0.14530045351473922,1.997576107051859,20.52228845417095,42.9976602922,300.9836220454,7.762365835222978,0.2918237310012041,0.00020061658234489223,0.0020902453748300534,0.041689104428743455
1,2025-04-10,20.428571428571427,0.013605442176870755,0.1575453514739229,2.0103120315900767,20.485308008415018,42.9976602922,300.9836220454,8.747399848828419,0.29387882769839574,0.00019572349497062657,0.0022663965203036174,0.04198268967119939
1,2025-04-11,20.857142857142858,0.013605442176870755,0.17455215419501133,2.031472173810591,20.483137041283776,42.9976602922,300.9836220454,9.063726379440665,0.3000441177899705,0.00019572349497062657,0.0025110508890169004,0.042863445398567214
1,2025-04-12,19.285714285714285,0.013605442176870755,0.17332766439909295,2.034846262977686,20.480446438772624,42.9976602922,300.9836220454,8.955971277399849,0.2774380541208631,0.00019572349497062657,0.002493435774469544,0.03963400773155188
1,2025-04-13,19.0,0.034013605442176874,0.20521541950113376,1.9302103167755738,20.345109020187092,42.9976602922,300.9836220454,9.063114134542705,0.27332786072647997,0.0004893087374265664,0.00295216271580695,0.039046837246639994
1,2025-04-14,20.0,0.027210884353741503,0.1865079365079365,1.9764725120628879,20.42598634559975,42.9976602922,300.9836220454,8.464474678760393,0.287713537606821,0.00039144698994125315,0.0026830429102223385,0.04110193394383158
1,2025-04-15,19.428571428571427,0.027210884353741503,0.18581780538302275,2.0140682059743558,20.469684875893186,42.9976602922,300.9836220454,8.407423839100856,0.2794931508180547,0.00039144698994125315,0.002673114906854263,0.03992759297400782
1,2025-04-16,20.428571428571427,0.027210884353741503,0.16952707856598018,2.124147800374176,20.62626674228281,42.9976602922,300.9836220454,7.913689503261259,0.29387882769839574,0.00039144698994125315,0.0024387617747183813,0.04198268967119939
1,2025-04-17,21.0,0.020408163265306128,0.1629964663210822,2.166626856754014,20.708955165256743,42.9976602922,300.9836220454,7.180084061084387,0.30209921448716204,0.00029358524245593984,0.0023448144971324808,0.04315703064102316
1,2025-04-18,21.714285714285715,0.02533427163969037,0.14903915926032688,2.187218539050186,20.729598545356595,42.9976602922,300.9836220454,7.167768790148427,0.31237469797311995,0.00036445064580737356,0.0021440291876367516,0.04462495685330286
1,2025-04-19,22.0,0.02533427163969037,0.14776364905624526,2.054304659802895,20.555278017426264,42.9976602922,300.9836220454,7.448381035046387,0.3164848913675031,0.00036445064580737356,0.0021256801099832556,0.04521212733821473
1,2025-04-20,22.0,0.004926108374384244,0.11715140415828605,2.1028675838631026,20.650060875070217,42.9976602922,300.9836220454,6.836136137087203,0.3164848913675031,7.08654033514338e-05,0.0016853022462993458,0.04521212733821473
1,2025-04-21,21.428571428571427,0.004926108374384244,0.1197024245664493,2.118602394983015,20.678435232923288,42.9976602922,300.9836220454,6.598040898991965,0.3082645045787368,7.08654033514338e-05,0.0017220004016063385,0.044037786368390966
1,2025-04-22,20.857142857142858,0.004926108374384244,0.0961653209378125,2.0846603125634586,20.652872633068913,42.9976602922,300.9836220454,6.547043841129919,0.3000441177899705,7.08654033514338e-05,0.0013834032341056668,0.042863445398567214
1,2025-04-23,20.571428571428573,0.004926108374384244,0.10545324663440694,2.036901874954793,20.634507245375914,42.9976602922,300.9836220454,6.046380417865876,0.2959339243955873,7.08654033514338e-05,0.0015170163320654907,0.042276274913655335
1,2025-04-24,19.428571428571427,0.004926108374384244,0.08797425503776828,1.915953099882246,20.493153302453713,42.9976602922,300.9836220454,6.043691342235625,0.27949315081805465,7.08654033514338e-05,0.0012655692067620502,0.03992759297400782
1,2025-04-25,19.0,0.0,0.08911104927801079,1.8730694351268384,20.429562038122153,42.9976602922,300.9836220454,6.665896723061694,0.2733278607264799,0.0,0.0012819227613816118,0.039046837246639994
1,2025-04-26,19.285714285714285,0.007936507936507945,0.0881189857859473,1.9939847643603588,20.572141781214693,42.9976602922,300.9836220454,6.947642754807726,0.2774380541208631,0.00011417203873286552,0.001267651256540004,0.03963400773155188
1,2025-04-27,20.0,0.007936507936507945,0.10047129513073785,1.986732602453147,20.541293643895933,42.9976602922,300.9836220454,7.635075622691722,0.287713537606821,0.00011417203873286552,0.0014453475875001779,0.04110193394383158
1,2025-04-28,20.428571428571427,0.007936507936507945,0.10377817343761617,1.9246494317717329,20.456542568742435,42.9976602922,300.9836220454,7.809678797294896,0.29387882769839574,0.00011417203873286552,0.0014929192703055385,0.04198268967119939
1,2025-04-29,20.714285714285715,0.007936507936507945,0.11666753971044108,1.965330777951359,20.50577626626292,42.9976602922,300.9836220454,7.769578546668329,0.29798902109277886,0.00011417203873286552,0.0016783415286987637,0.04256986015611127
1,2025-04-30,20.714285714285715,0.007936507936507945,0.10826417836590327,1.9622077092179098,20.45877970136753,42.9976602922,300.9836220454,8.374620563475053,0.29798902109277886,0.00011417203873286552,0.0015574534876874944,0.04256986015611127
1,2025-05-01,21.857142857142858,0.01365079365079366,0.09717174139111336,2.044455841153918,20.560965867660567,42.9976602922,300.9836220454,8.377309639105304,0.3144297946703115,0.00019637590662052867,0.0013978812735526186,0.04491854209575879
1,2025-05-02,19.857142857142858,0.01365079365079366,0.09808749230686427,2.0576815491405127,20.606350080716474,42.9976602922,300.9836220454,7.410276672072338,0.2856584409096294,0.00019637590662052867,0.0014110549703294877,0.04080834870137563
1,2025-05-03,19.857142857142858,0.005714285714285722,0.09808749230686427,2.0252275326105074,20.569671717631916,42.9976602922,300.9836220454,7.569006830802498,0.28565844090962944,8.220386788766321e-05,0.0014110549703294877,0.04080834870137563
1,2025-05-04,20.428571428571427,0.011925465838509326,0.08174228145364425,2.054295957292853,20.600407752161107,42.9976602922,300.9836220454,7.332328177647871,0.29387882769839574,0.00017155589820034054,0.0011759180484540214,0.04198268967119939
1,2025-05-05,19.142857142857142,0.01986197377501726,0.0843877840991469,2.0400619048721547,20.58574736717481,42.9976602922,300.9836220454,7.745026590346284,0.2753829574236715,0.000285727936933206,0.0012139753946983098,0.03934042248909593
1,2025-05-06,18.285714285714285,0.01986197377501726,0.09255104940526936,1.9919888262830514,20.511852773963227,42.9976602922,300.9836220454,8.125978971298665,0.26305237724052205,0.000285727936933206,0.0013314094916806857,0.0375789110343603
1,2025-05-07,18.571428571428573,0.027380770767498463,0.08414768806073154,1.9939931454352238,20.47049101637646,42.9976602922,300.9836220454,9.525359776252225,0.26716257063490517,0.0003938909209959207,0.0012105214506694163,0.03816608151927218
1,2025-05-08,17.857142857142858,0.02166648505321275,0.09271911663216012,1.9873495197960704,20.474964182342585,42.9976602922,300.9836220454,9.35964549053794,0.2568870871489473,0.0003116870531082575,0.0013338272525009111,0.03669815530699248
1,2025-05-09,18.571428571428573,0.02166648505321275,0.08081435472739822,2.0327196122142075,20.521837886523993,42.9976602922,300.9836220454,9.779813557764829,0.26716257063490517,0.0003116870531082575,0.0011625691944016129,0.03816608151927218
10,2025-01-01,8.285714285714286,0.03214285714285719,0.011904761904761904,1.4908855206370704,19.947023421253967,54.40056556736668,326.4033934042,89.97636054421768,0.06417446906576112,0.0002489526817206249,9.220469693356483e-05,0.01069574484429352
10,2025-01-02,8.0,0.05595238095238099,0.011904761904761904,1.5601414578026307,19.91770263662577,54.40056556736668,326.4033934042,90.38707482993198,0.06196155633935558,0.00043336207558775455,9.220469693356483e-05,0.010326926056559263
10,2025-01-03,8.142857142857142,0.07380952380952385,0.02976190476190476,1.6297182527282874,19.995452147838613,54.40056556736668,326.4033934042,89.77738095238094,0.06306801270255834,0.0005716691209881018,0.00023051174233391206,0.01051133545042639
10,2025-01-04,7.571428571428571,0.05952380952380957,0.02976190476190476,1.6575335356874008,19.910818887939026,54.40056556736668,326.4033934042,90.61071428571428,0.058642187249747235,0.000461023484667824,0.00023051174233391206,0.009773697874957873
10,2025-01-05,7.285714285714286,0.06547619047619052,0.05357142857142857,1.6567081601642955,19.94574985198102,54.40056556736668,326.4033934042,89.81309523809523,0.056429274523341684,0.0005071258331346064,0.0004149211362010417,0.009404879087223613
10,2025-01-06,6.571428571428571,0.08588435374149664,0.06207482993197279,1.6684471656275188,19.95749510704986,54.40056556736668,326.4033934042,90.35051020408163,0.05089699270732779,0.0006651910278778605,0.0004807816340107309,0.008482832117887964
10,2025-01-07,7.285714285714286,0.1144557823129252,0.07636054421768708,1.6018001512283353,20.02064936382137,54.40056556736668,326.4033934042,89.39336734693879,0.056429274523341684,0.000886482300518416,0.0005914272703310086,0.009404879087223613
10,2025-01-08,8.142857142857142,0.12465986394557828,0.07636054421768708,1.5619046648998671,20.10559329624343,54.40056556736666,326.4033934042,88.83724489795918,0.06306801270255835,0.0009655148978900431,0.0005914272703310086,0.010511335450426392
10,2025-01-09,7.857142857142857,0.13656462585034018,0.11207482993197279,1.5846832247896316,20.103946179407696,54.40056556736666,326.4033934042,87.90867346938775,0.060855099976152786,0.0010577195948236078,0.0008680413611317032,0.010142516662692131
10,2025-01-10,8.0,0.15045351473922905,0.09421768707482993,1.495855124891457,20.0583935113204,54.40056556736666,326.4033934042,88.35510204081632,0.06196155633935557,0.0011652917412461002,0.0007297343157313559,0.010326926056559263
10,2025-01-11,8.0,0.15045351473922905,0.11802721088435374,1.5159133770328712,20.11999616438411,54.40056556736666,326.4033934042,88.6170068027211,0.061961556339355565,0.0011652917412461002,0.0009141437095984856,0.010326926056559261
10,2025-01-12,7.857142857142857,0.12664399092970527,0.09421768707482993,1.487001423362905,19.99093277156934,54.40056556736666,326.4033934042,88.90748299319729,0.06085509997615279,0.0009808823473789704,0.000729734315731356,0.010142516662692133
10,2025-01-13,8.714285714285714,0.10623582766439914,0.0847985347985348,1.4794327653804267,20.01414445557273,54.40056556736668,326.4033934042,88.24186289900577,0.06749383815536945,0.0008228171526357166,0.0006567811489267772,0.01124897302589491
10,2025-01-14,8.714285714285714,0.07766439909297056,0.0847985347985348,1.4617927966602313,19.932132955038146,54.40056556736666,326.4033934042,88.62757718472004,0.06749383815536945,0.0006015258799951609,0.0006567811489267772,0.01124897302589491
10,2025-01-15,7.571428571428571,0.0912698412698413,0.13241758241758242,1.524291163767691,19.903157176976116,54.40056556736668,326.4033934042,88.74322344322344,0.058642187249747235,0.0007069026764906636,0.0010255999366610366,0.009773697874957873
10,2025-01-16,8.0,0.055555555555555594,0.13751962323390893,1.5890274352039933,19.773504366678633,54.40056556736668,326.4033934042,87.87587650444792,0.06196155633935557,0.0004302885856899691,0.00106511623534685,0.010326926056559261
10,2025-01-17,7.571428571428571,0.023809523809523857,0.13751962323390893,1.704001883971372,19.731672275547247,54.40056556736668,326.4033934042,88.37587650444792,0.058642187249747235,0.00018440939386712955,0.00106511623534685,0.009773697874957873
10,2025-01-18,7.857142857142857,0.023809523809523857,0.11371009942438515,1.6808580289109325,19.76544732734083,54.40056556736668,326.4033934042,88.85206698063841,0.060855099976152786,0.00018440939386712955,0.0008807068414797204,0.010142516662692131
10,2025-01-19,8.0,0.023809523809523857,0.11371009942438515,1.5952060728119668,19.918055304039456,54.40056556736668,326.4033934042,88.60920983778126,0.061961556339355565,0.00018440939386712955,0.0008807068414797204,0.010326926056559261
10,2025-01-20,6.857142857142857,0.05238095238095243,0.13129251700680272,1.5929752008706057,20.061113522792542,54.40056556736666,326.4033934042,88.35646258503402,0.05310990543373335,0.00040570066650768514,0.0010168860861816007,0.008851650905622224
10,2025-01-21,5.857142857142857,0.05238095238095243,0.11700680272108843,1.625399680699846,20.007174051162675,54.40056556736668,326.4033934042,89.01360544217687,0.0453647108913139,0.00040570066650768514,0.0009062404498613229,0.007560785148552317
10,2025-01-22,5.428571428571429,0.02857142857142862,0.06938775510204082,1.6126830152000742,19.992921904910027,54.40056556736666,326.4033934042,88.32312925170068,0.04204534180170556,0.00022129127264055548,0.0005374216621270636,0.007007556966950928
10,2025-01-23,5.0,0.02857142857142862,0.028571428571428574,1.5008701848928374,20.1005917549746,54.40056556736668,326.4033934042,89.51190476190474,0.03872597271209723,0.00022129127264055548,0.0002212912726405556,0.0064543287853495385
10,2025-01-24,5.142857142857143,0.02857142857142862,0.04897959183673469,1.4693723821667095,20.216283081008868,54.40056556736666,326.4033934042,88.80782312925169,0.039832429075300005,0.00022129127264055548,0.00037935646738380957,0.006638738179216668
10,2025-01-25,5.142857142857143,0.04642857142857148,0.04897959183673469,1.5077724320022188,20.299564550521975,54.40056556736668,326.4033934042,88.12925170068027,0.039832429075300005,0.00035959831804090273,0.00037935646738380957,0.006638738179216668
10,2025-01-26,6.428571428571429,0.06547619047619054,0.058503401360544216,1.546347691551869,20.217412833134794,54.40056556736666,326.4033934042,88.32448979591837,0.04979053634412501,0.0005071258331346064,0.00045312022493066144,0.008298422724020834
10,2025-01-27,6.857142857142857,0.0547619047619048,0.0477891156462585,1.4759831140832855,20.067675551820912,54.40056556736668,326.4033934042,88.25306122448978,0.05310990543373335,0.00042414160589439813,0.0003701359976904531,0.008851650905622224
10,2025-01-28,7.571428571428571,0.07261904761904767,0.06564625850340136,1.547746229579597,20.03773734158404,54.40056556736666,326.4033934042,88.16377551020408,0.058642187249747235,0.0005624486512947454,0.0005084430430908004,0.009773697874957873
10,2025-01-29,7.857142857142857,0.1297619047619048,0.09421768707482993,1.4797157167222277,20.091357305679967,54.40056556736668,326.4033934042,89.20187074829933,0.060855099976152786,0.0010050311965758565,0.000729734315731356,0.010142516662692131
10,2025-01-30,8.714285714285714,0.14404761904761912,0.09421768707482993,1.5099246600541325,20.116569455479198,54.40056556736666,326.4033934042,88.12329931972788,0.06749383815536945,0.0011156768328961343,0.000729734315731356,0.011248973025894908
10,2025-01-31,9.142857142857142,0.15833333333333338,0.0738095238095238,1.5856461398837358,20.048145690108555,54.40056556736668,326.4033934042,87.08452380952382,0.07081320724497779,0.0012263224692164122,0.0005716691209881019,0.0118022012074963
10,2025-02-01,10.0,0.1404761904761905,0.09421768707482991,1.5378063225450518,20.002735831462566,54.40056556736666,326.4033934042,86.84472789115647,0.07745194542419445,0.0010880154238160648,0.000729734315731356,0.012908657570699077
10,2025-02-02,8.428571428571429,0.12142857142857147,0.0846938775510204,1.577849727902315,20.084601672728045,54.40056556736668,326.4033934042,87.0780612244898,0.0652809254289639,0.000940487908722361,0.0006559705581845041,0.01088015423816065
10,2025-02-03,8.0,0.10357142857142862,0.06683673469387755,1.6006696980746429,20.159844742076647,54.40056556736666,326.4033934042,87.66377551020409,0.06196155633935557,0.0008021808633220139,0.0005176635127841568,0.010326926056559263
10,2025-02-04,7.571428571428571,0.11428571428571434,0.10612244897959185,1.4877119644035213,20.36821536013708,54.40056556736668,326.4033934042,86.89591836734694,0.058642187249747235,0.0008851650905622223,0.0008219390126649208,0.009773697874957871
10,2025-02-05,7.857142857142857,0.0571428571428572,0.07755102040816328,1.5486033072527565,20.255290020250357,54.40056556736666,326.4033934042,86.48367346938775,0.06085509997615279,0.0004425825452811111,0.0006006477400243652,0.010142516662692131
10,2025-02-06,7.285714285714286,0.04285714285714291,0.07755102040816328,1.5575783558181933,20.262429280446888,54.40056556736668,326.4033934042,87.2170068027211,0.05642927452334168,0.00033193690896083327,0.0006006477400243652,0.009404879087223613
10,2025-02-07,7.0,0.02857142857142862,0.11326530612244899,1.5085269623825006,20.16984717823083,54.40056556736666,326.4033934042,88.49557823129251,0.05421636179693612,0.00022129127264055548,0.0008772618308250597,0.009036060299489354
10,2025-02-08,6.714285714285714,0.04047619047619052,0.09285714285714286,1.529296720799398,20.056244413796332,54.40056556736668,326.4033934042,89.52108843537415,0.05200344907053057,0.0003134959695741203,0.0007191966360818057,0.008667241511755094
10,2025-02-09,7.142857142857143,0.060884353741496644,0.09285714285714286,1.500626885367836,20.079354089964692,54.40056556736666,326.4033934042,88.87823129251701,0.055322818160138905,0.00047156116431737433,0.0007191966360818057,0.009220469693356484
10,2025-02-10,7.285714285714286,0.060884353741496644,0.09285714285714286,1.562099626711668,19.975482791349126,54.40056556736666,326.4033934042,87.79251700680273,0.05642927452334168,0.00047156116431737433,0.0007191966360818057,0.009404879087223613
10,2025-02-11,7.142857142857143,0.03231292517006807,0.03571428571428571,1.5653965847861337,19.87871816088753,54.40056556736666,326.4033934042,88.43537414965986,0.055322818160138905,0.0002502698916768187,0.0002766140908006945,0.009220469693356484
10,2025-02-12,7.428571428571429,0.03231292517006807,0.03571428571428571,1.509975781695751,19.823049644858468,54.40056556736666,326.4033934042,88.66666666666666,0.05753573088654446,0.0002502698916768187,0.0002766140908006945,0.009589288481090743
10,2025-02-13,6.857142857142857,0.03231292517006807,0.03571428571428571,1.6021604053293022,19.650832377643635,54.40056556736666,326.4033934042,88.6190476190476,0.05310990543373334,0.0002502698916768187,0.0002766140908006945,0.008851650905622224
10,2025-02-14,6.857142857142857,0.050170068027210926,0.0,1.5870659107270968,19.714358825612667,54.40056556736666,326.4033934042,88.10119047619047,0.05310990543373335,0.000388576937077166,0.0,0.008851650905622224
10,2025-02-15,6.571428571428571,0.05255102040816332,0.014285714285714287,1.5682736192809448,19.816490947274158,54.40056556736666,326.4033934042,87.73690476190475,0.05089699270732779,0.00040701787646387893,0.0001106456363202778,0.008482832117887966
10,2025-02-16,6.571428571428571,0.03214285714285719,0.014285714285714287,1.5872754314636366,19.778150655624504,54.40056556736668,326.4033934042,88.10425170068027,0.05089699270732779,0.0002489526817206249,0.0001106456363202778,0.008482832117887964
10,2025-02-17,6.714285714285714,0.03214285714285719,0.03469387755102041,1.6075323181761032,19.947849066412555,54.40056556736666,326.4033934042,89.04302721088435,0.05200344907053057,0.0002489526817206249,0.0002687108310635318,0.008667241511755094
10,2025-02-18,7.714285714285714,0.03214285714285719,0.03469387755102041,1.6497702424461669,19.99025815491714,54.40056556736668,326.4033934042,88.0884817563389,0.059748643612950014,0.0002489526817206249,0.0002687108310635318,0.009958107268825003
10,2025-02-19,7.857142857142857,0.04642857142857148,0.03469387755102041,1.6330254299572622,20.094655335969758,54.40056556736666,326.4033934042,88.11229128014843,0.06085509997615279,0.00035959831804090273,0.0002687108310635318,0.010142516662692131
10,2025-02-20,8.285714285714286,0.04642857142857148,0.03469387755102041,1.4154632578424589,20.4031820465396,54.40056556736668,326.4033934042,88.51229128014843,0.06417446906576113,0.00035959831804090273,0.0002687108310635318,0.01069574484429352
10,2025-02-21,8.428571428571429,0.02857142857142862,0.03469387755102041,1.4669748283248918,20.36783185927282,54.40056556736666,326.4033934042,88.78808493094208,0.06528092542896391,0.00022129127264055548,0.0002687108310635318,0.01088015423816065
10,2025-02-22,7.714285714285714,0.014285714285714334,0.02040816326530612,1.474626877868245,20.232248400632365,54.40056556736666,326.4033934042,88.28808493094208,0.059748643612950014,0.00011064563632027767,0.000158065194743254,0.009958107268825003
10,2025-02-23,7.857142857142857,0.014285714285714334,0.05612244897959184,1.504909221284527,20.231326962695867,54.40056556736668,326.4033934042,87.6885951350237,0.06085509997615279,0.00011064563632027767,0.0004346792855439485,0.010142516662692131
10,2025-02-24,7.857142857142857,0.014285714285714334,0.03571428571428571,1.5033275247370406,19.93394418817104,54.40056556736668,326.4033934042,88.01512574726861,0.06085509997615279,0.00011064563632027767,0.0002766140908006945,0.010142516662692131
10,2025-02-25,6.857142857142857,0.014285714285714334,0.07142857142857142,1.522962592718131,19.85855824406007,54.40056556736666,326.4033934042,89.29109977324264,0.05310990543373334,0.00011064563632027767,0.000553228181601389,0.008851650905622224
10,2025-02-26,6.571428571428571,0.0,0.07142857142857142,1.5640244322387453,19.9080541644453,54.40056556736668,326.4033934042,89.57681405895691,0.05089699270732778,0.0,0.000553228181601389,0.008482832117887966
10,2025-02-27,6.714285714285714,0.0,0.07142857142857142,1.649305651301826,19.799777324552412,54.40056556736666,326.4033934042,89.96252834467121,0.05200344907053056,0.0,0.000553228181601389,0.008667241511755094
10,2025-02-28,6.571428571428571,0.0,0.08928571428571429,1.5922191254414213,19.780259774017615,54.40056556736666,326.4033934042,90.36530612244898,0.05089699270732778,0.0,0.0006915352270017362,0.008482832117887966
10,2025-03-01,6.857142857142857,0.0,0.08928571428571429,1.5115632237130894,19.894601300564336,54.40056556736666,326.4033934042,91.03061224489795,0.05310990543373335,0.0,0.0006915352270017362,0.008851650905622224
10,2025-03-02,6.714285714285714,0.0,0.05357142857142857,1.4884229380956928,19.867639049842058,54.40056556736666,326.4033934042,91.81377551020408,0.05200344907053057,0.0,0.0004149211362010417,0.008667241511755094
10,2025-03-03,6.571428571428571,0.023809523809523857,0.05357142857142857,1.487501906158871,19.90502061065232,54.40056556736666,326.4033934042,91.2389455782313,0.05089699270732779,0.00018440939386712955,0.00041492113620104177,0.008482832117887964
10,2025-03-04,7.0,0.023809523809523857,0.03826530612244898,1.4981591226886255,20.02225628192814,54.40056556736666,326.4033934042,90.64200680272108,0.054216361796936126,0.00018440939386712955,0.0002963722401436012,0.009036060299489354
10,2025-03-05,7.0,0.023809523809523857,0.05612244897959184,1.476055174822968,19.9388462069813,54.40056556736666,326.4033934042,90.28486394557822,0.054216361796936126,0.00018440939386712955,0.0004346792855439485,0.009036060299489354
10,2025-03-06,6.857142857142857,0.023809523809523857,0.08469387755102041,1.3600198589733257,19.934431580574167,54.40056556736666,326.4033934042,90.1562925170068,0.05310990543373335,0.00018440939386712955,0.0006559705581845041,0.008851650905622224
10,2025-03-07,7.0,0.03968253968253973,0.06683673469387755,1.3597590601493066,20.009617163702185,54.40056556736666,326.4033934042,89.78526077097504,0.054216361796936126,0.0003073489897785493,0.0005176635127841568,0.009036060299489354
10,2025-03-08,7.285714285714286,0.03968253968253973,0.08270975056689342,1.48030186159187,20.008263218901362,54.40056556736668,326.4033934042,89.77392290249433,0.05642927452334168,0.0003073489897785493,0.0006406031086955766,0.009404879087223613
10,2025-03-09,6.857142857142857,0.11111111111111116,0.08270975056689342,1.4299132754711636,20.11238863314312,54.40056556736666,326.4033934042,89.22290249433107,0.05310990543373334,0.0008605771713799383,0.0006406031086955766,0.008851650905622224
10,2025-03-10,7.142857142857143,0.08730158730158735,0.08270975056689342,1.3796151335237785,20.154455881553794,54.40056556736668,326.4033934042,89.7109977324263,0.0553228181601389,0.0006761677775128087,0.0006406031086955766,0.009220469693356484
10,2025-03-11,8.428571428571429,0.11408730158730164,0.07123015873015873,1.344277745732154,20.0044169732266,54.40056556736666,326.4033934042,89.77222222222223,0.0652809254289639,0.0008836283456133295,0.0005516914366524963,0.01088015423816065
10,2025-03-12,8.571428571428571,0.1299603174603175,0.06924603174603175,1.3403653464934024,19.93897965791283,54.40056556736668,326.4033934042,89.99444444444444,0.06638738179216667,0.0010065679415247493,0.0005363239871635688,0.011064563632027782
10,2025-03-13,9.0,0.14781746031746038,0.07638888888888888,1.4442733812427215,19.825665357990736,54.40056556736667,326.4033934042,89.89087301587301,0.06970675088177501,0.0011448749869250965,0.0005916468053237076,0.01161779181362917
10,2025-03-14,9.0,0.13194444444444448,0.09226190476190475,1.4610089285959569,19.843315542643996,54.40056556736667,326.4033934042,90.06547619047619,0.06970675088177501,0.0010219353910136766,0.0007145864012351274,0.01161779181362917
10,2025-03-15,9.0,0.14781746031746038,0.09226190476190475,1.4784047897209436,19.82457789243154,54.40056556736667,326.4033934042,90.52579365079364,0.06970675088177501,0.0011448749869250965,0.0007145864012351274,0.01161779181362917
10,2025-03-16,8.857142857142858,0.07638888888888894,0.13988095238095236,1.5015431388621707,19.630867256392985,54.40056556736667,326.4033934042,90.43055555555554,0.06860029451857223,0.0005916468053237075,0.0010834051889693868,0.01143338241976204
10,2025-03-17,8.571428571428571,0.07638888888888894,0.13988095238095236,1.4939439564037673,19.77833931629803,54.40056556736667,326.4033934042,90.25198412698411,0.06638738179216667,0.0005916468053237075,0.0010834051889693868,0.011064563632027782
10,2025-03-18,7.428571428571429,0.04960317460317465,0.13095238095238093,1.5662629217835522,19.864616834677644,54.40056556736667,326.4033934042,90.10912698412697,0.05753573088654445,0.0003841862372231867,0.001014251666269213,0.009589288481090743
10,2025-03-19,7.428571428571429,0.06547619047619052,0.11507936507936509,1.6038686684524293,19.985811046834986,54.40056556736667,326.4033934042,89.71230158730158,0.05753573088654445,0.0005071258331346064,0.0008913120703577933,0.009589288481090743
10,2025-03-20,7.285714285714286,0.047619047619047665,0.09977324263038548,1.62722536575869,20.076651634642538,54.40056556736668,326.4033934042,89.62811791383218,0.05642927452334168,0.0003688187877342592,0.0007727631743003529,0.009404879087223613
10,2025-03-21,7.0,0.06802721088435379,0.0839002267573696,1.6031822189047535,19.986532003728986,54.40056556736666,326.4033934042,89.9750566893424,0.05421636179693612,0.0005268839824775132,0.0006498235783889331,0.009036060299489354
10,2025-03-22,6.714285714285714,0.05215419501133791,0.06802721088435373,1.4857205192621648,19.938100468748104,54.40056556736666,326.4033934042,89.70975056689342,0.05200344907053057,0.0004039443865660935,0.0005268839824775133,0.008667241511755094
10,2025-03-23,7.571428571428571,0.05215419501133791,0.02040816326530612,1.4593881488356253,19.95283824454975,54.40056556736666,326.4033934042,90.51927437641724,0.058642187249747235,0.0004039443865660935,0.000158065194743254,0.009773697874957873
10,2025-03-24,7.857142857142857,0.05215419501133791,0.03826530612244898,1.4601296575535183,20.01225599623921,54.40056556736666,326.4033934042,90.41213151927438,0.060855099976152786,0.0004039443865660935,0.0002963722401436012,0.010142516662692133
10,2025-03-25,7.714285714285714,0.05215419501133791,0.0586734693877551,1.4423736417225652,20.022126000471385,54.40056556736666,326.4033934042,90.08560090702949,0.05974864361295001,0.0004039443865660935,0.00045443743488685523,0.009958107268825001
10,2025-03-26,8.571428571428571,0.02040816326530617,0.0586734693877551,1.4178843859570578,19.97689531808309,54.40056556736666,326.4033934042,90.17448979591836,0.06638738179216667,0.00015806519474325387,0.00045443743488685523,0.01106456363202778
10,2025-03-27,9.571428571428571,0.030612244897959228,0.03826530612244898,1.4363666293904518,20.00953760770534,54.40056556736666,326.4033934042,90.17448979591838,0.07413257633458613,0.00023709779211488085,0.0002963722401436013,0.012355429389097687
10,2025-03-28,9.714285714285714,0.010204081632653109,0.03826530612244898,1.4050722475814188,20.047800352077935,54.40056556736666,326.4033934042,90.22040816326532,0.07523903269778891,7.903259737162688e-05,0.0002963722401436013,0.012539838782964817
10,2025-03-29,9.714285714285714,0.010204081632653109,0.0586734693877551,1.460504401038788,19.94840959211635,54.40056556736666,326.4033934042,90.36326530612244,0.0752390326977889,7.903259737162688e-05,0.00045443743488685534,0.012539838782964817
10,2025-03-30,10.0,0.023191094619666095,0.0586734693877551,1.555727786334255,20.019377014396373,54.40056556736666,326.4033934042,90.09053803339518,0.07745194542419445,0.00017961953948097034,0.00045443743488685534,0.012908657570699077
10,2025-03-31,10.0,0.041048237476808955,0.04081632653061224,1.5666926118237423,19.901252628391628,54.40056556736666,326.4033934042,90.05482374768089,0.07745194542419447,0.0003179265848813176,0.00031613038948650807,0.012908657570699077
10,2025-04-01,10.0,0.06145640074211507,0.04081632653061224,1.506595756631994,19.926141402378448,54.40056556736666,326.4033934042,90.46298701298701,0.07745194542419447,0.0004759917796245716,0.000316130389486508,0.012908657570699077
10,2025-04-02,8.571428571428571,0.06145640074211507,0.04081632653061224,1.541650983444601,19.92055017681754,54.40056556736666,326.4033934042,90.46298701298701,0.06638738179216667,0.0004759917796245716,0.000316130389486508,0.01106456363202778
10,2025-04-03,7.571428571428571,0.051252319109462006,0.061224489795918366,1.473855753504159,19.896482366857043,54.40056556736666,326.4033934042,90.46298701298701,0.058642187249747235,0.00039695918225294457,0.00047419558422976196,0.009773697874957871
10,2025-04-04,7.428571428571429,0.07166048237476812,0.061224489795918366,1.4862335102659843,19.882012427188297,54.40056556736666,326.4033934042,89.41706864564007,0.057535730886544456,0.0005550243769961986,0.00047419558422976196,0.009589288481090743
10,2025-04-05,8.428571428571429,0.07166048237476812,0.0510204081632653,1.464879650752758,20.01189661145375,54.40056556736666,326.4033934042,89.07012987012988,0.0652809254289639,0.0005550243769961986,0.00039516298685813493,0.01088015423816065
10,2025-04-06,7.714285714285714,0.058673469387755146,0.0748299319727891,1.5498484043283938,19.981769552383298,54.40056556736666,326.4033934042,88.53333333333333,0.059748643612950014,0.00045443743488685507,0.0005795723807252648,0.009958107268825003
10,2025-04-07,7.285714285714286,0.04081632653061229,0.0748299319727891,1.5350720712531796,19.911110821417058,54.40056556736666,326.4033934042,89.27619047619046,0.056429274523341684,0.0003161303894865078,0.0005795723807252648,0.009404879087223613
10,2025-04-08,7.571428571428571,0.03628117913832204,0.08616780045351473,1.521196253365805,19.849912272414503,54.40056556736666,326.4033934042,89.62312925170068,0.058642187249747235,0.0002810047906546737,0.0006673863778048501,0.009773697874957873
10,2025-04-09,8.571428571428571,0.03628117913832204,0.09807256235827665,1.4558356600899194,19.872523491229693,54.40056556736666,326.4033934042,90.06598639455783,0.06638738179216667,0.0002810047906546737,0.000759591074738415,0.01106456363202778
10,2025-04-10,9.0,0.03628117913832204,0.09195011337868482,1.5329499538468119,19.954685557929412,54.40056556736666,326.4033934042,89.96802721088434,0.06970675088177501,0.0002810047906546737,0.0007121715163154388,0.01161779181362917
10,2025-04-11,8.714285714285714,0.01587301587301592,0.12052154195011336,1.555894854292001,19.986910053717565,54.40056556736668,326.4033934042,89.42108843537414,0.06749383815536945,0.00012293959591141965,0.0009334627889559944,0.011248973025894908
10,2025-04-12,7.428571428571429,0.01587301587301592,0.1103174603174603,1.6697267193921834,19.94852535508608,54.40056556736668,326.4033934042,89.34761904761906,0.05753573088654446,0.00012293959591141965,0.0008544301915843674,0.009589288481090743
10,2025-04-13,7.571428571428571,0.03628117913832204,0.08650793650793652,1.5529239098279135,19.91836112817322,54.40056556736668,326.4033934042,89.76938775510203,0.05864218724974724,0.0002810047906546737,0.0006700207977172379,0.009773697874957871
10,2025-04-14,7.714285714285714,0.03628117913832204,0.08650793650793652,1.611164792486495,20.03021558298841,54.40056556736666,326.4033934042,88.69319727891158,0.059748643612950014,0.0002810047906546737,0.0006700207977172379,0.009958107268825001
10,2025-04-15,7.285714285714286,0.02040816326530617,0.05476190476190477,1.650169843459905,20.034485008655967,54.40056556736668,326.4033934042,88.62176870748301,0.056429274523341684,0.00015806519474325387,0.00042414160589439824,0.009404879087223613
10,2025-04-16,6.142857142857143,0.02040816326530617,0.042857142857142864,1.7524807784232534,19.91715266001128,54.40056556736666,326.4033934042,86.80034013605443,0.04757762361771946,0.00015806519474325387,0.0003319369089608334,0.007929603936286576
10,2025-04-17,5.285714285714286,0.056122448979591885,0.0642857142857143,1.692785945406644,19.827803779901842,54.40056556736668,326.4033934042,86.50034013605442,0.040938885438502784,0.00043467928554394834,0.0004979053634412501,0.006823147573083798
10,2025-04-18,6.428571428571429,0.07810047095761385,0.03571428571428571,1.7487763539014265,19.83678022229613,54.40056556736666,326.4033934042,86.94209837781266,0.04979053634412501,0.0006049033414212988,0.0002766140908006945,0.008298422724020834
10,2025-04-19,6.571428571428571,0.07810047095761385,0.05952380952380952,1.6258771746779683,19.86083644855169,54.40056556736666,326.4033934042,86.65162218733647,0.05089699270732779,0.0006049033414212988,0.0004610234846678241,0.008482832117887964
10,2025-04-20,6.285714285714286,0.0862637362637363,0.11666666666666667,1.6005500014410754,19.913789415769777,54.40056556736668,326.4033934042,86.83937728937728,0.04868407998092223,0.0006681294193186004,0.0009036060299489353,0.008114013330153706
10,2025-04-21,6.571428571428571,0.0862637362637363,0.11666666666666667,1.5158818993417091,19.88114527235249,54.40056556736668,326.4033934042,87.17271062271061,0.05089699270732779,0.0006681294193186004,0.0009036060299489353,0.008482832117887964
10,2025-04-22,6.571428571428571,0.0862637362637363,0.14047619047619048,1.5944897884705032,19.778385242175496,54.40056556736668,326.4033934042,86.64890109890109,0.05089699270732779,0.0006681294193186004,0.001088015423816065,0.008482832117887964
10,2025-04-23,6.714285714285714,0.0862637362637363,0.16904761904761906,1.5464909308080526,19.909839079410073,54.40056556736668,326.4033934042,88.02747252747254,0.05200344907053056,0.0006681294193186004,0.0013093066964566208,0.008667241511755096
10,2025-04-24,7.571428571428571,0.0505494505494506,0.1761904761904762,1.630671182707212,19.818487147508232,54.40056556736668,326.4033934042,87.41318681318681,0.058642187249747235,0.00039151532851790596,0.0013646295146167596,0.009773697874957873
10,2025-04-25,7.0,0.044444444444444495,0.19206349206349205,1.550911610699777,19.77051852223313,54.40056556736668,326.4033934042,87.82222222222222,0.054216361796936126,0.00034423086855197524,0.0014875691105281793,0.009036060299489354
10,2025-04-26,7.571428571428571,0.044444444444444495,0.19682539682539682,1.5503128076366934,19.818340156900152,54.40056556736668,326.4033934042,88.01269841269843,0.058642187249747235,0.00034423086855197524,0.0015244509893016054,0.009773697874957871
10,2025-04-27,7.142857142857143,0.01587301587301592,0.13968253968253969,1.4920844667133022,19.786994046022166,54.40056556736666,326.4033934042,88.14126984126985,0.0553228181601389,0.00012293959591141965,0.001081868444020494,0.009220469693356484
10,2025-04-28,7.428571428571429,0.07301587301587308,0.15396825396825395,1.5725249269289943,19.786763874789788,54.40056556736668,326.4033934042,88.34126984126985,0.057535730886544456,0.0005655221411925308,0.001192514080340772,0.009589288481090743
10,2025-04-29,7.285714285714286,0.07301587301587308,0.13015873015873017,1.467913367278468,19.90687846030206,54.40056556736668,326.4033934042,88.73650793650793,0.05642927452334168,0.0005655221411925308,0.0010081046864736422,0.009404879087223612
10,2025-04-30,7.714285714285714,0.07301587301587308,0.11944444444444444,1.4760250236691999,19.82605161739405,54.40056556736668,326.4033934042,88.78650793650795,0.059748643612950014,0.0005655221411925308,0.0009251204592334338,0.009958107268825001
10,2025-05-01,7.571428571428571,0.12063492063492068,0.07658730158730158,1.4001325784227256,19.912902053313967,54.40056556736668,326.4033934042,89.69444444444444,0.058642187249747235,0.0009343409289267902,0.0005931835502726004,0.009773697874957873
10,2025-05-02,9.0,0.11979949874686721,0.07575187969924813,1.3980049737834563,20.02946329525496,54.40056556736668,326.4033934042,89.57748538011695,0.06970675088177501,0.0009278704238788207,0.000586713045224631,0.01161779181362917
10,2025-05-03,8.714285714285714,0.11979949874686723,0.06503759398496241,1.449303218112727,19.987090740438045,54.40056556736668,326.4033934042,89.66677109440266,0.06749383815536945,0.0009278704238788207,0.0005037288179844227,0.01124897302589491
10,2025-05-04,9.142857142857142,0.11979949874686723,0.06503759398496241,1.558612350621636,19.921308415672208,54.40056556736668,326.4033934042,90.05248538011696,0.07081320724497779,0.0009278704238788207,0.0005037288179844227,0.0118022012074963
10,2025-05-05,8.857142857142858,0.08051378446115291,0.05075187969924812,1.5399101310187204,19.933809970584758,54.40056556736668,326.4033934042,89.33462823725982,0.06860029451857223,0.0006235949239980568,0.00039308318166414484,0.01143338241976204
10,2025-05-06,9.428571428571429,0.0963868003341688,0.066624895572264,1.550556851388946,19.96334628145604,54.40056556736666,326.4033934042,88.24891395154553,0.07302611997138335,0.0007465345199094766,0.0005160227775755646,0.012171019995230558
10,2025-05-07,9.142857142857142,0.0963868003341688,0.09638680033416876,1.5044605114935592,19.999456052217003,54.40056556736668,326.4033934042,87.68939014202172,0.07081320724497779,0.0007465345199094766,0.0007465345199094767,0.0118022012074963
10,2025-05-08,9.285714285714286,0.04876775271512118,0.09638680033416876,1.4716528530030577,20.037010549337698,54.40056556736666,326.4033934042,87.82431077694237,0.07191966360818057,0.00037771573217521725,0.0007465345199094767,0.01198661060136343
10,2025-05-09,7.714285714285714,0.03373015873015878,0.08134920634920635,1.5039480724596253,19.99792024639613,54.40056556736668,326.4033934042,88.36190476190477,0.059748643612950014,0.0002612466413117669,0.0006300654290460263,0.009958107268825003
10,2025-05-10,6.714285714285714,0.03373015873015878,0.06349206349206349,1.3587192888034194,20.113870022590913,54.40056556736666,326.4033934042,87.9154761904762,0.05200344907053057,0.0002612466413117669,0.000491758383645679,0.008667241511755094
11,2025-01-01,11.428571428571429,0.01098901098901099,0.04908424908424908,2.075056497694017,23.265762215392098,47.81849692594285,334.7294784816,80.34908424908426,0.10454046105387363,0.00010051967409026325,0.0004489878776031752,0.014934351579124804
11,2025-01-02,11.0,0.01098901098901099,0.07289377289377288,2.099549215222099,23.26341501133453,47.81849692594285,334.7294784816,80.03956043956045,0.10062019376435338,0.00010051967409026325,0.0006667805047987453,0.014374313394907624
11,2025-01-03,11.0,0.02686202686202686,0.07289377289377288,2.1367061434464687,23.34130438550636,47.81849692594285,334.7294784816,81.18241758241759,0.10062019376435337,0.00024571475888730994,0.0006667805047987453,0.014374313394907625
11,2025-01-04,10.571428571428571,0.0676783533926391,0.044322344322344324,2.176334091834696,23.41843856751007,47.818496925942846,334.7294784816,82.58037676609105,0.0966999264748331,0.00061907354836543,0.0004054293521640612,0.013814275210690447
11,2025-01-05,9.857142857142858,0.09624978196406768,0.05860805860805861,2.109239861741609,23.370366243030706,47.81849692594285,334.7294784816,81.16609105180534,0.09016614765896601,0.0008804247010001142,0.0005361049284814033,0.012880878236995144
11,2025-01-06,9.428571428571429,0.12005930577359149,0.04908424908424908,1.9907993989495125,23.245922400967565,47.81849692594285,334.7294784816,82.07561486132916,0.08624588036944576,0.0010982173281956842,0.0004489878776031753,0.012320840052777964
11,2025-01-07,9.285714285714286,0.1090702947845805,0.0738095238095238,1.9289319476096458,23.127647579768002,47.81849692594286,334.7294784816,81.06462585034014,0.08493912460627233,0.0009976976541054212,0.0006751571443062673,0.012134160658038904
11,2025-01-08,9.857142857142858,0.1090702947845805,0.0847985347985348,1.93483849381162,23.151904283774343,47.81849692594285,334.7294784816,82.15497994069423,0.09016614765896602,0.0009976976541054212,0.0007756768183965304,0.012880878236995144
11,2025-01-09,11.285714285714286,0.11799886621315192,0.06991758241758242,1.8342557437810036,23.02909844851814,47.81849692594285,334.7294784816,81.88117041688471,0.10323370529070021,0.00107936988930376,0.0006395564263992991,0.014747672184385746
11,2025-01-10,11.285714285714286,0.10212585034013606,0.06991758241758242,1.8172637049421172,23.011106792817007,47.81849692594285,334.7294784816,81.94466248037678,0.10323370529070021,0.0009341748045067132,0.0006395564263992991,0.014747672184385744
11,2025-01-11,11.142857142857142,0.061309523809523814,0.06991758241758242,1.8071709891639165,22.976064999485395,47.81849692594286,334.7294784816,80.59432234432234,0.1019269495275268,0.0005608160150285932,0.0006395564263992991,0.014560992789646685
11,2025-01-12,10.428571428571429,0.03273809523809524,0.05563186813186812,1.8309165406122914,22.91748540278764,47.81849692594285,334.7294784816,78.15146520146519,0.09539317071165969,0.000299464862393909,0.000508880850081957,0.013627595815951384
11,2025-01-13,10.571428571428571,0.008928571428571428,0.06662087912087912,1.9058790083113166,23.0014905803658,47.81849692594285,334.7294784816,77.20091575091575,0.09669992647483312,8.16722351983389e-05,0.0006094005241722201,0.013814275210690443
11,2025-01-14,10.0,0.008928571428571428,0.06662087912087912,1.9715788851056473,23.095437557188486,47.81849692594285,334.7294784816,77.0580586080586,0.09147290342213944,8.16722351983389e-05,0.0006094005241722201,0.013067557631734204
11,2025-01-15,9.285714285714286,0.008928571428571428,0.07348901098901098,1.976068843588284,23.075044266237,47.81849692594285,334.7294784816,77.2613553113553,0.08493912460627233,8.16722351983389e-05,0.0006722253204786346,0.012134160658038904
11,2025-01-16,7.857142857142857,0.023809523809523808,0.06456043956043957,2.00401492288324,23.103612066190685,47.81849692594285,334.7294784816,75.82087912087913,0.07187156697453813,0.0002177926271955702,0.0005905530852802958,0.010267366710648302
11,2025-01-17,8.142857142857142,0.049783549783549784,0.06456043956043957,1.9667650077071015,23.071192174408907,47.81849692594285,334.7294784816,76.10659340659342,0.07448507850088497,0.0004553845841361921,0.0005905530852802958,0.010640725500126425
11,2025-01-18,9.714285714285714,0.0581869111280876,0.07296380090497737,1.9735515639895505,23.147748842963612,47.818496925942846,334.7294784816,76.86989872872225,0.08885939189579259,0.0005322525702052168,0.0006674210713493205,0.012694198842256085
11,2025-01-19,9.857142857142858,0.0581869111280876,0.07296380090497737,2.014595952342679,23.20583668719549,47.81849692594285,334.7294784816,79.57466063348417,0.09016614765896602,0.0005322525702052168,0.0006674210713493205,0.012880878236995144
11,2025-01-20,8.857142857142858,0.08199643493761141,0.0857843137254902,1.9357294490020003,23.11662046396659,47.81849692594285,334.7294784816,80.7156862745098,0.08101885731675207,0.0007500451974007869,0.0007846940244546274,0.011574122473821724
11,2025-01-21,9.285714285714286,0.12095747389865037,0.07604405398523044,1.8336549556437993,23.031095579480553,47.81849692594286,334.7294784816,81.26114081996435,0.08493912460627231,0.0011064331328117197,0.0006955970406018943,0.012134160658038904
11,2025-01-22,9.714285714285714,0.12095747389865037,0.07117392411510058,1.8759309280699503,23.0361213681659,47.81849692594285,334.7294784816,79.04685510567865,0.08885939189579259,0.0011064331328117197,0.0006510485486755275,0.012694198842256085
11,2025-01-23,10.714285714285714,0.10813696107813756,0.07117392411510058,1.8098562875769044,22.98901875092135,47.81849692594285,334.7294784816,80.0010675598911,0.09800668223800653,0.0009891601797064127,0.0006510485486755275,0.014000954605429506
11,2025-01-24,11.0,0.09315194609312256,0.08216293510411157,1.7985575298860645,22.964386437157,47.81849692594285,334.7294784816,79.96810052692406,0.10062019376435338,0.000852087896856054,0.0007515682227657907,0.014374313394907624
11,2025-01-25,10.428571428571429,0.09573759573759573,0.10672660672660672,1.7680542441699942,22.87726664485356,47.81849692594286,334.7294784816,80.83300033300033,0.09539317071165969,0.0008757395848772923,0.0009762592589675553,0.013627595815951386
11,2025-01-26,10.428571428571429,0.09573759573759573,0.10672660672660672,1.7221027232234412,22.837327315327855,47.81849692594285,334.7294784816,80.61871461871462,0.09539317071165969,0.0008757395848772923,0.0009762592589675553,0.013627595815951386
11,2025-01-27,10.857142857142858,0.07192807192807193,0.08291708291708291,1.7226276581605837,22.8066764440498,47.81849692594285,334.7294784816,79.07109557109557,0.09931343800117995,0.0006579469576817223,0.0007584666317719854,0.014187634000168566
11,2025-01-28,10.428571428571429,0.06868131868131869,0.09265734265734264,1.728299253931383,22.825323769675833,47.81849692594285,334.7294784816,79.91849816849818,0.09539317071165969,0.0006282479630641446,0.0008475636156247186,0.013627595815951384
11,2025-01-29,9.714285714285714,0.1163003663003663,0.10347985347985347,1.827275379731146,22.96711282721314,47.81849692594285,334.7294784816,81.96611721611723,0.0888593918957926,0.0010638332174552848,0.0009465602643499777,0.012694198842256085
11,2025-01-30,9.857142857142858,0.10531135531135531,0.11368393511250653,1.8883828952502157,23.01715424397642,47.81849692594285,334.7294784816,82.77380952380952,0.09016614765896602,0.0009633135433650217,0.0010398999617195078,0.012880878236995144
11,2025-01-31,10.571428571428571,0.09432234432234432,0.11063143206000349,1.960429401791539,23.086052207702597,47.81849692594285,334.7294784816,82.12423687423687,0.09669992647483312,0.0008627938692747584,0.001011977830027768,0.013814275210690443
11,2025-02-01,10.142857142857142,0.11190476190476188,0.09195011337868479,1.9073595609733403,23.022805991599707,47.81849692594286,334.7294784816,81.49126984126984,0.09277965918531285,0.0010236253478191795,0.0008410943840743207,0.013254237026473265
11,2025-02-02,10.857142857142858,0.13787878787878788,0.09195011337868479,1.9439244444982715,23.114455214129286,47.81849692594285,334.7294784816,82.0605339105339,0.09931343800117996,0.0012612173047598014,0.0008410943840743207,0.014187634000168564
11,2025-02-03,11.857142857142858,0.13787878787878788,0.10980725623582765,1.9829259149947613,23.145461383828852,47.81849692594285,334.7294784816,81.9712481962482,0.1084607283433939,0.0012612173047598014,0.0010044388544709984,0.015494389763341986
11,2025-02-04,12.142857142857142,0.10216450216450215,0.08837868480725622,2.0456517102535208,23.19937164391607,47.81849692594285,334.7294784816,82.20696248196248,0.11107423986974074,0.0009345283639664462,0.0008084254899949851,0.015867748552820107
11,2025-02-05,13.285714285714286,0.05454545454545455,0.11558956916099773,2.0087842902478137,23.14650953402936,47.81849692594285,334.7294784816,81.72056792413935,0.1215282859751281,0.0004989431095753061,0.0010573313496470653,0.017361183710732586
11,2025-02-06,12.571428571428571,0.05454545454545455,0.1530045351473923,1.9444097474314046,23.08787939791657,47.81849692594285,334.7294784816,81.83961554318697,0.11499450715926099,0.0004989431095753061,0.0013995769066686753,0.016427786737037285
11,2025-02-07,11.285714285714286,0.05454545454545455,0.16094104308390023,1.92951794052595,23.060841683274674,47.81849692594285,334.7294784816,81.42691713048855,0.10323370529070021,0.0004989431095753061,0.0014721744490671987,0.014747672184385746
11,2025-02-08,10.571428571428571,0.05454545454545455,0.14665532879818594,1.9887968684137274,23.1556116888561,47.81849692594285,334.7294784816,81.74120284477428,0.09669992647483312,0.0004989431095753061,0.0013414988727498568,0.013814275210690443
11,2025-02-09,10.0,0.028571428571428574,0.16706349206349205,2.09032650401044,23.28138430331631,47.81849692594285,334.7294784816,81.0528911564626,0.09147290342213943,0.00026135115263468424,0.0015281782674889167,0.013067557631734204
11,2025-02-10,8.571428571428571,0.028571428571428574,0.19682539682539682,2.060092720962282,23.268618973231302,47.81849692594285,334.7294784816,80.57074829931973,0.07840534579040524,0.00026135115263468424,0.0018004190514833793,0.011200763684343603
11,2025-02-11,8.857142857142858,0.04047619047619048,0.19444444444444445,1.9933985517432191,23.194055712936063,47.81849692594285,334.7294784816,79.96598639455782,0.08101885731675207,0.0003702474662324692,0.0017786397887638223,0.011574122473821724
11,2025-02-12,7.857142857142857,0.04047619047619048,0.16383219954648526,1.8625179917315278,23.019095026417833,47.81849692594286,334.7294784816,78.4047619047619,0.07187156697453813,0.0003702474662324692,0.0014986206966552322,0.010267366710648304
11,2025-02-13,7.714285714285714,0.058333333333333334,0.11621315192743764,1.8775594502210988,22.989881833487907,47.81849692594285,334.7294784816,78.39285714285714,0.07056481121136471,0.0005335919366291468,0.001063035442264092,0.010080687315909245
11,2025-02-14,7.428571428571429,0.07874149659863947,0.12074829931972787,1.9339635864048061,23.058498597159936,47.81849692594285,334.7294784816,79.24319727891157,0.06795129968501787,0.0007202713313682069,0.0011045197522061053,0.009707328526431124
11,2025-02-15,7.428571428571429,0.05017006802721088,0.12074829931972787,1.972839108366113,23.06501255942097,47.81849692594285,334.7294784816,79.50034013605442,0.06795129968501787,0.00045892017873352275,0.0011045197522061053,0.009707328526431122
11,2025-02-16,7.714285714285714,0.08191609977324263,0.1320861678004535,1.8843957220494836,22.967897789012774,47.81849692594286,334.7294784816,80.9765306122449,0.07056481121136471,0.0007493103483276162,0.0012082305270611387,0.010080687315909245
11,2025-02-17,7.714285714285714,0.08191609977324263,0.1082766439909297,1.8939754178330959,22.988244983125107,47.81849692594285,334.7294784816,82.80986394557824,0.07056481121136471,0.0007493103483276162,0.0009904378998655686,0.010080687315909245
11,2025-02-18,6.857142857142857,0.07001133786848072,0.09637188208616779,2.012796981792204,23.114870611168353,47.81849692594285,334.7294784816,82.83367346938776,0.06272427663232419,0.0006404140347298311,0.0008815415862677836,0.008960610947474882
11,2025-02-19,6.857142857142857,0.07001133786848072,0.07596371882086168,2.0793396105166435,23.248071978815055,47.81849692594286,334.7294784816,85.44591836734693,0.06272427663232419,0.0006404140347298311,0.0006948621915287235,0.008960610947474884
11,2025-02-20,8.0,0.06108276643990929,0.09382086167800453,2.1211737261577954,23.3336507906282,47.81849692594285,334.7294784816,85.04413265306121,0.07317832273771155,0.0005587417995314923,0.0008582066619254011,0.010454046105387364
11,2025-02-21,8.428571428571429,0.08353174603174603,0.08769841269841269,2.089734744656588,23.32884339119082,47.81849692594285,334.7294784816,84.94617346938776,0.07709859002723182,0.0007640891337444585,0.0008022028435036831,0.011014084289604544
11,2025-02-22,9.0,0.0994047619047619,0.10357142857142858,2.0452468904433183,23.29980999610632,47.81849692594285,334.7294784816,85.0858560090703,0.08232561307992549,0.0009092842185415051,0.0009473979283007298,0.011760801868560784
11,2025-02-23,10.142857142857142,0.0844654528478058,0.08863211951447245,2.060478018670789,23.28314895782381,47.81849692594286,334.7294784816,84.86176637321594,0.09277965918531285,0.0007726300210854611,0.0008107437308446858,0.013254237026473261
11,2025-02-24,10.571428571428571,0.10033846872082165,0.08069561157796452,2.0499216982884922,23.2325538298152,47.81849692594285,334.7294784816,83.45700446845406,0.09669992647483312,0.0009178251058825079,0.0007381461884461625,0.013814275210690443
11,2025-02-25,11.285714285714286,0.11332548170783464,0.13264366352601648,2.018950118200729,23.163957112712918,47.81849692594285,334.7294784816,83.98081399226358,0.10323370529070021,0.001036621084352819,0.0012133301023274062,0.014747672184385744
11,2025-02-26,12.857142857142858,0.12126198964434258,0.1405801714625244,1.9769488898858323,23.075170156681533,47.81849692594285,334.7294784816,82.82888655462185,0.11760801868560786,0.0011092186267513424,0.0012859276447259296,0.016801145526515404
11,2025-02-27,11.857142857142858,0.128206434088787,0.12272302860538155,1.9931536406001527,23.093648534889194,47.81849692594285,334.7294784816,82.19495798319328,0.1084607283433939,0.00117274147635005,0.0011225831743292521,0.015494389763341986
11,2025-02-28,12.0,0.08534929123164416,0.10843731431966727,1.9690144748544856,23.012799872302114,47.81849692594285,334.7294784816,82.05729564553094,0.10976748410656731,0.000780714747398024,0.00099190759801191,0.015681069158081044
11,2025-03-01,11.714285714285714,0.08988443862393443,0.1129724617119575,2.0183735481947314,23.057960381751,47.81849692594285,334.7294784816,80.1910824936035,0.10715397258022048,0.0008221990573400374,0.0010333919079539232,0.015307710368602925
11,2025-03-02,9.714285714285714,0.07307771593485879,0.09616573902288188,2.1463235241782392,23.27057336197667,47.81849692594285,334.7294784816,80.22469593898165,0.08885939189579257,0.0006684630852019879,0.0008796559358158739,0.012694198842256083
11,2025-03-03,11.0,0.06514120799835085,0.080292723149866,2.170877319307649,23.294485579986688,47.81849692594285,334.7294784816,81.93104514533086,0.10062019376435337,0.0005958655428034646,0.0007344608510188273,0.014374313394907624
11,2025-03-04,10.571428571428571,0.05215419501133787,0.04620181405895691,2.016607152662082,23.148455321265143,47.81849692594285,334.7294784816,81.84175943104515,0.09669992647483312,0.00047706956433315366,0.000422621407534261,0.013814275210690443
11,2025-03-05,9.428571428571429,0.058503401360544216,0.09540816326530611,2.11389215625408,23.24674021099303,47.81849692594285,334.7294784816,82.26715625644196,0.08624588036944573,0.0005351475982519723,0.0008727261704051058,0.012320840052777964
11,2025-03-06,9.571428571428571,0.07120181405895691,0.1239795918367347,2.019034677803318,23.064803111097483,47.81849692594285,334.7294784816,82.16715625644197,0.08755263613261917,0.0006513036660896097,0.00113407732303979,0.012507519447517023
11,2025-03-07,10.142857142857142,0.07120181405895691,0.14302721088435374,2.0650104793899255,23.129996024753524,47.81849692594285,334.7294784816,82.51434240362812,0.09277965918531285,0.0006513036660896097,0.001308311424796246,0.013254237026473265
11,2025-03-08,10.142857142857142,0.0507936507936508,0.14302721088435374,2.033851948573852,23.072374612398384,47.81849692594285,334.7294784816,82.59597505668934,0.09277965918531285,0.0004646242713505497,0.001308311424796246,0.013254237026473267
11,2025-03-09,10.285714285714286,0.0507936507936508,0.17874149659863944,1.9149933767396254,22.884522362446553,47.81849692594285,334.7294784816,83.02454648526077,0.09408641494848627,0.0004646242713505497,0.0016350003655896013,0.013440916421212326
11,2025-03-10,9.714285714285714,0.05306122448979592,0.19914965986394556,1.9586658248219788,22.960007654527065,47.81849692594285,334.7294784816,81.60391156462585,0.08885939189579259,0.0004853664263215564,0.0018216797603286612,0.012694198842256085
11,2025-03-11,9.714285714285714,0.07091836734693878,0.1812925170068027,2.043694935917157,23.06870598284797,47.81849692594285,334.7294784816,79.42534013605442,0.08885939189579259,0.0006487108967182339,0.0016583352899319835,0.012694198842256085
11,2025-03-12,9.857142857142858,0.056632653061224496,0.13713667285095857,1.9331694863975313,22.968050006347166,47.81849692594285,334.7294784816,78.42274273345701,0.09016614765896601,0.0005180353204008918,0.0012544289631329262,0.012880878236995146
11,2025-03-13,9.857142857142858,0.02806122448979592,0.10856524427952999,2.0623901094552397,23.148179214477782,47.81849692594285,334.7294784816,79.10845701917131,0.09016614765896601,0.0002566841677662078,0.0009930778104982423,0.012880878236995144
11,2025-03-14,9.285714285714286,0.041048237476808906,0.10250463821892393,2.042479172082682,23.100111216920794,47.81849692594285,334.7294784816,78.55347866419295,0.08493912460627233,0.0003754801462365187,0.000937639687212097,0.012134160658038904
11,2025-03-15,10.142857142857142,0.06302625945483088,0.08209647495361781,2.037386591794295,23.125866334495633,47.81849692594285,334.7294784816,80.11705794205794,0.09277965918531285,0.000576519494417045,0.0007509602924730371,0.013254237026473267
11,2025-03-16,10.428571428571429,0.08683578326435469,0.04638218923933209,2.0030818839675324,23.03529349095091,47.81849692594285,334.7294784816,78.02181984681985,0.09539317071165969,0.0007943121216126151,0.0004242713516796819,0.013627595815951384
11,2025-03-17,9.571428571428571,0.07663170163170163,0.025974025974025976,1.9320287283696638,22.958156301115306,47.81849692594285,334.7294784816,79.61110556110556,0.08755263613261917,0.0007009724242430851,0.00023759195694062187,0.012507519447517023
11,2025-03-18,10.0,0.07176157176157176,0.03896103896103896,1.9117420767213347,22.893427427131137,47.818496925942846,334.7294784816,81.39844322344322,0.09147290342213943,0.0006564239323167183,0.0003563879354109328,0.013067557631734204
11,2025-03-19,9.571428571428571,0.07176157176157176,0.025974025974025976,1.9405796446733363,22.93925620719204,47.81849692594285,334.7294784816,81.72961205461206,0.08755263613261917,0.0006564239323167183,0.00023759195694062185,0.012507519447517023
11,2025-03-20,9.285714285714286,0.07176157176157176,0.025974025974025976,1.8652705429506304,22.818400538818366,47.81849692594285,334.7294784816,78.60818348318348,0.08493912460627231,0.0006564239323167183,0.00023759195694062185,0.012134160658038904
11,2025-03-21,9.0,0.058774558774558776,0.02886002886002886,1.8656581395467744,22.873732812488615,47.81849692594285,334.7294784816,79.04252691752693,0.08232561307992549,0.0005376279538464075,0.00026399106326735765,0.011760801868560784
11,2025-03-22,8.285714285714286,0.07251082251082251,0.04671717171717171,1.7840423914725794,22.840629740269545,47.818496925942846,334.7294784816,78.74170274170274,0.07579183426405837,0.0006632775464592364,0.00042733553366403526,0.010827404894865484
11,2025-03-23,8.142857142857142,0.07727272727272728,0.04671717171717171,1.8427881339827341,22.928181512581766,47.81849692594285,334.7294784816,78.0083694083694,0.07448507850088495,0.0007068360718983504,0.00042733553366403526,0.010640725500126425
11,2025-03-24,8.571428571428571,0.07727272727272728,0.04671717171717171,1.916327369746999,22.96713945649844,47.81849692594285,334.7294784816,75.53596681096681,0.07840534579040523,0.0007068360718983504,0.00042733553366403526,0.011200763684343603
11,2025-03-25,8.142857142857142,0.08214285714285714,0.06944444444444443,1.9811482165926173,23.083768451084154,47.81849692594285,334.7294784816,76.21291486291487,0.07448507850088495,0.0007513845638247169,0.0006352284959870794,0.010640725500126421
11,2025-03-26,7.857142857142857,0.12976190476190477,0.11706349206349206,1.9229868396354577,23.014620949207995,47.81849692594285,334.7294784816,76.54624819624821,0.07187156697453813,0.0011869698182158572,0.0010708137503782195,0.010267366710648302
11,2025-03-27,8.0,0.12976190476190477,0.14880952380952378,1.9495220529266253,23.086914646123184,47.81849692594285,334.7294784816,79.93910533910535,0.07317832273771153,0.0011869698182158572,0.001361203919972313,0.010454046105387364
11,2025-03-28,8.0,0.16150793650793652,0.16468253968253968,1.9160073451771542,22.976259918373696,47.81849692594285,334.7294784816,78.71688311688311,0.07317832273771155,0.0014773599878099505,0.0015063990047693599,0.010454046105387364
11,2025-03-29,8.714285714285714,0.14777167277167275,0.1468253968253968,1.9685787134669501,22.975116614137253,47.81849692594285,334.7294784816,79.30342157842156,0.07971210155357865,0.0013517103951971219,0.0013430545343726824,0.011387443079082666
11,2025-03-30,9.428571428571429,0.11920024420024421,0.1468253968253968,1.9180993206886394,22.953050601130766,47.81849692594285,334.7294784816,81.73199300699301,0.08624588036944576,0.0010903592425624375,0.0013430545343726824,0.012320840052777964
11,2025-03-31,9.428571428571429,0.13218725718725718,0.1598124098124098,1.792114370358399,22.88089812802279,47.81849692594285,334.7294784816,81.73199300699301,0.08624588036944576,0.0012091552210327483,0.0014618505128429931,0.012320840052777964
11,2025-04-01,9.285714285714286,0.11433011433011434,0.12409812409812408,1.7706491911751512,22.83579908676536,47.81849692594285,334.7294784816,80.59678892536034,0.08493912460627233,0.001045810750636071,0.001135161572049638,0.012134160658038904
11,2025-04-02,10.285714285714286,0.06671106671106672,0.07647907647907648,1.8580710166080134,22.95639277811797,47.81849692594285,334.7294784816,80.91730174587317,0.09408641494848627,0.0006102254962449307,0.0006995763176584979,0.013440916421212326
11,2025-04-03,11.428571428571429,0.09192115074468014,0.05313640607758254,1.8619231711220612,22.987985860012746,47.81849692594285,334.7294784816,81.53074712402443,0.10454046105387363,0.000840829454452005,0.00048605413413342917,0.014934351579124804
11,2025-04-04,11.0,0.08398464280817222,0.06900942195059842,1.8590756982554004,23.032446814289816,47.81849692594285,334.7294784816,82.45931855259586,0.10062019376435338,0.0007682319120534816,0.0006312492189304758,0.014374313394907625
11,2025-04-05,9.714285714285714,0.062006620830150246,0.06900942195059842,1.7931008517709501,22.963820853051804,47.81849692594285,334.7294784816,81.92635151962882,0.08885939189579259,0.0005671925638729554,0.0006312492189304758,0.012694198842256085
11,2025-04-06,9.285714285714286,0.08241478409545636,0.06900942195059842,1.7762287700137382,22.955523941273242,47.818496925942846,334.7294784816,82.24471886656761,0.08493912460627233,0.0007538719586120155,0.0006312492189304758,0.012134160658038904
11,2025-04-07,8.428571428571429,0.09799919967987195,0.05602240896358542,1.8962503525918741,23.102719771850836,47.81849692594285,334.7294784816,83.92783574968449,0.07709859002723181,0.0008964271327763887,0.000512453240460165,0.011014084289604544
11,2025-04-08,9.0,0.09799919967987195,0.06900942195059842,1.8878941027913447,23.107036276100285,47.81849692594285,334.7294784816,84.23024762352495,0.08232561307992549,0.0008964271327763887,0.0006312492189304758,0.011760801868560785
11,2025-04-09,7.857142857142857,0.12657062825130053,0.06900942195059842,1.9127376842215753,23.087235537870363,47.81849692594285,334.7294784816,85.01925861253592,0.07187156697453813,0.0011577782854110727,0.0006312492189304758,0.010267366710648304
11,2025-04-10,6.714285714285714,0.10136054421768706,0.07647907647907648,1.924780882261884,23.10106488254969,47.818496925942846,334.7294784816,83.35819418676563,0.06141752086915076,0.0009271743272039985,0.0006995763176584979,0.008773931552735823
11,2025-04-11,7.142857142857143,0.07755102040816327,0.02886002886002886,1.9212043193578565,23.09390917818248,47.81849692594285,334.7294784816,82.63597196454339,0.06533778815867101,0.0007093817000084284,0.0002639910632673577,0.009333969736953005
11,2025-04-12,8.285714285714286,0.11326530612244898,0.04076479076479077,1.9991348007102159,23.12215173489331,47.81849692594285,334.7294784816,79.55263863121006,0.07579183426405837,0.0010360706408017836,0.0003728873768651427,0.010827404894865484
11,2025-04-13,9.0,0.10476190476190476,0.04076479076479077,2.0943452316106446,23.24228009108456,47.81849692594286,334.7294784816,79.26522366522366,0.08232561307992549,0.0009582875596605086,0.0003728873768651427,0.011760801868560782
11,2025-04-14,9.142857142857142,0.09999999999999999,0.04076479076479077,2.0561869067595753,23.182823578777512,47.81849692594285,334.7294784816,78.08427128427128,0.0836323688430989,0.0009147290342213946,0.0003728873768651427,0.011947481263299841
11,2025-04-15,8.428571428571429,0.1238095238095238,0.027777777777777773,2.0501972252150815,23.14105186121196,47.81849692594285,334.7294784816,77.64920634920635,0.07709859002723181,0.0011325216614169649,0.00025409139839483174,0.011014084289604542
11,2025-04-16,8.428571428571429,0.09523809523809523,0.027777777777777773,2.0056792456530297,23.078505410708935,47.81849692594286,334.7294784816,74.64920634920634,0.07709859002723181,0.0008711705087822805,0.00025409139839483174,0.011014084289604544
11,2025-04-17,9.714285714285714,0.10317460317460317,0.011904761904761904,1.9310076989849754,23.00498212334772,47.81849692594285,334.7294784816,74.95873015873016,0.0888593918957926,0.000943768051180804,0.0001088963135977851,0.012694198842256085
11,2025-04-18,10.142857142857142,0.12698412698412698,0.03571428571428571,2.025979708996977,23.131451619744098,47.81849692594285,334.7294784816,76.10952380952381,0.09277965918531285,0.0011615606783763738,0.00032668894079335517,0.013254237026473261
11,2025-04-19,9.285714285714286,0.1388888888888889,0.023809523809523808,2.0349346518914393,23.15905708094589,47.81849692594286,334.7294784816,77.69285714285715,0.08493912460627233,0.001270456991974159,0.00021779262719557013,0.012134160658038903
11,2025-04-20,8.142857142857142,0.12698412698412698,0.023809523809523805,2.0766091694983873,23.168133858791652,47.81849692594285,334.7294784816,77.9547619047619,0.07448507850088495,0.0011615606783763738,0.0002177926271955701,0.010640725500126421
11,2025-04-21,8.285714285714286,0.10317460317460317,0.023809523809523805,2.13194884512087,23.27135428746568,47.81849692594285,334.7294784816,79.00918367346938,0.07579183426405837,0.000943768051180804,0.0002177926271955701,0.010827404894865484
11,2025-04-22,8.0,0.07936507936507937,0.05952380952380952,2.1896287952131925,23.3815894464939,47.81849692594285,334.7294784816,77.2234693877551,0.07317832273771153,0.0007259754239852338,0.0005444815679889252,0.010454046105387364
11,2025-04-23,8.285714285714286,0.07936507936507937,0.10034013605442176,2.1426801572868412,23.383786420054395,47.81849692594286,334.7294784816,79.87244897959184,0.07579183426405837,0.0007259754239852338,0.0009178403574670454,0.010827404894865483
11,2025-04-24,6.857142857142857,0.07142857142857142,0.10034013605442176,2.1020188466865966,23.31761613452458,47.81849692594285,334.7294784816,78.23554421768708,0.06272427663232419,0.0006533778815867105,0.0009178403574670454,0.008960610947474882
11,2025-04-25,6.285714285714286,0.06547619047619048,0.07653061224489796,1.9409061732649817,23.14750681018474,47.81849692594285,334.7294784816,77.99744897959184,0.0574972535796305,0.000598929724787818,0.0007000477302714752,0.008213893368518643
11,2025-04-26,6.428571428571429,0.017857142857142856,0.07653061224489796,1.9679129313154409,23.267970582730577,47.81849692594285,334.7294784816,80.05867346938774,0.05880400934280392,0.0001633444703966778,0.0007000477302714752,0.008400572763257704
11,2025-04-27,6.714285714285714,0.041666666666666664,0.07653061224489796,1.812429325208375,23.165855845641893,47.81849692594285,334.7294784816,79.80867346938774,0.06141752086915076,0.0003811370975922479,0.0007000477302714752,0.008773931552735823
11,2025-04-28,6.285714285714286,0.041666666666666664,0.07653061224489796,1.8510109721789914,23.204368695015237,47.81849692594285,334.7294784816,80.31377551020408,0.057497253579630495,0.0003811370975922479,0.0007000477302714752,0.008213893368518643
11,2025-04-29,7.857142857142857,0.041666666666666664,0.050340136054421766,1.85285086307567,23.16043767571282,47.81849692594285,334.7294784816,82.03758503401362,0.07187156697453813,0.0003811370975922479,0.00046047584035634827,0.010267366710648302
11,2025-04-30,8.428571428571429,0.041666666666666664,0.07445887445887446,1.951274197251387,23.20395836397486,47.81849692594285,334.7294784816,81.30289115646258,0.07709859002723181,0.0003811370975922479,0.0006810969432297828,0.011014084289604544
11,2025-05-01,8.571428571428571,0.05753968253968254,0.07445887445887446,2.001430812706713,23.28454405998567,47.81849692594285,334.7294784816,83.61439909297052,0.07840534579040523,0.0005263321823892945,0.0006810969432297828,0.011200763684343603
11,2025-05-02,8.857142857142858,0.03968253968253969,0.07445887445887446,2.119769526005773,23.381295739606884,47.81849692594285,334.7294784816,84.01439909297052,0.08101885731675207,0.00036298771199261704,0.0006810969432297828,0.011574122473821722
11,2025-05-03,8.857142857142858,0.08049886621315193,0.07445887445887446,2.1647065943914443,23.39618298297132,47.81849692594285,334.7294784816,83.42256235827664,0.08101885731675205,0.0007363465014707371,0.0006810969432297828,0.011574122473821724
11,2025-05-04,9.285714285714286,0.08843537414965986,0.07445887445887446,2.140586709268138,23.321518327916444,47.81849692594285,334.7294784816,83.73208616780046,0.08493912460627231,0.0008089440438692606,0.0006810969432297828,0.012134160658038904
11,2025-05-05,9.857142857142858,0.10629251700680273,0.07445887445887446,2.0224275940673055,23.148038449838516,47.81849692594285,334.7294784816,83.16065759637188,0.09016614765896601,0.0009722885142659381,0.0006810969432297828,0.012880878236995144
11,2025-05-06,9.857142857142858,0.11581632653061225,0.06493506493506493,2.014911313905309,23.17358823061491,47.81849692594285,334.7294784816,84.77970521541951,0.09016614765896601,0.001059405565144166,0.0005939798923515549,0.012880878236995146
11,2025-05-07,9.857142857142858,0.11581632653061225,0.0,1.877920863801,23.102100816230564,47.81849692594285,334.7294784816,85.55892599464028,0.09016614765896601,0.001059405565144166,0.0,0.012880878236995144
11,2025-05-08,10.571428571428571,0.13055555555555556,0.01020408163265306,1.9185857215039548,23.12003193627808,47.81849692594285,334.7294784816,85.74486703772418,0.0966999264748331,0.0011942295724557093,9.333969736953016e-05,0.013814275210690443
11,2025-05-09,10.0,0.13055555555555556,0.01020408163265306,1.9246870134908158,23.172752955453685,47.81849692594285,334.7294784816,83.70200989486705,0.09147290342213943,0.0011942295724557093,9.333969736953016e-05,0.013067557631734205
12,2025-01-01,22.428571428571427,0.018115942028985504,0.024327122153209098,2.7493435923263903,21.731877925351792,43.79906948444,437.9906948444,23.14046194080519,0.2872478568694932,0.00023201502331838503,0.0003115630313132598,0.028724785686949323
12,2025-01-02,22.714285714285715,0.018115942028985504,0.03861283643892339,2.7381911635186467,21.70793543766028,43.79906948444,437.9906948444,24.154747655090905,0.29090706523725746,0.00023201502331838503,0.0004945234497014721,0.029090706523725748
12,2025-01-03,22.142857142857142,0.026942355889724306,0.03861283643892339,2.775149941072652,21.756835238196633,43.79906948444,437.9906948444,25.212609701511305,0.28358864850172893,0.00034505692941636516,0.0004945234497014721,0.028358864850172895
12,2025-01-04,21.142857142857142,0.026942355889724306,0.04613163343140459,2.740005709941046,21.751082828904135,43.79906948444,437.9906948444,24.026953252696963,0.2707814192145541,0.00034505692941636516,0.0005908184067478995,0.027078141921455412
12,2025-01-05,20.285714285714285,0.015037593984962403,0.04811576041553157,2.724615752857973,21.733466499563544,43.79906948444,437.9906948444,23.41584214158585,0.25980379411126137,0.0001925899140928549,0.0006162295759684846,0.025980379411126134
12,2025-01-06,20.857142857142858,0.015037593984962403,0.054326940539755175,2.6800388964781066,21.63111805233644,43.79906948444,437.9906948444,26.203354400493993,0.2671222108467899,0.0001925899140928549,0.0006957775839633594,0.026712221084678987
12,2025-01-07,19.0,0.015037593984962403,0.061361572574387215,2.5082206082386116,21.4698565452147,43.79906948444,437.9906948444,24.329977777117367,0.2433373564563223,0.0001925899140928549,0.0007858717293817973,0.024333735645632227
12,2025-01-08,18.0,0.015037593984962403,0.05786778375451144,2.6971136637010704,21.674728060716717,43.79906948444,437.9906948444,22.73836287028507,0.23053012716914742,0.0001925899140928549,0.0007411259748846802,0.02305301271691474
12,2025-01-09,18.714285714285715,0.026466165413533832,0.04929635518308286,2.713933179750452,21.703406575206333,43.79906948444,437.9906948444,22.504077155999358,0.239678148088558,0.00033895824880342474,0.0006313497238517529,0.0239678148088558
12,2025-01-10,18.428571428571427,0.011428571428571427,0.0661030778721585,2.6803659419742183,21.653912910419525,43.79906948444,437.9906948444,22.169269548745923,0.23601893972079377,0.00014636833471056974,0.0008465972748967085,0.023601893972079378
12,2025-01-11,18.0,0.011428571428571427,0.058584280879677285,2.6305181629471286,21.57892756126183,43.79906948444,437.9906948444,23.51701390964818,0.2305301271691474,0.00014636833471056974,0.000750302317850281,0.02305301271691474
12,2025-01-12,17.428571428571427,0.011428571428571427,0.050647772943169356,2.6081791266841354,21.518704239348146,43.79906948444,437.9906948444,24.52608420443276,0.22321171043361893,0.00014636833471056974,0.0006486576409679408,0.022321171043361895
12,2025-01-13,18.0,0.016719576719576718,0.04972759810995104,2.659372939548221,21.623042720367682,43.79906948444,437.9906948444,22.694016111495102,0.23053012716914742,0.00021413145263212983,0.0006368727508946261,0.02305301271691474
12,2025-01-14,18.285714285714285,0.016719576719576718,0.036740585122938055,2.8379285832396968,21.799198265185485,43.79906948444,437.9906948444,22.427282844761837,0.23418933553691162,0.00021413145263212983,0.00047054509781443304,0.02341893355369117
12,2025-01-15,17.857142857142858,0.016719576719576718,0.027812013694366627,2.7002319588459547,21.644712800862685,43.79906948444,437.9906948444,24.028931196410188,0.22870052298526528,0.00021413145263212983,0.0003561948363218004,0.02287005229852653
12,2025-01-16,18.428571428571427,0.005291005291005289,0.027023836354465147,2.690111972482957,21.608770295825206,43.79906948444,437.9906948444,25.15779819148408,0.23601893972079377,6.776311792156002e-05,0.00034610046841072667,0.023601893972079378
12,2025-01-17,21.428571428571427,0.005291005291005289,0.01021711366538952,2.7171868435181437,21.661835038703337,43.79906948444,437.9906948444,24.1956133175345,0.27444062758231835,6.776311792156002e-05,0.0001308529173657711,0.027444062758231837
12,2025-01-18,23.142857142857142,0.005291005291005289,0.01021711366538952,2.8009014672311587,21.769916258319306,43.79906948444,437.9906948444,22.74153168488144,0.2963958777889038,6.776311792156002e-05,0.0001308529173657711,0.02963958777889038
12,2025-01-19,24.285714285714285,0.005291005291005289,0.01021711366538952,2.8424762099249863,21.84766652360043,43.79906948444,437.9906948444,22.005910163545632,0.3110327112599608,6.776311792156002e-05,0.0001308529173657711,0.03110327112599608
12,2025-01-20,23.0,0.0,0.012862616310892165,2.9006966328707304,21.914686354143573,43.79906948444,437.9906948444,21.13818529582076,0.2945662736050217,0.0,0.0001647344763265511,0.02945662736050217
12,2025-01-21,22.285714285714285,0.0,0.03071975916803502,2.7583100095619835,21.73778163245475,43.79906948444,437.9906948444,22.74258090021637,0.2854182526856111,0.0,0.00039343499931181636,0.028541825268561107
12,2025-01-22,22.714285714285715,0.008928571428571426,0.03071975916803502,2.7273909870297817,21.688356420234395,43.79906948444,437.9906948444,23.04271826285373,0.29090706523725746,0.00011435026149263259,0.00039343499931181636,0.029090706523725748
12,2025-01-23,21.571428571428573,0.008928571428571426,0.03259637188208615,2.7480621653623527,21.738851343330403,43.79906948444,437.9906948444,22.490994124922697,0.2762702317662005,0.00011435026149263259,0.00041746920862389687,0.02762702317662005
12,2025-01-24,18.571428571428573,0.008928571428571426,0.04099973322662397,2.670807874453059,21.596106932484663,43.79906948444,437.9906948444,24.486792444250426,0.23784854390467594,0.00011435026149263259,0.0005250929841463746,0.02378485439046759
12,2025-01-25,16.428571428571427,0.01991758241758242,0.07396676619365694,2.5632163836908575,21.471777727702293,43.79906948444,437.99069484439997,25.06450045052986,0.21040448114644408,0.00025508904486818047,0.0009473093342730184,0.021040448114644412
12,2025-01-26,16.0,0.027436379410063622,0.08148556318613813,2.5607671370537823,21.478001717888173,43.79906948444,437.99069484439997,24.894643991199718,0.20491566859479768,0.00035138400191460795,0.0010436042913194458,0.02049156685947977
12,2025-01-27,15.571428571428571,0.027436379410063622,0.0735490552496302,2.5272448482853123,21.44878112749763,43.79906948444,437.9906948444,25.12321541977115,0.19942685604315133,0.00035138400191460795,0.0009419596144371056,0.019942685604315134
12,2025-01-28,17.0,0.027436379410063622,0.05569191239248735,2.6210360631213367,21.55505570184423,43.79906948444,437.9906948444,25.139088435644165,0.21772289788197258,0.00035138400191460795,0.0007132590914518403,0.021772289788197254
12,2025-01-29,17.0,0.027436379410063622,0.06462048382105878,2.7565844133159456,21.71449020048019,43.79906948444,437.9906948444,23.933731292787023,0.21772289788197258,0.00035138400191460795,0.000827609352944473,0.021772289788197258
12,2025-01-30,16.714285714285715,0.027436379410063622,0.06533655972510462,2.7109720513479965,21.639406113883258,43.79906948444,437.9906948444,24.505159864215592,0.2140636895142083,0.00035138400191460795,0.000836780301234609,0.02140636895142083
12,2025-01-31,17.142857142857142,0.027436379410063622,0.07836176980913823,2.7633797648293164,21.77365389628333,43.79906948444,437.9906948444,22.43793297345929,0.21955250206585467,0.00035138400191460795,0.0010035971532944496,0.021955250206585463
12,2025-02-01,18.571428571428573,0.01644736842105263,0.05160591696632886,2.8830551051236273,21.935862652658262,43.79906948444,437.9906948444,21.697846972503726,0.23784854390467589,0.00021064521853906006,0.0006609288111626806,0.02378485439046759
12,2025-02-02,18.142857142857142,0.008928571428571426,0.06194426283099051,2.910324518054076,21.957230866945743,43.79906948444,437.9906948444,22.017865769496204,0.23235973135302954,0.00011435026149263259,0.0007933343771015184,0.023235973135302953
12,2025-02-03,20.285714285714285,0.013690476190476189,0.06670616759289527,2.8559407252488143,21.90465668474983,43.79906948444,437.9906948444,22.227389579020016,0.25980379411126137,0.00017533706762203665,0.0008543211832309225,0.025980379411126138
12,2025-02-04,20.571428571428573,0.013690476190476189,0.08099188187860955,2.821897677296508,21.878820847885606,43.79906948444,437.9906948444,21.390087991718428,0.2634630024790256,0.00017533706762203665,0.0010372816016191346,0.02634630024790256
12,2025-02-05,22.571428571428573,0.009523809523809521,0.08158711997384764,2.6976247236752795,21.724650955978838,43.79906948444,437.9906948444,23.10556418219462,0.28907746105337534,0.00012197361225880807,0.0010449049523853103,0.028907746105337532
12,2025-02-06,21.714285714285715,0.009523809523809521,0.07406832298136644,2.683438204901809,21.729107556453364,43.79906948444,437.9906948444,22.731937808568244,0.2780998359500826,0.00012197361225880807,0.0009486099953388828,0.027809983595008265
12,2025-02-07,21.0,0.019047619047619042,0.06216356107660455,2.6681653975171455,21.685272005939826,43.79906948444,437.9906948444,23.322413999044436,0.26895181503067195,0.00024394722451761622,0.0007961429800153727,0.0268951815030672
12,2025-02-08,21.428571428571427,0.02454212454212454,0.06144688644688644,2.6373181070280545,21.599613347173662,43.79906948444,437.9906948444,24.111950549450547,0.2744406275823183,0.0003143166162053902,0.0007869643637082717,0.027444062758231837
12,2025-02-09,22.571428571428573,0.02454212454212454,0.04954212454212453,2.571559968776278,21.544605913217538,43.79906948444,437.9906948444,23.448260073260077,0.2890774610533753,0.0003143166162053902,0.0006344973483847615,0.028907746105337532
12,2025-02-10,21.142857142857142,0.019780219780219783,0.05192307692307691,2.5449757780433018,21.49453686279291,43.79906948444,437.9906948444,23.95778388278388,0.27078141921455406,0.00025332981007598605,0.0006649907514494636,0.02707814192145541
12,2025-02-11,20.571428571428573,0.019780219780219783,0.055494505494505485,2.5882349926309383,21.557796641392205,43.79906948444,437.9906948444,23.63635531135531,0.2634630024790256,0.00025332981007598605,0.0007107308560465166,0.02634630024790256
12,2025-02-12,18.285714285714285,0.015018315018315017,0.056174777603349026,2.593237872095566,21.569802322773853,43.79906948444,437.9906948444,22.178532182103613,0.23418933553691165,0.00019234300394658198,0.0007194432569221457,0.023418933553691162
12,2025-02-13,17.571428571428573,0.015018315018315017,0.056174777603349026,2.6978698367484277,21.70095890834795,43.79906948444,437.9906948444,20.534301412872843,0.22504131461750101,0.00019234300394658198,0.0007194432569221457,0.0225041314617501
12,2025-02-14,17.857142857142858,0.005494505494505493,0.0466509680795395,2.667039439083802,21.659578661279237,43.79906948444,437.9906948444,21.57407732323699,0.22870052298526528,7.036939168777387e-05,0.0005974696446633376,0.022870052298526528
12,2025-02-15,16.857142857142858,0.007518796992481201,0.04115646258503401,2.580747155346818,21.584665492114436,43.79906948444,437.9906948444,21.481827467829238,0.21589329369809043,9.629495704642742e-05,0.0005271002529755637,0.021589329369809042
12,2025-02-16,15.428571428571429,0.01772287862513426,0.05561224489795918,2.498889223337764,21.46244771522965,43.79906948444,437.9906948444,23.057507739938078,0.19759725185926924,0.00022698097018086473,0.0007122387715826831,0.019759725185926922
12,2025-02-17,13.571428571428571,0.01772287862513426,0.06887755102040816,2.5012514995672532,21.51362039750793,43.79906948444,437.9906948444,21.239140392999307,0.17381239746880164,0.00022698097018086473,0.0008821305886574516,0.01738123974688016
12,2025-02-18,13.714285714285714,0.01772287862513426,0.0510204081632653,2.4566336279511622,21.485371184622473,43.79906948444,437.9906948444,20.25594711568838,0.17564200165268376,0.00022698097018086473,0.0006534300656721864,0.017564200165268377
12,2025-02-19,14.285714285714286,0.01772287862513426,0.05668934240362811,2.4630607331736334,21.48026468335895,43.79906948444,437.9906948444,21.535992467162306,0.18296041838821223,0.00022698097018086473,0.0007260334063024294,0.018296041838821223
12,2025-02-20,15.857142857142858,0.02524167561761546,0.06420813939610931,2.3185554750601116,21.304735378187424,43.79906948444,437.9906948444,23.095202993478093,0.2030860644109156,0.0003232759272272922,0.0008223283633488569,0.02030860644109156
12,2025-02-21,17.285714285714285,0.02524167561761546,0.08008115526912518,2.4010413314477623,21.4008565468065,43.79906948444,437.9906948444,21.85119427888114,0.2213821062497368,0.0003232759272272922,0.001025617717113537,0.02213821062497368
12,2025-02-22,16.714285714285715,0.01772287862513426,0.0896049647929347,2.4817833940779868,21.46583929099154,43.79906948444,437.9906948444,22.12036721121197,0.21406368951420832,0.00022698097018086473,0.0011475913293723453,0.021406368951420833
12,2025-02-23,18.428571428571427,0.007518796992481201,0.07469130702213408,2.5893344829541363,21.625559639940974,43.79906948444,437.9906948444,20.1925807119969,0.23601893972079374,9.629495704642742e-05,0.0009565886947912447,0.023601893972079378
12,2025-02-24,21.285714285714285,0.018100807574491784,0.05428314375682796,2.5689334128409347,21.530015108471748,43.79906948444,437.9906948444,22.608302556290173,0.2726110233984362,0.00023182119288954757,0.00069521666852237,0.027261102339843624
12,2025-02-25,21.428571428571427,0.026037315510999717,0.06221965169333589,2.5056433202170396,21.39854273597269,43.79906948444,437.9906948444,25.57562281772808,0.27444062758231835,0.0003334658697718877,0.0007968613454047101,0.027444062758231833
12,2025-02-26,20.285714285714285,0.026037315510999717,0.06063235010603431,2.432202976074543,21.330451538920595,43.79906948444,437.9906948444,25.548638690743953,0.25980379411126137,0.0003334658697718877,0.0007765324100282422,0.025980379411126138
12,2025-02-27,20.0,0.02692187986305633,0.053113553113553105,2.435286709423134,21.32910500942403,43.79906948444,437.9906948444,25.72157102157102,0.25614458574349713,0.000344794688247938,0.0006802374529818145,0.02561445857434971
12,2025-02-28,18.285714285714285,0.02692187986305633,0.056288156288156276,2.355984167133815,21.269752515750017,43.79906948444,437.9906948444,26.08770858770859,0.23418933553691165,0.000344794688247938,0.0007208953237347506,0.02341893355369117
12,2025-03-01,17.714285714285715,0.02692187986305633,0.05975135975135975,2.3317719874232723,21.303452329528447,43.79906948444,437.9906948444,24.305890405890406,0.22687091880138313,0.000344794688247938,0.0007652493645561354,0.02268709188013832
12,2025-03-02,16.0,0.02692187986305633,0.05425685425685424,2.341279098856038,21.31785545281848,43.79906948444,437.9906948444,24.03979935408507,0.2049156685947977,0.000344794688247938,0.0006948799728683614,0.020491566859479775
12,2025-03-03,14.428571428571429,0.01633986928104575,0.05425685425685424,2.3752567081560017,21.400278436708028,43.79906948444,437.9906948444,22.104944856730572,0.18479002257209434,0.00020926845240481787,0.0006948799728683614,0.018479002257209436
12,2025-03-04,14.714285714285714,0.0226890756302521,0.053463203463203456,2.420856420486884,21.485641008400325,43.79906948444,437.9906948444,20.75653215831787,0.1884492309398586,0.00029058419391068995,0.0006847155051801275,0.01884492309398586
12,2025-03-05,16.142857142857142,0.029831932773109242,0.05346320346320345,2.46481512107927,21.556244016434015,43.79906948444,437.9906948444,19.706532158317874,0.20674527277867982,0.0003820644031047961,0.0006847155051801275,0.020674527277867984
12,2025-03-06,15.428571428571429,0.021428571428571425,0.05346320346320345,2.55094638823395,21.655364786679296,43.79906948444,437.9906948444,18.182722634508348,0.1975972518592692,0.00027444062758231834,0.0006847155051801275,0.019759725185926922
12,2025-03-07,15.714285714285714,0.021428571428571425,0.042818945760122226,2.5753071758205097,21.637718919067854,43.79906948444,437.9906948444,19.10261058969042,0.20125646022703345,0.00027444062758231834,0.000548392056184989,0.020125646022703347
12,2025-03-08,16.285714285714285,0.03095238095238095,0.03935574229691876,2.509588355588349,21.550451393212658,43.79906948444,437.9906948444,20.446333533413366,0.20857487696256197,0.00039641423984112644,0.0005040380153636041,0.020857487696256196
12,2025-03-09,16.428571428571427,0.05952380952380953,0.03935574229691876,2.4454219758740026,21.47533600988249,43.79906948444,437.9906948444,21.14905462184874,0.21040448114644406,0.0007623350766175509,0.0005040380153636042,0.021040448114644405
12,2025-03-10,17.428571428571427,0.05952380952380953,0.05177810254536597,2.4899225307787645,21.50452036481738,43.79906948444,437.9906948444,21.74183412495433,0.2232117104336189,0.0007623350766175509,0.000663134031353354,0.02232117104336189
12,2025-03-11,18.571428571428573,0.04523809523809524,0.05994136785148842,2.555900121138129,21.56293850439326,43.79906948444,437.9906948444,21.820405553525756,0.23784854390467589,0.0005793746582293387,0.0007676828418609037,0.02378485439046759
12,2025-03-12,17.571428571428573,0.03809523809523809,0.0676336755437961,2.6338670746664508,21.65032444895303,43.79906948444,437.9906948444,21.484691267811474,0.22504131461750101,0.0004878944490352325,0.0008661999902237872,0.022504131461750104
12,2025-03-13,18.285714285714285,0.03809523809523809,0.08444039823287174,2.6127305307614512,21.61149571044297,43.79906948444,437.9906948444,22.655559615150406,0.23418933553691162,0.0004878944490352325,0.0010814475412687429,0.023418933553691162
12,2025-03-14,18.428571428571427,0.03809523809523809,0.08397354482484186,2.666041494919633,21.705475181581708,43.79906948444,437.9906948444,20.38011610441278,0.23601893972079377,0.0004878944490352325,0.0010754684426286052,0.023601893972079378
12,2025-03-15,21.0,0.0329004329004329,0.07877873963003666,2.7803889773728367,21.7988817872135,43.79906948444,437.9906948444,20.7030598273565,0.26895181503067195,0.0004213633878031553,0.001008937381396528,0.026895181503067196
12,2025-03-16,21.0,0.013852813852813853,0.10735016820146523,2.837616188918036,21.864605474233652,43.79906948444,437.9906948444,19.97925030354698,0.268951815030672,0.00017741616328553904,0.0013748582181729526,0.026895181503067196
12,2025-03-17,21.0,0.02627517410126106,0.09492780795301803,2.769137916747632,21.80489717974096,43.79906948444,437.9906948444,19.24011986876437,0.268951815030672,0.0003365121792752888,0.001215762202183203,0.026895181503067196
12,2025-03-18,20.142857142857142,0.02627517410126106,0.09910220498455792,2.6702579509250697,21.719092721343593,43.79906948444,437.9906948444,18.772587401231903,0.25797418992737925,0.0003365121792752888,0.001269224662101836,0.025797418992737926
12,2025-03-19,21.714285714285715,0.02627517410126106,0.10688608776844069,2.6273017671976384,21.66642217738921,43.79906948444,437.9906948444,19.159492163136665,0.2780998359500826,0.0003365121792752888,0.001368914633659516,0.027809983595008254
12,2025-03-20,22.428571428571427,0.02627517410126106,0.10306637806637807,2.6347365459626473,21.657497750110373,43.79906948444,437.9906948444,19.616329443503357,0.2872478568694932,0.0003365121792752888,0.001319994735694753,0.028724785686949323
12,2025-03-21,21.714285714285715,0.02627517410126106,0.09512987012987013,2.6355607737331925,21.674035728809095,43.79906948444,437.9906948444,19.6590644862384,0.2780998359500826,0.0003365121792752888,0.0012183500588124133,0.027809983595008254
12,2025-03-22,19.857142857142858,0.021946169772256725,0.09794372294372293,2.6716141657389243,21.719321110249723,43.79906948444,437.9906948444,18.53135885853277,0.25431498155961496,0.00028106962824855783,0.0012543877169797883,0.0254314981559615
12,2025-03-23,19.571428571428573,0.023411371237458196,0.06937229437229436,2.644895773166475,21.675323556337634,43.79906948444,437.9906948444,19.302054829228744,0.25065577319185073,0.0002998347993652976,0.0008884668802033639,0.025065577319185076
12,2025-03-24,18.0,0.01098901098901099,0.09318181818181817,2.714285170883737,21.747703883489475,43.79906948444,437.9906948444,19.719239094239093,0.2305301271691474,0.00014073878337554781,0.0011934009108503841,0.02305301271691474
12,2025-03-25,17.0,0.020512820512820513,0.0737012987012987,2.8233126638876795,21.861349275389767,43.79906948444,437.9906948444,19.60581918081918,0.21772289788197255,0.00026271239563435597,0.0009439094312300948,0.021772289788197254
12,2025-03-26,16.285714285714285,0.020512820512820513,0.051458190931875133,2.845405930012075,21.846969386416653,43.79906948444,437.9906948444,20.008388103124947,0.2085748769625619,0.00026271239563435597,0.0006590368499677469,0.020857487696256196
12,2025-03-27,15.571428571428571,0.020512820512820513,0.03847117794486215,2.853661336989848,21.90267374473979,43.79906948444,437.9906948444,20.038945780741447,0.1994268560431513,0.00026271239563435597,0.0004927091968875538,0.019942685604315134
12,2025-03-28,16.142857142857142,0.020512820512820513,0.03847117794486215,2.708891305460906,21.71390422826661,43.79906948444,437.9906948444,21.31367105546672,0.20674527277867982,0.00026271239563435597,0.0004927091968875538,0.02067452727786798
12,2025-03-29,16.857142857142858,0.03194139194139194,0.04275689223057644,2.6141698351851614,21.621936152800632,43.79906948444,437.9906948444,21.945099626895292,0.2158932936980904,0.00040908073034492574,0.0005475973224040176,0.021589329369809042
12,2025-03-30,16.857142857142858,0.02095238095238095,0.04275689223057644,2.6655464460953153,21.66063734061588,43.79906948444,437.9906948444,23.494550176345847,0.21589329369809043,0.00026834194696937787,0.0005475973224040176,0.021589329369809045
12,2025-03-31,17.285714285714285,0.02095238095238095,0.018947368421052626,2.5815616431266273,21.565001301485136,43.79906948444,437.9906948444,23.385026366822036,0.22138210624973678,0.00026834194696937787,0.00024266329175699715,0.02213821062497368
12,2025-04-01,18.428571428571427,0.01763975155279503,0.018947368421052626,2.544483564347178,21.54051427446775,43.79906948444,437.9906948444,23.53119613907876,0.23601893972079374,0.0002259163427054446,0.00024266329175699715,0.023601893972079378
12,2025-04-02,18.0,0.01763975155279503,0.011428571428571422,2.517304752452323,21.525813586548534,43.79906948444,437.9906948444,23.973865312011096,0.23053012716914742,0.0002259163427054446,0.00014636833471056966,0.02305301271691474
12,2025-04-03,20.428571428571427,0.021841432225063937,0.024033613445378143,2.502340065685947,21.48942187533186,43.79906948444,437.9906948444,24.549495564111933,0.2616333982951435,0.0002797282304666835,0.0003078039979942864,0.026163339829514354
12,2025-04-04,21.142857142857142,0.021841432225063937,0.024033613445378143,2.584231877959751,21.609845818290257,43.79906948444,437.9906948444,23.68585920047557,0.2707814192145541,0.0002797282304666835,0.0003078039979942864,0.02707814192145541
12,2025-04-05,19.714285714285715,0.01041286079649251,0.02212885154061624,2.5951045020037147,21.59964208359696,43.79906948444,437.9906948444,24.29728777190414,0.25248537737573284,0.00013335989575611373,0.0002834092755425247,0.02524853773757329
12,2025-04-06,20.142857142857142,0.028270003653635366,0.03998599439775909,2.620667834913366,21.654729413138927,43.79906948444,437.9906948444,21.28011744223381,0.2579741899273792,0.00036206041874137896,0.00051210979852779,0.025797418992737926
12,2025-04-07,22.142857142857142,0.028270003653635366,0.03998599439775909,2.708582758752569,21.74620602110345,43.79906948444,437.9906948444,21.516899051429213,0.283588648501729,0.00036206041874137896,0.00051210979852779,0.028358864850172895
12,2025-04-08,21.142857142857142,0.022058823529411766,0.03998599439775909,2.653797582647839,21.661660370476106,43.79906948444,437.9906948444,22.04989594583915,0.27078141921455406,0.00028251241074650415,0.00051210979852779,0.027078141921455412
12,2025-04-09,22.0,0.028552330022918262,0.04647950089126559,2.6645757951160616,21.695655533989566,43.79906948444,437.9906948444,21.596973867917075,0.2817590443178468,0.00036567623728660063,0.0005952736250678865,0.028175904431784686
12,2025-04-10,19.714285714285715,0.040223665223665224,0.03387445887445887,2.6346708838414963,21.66620163263417,43.79906948444,437.9906948444,20.92657237398617,0.25248537737573284,0.0005151537032900419,0.0004338379617841698,0.02524853773757329
12,2025-04-11,20.285714285714285,0.040223665223665224,0.03387445887445887,2.6678327229015335,21.64840780933618,43.79906948444,437.9906948444,22.696802144215933,0.25980379411126137,0.0005151537032900419,0.00043383796178416984,0.025980379411126138
12,2025-04-12,22.0,0.040223665223665224,0.029641654641654636,2.681872512678747,21.696779315199734,43.79906948444,437.9906948444,22.329606377020173,0.2817590443178469,0.0005151537032900419,0.0003796274674469218,0.028175904431784686
12,2025-04-13,23.857142857142858,0.03714484748967507,0.026562836907664485,2.6290568334222058,21.603425228447012,43.79906948444,437.9906948444,26.22400292874431,0.30554389870831444,0.00047572257863741005,0.00034019634279428983,0.030554389870831446
12,2025-04-14,23.142857142857142,0.03714484748967507,0.026562836907664485,2.575493045593226,21.567825468862832,43.79906948444,437.9906948444,26.150316557644146,0.2963958777889038,0.00047572257863741005,0.00034019634279428983,0.029639587778890385
12,2025-04-15,23.857142857142858,0.03714484748967507,0.040168279084535234,2.6822159539846804,21.653741925724,43.79906948444,437.9906948444,25.902442407984278,0.30554389870831444,0.00047572257863741005,0.0005144443603068728,0.030554389870831443
12,2025-04-16,23.571428571428573,0.03065134099616858,0.04796048687674302,2.665170709496085,21.65903835432926,43.79906948444,437.99069484439997,24.551793057334926,0.3018846903405502,0.00039255875209731356,0.0006142409521549886,0.03018846903405502
12,2025-04-17,24.285714285714285,0.014778325123152709,0.04796048687674302,2.6593877971186326,21.650535278802984,43.79906948444,437.9906948444,25.021427287838723,0.3110327112599608,0.00018926939833263328,0.0006142409521549886,0.03110327112599608
12,2025-04-18,23.428571428571427,0.029064039408867,0.04796048687674302,2.6293936822104333,21.62292922918291,43.79906948444,437.9906948444,23.73626245267389,0.30005508615666804,0.00037222981672084554,0.0006142409521549886,0.030005508615666806
12,2025-04-19,22.857142857142858,0.029064039408867,0.06130302195840854,2.592559275255977,21.596842909335727,43.79906948444,437.9906948444,22.77675014533549,0.2927366694211396,0.00037222981672084554,0.0007851218582180531,0.029273666942113957
12,2025-04-20,21.571428571428573,0.014285714285714287,0.060810411120970125,2.585162505124775,21.618031625532854,43.79906948444,437.9906948444,19.505567879325643,0.2762702317662005,0.00018296041838821217,0.000778812878273632,0.027627023176620046
12,2025-04-21,21.571428571428573,0.014285714285714287,0.07271517302573202,2.5660445887362107,21.586862546484667,43.79906948444,437.9906948444,19.886520260278026,0.27627023176620047,0.00018296041838821217,0.0009312798935971423,0.027627023176620046
12,2025-04-22,21.428571428571427,0.014285714285714287,0.05910973084886128,2.474321674423973,21.539614353161273,43.79906948444,437.9906948444,20.107608695652175,0.27444062758231835,0.00018296041838821217,0.0007570318760845592,0.027444062758231833
12,2025-04-23,23.0,0.014285714285714287,0.05864890135577371,2.4764695111248933,21.510909603986057,43.79906948444,437.9906948444001,21.342631737126826,0.2945662736050217,0.00018296041838821217,0.0007511299271042943,0.02945662736050217
12,2025-04-24,24.285714285714285,0.014285714285714287,0.07204175849863086,2.512561395186996,21.558027539503193,43.79906948444,437.9906948444001,20.498493538369065,0.3110327112599608,0.00018296041838821217,0.0009226553193432433,0.03110327112599608
12,2025-04-25,25.142857142857142,0.005494505494505495,0.08852527498214735,2.4949400376624804,21.574462884583664,43.79906948444,437.9906948444,20.327614417489944,0.3220103363632535,7.036939168777387e-05,0.001133763494406565,0.03220103363632535
12,2025-04-26,24.714285714285715,0.005494505494505495,0.06989173460947654,2.5017872962541476,21.56885450938875,43.79906948444,437.9906948444,20.418608206309816,0.3165215238116072,7.036939168777387e-05,0.0008951194704219404,0.03165215238116072
12,2025-04-27,25.0,0.011988011988011988,0.06209952681726875,2.49549652253097,21.543923399359336,43.79906948444,437.9906948444,21.567309505011117,0.32018073217937143,0.00015353321822787034,0.0007953228785738247,0.03201807321793714
12,2025-04-28,24.714285714285715,0.011988011988011988,0.05019476491250684,2.463464854268067,21.50609439904733,43.79906948444,437.9906948444,21.643608206309818,0.3165215238116072,0.00015353321822787034,0.0006428558632503144,0.03165215238116072
12,2025-04-29,24.428571428571427,0.019924519924519928,0.05813127284901477,2.5668421000609487,21.624564376883978,43.79906948444,437.9906948444,20.262655825357438,0.3128623154438429,0.0002551778951102105,0.0007445005401326546,0.03128623154438429
12,2025-04-30,23.0,0.019924519924519928,0.04430638805638805,2.591554602360252,21.665339298292334,43.79906948444,437.9906948444,19.422190607012034,0.2945662736050217,0.0002551778951102105,0.0005674420707247073,0.02945662736050217
12,2025-05-01,19.857142857142858,0.019924519924519928,0.03091353091353091,2.5064752890181774,21.550151104810826,43.79906948444,437.9906948444,20.94272632129775,0.25431498155961496,0.0002551778951102105,0.00039591667848575825,0.0254314981559615
12,2025-05-02,20.714285714285715,0.01443001443001443,0.014430014430014421,2.549249344601034,21.58042704334365,43.79906948444,437.9906948444,21.876105442176872,0.2652926066629077,0.00018480850342243653,0.00018480850342243645,0.026529260666290775
12,2025-05-03,20.285714285714285,0.022833375774552245,0.022833375774552238,2.5397808335442926,21.55656422751777,43.79906948444,437.9906948444,22.940391156462585,0.25980379411126137,0.00029243227894491434,0.0002924322789449142,0.025980379411126138
12,2025-05-04,19.142857142857142,0.026543950913698815,0.026543950913698804,2.465884789765043,21.45555054969759,43.79906948444,437.9906948444,24.774342918985777,0.2451669606402044,0.00033995446553925515,0.0003399544655392551,0.02451669606402044
12,2025-05-05,17.857142857142858,0.026543950913698815,0.026543950913698804,2.4858289235615785,21.439553032589547,43.79906948444,437.9906948444,25.61700026164312,0.2287005229852653,0.00033995446553925515,0.0003399544655392551,0.02287005229852653
12,2025-05-06,19.142857142857142,0.023898448268196166,0.018607442977190865,2.4227932240567176,21.368037602911418,43.79906948444,437.99069484439997,26.392132536775396,0.24516696064020435,0.0003060729065784751,0.000238309788656915,0.024516696064020436
12,2025-05-07,20.428571428571427,0.023898448268196166,0.018607442977190865,2.4058315525416245,21.341099899866105,43.79906948444,437.9906948444,27.216622332693763,0.2616333982951435,0.0003060729065784751,0.000238309788656915,0.02616333982951435
12,2025-05-08,21.142857142857142,0.023898448268196166,0.018607442977190865,2.525653701174023,21.505380908044295,43.79906948444,437.9906948444,25.802336618408045,0.27078141921455406,0.0003060729065784751,0.000238309788656915,0.027078141921455412
12,2025-05-09,20.285714285714285,0.023898448268196166,0.029596453966201856,2.4770875999008757,21.457877971603214,43.79906948444,437.9906948444,26.017309145880574,0.2598037941112613,0.0003060729065784751,0.00037904857203246284,0.025980379411126134
14,2025-01-01,12.0,0.029761904761904764,0.13036963036963037,1.679135736719063,25.74451494504936,46.48934295075714,325.4254006553,23.18686313686314,0.13874243680290635,0.00034410326588022415,0.0015073166835480585,0.019820348114700903
14,2025-01-02,12.428571428571429,0.011904761904761906,0.13361638361638362,1.7602614279825186,25.751490537812515,46.48934295075714,325.4254006553,22.975824175824176,0.14369752383158158,0.00013764130635208967,0.001544855221644083,0.02052821769022594
14,2025-01-03,12.285714285714286,0.011904761904761906,0.14768564768564768,1.7999223779909355,25.62874104231566,46.48934295075714,325.4254006553,23.647902097902097,0.1420458281553565,0.00013764130635208967,0.0017075222200601888,0.020292261165050927
14,2025-01-04,12.714285714285714,0.011904761904761906,0.16355866355866353,1.7995941062995604,25.619796727408595,46.48934295075714,325.4254006553,21.935203685203682,0.14700091518403172,0.00013764130635208967,0.0018910439618629751,0.02100013074057596
14,2025-01-05,13.0,0.030952380952380953,0.17161727161727164,1.8005147944297373,25.683754605840697,46.48934295075714,325.4254006553,23.04069819069819,0.15030430653648189,0.00035786739651543306,0.0019842165384705433,0.02147204379092598
14,2025-01-06,13.142857142857142,0.019047619047619053,0.15879675879675878,1.7526538885521858,25.807792900037466,46.48934295075714,325.4254006553,22.04161394161394,0.15195600221270694,0.00022022609016334344,0.001835987439322139,0.02170800031610099
14,2025-01-07,12.857142857142858,0.019047619047619053,0.14980574980574982,1.6763096503879797,25.819951447576734,46.48934295075714,325.4254006553,22.17847707847708,0.1486526108602568,0.00022022609016334344,0.001732034564594687,0.021236087265750967
14,2025-01-08,13.571428571428571,0.019047619047619053,0.13276029526029526,1.6632139913814965,25.851916992961815,46.48934295075714,325.4254006553,21.628152403152402,0.15691108924138217,0.00022022609016334344,0.0015349572395905585,0.022415869891626024
14,2025-01-09,14.285714285714286,0.019047619047619053,0.129513542013542,1.6499797583499636,25.879082286908652,46.48934295075714,325.4254006553,22.499905649905653,0.16516956762250756,0.00022022609016334344,0.0014974187014945343,0.023595652517501082
14,2025-01-10,14.428571428571429,0.019047619047619053,0.12734903984903984,1.6259876613017983,25.97616908575907,46.48934295075714,325.4254006553,22.054018204018202,0.16682126329873262,0.00022022609016334344,0.0014723930094305178,0.02383160904267609
14,2025-01-11,14.0,0.028571428571428574,0.14004745254745254,1.5905017781327546,25.99994340748224,46.48934295075714,325.4254006553,22.338145188145187,0.16186617627005742,0.00033033913524501513,0.001619210402872747,0.023123739467151055
14,2025-01-12,13.142857142857142,0.009523809523809523,0.1209998334998335,1.5721225014143918,26.010732255966182,46.48934295075714,325.4254006553,22.96036741036741,0.15195600221270694,0.00011011304508167176,0.0013989843127094035,0.02170800031610099
14,2025-01-13,13.0,0.009523809523809523,0.1100108225108225,1.586126139184006,26.088117224305552,46.48934295075714,325.4254006553,23.471356421356425,0.15030430653648189,0.00011011304508167176,0.0012719307991536281,0.02147204379092598
14,2025-01-14,13.142857142857142,0.009523809523809523,0.14464285714285716,1.60139769764978,26.195119339685057,46.48934295075714,325.4254006553,23.498412698412697,0.15195600221270694,0.00011011304508167176,0.001672341872177889,0.02170800031610099
14,2025-01-15,12.0,0.027380952380952377,0.13571428571428573,1.5274327515650177,26.304052556938807,46.48934295075714,325.4254006553,26.40912698412698,0.13874243680290635,0.0003165750046098062,0.001569110892413822,0.019820348114700903
14,2025-01-16,12.142857142857142,0.027380952380952377,0.1084033613445378,1.5614521652566211,26.220316391216056,46.48934295075714,325.4254006553,25.439589169000932,0.14039413247913143,0.0003165750046098062,0.0012533455425472633,0.020056304639875917
14,2025-01-17,12.0,0.027380952380952377,0.11056786350903998,1.5926594365760522,26.177019546702496,46.48934295075714,325.4254006553,25.976385705797473,0.13874243680290635,0.0003165750046098062,0.0012783712346112798,0.019820348114700907
14,2025-01-18,11.857142857142858,0.017857142857142856,0.10240459820291754,1.6281573029500291,26.21093832599491,46.48934295075714,325.4254006553,25.720603392872302,0.13709074112668126,0.0002064619595281345,0.0011839886245412752,0.019584391589525896
14,2025-01-19,12.428571428571429,0.017857142857142856,0.12438262018093951,1.664610325676994,26.284858529905396,46.48934295075714,325.4254006553,25.5203591926281,0.14369752383158158,0.0002064619595281345,0.0014380956516528254,0.02052821769022594
14,2025-01-20,12.285714285714286,0.04383116883116883,0.1373696331679525,1.6844598541941596,26.232172393777034,46.48934295075714,325.4254006553,27.877502049770953,0.1420458281553565,0.0005067702642963301,0.001588249804036923,0.020292261165050927
14,2025-01-21,11.285714285714286,0.10097402597402597,0.11832201412033345,1.6529767126662664,26.267122371215926,46.48934295075714,325.4254006553,30.203692525961433,0.13048395842178095,0.0011674485347863603,0.0013680237138735797,0.01864056548882585
14,2025-01-22,11.857142857142858,0.08311688311688312,0.13022677602509536,1.7458048616832822,26.12409275682955,46.48934295075714,325.4254006553,26.644168716437626,0.13709074112668126,0.0009609865752582259,0.0015056650202256694,0.019584391589525896
14,2025-01-23,11.142857142857142,0.09502164502164502,0.15753770039484324,1.7625143591173793,26.170789902381834,46.48934295075714,325.4254006553,26.869658912516055,0.1288322627455559,0.0010986278816103154,0.001821430370092228,0.01840460896365084
14,2025-01-24,11.571428571428571,0.10522572665429808,0.14176775605347033,1.7508577357817876,26.18902711097376,46.48934295075714,325.4254006553,26.101569858712715,0.13378734977423112,0.0012166061441978209,0.0016391003279115377,0.01911247853917587
14,2025-01-25,11.0,0.10522572665429808,0.1642167356453071,1.713410117682401,26.171955307911883,46.48934295075714,325.4254006553,26.038304552590265,0.1271805670693308,0.0012166061441978209,0.00189865250560405,0.01816865243847583
14,2025-01-26,9.857142857142858,0.10522572665429808,0.1422387136672851,1.7043898393779193,26.093018687881997,46.48934295075714,325.4254006553,24.959183673469386,0.11396700165953022,0.0012166061441978209,0.0016445454784924996,0.016281000237075745
14,2025-01-27,9.571428571428571,0.07925170068027211,0.14512471655328799,1.7097915964096493,26.048302275012027,46.48934295075714,325.4254006553,22.070294784580504,0.11066361030708005,0.0009162978394296254,0.001677913067911188,0.01580908718672572
14,2025-01-28,11.428571428571429,0.022108843537414966,0.12448979591836735,1.778485408596999,25.966599921288232,46.48934295075714,325.4254006553,19.08140589569161,0.13213565409800604,0.000255619568939595,0.0014393348035675658,0.018876522014000863
14,2025-01-29,12.714285714285714,0.022108843537414966,0.13299319727891157,1.7500302666606793,26.00517800464274,46.48934295075714,325.4254006553,19.557596371882088,0.14700091518403172,0.000255619568939595,0.0015376500223904872,0.02100013074057596
14,2025-01-30,12.428571428571429,0.01020408163265306,0.1687074829931973,1.6812729252921415,26.020590574282092,46.48934295075714,325.4254006553,19.819501133786847,0.14369752383158158,0.00011797826258750538,0.001950573941446756,0.02052821769022594
14,2025-01-31,12.285714285714286,0.0,0.15850340136054422,1.656431879220658,26.022632075140937,46.48934295075714,325.4254006553,20.607570207570205,0.1420458281553565,0.0,0.0018325956788592505,0.020292261165050927
14,2025-02-01,12.142857142857142,0.0,0.16326530612244897,1.7077451802681531,26.009329516344902,46.48934295075714,325.4254006553,20.04725274725275,0.1403941324791314,0.0,0.0018876522014000861,0.020056304639875917
14,2025-02-02,12.857142857142858,0.0,0.19183673469387758,1.7018304129880757,25.964836771751823,46.48934295075714,325.4254006553,19.690109890109888,0.1486526108602568,0.0,0.0022179913366451014,0.02123608726575097
14,2025-02-03,13.857142857142858,0.0,0.19382086167800455,1.7166189411116386,25.956240296382667,46.48934295075714,325.4254006553,20.141498778998777,0.16021448059383234,0.0,0.00224093155437045,0.022887782941976045
14,2025-02-04,13.285714285714286,0.02040816326530612,0.18588435374149656,1.6718080381809366,25.9085868424876,46.48934295075714,325.4254006553,20.652836647479507,0.15360769788893203,0.00023595652517501077,0.0021491706834690567,0.021943956841276004
14,2025-02-05,10.857142857142858,0.02040816326530612,0.3083333333333333,1.6117117217879695,25.936598645400643,46.48934295075714,325.4254006553,20.950455695098555,0.12552887139310573,0.00023595652517501077,0.0035649098345191216,0.01793269591330082
14,2025-02-06,11.0,0.02040816326530612,0.2628787878787879,1.653752036284741,25.916160772178156,46.48934295075714,325.4254006553,21.443962188605045,0.1271805670693308,0.00023595652517501077,0.003039370301174779,0.018168652438475826
14,2025-02-07,11.285714285714286,0.02040816326530612,0.27240259740259737,1.6993548541248933,25.843838853211334,46.48934295075714,325.4254006553,21.153852298495156,0.13048395842178098,0.00023595652517501077,0.0031494833462564513,0.01864056548882585
14,2025-02-08,11.857142857142858,0.03139717425431711,0.22478354978354978,1.7334595393554584,25.844528262909687,46.48934295075714,325.4254006553,21.603180747823608,0.13709074112668126,0.0003630100387307858,0.002598918120848093,0.019584391589525896
14,2025-02-09,12.428571428571429,0.03139717425431711,0.2268243661100804,1.7209058963980584,25.786138470207927,46.48934295075714,325.4254006553,21.099099115170542,0.14369752383158158,0.0003630100387307858,0.0026225137733655937,0.020528217690225937
14,2025-02-10,11.857142857142858,0.03139717425431711,0.22087198515769943,1.7053585324941032,25.708761051570374,46.48934295075714,325.4254006553,20.77469435326578,0.13709074112668126,0.0003630100387307858,0.0025536931201895485,0.019584391589525896
14,2025-02-11,11.428571428571429,0.01098901098901099,0.27282003710575137,1.7362297230986807,25.747720157933365,46.48934295075714,325.4254006553,20.093803815232384,0.13213565409800604,0.00012705351355577505,0.0031543097297259395,0.018876522014000863
14,2025-02-12,11.571428571428571,0.01098901098901099,0.1585343228200371,1.8273379262191383,25.735854213685247,46.48934295075714,325.4254006553,19.986660958089526,0.1337873497742311,0.00012705351355577505,0.0018329531887458794,0.01911247853917587
14,2025-02-13,11.0,0.01098901098901099,0.15296846011131723,1.8105586940663978,25.7241002745615,46.48934295075714,325.4254006553,20.24825650539936,0.1271805670693308,0.00012705351355577505,0.0017686014091526944,0.01816865243847583
14,2025-02-14,9.857142857142858,0.01098901098901099,0.16385281385281383,1.8618698813651147,25.725572966987386,46.48934295075714,325.4254006553,19.933970791113648,0.1139670016595302,0.00012705351355577505,0.0018944448892460335,0.016281000237075745
14,2025-02-15,9.571428571428571,0.0,0.17683982683982682,1.7820345979008057,25.829326625895657,46.48934295075714,325.4254006553,20.42547928262214,0.11066361030708007,0.0,0.0020445990416301314,0.01580908718672572
14,2025-02-16,8.714285714285714,0.0,0.18194186765615336,1.751657527726506,25.916879549990572,46.48934295075714,325.4254006553,21.02241805813234,0.10075343624972961,0.0,0.002103588172923884,0.014393348035675657
14,2025-02-17,8.428571428571429,0.014285714285714287,0.1843228200371057,1.7389478481920464,25.953903961415143,46.48934295075714,325.4254006553,20.284322820037108,0.09745004489727946,0.00016516956762250757,0.0021311164341943018,0.013921434985325635
14,2025-02-18,7.857142857142857,0.014285714285714287,0.1527829313543599,1.7377108749491537,25.970073838435003,46.48934295075714,325.4254006553,20.59786641929499,0.09084326219237915,0.00016516956762250757,0.0017664563498329215,0.012977608884625591
14,2025-02-19,8.571428571428571,0.014285714285714287,0.12421150278293135,1.5819330503045568,26.071303173269794,46.48934295075714,325.4254006553,21.16929499072356,0.09910174057350453,0.00016516956762250757,0.0014361172145879067,0.014157391510500647
14,2025-02-20,9.285714285714286,0.014285714285714287,0.10380333951762521,1.5759680670095928,26.130263593932394,46.48934295075714,325.4254006553,20.23562152133581,0.1073602189546299,0.00016516956762250757,0.0012001606894128957,0.0153371741363757
14,2025-02-21,9.714285714285714,0.014285714285714287,0.11196660482374766,1.5128280311331566,26.248629499421554,46.48934295075714,325.4254006553,20.23562152133581,0.11231530598330515,0.00016516956762250757,0.0012945432994829003,0.016045043711900735
14,2025-02-22,10.0,0.03626373626373626,0.10996860282574568,1.5190778593550909,26.15336279197358,46.48934295075714,325.4254006553,19.46938775510204,0.11561869733575526,0.0004192765947340577,0.0012714426606545775,0.016516956762250755
14,2025-02-23,9.857142857142858,0.03626373626373626,0.09466248037676607,1.5215332822115748,26.102812028914826,46.48934295075714,325.4254006553,19.137755102040817,0.1139670016595302,0.0004192765947340577,0.0010944752667733193,0.016281000237075745
14,2025-02-24,10.428571428571429,0.02197802197802198,0.11098901098901097,1.54113515884093,26.150896444297093,46.48934295075714,325.4254006553,19.98469387755102,0.12057378436443052,0.0002541070271115501,0.0012832404869133277,0.017224826337775785
14,2025-02-25,11.285714285714286,0.02197802197802198,0.11255886970172682,1.5042407967027907,26.176057689198252,46.48934295075714,325.4254006553,20.152668759811615,0.13048395842178095,0.0002541070271115501,0.0013013909888498671,0.01864056548882585
14,2025-02-26,11.428571428571429,0.02197802197802198,0.1645069216497788,1.5898605266048251,26.077126571568034,46.48934295075714,325.4254006553,19.55526616240902,0.13213565409800604,0.0002541070271115501,0.0019020075983862581,0.018876522014000863
14,2025-02-27,13.142857142857142,0.027930402930402932,0.2002212073640645,1.6038438770754848,26.042487525691445,46.48934295075714,325.4254006553,19.80526616240902,0.15195600221270694,0.00032292768028759485,0.002314931517442527,0.02170800031610099
14,2025-02-28,14.428571428571429,0.027930402930402932,0.18668737277759834,1.6356895556842008,25.870940394310736,46.48934295075714,325.4254006553,19.579702252634583,0.16682126329873262,0.00032292768028759485,0.0021584550849580463,0.02383160904267609
14,2025-03-01,14.285714285714286,0.005952380952380952,0.18760312369334925,1.6797460183312563,25.853880183120733,46.48934295075714,325.4254006553,21.591607014539345,0.16516956762250756,6.882065317604481e-05,0.002169042877754361,0.023595652517501075
14,2025-03-02,14.857142857142858,0.005952380952380952,0.1671949604280431,1.7049306387689573,25.937146281674355,46.48934295075714,325.4254006553,23.9070059013668,0.17177635032740787,6.882065317604481e-05,0.00193308635257935,0.024539478618201122
14,2025-03-03,14.285714285714286,0.005952380952380952,0.13658271553008394,1.6788502222654489,25.94382688657558,46.48934295075714,325.4254006553,24.317209982999458,0.16516956762250756,6.882065317604481e-05,0.0015791515648168337,0.023595652517501075
14,2025-03-04,14.0,0.005952380952380952,0.14057871952608794,1.7525546978148547,25.830467701003666,46.48934295075714,325.4254006553,24.472055137844613,0.16186617627005742,6.882065317604481e-05,0.0016253528424734795,0.023123739467151055
14,2025-03-05,14.857142857142858,0.005952380952380952,0.12224411295618724,1.7268010359897334,25.92730071836314,46.48934295075714,325.4254006553,25.901390508356453,0.17177635032740785,6.882065317604481e-05,0.0014133705096959297,0.024539478618201122
14,2025-03-06,12.428571428571429,0.0,0.12734615377251376,1.7604574534173902,25.893802181652177,46.48934295075714,325.4254006553,26.972819079785022,0.14369752383158158,0.0,0.0014723596409896822,0.02052821769022594
14,2025-03-07,10.857142857142858,0.0,0.11230855978755137,1.7446669657535245,25.928659756143222,46.48934295075714,325.4254006553,27.662668703845174,0.12552887139310573,0.0,0.001298496938229148,0.01793269591330082
14,2025-03-08,11.428571428571429,0.008928571428571428,0.10933236931136088,1.703064862018579,25.999867407117907,46.48934295075714,325.4254006553,27.490049656226127,0.13213565409800604,0.00010323097976406723,0.0012640866116411258,0.018876522014000863
14,2025-03-09,12.857142857142858,0.008928571428571428,0.11613509039979626,1.7308076102903296,25.903160755604098,46.48934295075714,325.4254006553,25.03859634762996,0.1486526108602568,0.00010323097976406723,0.0013427387866994625,0.02123608726575097
14,2025-03-10,12.571428571428571,0.008928571428571428,0.15184937611408197,1.737923076661107,25.81982814208265,46.48934295075714,325.4254006553,23.549310633344245,0.14534921950780663,0.00010323097976406723,0.0017556627057557315,0.020764174215400947
14,2025-03-11,13.571428571428571,0.008928571428571428,0.14174836601307186,1.6361948850223222,25.89915466128013,46.48934295075714,325.4254006553,23.733293317326932,0.15691108924138217,0.00010323097976406723,0.0016388761427903221,0.022415869891626028
14,2025-03-12,13.285714285714286,0.008928571428571428,0.14623015873015868,1.6438429694112706,25.838625773769028,46.48934295075714,325.4254006553,23.177551020408163,0.15360769788893203,0.00010323097976406723,0.0016906940463581673,0.021943956841276004
14,2025-03-13,13.857142857142858,0.021915584415584416,0.11840084518655947,1.5828032629492212,25.8835280332705,46.48934295075714,325.4254006553,21.723005565862707,0.16021448059383234,0.000253385132148165,0.001368935148392244,0.022887782941976045
14,2025-03-14,14.571428571428571,0.021915584415584416,0.14037886716458145,1.5220546095273946,25.97237726269152,46.48934295075714,325.4254006553,21.863115455972597,0.16847295897495768,0.000253385132148165,0.001623042175503794,0.024067565567851102
14,2025-03-15,14.714285714285714,0.012987012987012988,0.14825701842508562,1.563996731734719,25.971282314033157,46.48934295075714,325.4254006553,21.175090245888562,0.1701246546511828,0.00015015415238409777,0.0017141283341191474,0.02430352209302611
14,2025-03-16,12.857142857142858,0.012987012987012988,0.15931144019379312,1.5948571721774631,25.92064934580082,46.48934295075714,325.4254006553,20.714205892147067,0.1486526108602568,0.00015015415238409777,0.0018419381185889449,0.02123608726575097
14,2025-03-17,14.0,0.012987012987012988,0.1503828687652217,1.6248336225516724,25.93072746072276,46.48934295075714,325.4254006553,22.401705892147067,0.16186617627005737,0.00015015415238409777,0.0017387071388248777,0.023123739467151055
14,2025-03-18,13.285714285714286,0.012987012987012988,0.16747688585923878,1.6770877648783533,25.966215968888328,46.48934295075714,325.4254006553,22.128812119253297,0.15360769788893203,0.00015015415238409777,0.0019363459376894165,0.021943956841276004
14,2025-03-19,12.571428571428571,0.012987012987012988,0.15795307633542927,1.703961169103972,25.913411576208823,46.48934295075714,325.4254006553,22.08119307163425,0.14534921950780663,0.00015015415238409777,0.0018262328926077448,0.020764174215400947
14,2025-03-20,13.428571428571429,0.008403361344537815,0.17017614738202974,1.7331097752798097,25.92211753847389,46.48934295075714,325.4254006553,22.182797349709116,0.15525939356515708,9.715856918971032e-05,0.001967554447792778,0.02217991336645101
14,2025-03-21,14.142857142857142,0.008403361344537815,0.14819812540400773,1.758083599737274,25.90507661073116,46.48934295075714,325.4254006553,21.443481110392874,0.16351787194628248,9.715856918971032e-05,0.001713447420681228,0.02335969599232607
14,2025-03-22,13.857142857142858,0.008403361344537815,0.15043902176255114,1.7331963895129754,25.83670821850829,46.48934295075714,325.4254006553,21.301744415715003,0.16021448059383234,9.715856918971032e-05,0.0017393563724651506,0.022887782941976048
14,2025-03-23,15.0,0.008403361344537815,0.17722473604826544,1.6612409836050124,25.94342180353099,46.48934295075714,325.4254006553,22.16781584428643,0.1734280460036329,9.715856918971032e-05,0.0020490493117573524,0.02477543514337613
14,2025-03-24,14.714285714285714,0.008403361344537815,0.15043902176255114,1.680225299126002,25.92466025467265,46.48934295075714,325.4254006553,20.712458701429288,0.1701246546511828,9.715856918971032e-05,0.001739356372465151,0.024303522093026112
14,2025-03-25,14.285714285714286,0.008403361344537815,0.1317577030812325,1.7090680802735443,25.891966297712692,46.48934295075714,325.4254006553,21.337733426704013,0.16516956762250753,9.715856918971032e-05,0.001523365399420333,0.023595652517501082
14,2025-03-26,13.714285714285714,0.008403361344537815,0.1269957983193277,1.6864416066514474,26.01254914151258,46.48934295075714,325.4254006553,21.704400093370683,0.15856278491760722,9.715856918971032e-05,0.0014683088768794974,0.022651826416801035
14,2025-03-27,12.714285714285714,0.0,0.10178571428571427,1.690039241336724,25.92647149220219,46.48934295075714,325.4254006553,23.043055555555558,0.14700091518403172,0.0,0.0011768331693103663,0.02100013074057596
14,2025-03-28,12.142857142857142,0.0,0.12219387755102039,1.6976850954912972,25.947791962912902,46.48934295075714,325.4254006553,23.626955782312926,0.1403941324791314,0.0,0.001412789694485377,0.020056304639875917
14,2025-03-29,11.714285714285714,0.011904761904761904,0.12695578231292518,1.6882485077351777,26.018610276969547,46.48934295075714,325.4254006553,23.307908163265303,0.13543904545045618,0.00013764130635208962,0.0014678462170262128,0.019348435064350883
14,2025-03-30,10.714285714285714,0.011904761904761904,0.12993197278911564,1.6879695987801235,26.09412542545039,46.48934295075714,325.4254006553,24.70770975056689,0.12387717571688066,0.00013764130635208962,0.0015022565436142352,0.01769673938812581
14,2025-03-31,9.714285714285714,0.011904761904761904,0.17074829931972785,1.6803133468405924,26.10623650695152,46.48934295075714,325.4254006553,24.840362811791383,0.11231530598330515,0.00013764130635208962,0.0019741695939642567,0.01604504371190073
14,2025-04-01,10.714285714285714,0.02030812324929972,0.19007603041216484,1.6443452486554044,26.077481979628576,46.48934295075714,325.4254006553,25.007589702547683,0.12387717571688064,0.00023479987554179995,0.0021976343031005906,0.01769673938812581
14,2025-04-02,11.857142857142858,0.02030812324929972,0.16626650660264103,1.6494690761620974,26.057745789855865,46.48934295075714,325.4254006553,24.902147525676934,0.13709074112668126,0.00023479987554179995,0.0019223516903964114,0.019584391589525896
14,2025-04-03,11.285714285714286,0.02030812324929972,0.21388555422168867,1.6363868472475294,26.175411472323738,46.48934295075714,325.4254006553,25.678338001867413,0.13048395842178095,0.00023479987554179995,0.00247291691580477,0.01864056548882585
14,2025-04-04,11.285714285714286,0.03051220488195278,0.21388555422168865,1.660449141091047,26.169144368146313,46.48934295075714,325.4254006553,25.678338001867413,0.13048395842178098,0.00035277813812930535,0.00247291691580477,0.01864056548882585
14,2025-04-05,11.0,0.018607442977190875,0.20436174469787913,1.6835614994650163,26.151104264989755,46.48934295075714,325.4254006553,25.559290382819796,0.1271805670693308,0.0002151368317772157,0.0023628038707230983,0.01816865243847583
14,2025-04-06,10.857142857142858,0.018607442977190875,0.17459983993597433,1.7010607515779657,25.997413517049154,46.48934295075714,325.4254006553,24.86484593837535,0.12552887139310573,0.0002151368317772157,0.002018700604842874,0.01793269591330082
14,2025-04-07,11.285714285714286,0.018607442977190875,0.1623549419767907,1.6093648872803075,26.113826963086815,46.48934295075714,325.4254006553,25.56076430572229,0.13048395842178095,0.0002151368317772157,0.0018771266897378675,0.01864056548882585
14,2025-04-08,10.428571428571429,0.01020408163265306,0.14172850958565242,1.6498309906470576,26.099856415955944,46.48934295075714,325.4254006553,25.19483611626469,0.12057378436443052,0.00011797826258750538,0.0016386465653631245,0.017224826337775785
14,2025-04-09,11.0,0.01020408163265306,0.14966501752216035,1.6573540362902826,26.075765361239544,46.48934295075714,325.4254006553,24.927262420119565,0.1271805670693308,0.00011797826258750538,0.0017304074362645173,0.01816865243847583
14,2025-04-10,11.857142857142858,0.01020408163265306,0.10204596990311275,1.7204961796572147,25.976048720149574,46.48934295075714,325.4254006553,22.60583384869099,0.13709074112668126,0.00011797826258750538,0.0011798422108561589,0.019584391589525896
14,2025-04-11,11.714285714285714,0.0,0.09262681762681761,1.6616135240330068,25.967152666422525,46.48934295075714,325.4254006553,23.442568542568544,0.13543904545045618,0.0,0.001070939199236923,0.019348435064350886
14,2025-04-12,11.285714285714286,0.0,0.09874926660640945,1.6652605952453345,25.819206373471076,46.48934295075714,325.4254006553,22.401752216037927,0.13048395842178098,0.0,0.0011417261567894263,0.01864056548882585
14,2025-04-13,11.142857142857142,0.02040816326530612,0.08089212374926659,1.7187082931937405,25.821052295708387,46.48934295075714,325.4254006553,22.815017522160378,0.12883226274555587,0.00023595652517501077,0.0009352641972612917,0.01840460896365084
14,2025-04-14,11.0,0.02040816326530612,0.08406672692386977,1.7359218972556236,25.73047612010052,46.48934295075714,325.4254006553,22.08962069676355,0.1271805670693308,0.00023595652517501077,0.0009719685456218491,0.01816865243847583
14,2025-04-15,11.0,0.02040816326530612,0.07107971393685678,1.654374005487085,25.847306676877228,46.48934295075714,325.4254006553,21.622088229231085,0.1271805670693308,0.00023595652517501077,0.0008218143932377512,0.01816865243847583
14,2025-04-16,11.0,0.02040816326530612,0.07107971393685678,1.6247143090627907,25.833567313029786,46.48934295075714,325.4254006553,21.868119975262832,0.1271805670693308,0.00023595652517501077,0.0008218143932377512,0.01816865243847583
14,2025-04-17,10.285714285714286,0.02040816326530612,0.07107971393685678,1.5595701309216656,25.856549680126978,46.48934295075714,325.4254006553,21.774582560296842,0.11892208868820543,0.00023595652517501077,0.0008218143932377512,0.016988869812600775
14,2025-04-18,10.285714285714286,0.02040816326530612,0.08206872492586777,1.6058995847848665,25.773329064567466,46.48934295075714,325.4254006553,21.28007706579135,0.11892208868820543,0.00023595652517501077,0.0009488679067935263,0.016988869812600775
14,2025-04-19,11.857142857142858,0.028344671201814057,0.06959706959706959,1.5751383587409173,25.913970990220264,46.48934295075714,325.4254006553,23.07486164629022,0.13709074112668126,0.00032771739607640387,0.0008046722525199086,0.019584391589525896
14,2025-04-20,12.142857142857142,0.007936507936507936,0.08547008547008546,1.5395711343533056,25.90678289685393,46.48934295075714,325.4254006553,22.6417550703265,0.1403941324791314,9.176087090139308e-05,0.0009881939943226948,0.020056304639875917
14,2025-04-21,13.714285714285714,0.007936507936507936,0.06086691086691086,1.5755726473420453,25.908825586315224,46.48934295075714,325.4254006553,24.588580467151896,0.15856278491760722,9.176087090139308e-05,0.0007037352945283761,0.02265182641680103
14,2025-04-22,14.142857142857142,0.007936507936507936,0.07107099249956392,1.5980497617130907,25.96165531014233,46.48934295075714,325.4254006553,25.68134484563056,0.16351787194628248,9.176087090139308e-05,0.0008217135571158815,0.02335969599232607
14,2025-04-23,13.428571428571429,0.018925518925518924,0.06313448456305597,1.6198391421095288,25.963856232597042,46.48934295075714,325.4254006553,25.88342054770626,0.15525939356515708,0.00021881438445716812,0.0007299526862144885,0.022179913366451014
14,2025-04-24,13.285714285714286,0.018925518925518924,0.08694400837257978,1.626175008764403,25.939474747922066,46.48934295075714,325.4254006553,25.750767486481774,0.153607697888932,0.00021881438445716812,0.0010052352989186678,0.021943956841276004
14,2025-04-25,13.0,0.03191253191253191,0.09094001236858378,1.5745612839201883,25.997058336414604,46.48934295075714,325.4254006553,24.401117136831424,0.15030430653648189,0.0003689685368412659,0.0010514365765753133,0.02147204379092598
14,2025-04-26,12.714285714285714,0.023976023976023976,0.1008606472892187,1.5667469544092179,26.138130332021603,46.48934295075714,325.4254006553,24.665006025720313,0.14700091518403172,0.0002772076659398728,0.0011661376652020545,0.02100013074057596
14,2025-04-27,13.142857142857142,0.023976023976023976,0.08498763141620283,1.5418307149756925,26.241650362583577,46.48934295075714,325.4254006553,24.851513962228246,0.15195600221270694,0.0002772076659398728,0.0009826159233992683,0.02170800031610099
14,2025-04-28,11.714285714285714,0.038261738261738266,0.07784477427334568,1.6211192336748346,26.263065810571316,46.48934295075714,325.4254006553,23.158656819371107,0.13543904545045618,0.00044237723356238036,0.0009000311395880146,0.019348435064350883
14,2025-04-29,12.0,0.038261738261738266,0.09442640692640691,1.6175832619096098,26.196640158029687,46.48934295075714,325.4254006553,23.11784049284049,0.13874243680290635,0.00044237723356238036,0.0010917458162927108,0.019820348114700903
14,2025-04-30,12.142857142857142,0.037476808905380334,0.10463048855905997,1.6273110054202233,26.17552604565537,46.48934295075714,325.4254006553,22.682204700061845,0.1403941324791314,0.00043330198259411076,0.0012097240788802165,0.020056304639875917
14,2025-05-01,13.142857142857142,0.037476808905380334,0.10279898672755813,1.60753820921772,26.214229687782872,46.48934295075714,325.4254006553,24.138248656105798,0.15195600221270694,0.00043330198259411076,0.0011885484932875872,0.02170800031610099
14,2025-05-02,12.857142857142858,0.024489795918367346,0.10857099249956391,1.6324420028771447,26.236106415289722,46.48934295075714,325.4254006553,25.64907116692831,0.1486526108602568,0.00028314783021001296,0.001255283672124964,0.02123608726575097
14,2025-05-03,11.714285714285714,0.024489795918367346,0.09071384964242105,1.654454946820253,26.142256060072278,46.48934295075714,325.4254006553,24.22049973835688,0.13543904545045618,0.00028314783021001296,0.0010488217125968293,0.019348435064350883
14,2025-05-04,11.571428571428571,0.037476808905380334,0.09071384964242105,1.6619298841908405,26.049090739464443,46.48934295075714,325.4254006553,23.83630060415775,0.1337873497742311,0.00043330198259411076,0.0010488217125968293,0.01911247853917587
14,2025-05-05,11.285714285714286,0.023191094619666047,0.10857099249956391,1.6438774576649051,26.005022569643693,46.48934295075714,325.4254006553,25.92558631844346,0.13048395842178095,0.00026813241497160317,0.001255283672124964,0.01864056548882585
14,2025-05-06,11.285714285714286,0.023191094619666047,0.09964242107099248,1.6969136862829453,25.884033851515415,46.48934295075714,325.4254006553,24.22022917558632,0.13048395842178098,0.00026813241497160317,0.0011520526923608967,0.01864056548882585
14,2025-05-07,11.285714285714286,0.012987012987012988,0.10984650270364556,1.7011277662793756,25.85224439589322,46.48934295075714,325.4254006553,26.118188359259786,0.13048395842178098,0.0001501541523840978,0.001270030954948402,0.01864056548882585
14,2025-05-08,11.0,0.012987012987012988,0.10085549371263657,1.7508357170325048,25.83053628960215,46.48934295075714,325.4254006553,24.90240414347557,0.1271805670693308,0.0001501541523840978,0.00116607808022095,0.01816865243847583
14,2025-05-09,11.285714285714286,0.012987012987012988,0.09508348794063079,1.769606004115465,25.85924585151779,46.48934295075714,325.4254006553,25.58638682745826,0.13048395842178095,0.0001501541523840978,0.001099342901383573,0.01864056548882585
15,2025-01-01,8.428571428571429,0.13787878787878793,0.02619047619047619,1.4656842887996684,25.335414665246997,75.2264749167,75.2264749167,73.0,0.04230059533805204,0.0006919742997005431,0.00013144252788660228,0.04230059533805204
15,2025-01-02,8.0,0.10216450216450222,0.02619047619047619,1.448573276895783,25.20630799199068,75.2264749167,75.2264749167,73.0,0.04014971760899855,0.0005127344889460853,0.00013144252788660228,0.04014971760899855
15,2025-01-03,7.142857142857143,0.07619047619047624,0.02619047619047619,1.374343000168287,25.13869488330394,75.2264749167,75.2264749167,73.0,0.03584796215089157,0.0003823782629428433,0.00013144252788660228,0.03584796215089157
15,2025-01-04,6.571428571428571,0.05238095238095243,0.014285714285714287,1.343500858753279,25.13586800707523,75.2264749167,75.2264749167,73.0,0.03298012517882024,0.00026288505577320477,7.169592430178302e-05,0.03298012517882024
15,2025-01-05,6.0,0.07142857142857148,0.023809523809523808,1.233494947431909,25.120314767110244,75.2264749167,75.2264749167,73.0,0.030112288206748907,0.0003584796215089156,0.00011949320716963843,0.030112288206748907
15,2025-01-06,6.0,0.04761904761904767,0.023809523809523808,1.185864765559591,25.041798275519657,75.2264749167,75.2264749167,73.0,0.030112288206748914,0.00023898641433927706,0.00011949320716963843,0.030112288206748914
15,2025-01-07,6.428571428571429,0.04761904761904767,0.041666666666666664,1.2554626221076595,25.045983404458415,75.2264749167,75.2264749167,73.0,0.032263165935802404,0.00023898641433927706,0.00020911311254686734,0.032263165935802404
15,2025-01-08,6.857142857142857,0.04761904761904767,0.08452380952380953,1.2487183195831804,25.10553213970585,75.2264749167,75.2264749167,73.0,0.0344140436648559,0.00023898641433927706,0.0004242008854522167,0.0344140436648559
15,2025-01-09,6.571428571428571,0.14285714285714293,0.08452380952380953,1.2265966714343233,25.23994319292376,75.2264749167,75.2264749167,73.0,0.032980125178820235,0.0007169592430178312,0.0004242008854522167,0.032980125178820235
15,2025-01-10,6.428571428571429,0.14285714285714293,0.12023809523809524,1.3022508912289932,25.146872263866893,75.2264749167,75.2264749167,73.0,0.032263165935802404,0.0007169592430178312,0.0006034406962066745,0.032263165935802404
15,2025-01-11,6.0,0.14285714285714293,0.12023809523809524,1.2516826325653831,25.18316227004805,75.2264749167,75.2264749167,73.0,0.030112288206748907,0.0007169592430178312,0.0006034406962066745,0.030112288206748907
15,2025-01-12,6.0,0.09523809523809527,0.09642857142857143,1.3690746920110148,25.17957108609746,75.2264749167,75.2264749167,73.0,0.030112288206748914,0.0004779728286785541,0.000483947489037036,0.030112288206748914
15,2025-01-13,6.142857142857143,0.11564625850340139,0.11683673469387755,1.3149330164016464,25.28707967297425,75.2264749167,75.2264749167,73.0,0.03082924744976674,0.0005803955776811015,0.0005863702380395833,0.03082924744976674
15,2025-01-14,6.0,0.15646258503401364,0.09897959183673469,1.3058919388232575,25.256424773585525,75.2264749167,75.2264749167,73.0,0.030112288206748914,0.0007852410756861959,0.0004967503326623544,0.030112288206748914
15,2025-01-15,5.285714285714286,0.18503401360544222,0.05612244897959184,1.277781942006408,25.271532214622418,75.2264749167,75.2264749167,73.0,0.02652749199165975,0.0009286329242897622,0.000281662559757005,0.02652749199165975
15,2025-01-16,6.142857142857143,0.08979591836734699,0.05612244897959184,1.2541509270053386,25.170791276109835,75.2264749167,75.2264749167,73.0,0.030829247449766745,0.0004506600956112081,0.000281662559757005,0.030829247449766745
15,2025-01-17,7.142857142857143,0.12875695732838593,0.04638218923933209,1.2652128978521282,25.35099596314929,75.2264749167,75.2264749167,73.0,0.03584796215089155,0.0006461944346160712,0.00023277897500578924,0.03584796215089155
15,2025-01-18,7.428571428571429,0.12875695732838593,0.04638218923933209,1.3248556651805379,25.31331776493073,75.2264749167,75.2264749167,73.0,0.03728188063692722,0.0006461944346160712,0.00023277897500578924,0.03728188063692722
15,2025-01-19,7.571428571428571,0.12875695732838593,0.06679035250463822,1.3085137639126678,25.347517568734855,75.2264749167,75.2264749167,73.0,0.037998839879945054,0.0006461944346160712,0.00033520172400833655,0.037998839879945054
15,2025-01-20,6.714285714285714,0.10834879406307982,0.04638218923933209,1.223344874477281,25.29001915807449,75.2264749167,75.2264749167,73.0,0.03369708442183807,0.0005437716856135238,0.00023277897500578924,0.03369708442183807
15,2025-01-21,6.571428571428571,0.09134199134199139,0.04638218923933209,1.2901759809695228,25.29966935854898,75.2264749167,75.2264749167,73.0,0.03298012517882023,0.00045841939477806777,0.00023277897500578924,0.03298012517882023
15,2025-01-22,7.571428571428571,0.07467532467532471,0.04638218923933209,1.3454991926193502,25.3239773676547,75.2264749167,75.2264749167,73.0,0.037998839879945054,0.0003747741497593208,0.00023277897500578924,0.037998839879945054
15,2025-01-23,7.428571428571429,0.07467532467532471,0.04638218923933209,1.3330144898688292,25.31432360320543,75.2264749167,75.2264749167,73.0,0.03728188063692722,0.0003747741497593208,0.00023277897500578924,0.03728188063692722
15,2025-01-24,7.142857142857143,0.09920634920634926,0.05215419501133787,1.2624129211582016,25.206898308982346,75.2264749167,75.2264749167,73.0,0.03584796215089155,0.0004978883632068271,0.0002617470252287319,0.03584796215089155
15,2025-01-25,7.142857142857143,0.11961451247165537,0.05215419501133787,1.1939931923672575,25.162893666677924,75.2264749167,75.2264749167,73.0,0.03584796215089155,0.0006003111122093745,0.00026174702522873186,0.03584796215089155
15,2025-01-26,6.857142857142857,0.14818594104308394,0.031746031746031744,1.1844002211604834,25.253777372735133,75.2264749167,75.2264749167,73.0,0.0344140436648559,0.0007437029608129408,0.0001593242762261846,0.0344140436648559
15,2025-01-27,7.285714285714286,0.14818594104308394,0.031746031746031744,1.3951985296592828,25.23346485433189,75.2264749167,75.2264749167,73.0,0.03656492139390939,0.0007437029608129408,0.0001593242762261846,0.03656492139390939
15,2025-01-28,7.285714285714286,0.14818594104308394,0.031746031746031744,1.3498867354866424,25.32496105345761,75.2264749167,75.2264749167,73.0,0.036564921393909385,0.0007437029608129408,0.0001593242762261846,0.036564921393909385
15,2025-01-29,6.142857142857143,0.20770975056689345,0.031746031746031744,1.3713926812328612,25.338842286260835,75.2264749167,75.2264749167,73.0,0.03082924744976674,0.001042435978737037,0.0001593242762261846,0.03082924744976674
15,2025-01-30,5.428571428571429,0.20770975056689345,0.031746031746031744,1.4853402697684222,25.458951285995834,75.2264749167,75.2264749167,73.0,0.02724445123467759,0.001042435978737037,0.0001593242762261846,0.02724445123467759
15,2025-01-31,5.0,0.14421768707483,0.0,1.5125253557997114,25.47090952189787,75.2264749167,75.2264749167,73.0,0.025093573505624096,0.0007237874262846675,0.0,0.025093573505624096
15,2025-02-01,5.428571428571429,0.12380952380952386,0.014285714285714287,1.5843371527645653,25.545174098851536,75.2264749167,75.2264749167,73.0,0.027244451234677582,0.0006213646772821204,7.169592430178299e-05,0.027244451234677582
15,2025-02-02,5.285714285714286,0.09523809523809527,0.014285714285714287,1.55445357818668,25.355352014070778,75.2264749167,75.2264749167,73.0,0.02652749199165975,0.0004779728286785541,7.169592430178299e-05,0.02652749199165975
15,2025-02-03,6.0,0.09523809523809527,0.014285714285714287,1.4986641571332115,25.372739671990757,75.2264749167,75.2264749167,73.0,0.03011228820674891,0.0004779728286785541,7.169592430178299e-05,0.03011228820674891
15,2025-02-04,6.0,0.09523809523809527,0.014285714285714287,1.4866523438823525,25.25731777664667,75.2264749167,75.2264749167,73.0,0.03011228820674891,0.0004779728286785541,7.169592430178299e-05,0.03011228820674891
15,2025-02-05,5.857142857142857,0.023809523809523857,0.014285714285714287,1.442655686199736,25.234540351385043,75.2264749167,75.2264749167,73.0,0.029395328963731076,0.00011949320716963853,7.169592430178299e-05,0.029395328963731076
15,2025-02-06,6.285714285714286,0.023809523809523857,0.03809523809523809,1.335409521100043,25.19158292801985,75.2264749167,75.2264749167,73.0,0.03154620669278457,0.00011949320716963853,0.0001911891314714215,0.03154620669278457
15,2025-02-07,6.714285714285714,0.023809523809523857,0.03809523809523809,1.3039295504787487,25.193779974046492,75.2264749167,75.2264749167,73.0,0.03369708442183807,0.00011949320716963853,0.0001911891314714215,0.03369708442183807
15,2025-02-08,6.571428571428571,0.03968253968253973,0.023809523809523808,1.2626023264889763,25.07392032962658,75.2264749167,75.2264749167,73.0,0.03298012517882023,0.0001991553452827309,0.0001194932071696384,0.03298012517882023
15,2025-02-09,6.571428571428571,0.07539682539682545,0.023809523809523808,1.4056722319627062,25.110097720212764,75.2264749167,75.2264749167,73.0,0.03298012517882023,0.00037839515603718866,0.0001194932071696384,0.03298012517882023
15,2025-02-10,6.142857142857143,0.17063492063492067,0.07142857142857142,1.3837746087829266,25.07484531930618,75.2264749167,75.2264749167,73.0,0.030829247449766745,0.0008563679847157427,0.0003584796215089155,0.030829247449766745
15,2025-02-11,7.0,0.15873015873015878,0.08333333333333333,1.3666377785925146,25.22368159942409,75.2264749167,75.2264749167,73.0,0.03513100290787373,0.0007966213811309235,0.0004182262250937347,0.03513100290787373
15,2025-02-12,7.428571428571429,0.15873015873015878,0.08333333333333333,1.3599510608159175,25.05017498142799,75.2264749167,75.2264749167,73.0,0.03728188063692722,0.0007966213811309235,0.0004182262250937347,0.03728188063692722
15,2025-02-13,7.142857142857143,0.19444444444444448,0.05952380952380952,1.3262686872008882,25.067378758628927,75.2264749167,75.2264749167,73.0,0.03584796215089157,0.0009758611918853814,0.00029873301792409615,0.03584796215089157
15,2025-02-14,7.285714285714286,0.20873015873015874,0.05952380952380952,1.4075628382436793,25.060132588027376,75.2264749167,75.2264749167,73.0,0.03656492139390939,0.0010475571161871644,0.00029873301792409615,0.03656492139390939
15,2025-02-15,7.571428571428571,0.2058441558441559,0.05952380952380952,1.4480830035824646,25.203961476461835,75.2264749167,75.2264749167,73.0,0.03799883987994506,0.0010330730910756932,0.00029873301792409615,0.03799883987994506
15,2025-02-16,7.714285714285714,0.19870129870129877,0.05952380952380952,1.2947451111862434,25.247940531089654,75.2264749167,75.2264749167,73.0,0.03871579912296289,0.0009972251289248014,0.00029873301792409615,0.03871579912296289
15,2025-02-17,7.857142857142857,0.14427952999381574,0.011904761904761895,1.3263495090223025,25.222417615427798,75.2264749167,75.2264749167,73.0,0.039432758365980716,0.0007240977982513419,5.9746603584819136e-05,0.039432758365980716
15,2025-02-18,7.142857142857143,0.15278293135435997,0.020408163265306114,1.334051328083973,25.103174811019922,75.2264749167,75.2264749167,73.0,0.03584796215089155,0.00076677394366907,0.00010242274900254718,0.03584796215089155
15,2025-02-19,7.428571428571429,0.15278293135435997,0.020408163265306114,1.3206810591917015,25.24347244192174,75.2264749167,75.2264749167,73.0,0.03728188063692722,0.00076677394366907,0.00010242274900254718,0.03728188063692722
15,2025-02-20,7.714285714285714,0.14087816944959805,0.020408163265306114,1.405839645290061,25.149696975164016,75.2264749167,75.2264749167,73.0,0.03871579912296289,0.0007070273400842508,0.00010242274900254718,0.03871579912296289
15,2025-02-21,7.142857142857143,0.1265924551638838,0.020408163265306114,1.3551430576496202,25.176437788813445,75.2264749167,75.2264749167,73.0,0.03584796215089155,0.0006353314157824677,0.00010242274900254718,0.03584796215089155
15,2025-02-22,6.571428571428571,0.11360544217687078,0.040816326530612235,1.3251318398370355,25.084087185217616,75.2264749167,75.2264749167,73.0,0.032980125178820235,0.0005701533027808467,0.0002048454980050945,0.032980125178820235
15,2025-02-23,6.285714285714286,0.08503401360544223,0.040816326530612235,1.3233273886693373,25.164581121204154,75.2264749167,75.2264749167,73.0,0.03154620669278457,0.00042676145417728037,0.0002048454980050945,0.03154620669278457
15,2025-02-24,7.0,0.04421768707482998,0.040816326530612235,1.3367442126980489,25.193998387849888,75.2264749167,75.2264749167,73.0,0.03513100290787373,0.0002219159561721858,0.0002048454980050945,0.03513100290787373
15,2025-02-25,7.0,0.0646258503401361,0.020408163265306114,1.2723204047996384,25.281784673602147,75.2264749167,75.2264749167,73.0,0.03513100290787373,0.00032433870517473314,0.00010242274900254718,0.03513100290787373
15,2025-02-26,6.714285714285714,0.08843537414965992,0.06802721088435373,1.3582541764898826,25.29580495813261,75.2264749167,75.2264749167,73.0,0.03369708442183807,0.0004438319123443716,0.00034140916334182426,0.03369708442183807
15,2025-02-27,7.428571428571429,0.07761286332714909,0.06802721088435373,1.4057277428189712,25.39770868482936,75.2264749167,75.2264749167,73.0,0.03728188063692722,0.00038951681817635416,0.00034140916334182426,0.03728188063692722
15,2025-02-28,7.571428571428571,0.07761286332714909,0.06802721088435373,1.3974583934009879,25.457398943853633,75.2264749167,75.2264749167,73.0,0.03799883987994506,0.00038951681817635416,0.00034140916334182426,0.03799883987994506
15,2025-03-01,7.714285714285714,0.09547000618429194,0.04761904761904761,1.3924033076864504,25.477762001499254,75.2264749167,75.2264749167,73.0,0.03871579912296289,0.00047913672355358306,0.00023898641433927692,0.03871579912296289
15,2025-03-02,8.0,0.12404143475572052,0.04761904761904761,1.4449056502561246,25.36429098879066,75.2264749167,75.2264749167,73.0,0.04014971760899855,0.0006225285721571494,0.00023898641433927692,0.04014971760899855
15,2025-03-03,6.857142857142857,0.15975572047000622,0.04761904761904761,1.4394431266766925,25.385576513490104,75.2264749167,75.2264749167,73.0,0.0344140436648559,0.0008017683829116072,0.00023898641433927692,0.0344140436648559
15,2025-03-04,6.571428571428571,0.118939393939394,0.04761904761904761,1.490477874560417,25.417368028910488,75.2264749167,75.2264749167,73.0,0.032980125178820235,0.0005969228849065125,0.00023898641433927692,0.032980125178820235
15,2025-03-05,6.714285714285714,0.13594619666048244,0.0,1.3825356100204658,25.39153116986634,75.2264749167,75.2264749167,73.0,0.03369708442183807,0.0006822751757419686,0.0,0.03369708442183807
15,2025-03-06,5.857142857142857,0.12295918367346945,0.0,1.309611676046794,25.411296691374144,75.2264749167,75.2264749167,73.0,0.029395328963731076,0.0006170970627403476,0.0,0.029395328963731076
15,2025-03-07,5.857142857142857,0.14336734693877556,0.0,1.3301726203697348,25.43807813649773,75.2264749167,75.2264749167,73.0,0.029395328963731076,0.0007195198117428949,0.0,0.029395328963731076
15,2025-03-08,5.285714285714286,0.19693877551020414,0.0,1.3916370609004016,25.516042896393134,75.2264749167,75.2264749167,73.0,0.02652749199165975,0.0009883795278745817,0.0,0.02652749199165975
15,2025-03-09,5.571428571428571,0.16836734693877559,0.0,1.3500918331990412,25.539129277933945,75.2264749167,75.2264749167,73.0,0.02796141047769542,0.0008449876792710154,0.0,0.02796141047769542
15,2025-03-10,6.142857142857143,0.1505102040816327,0.0,1.3770887609433622,25.568572756117028,75.2264749167,75.2264749167,73.0,0.030829247449766745,0.0007553677738937865,0.0,0.030829247449766745
15,2025-03-11,6.857142857142857,0.1790816326530613,0.0,1.433702098866433,25.485384343028716,75.2264749167,75.2264749167,73.0,0.0344140436648559,0.0008987596224973527,0.0,0.0344140436648559
15,2025-03-12,6.857142857142857,0.13826530612244903,0.0,1.484100414836534,25.583644667542057,75.2264749167,75.2264749167,73.0,0.0344140436648559,0.0006939141244922581,0.0,0.0344140436648559
15,2025-03-13,7.142857142857143,0.13826530612244903,0.0,1.4440095086410634,25.49973664998451,75.2264749167,75.2264749167,73.0,0.03584796215089155,0.0006939141244922581,0.0,0.03584796215089155
15,2025-03-14,7.285714285714286,0.13571428571428576,0.0,1.4013201114134313,25.376399633744835,75.2264749167,75.2264749167,73.0,0.036564921393909385,0.0006811112808669397,0.0,0.036564921393909385
15,2025-03-15,7.428571428571429,0.06428571428571435,0.0,1.3103223232208878,25.323982953112957,75.2264749167,75.2264749167,73.0,0.03728188063692722,0.00032263165935802405,0.0,0.03728188063692722
15,2025-03-16,6.571428571428571,0.06428571428571435,0.0,1.34177172981457,25.225497326433928,75.2264749167,75.2264749167,73.0,0.032980125178820235,0.00032263165935802405,0.0,0.032980125178820235
15,2025-03-17,6.0,0.046428571428571486,0.0,1.3178617559158958,25.215243474162598,75.2264749167,75.2264749167,73.0,0.03011228820674891,0.00023301175398079513,0.0,0.03011228820674891
15,2025-03-18,5.428571428571429,0.04166666666666673,0.0238095238095238,1.2440323242540823,25.136293051698196,75.2264749167,75.2264749167,73.0,0.027244451234677586,0.00020911311254686742,0.0001194932071696384,0.027244451234677586
15,2025-03-19,6.142857142857143,0.053571428571428624,0.0238095238095238,1.2194892486987305,25.075028520531614,75.2264749167,75.2264749167,73.0,0.030829247449766745,0.0002688597161316867,0.0001194932071696384,0.030829247449766745
15,2025-03-20,6.571428571428571,0.06785714285714291,0.038095238095238085,1.238010947710458,25.147763936964655,75.2264749167,75.2264749167,73.0,0.032980125178820235,0.0003405556404334698,0.0001911891314714215,0.032980125178820235
15,2025-03-21,6.571428571428571,0.06785714285714291,0.038095238095238085,1.3210985201234262,25.240036933180587,75.2264749167,75.2264749167,73.0,0.032980125178820235,0.0003405556404334698,0.0001911891314714215,0.032980125178820235
15,2025-03-22,7.0,0.08571428571428576,0.038095238095238085,1.4347166805928917,25.258647717017222,75.2264749167,75.2264749167,73.0,0.03513100290787373,0.0004301755458106987,0.0001911891314714215,0.03513100290787373
15,2025-03-23,7.428571428571429,0.08571428571428576,0.038095238095238085,1.4345476663329735,25.461318139507704,75.2264749167,75.2264749167,73.0,0.03728188063692722,0.0004301755458106987,0.0001911891314714215,0.03728188063692722
15,2025-03-24,8.0,0.10357142857142862,0.05595238095238094,1.3883403137199355,25.372649768508285,75.2264749167,75.2264749167,73.0,0.04014971760899855,0.0005197954511879276,0.0002808090368486504,0.04014971760899855
15,2025-03-25,7.857142857142857,0.07976190476190483,0.03214285714285713,1.4379057272428728,25.508372455386954,75.2264749167,75.2264749167,73.0,0.03943275836598071,0.00040030224401828903,0.0001613158296790119,0.03943275836598071
15,2025-03-26,7.285714285714286,0.06785714285714291,0.049999999999999996,1.4369942731808816,25.576553010329373,75.2264749167,75.2264749167,73.0,0.03656492139390939,0.0003405556404334698,0.0002509357350562408,0.03656492139390939
15,2025-03-27,7.571428571428571,0.053571428571428624,0.035714285714285705,1.4472135390415168,25.494139032485386,75.2264749167,75.2264749167,73.0,0.037998839879945054,0.0002688597161316867,0.00017923981075445767,0.037998839879945054
15,2025-03-28,7.285714285714286,0.03571428571428577,0.035714285714285705,1.4487807831260806,25.499124305619727,75.2264749167,75.2264749167,73.0,0.03656492139390939,0.0001792398107544578,0.00017923981075445767,0.03656492139390939
15,2025-03-29,7.0,0.04166666666666673,0.035714285714285705,1.4159443756907386,25.438919018269093,75.2264749167,75.2264749167,73.0,0.03513100290787373,0.00020911311254686742,0.00017923981075445767,0.03513100290787373
15,2025-03-30,7.428571428571429,0.04166666666666673,0.05612244897959183,1.411493303099173,25.38737527913072,75.2264749167,75.2264749167,73.0,0.03728188063692722,0.00020911311254686742,0.000281662559757005,0.03728188063692722
15,2025-03-31,7.428571428571429,0.04166666666666673,0.05612244897959183,1.4021014581699311,25.49096802586749,75.2264749167,75.2264749167,73.0,0.03728188063692722,0.00020911311254686742,0.000281662559757005,0.03728188063692722
15,2025-04-01,8.0,0.07341269841269847,0.05612244897959183,1.4040972485279488,25.428981272479156,75.2264749167,75.2264749167,73.0,0.04014971760899855,0.0003684373887730521,0.000281662559757005,0.04014971760899855
15,2025-04-02,7.714285714285714,0.07341269841269847,0.038265306122448974,1.4105027310692375,25.408883088797136,75.2264749167,75.2264749167,73.0,0.03871579912296289,0.0003684373887730521,0.0001920426543797761,0.03871579912296289
15,2025-04-03,7.142857142857143,0.07341269841269847,0.05612244897959183,1.3644980502353603,25.343289539681795,75.2264749167,75.2264749167,73.0,0.03584796215089157,0.0003684373887730521,0.000281662559757005,0.03584796215089157
15,2025-04-04,7.285714285714286,0.09382086167800459,0.05612244897959183,1.321034222882621,25.281051093037018,75.2264749167,75.2264749167,73.0,0.036564921393909385,0.00047086013777559944,0.000281662559757005,0.036564921393909385
15,2025-04-05,7.285714285714286,0.07001133786848078,0.07993197278911564,1.2766521348754425,25.29534981964654,75.2264749167,75.2264749167,73.0,0.03656492139390939,0.00035136693060596087,0.0004011557669266435,0.03656492139390939
15,2025-04-06,7.285714285714286,0.07001133786848078,0.05952380952380952,1.2887752168210709,25.138313118672166,75.2264749167,75.2264749167,73.0,0.03656492139390939,0.00035136693060596087,0.00029873301792409615,0.03656492139390939
15,2025-04-07,7.142857142857143,0.07256235827664405,0.062074829931972775,1.3068624432784566,25.076319002884393,75.2264749167,75.2264749167,73.0,0.03584796215089155,0.0003641697742312793,0.0003115358615494146,0.03584796215089155
15,2025-04-08,7.0,0.040816326530612304,0.062074829931972775,1.2912542906600577,25.046940498776145,75.2264749167,75.2264749167,73.0,0.03513100290787373,0.0002048454980050946,0.0003115358615494146,0.03513100290787373
15,2025-04-09,7.285714285714286,0.040816326530612304,0.062074829931972775,1.2527927615718653,25.067261900463365,75.2264749167,75.2264749167,73.0,0.03656492139390939,0.0002048454980050946,0.0003115358615494146,0.03656492139390939
15,2025-04-10,7.142857142857143,0.040816326530612304,0.04421768707482992,1.2954491263484746,25.18099027083564,75.2264749167,75.2264749167,73.0,0.03584796215089157,0.0002048454980050946,0.0002219159561721857,0.03584796215089157
15,2025-04-11,6.857142857142857,0.04897959183673475,0.04421768707482992,1.3064680966998967,25.194556315055742,75.2264749167,75.2264749167,73.0,0.0344140436648559,0.00024581459760611354,0.0002219159561721857,0.0344140436648559
15,2025-04-12,6.571428571428571,0.08469387755102045,0.020408163265306114,1.2671652166093739,25.183701980384168,75.2264749167,75.2264749167,73.0,0.032980125178820235,0.00042505440836057134,0.00010242274900254718,0.032980125178820235
15,2025-04-13,6.142857142857143,0.12040816326530616,0.020408163265306114,1.2625391380030624,25.142094823861445,75.2264749167,75.2264749167,73.0,0.030829247449766745,0.0006042942191150292,0.00010242274900254718,0.030829247449766745
15,2025-04-14,6.142857142857143,0.10000000000000006,0.0,1.3032481418146808,25.245500846604518,75.2264749167,75.2264749167,73.0,0.030829247449766745,0.0005018714701124818,0.0,0.030829247449766745
15,2025-04-15,6.714285714285714,0.11190476190476197,0.0,1.2520165968914807,25.30454653881772,75.2264749167,75.2264749167,73.0,0.03369708442183807,0.000561618073697301,0.0,0.03369708442183807
15,2025-04-16,6.571428571428571,0.17312925170068033,0.0,1.2444252665627276,25.215409998951962,75.2264749167,75.2264749167,73.0,0.032980125178820235,0.000868886320704943,0.0,0.032980125178820235
15,2025-04-17,6.285714285714286,0.20170068027210888,0.0,1.1747792819294696,25.193191069824316,75.2264749167,75.2264749167,73.0,0.03154620669278457,0.0010122781693085094,0.0,0.03154620669278457
15,2025-04-18,6.142857142857143,0.17312925170068033,0.035714285714285705,1.1891544221312846,25.19502042170375,75.2264749167,75.2264749167,73.0,0.030829247449766745,0.000868886320704943,0.00017923981075445767,0.030829247449766745
15,2025-04-19,6.142857142857143,0.1374149659863946,0.07142857142857142,1.3051108401318712,25.24660599653893,75.2264749167,75.2264749167,73.0,0.030829247449766745,0.0006896465099504852,0.0003584796215089155,0.030829247449766745
15,2025-04-20,6.714285714285714,0.1374149659863946,0.07142857142857142,1.3316762564887774,25.41529533364749,75.2264749167,75.2264749167,73.0,0.03369708442183807,0.0006896465099504852,0.0003584796215089155,0.03369708442183807
15,2025-04-21,6.571428571428571,0.16122448979591844,0.09523809523809523,1.3066201006774132,25.348762881423312,75.2264749167,75.2264749167,73.0,0.03298012517882023,0.0008091397171201238,0.00047797282867855396,0.03298012517882023
15,2025-04-22,5.714285714285714,0.17312925170068033,0.11904761904761904,1.3118362507513002,25.29439938525518,75.2264749167,75.2264749167,73.0,0.028678369720713248,0.000868886320704943,0.0005974660358481926,0.028678369720713248
15,2025-04-23,6.0,0.14365079365079372,0.11904761904761904,1.3057779585442353,25.282913314388225,75.2264749167,75.2264749167,73.0,0.03011228820674891,0.0007209423499234857,0.0005974660358481926,0.03011228820674891
15,2025-04-24,6.857142857142857,0.11507936507936514,0.11904761904761904,1.3679269748446214,25.287256919677652,75.2264749167,75.2264749167,73.0,0.0344140436648559,0.0005775505013199195,0.0005974660358481926,0.0344140436648559
15,2025-04-25,7.428571428571429,0.132936507936508,0.08333333333333333,1.3062947412918233,25.310740353281297,75.2264749167,75.2264749167,73.0,0.03728188063692722,0.0006671704066971484,0.0004182262250937347,0.03728188063692722
15,2025-04-26,8.142857142857142,0.14880952380952386,0.06349206349206347,1.2384126016399257,25.311719877113298,75.2264749167,75.2264749167,73.0,0.04086667685201638,0.0007468325448102408,0.00031864855245236927,0.04086667685201638
15,2025-04-27,8.428571428571429,0.14166666666666675,0.06349206349206347,1.1664311819634834,25.214009431815406,75.2264749167,75.2264749167,73.0,0.042300595338052034,0.0007109845826593492,0.00031864855245236927,0.042300595338052034
15,2025-04-28,8.571428571428571,0.13826530612244903,0.039682539682539666,1.1307071132895086,25.206799353331842,75.2264749167,75.2264749167,73.0,0.04301755458106987,0.000693914124492258,0.00019915534528273075,0.04301755458106987
15,2025-04-29,9.142857142857142,0.1287414965986395,0.030158730158730152,1.1986929356100415,25.24378306328074,75.2264749167,75.2264749167,73.0,0.0458853915531412,0.0006461168416244026,0.00015135806241487536,0.0458853915531412
15,2025-04-30,8.714285714285714,0.09699546485260777,0.030158730158730152,1.3391818284295784,25.30381493170966,75.2264749167,75.2264749167,73.0,0.043734513824087703,0.0004867925653982179,0.00015135806241487536,0.043734513824087703
15,2025-05-01,8.714285714285714,0.10998247783962076,0.030158730158730152,1.2870200558490326,25.27504176348419,75.2264749167,75.2264749167,73.0,0.043734513824087703,0.0005519706783998388,0.00015135806241487536,0.043734513824087703
15,2025-05-02,8.0,0.0921253349824779,0.030158730158730152,1.403182444033251,25.275097939444834,75.2264749167,75.2264749167,73.0,0.04014971760899855,0.00046235077302261,0.00015135806241487536,0.04014971760899855
15,2025-05-03,7.142857142857143,0.12387136672850962,0.014285714285714278,1.3926699162366731,25.374940610024247,75.2264749167,75.2264749167,73.0,0.03584796215089155,0.0006216750492487946,7.169592430178299e-05,0.03584796215089155
15,2025-05-04,7.142857142857143,0.12387136672850964,0.014285714285714278,1.458991727274213,25.448923850191502,75.2264749167,75.2264749167,73.0,0.03584796215089155,0.0006216750492487946,7.169592430178299e-05,0.03584796215089155
15,2025-05-05,7.285714285714286,0.12132034632034637,0.03214285714285713,1.4845737820633909,25.5116377379126,75.2264749167,75.2264749167,73.0,0.036564921393909385,0.0006088722056234762,0.0001613158296790119,0.036564921393909385
15,2025-05-06,7.0,0.1784632034632035,0.01785714285714285,1.5179086948515967,25.53702640128481,75.2264749167,75.2264749167,73.0,0.03513100290787373,0.0008956559028306088,8.961990537722878e-05,0.03513100290787373
15,2025-05-07,7.142857142857143,0.1784632034632035,0.05867346938775509,1.4448231779937604,25.58739891718456,75.2264749167,75.2264749167,73.0,0.03584796215089157,0.0008956559028306088,0.0002944654033823234,0.03584796215089157
15,2025-05-08,6.142857142857143,0.16547619047619053,0.05867346938775509,1.5151533870297822,25.568641695628166,75.2264749167,75.2264749167,73.0,0.030829247449766745,0.0008304777898289877,0.0002944654033823234,0.030829247449766745
15,2025-05-09,6.714285714285714,0.18588435374149667,0.05867346938775509,1.483458096434097,25.619974313514287,75.2264749167,75.2264749167,73.0,0.03369708442183807,0.0009329005388315351,0.0002944654033823234,0.03369708442183807
16,2025-01-01,9.857142857142858,0.03928571428571429,0.09897959183673473,5.365600798262684,36.140880226689816,57.9362290029,695.2347480348,24.26519274376417,0.0951355060366573,0.0003791632486968225,0.0009552944187945916,0.007927958836388107
16,2025-01-02,8.857142857142858,0.027380952380952388,0.063265306122449,5.42437917584106,36.27254113825848,57.9362290029,695.2347480348,24.043764172335596,0.0854840778880109,0.0002642652945462702,0.0006106005563429348,0.007123673157334242
16,2025-01-03,9.142857142857142,0.027380952380952388,0.07460317460317463,4.914739524329611,35.70890051626195,57.9362290029,695.2347480348,25.14126984126984,0.08824162878762416,0.0002642652945462702,0.0007200271793434609,0.007353469065635346
16,2025-01-04,8.857142857142858,0.027380952380952388,0.07460317460317463,4.866643128255769,35.80311049573542,57.9362290029,695.2347480348,24.581179138321996,0.08548407788801089,0.0002642652945462702,0.0007200271793434609,0.007123673157334241
16,2025-01-05,9.714285714285714,0.01972789115646259,0.07460317460317463,4.969117506719463,35.79733820368554,57.9362290029,695.2347480348,24.744444444444444,0.09375673058685066,0.00019040232402091519,0.0007200271793434609,0.007813060882237556
16,2025-01-06,9.142857142857142,0.01972789115646259,0.06865079365079367,4.793963095534513,35.81732179889605,57.9362290029,695.2347480348,24.042063492063487,0.08824162878762416,0.00019040232402091519,0.0006625782022681847,0.007353469065635346
16,2025-01-07,9.428571428571429,0.01972789115646259,0.1400793650793651,4.568592077502749,35.475965364394746,57.9362290029,695.2347480348,24.95873015873016,0.0909991796872374,0.00019040232402091519,0.0013519659271714983,0.007583264973936451
16,2025-01-08,9.142857142857142,0.010204081632653067,0.13202075702075702,4.356760036246816,35.371009701770554,57.9362290029,695.2347480348,24.615873015873014,0.08824162878762418,9.848396070047333e-05,0.00127418885051574,0.007353469065635347
16,2025-01-09,9.428571428571429,0.010204081632653067,0.13202075702075702,4.144787780229719,35.13294893458751,57.9362290029,695.2347480348,24.954648526077097,0.09099917968723743,9.848396070047333e-05,0.00127418885051574,0.007583264973936451
16,2025-01-10,10.285714285714286,0.01972789115646259,0.11932234432234436,4.03693949714101,35.12090483265774,57.9362290029,695.2347480348,24.700680272108848,0.09927183238607719,0.00019040232402091519,0.001151631032755151,0.008272652698839766
16,2025-01-11,10.714285714285714,0.034013605442176874,0.1478937728937729,3.8625652746261383,34.73786556037111,57.9362290029,695.2347480348,26.04965986394558,0.10340815873549707,0.0003282798690015779,0.0014273861227164764,0.008617346561291423
16,2025-01-12,9.714285714285714,0.023809523809523815,0.1478937728937729,3.5261581220286575,34.2615426351107,57.9362290029,695.2347480348,26.9578231292517,0.09375673058685066,0.0002297959083011045,0.0014273861227164764,0.007813060882237556
16,2025-01-13,10.0,0.023809523809523815,0.13003663003663005,3.691888235615724,34.29846396163238,57.9362290029,695.2347480348,27.250680272108845,0.09651428148646392,0.0002297959083011045,0.0012550391914906479,0.00804285679053866
16,2025-01-14,9.857142857142858,0.023809523809523815,0.07901622187336475,3.85397603098964,34.39424596214347,57.9362290029,695.2347480348,27.194557823129255,0.09513550603665731,0.0002297959083011045,0.000762619387988281,0.007927958836388109
16,2025-01-15,10.142857142857142,0.023809523809523815,0.0775510204081633,4.143263885197646,34.43878265320141,57.9362290029,695.2347480348,27.737414965986396,0.09789305693627057,0.0002297959083011045,0.0007484781013235975,0.008157754744689213
16,2025-01-16,10.428571428571429,0.023809523809523815,0.09342403628117915,4.516546226547507,34.76160843938739,57.9362290029,695.2347480348,27.512925170068026,0.1006506078358838,0.0002297959083011045,0.000901675373524334,0.008387550652990317
16,2025-01-17,9.857142857142858,0.014285714285714292,0.07437641723356012,4.644294649520499,34.813370968673816,57.9362290029,695.2347480348,27.660111317254174,0.0951355060366573,0.00013787754498066266,0.0007178386468834504,0.007927958836388107
16,2025-01-18,9.857142857142858,0.0,0.07437641723356012,4.8995539243353425,34.992334159860654,57.9362290029,695.2347480348,27.34582560296846,0.0951355060366573,0.0,0.0007178386468834504,0.007927958836388109
16,2025-01-19,9.714285714285714,0.0,0.09818594104308391,5.094551217409461,35.23462322784258,57.9362290029,695.2347480348,26.917254174397033,0.09375673058685066,0.0,0.0009476345551845548,0.007813060882237556
16,2025-01-20,9.0,0.0,0.09818594104308391,4.982516736784284,35.3112185067281,57.9362290029,695.2347480348,27.302968460111316,0.08686285333781753,0.0,0.0009476345551845548,0.007238571111484794
16,2025-01-21,9.285714285714286,0.01587301587301588,0.0777777777777778,5.001285351367001,35.449337209514695,57.9362290029,695.2347480348,27.21226551226551,0.08962040423743077,0.0001531972722007363,0.000750666633783608,0.007468367019785899
16,2025-01-22,8.0,0.01587301587301588,0.06825396825396828,4.9924263122307435,35.43738252150118,57.9362290029,695.2347480348,27.28845598845599,0.07721142518917112,0.0001531972722007363,0.0006587482704631662,0.006434285432430928
16,2025-01-23,8.714285714285714,0.01587301587301588,0.0523809523809524,4.834925369907682,35.453094089064116,57.9362290029,695.2347480348,26.441517212945786,0.08410530243820427,0.0001531972722007363,0.0005055509982624299,0.007008775203183689
16,2025-01-24,8.428571428571429,0.01587301587301588,0.08412698412698415,5.00464389992824,35.586450374489765,57.9362290029,695.2347480348,26.135600907029477,0.08134775153859101,0.0001531972722007363,0.0008119455426639028,0.0067789792948825854
16,2025-01-25,7.714285714285714,0.01587301587301588,0.08412698412698415,4.931110777017963,35.75182423830423,57.9362290029,695.2347480348,25.57845804988662,0.07445387428955788,0.0001531972722007363,0.0008119455426639025,0.0062044895241298225
16,2025-01-26,7.857142857142857,0.01587301587301588,0.08072562358276647,4.641888187539313,35.47847947903945,57.9362290029,695.2347480348,25.047845804988665,0.07583264973936452,0.0001531972722007363,0.000779117555763745,0.0063193874782803755
16,2025-01-27,8.0,0.01587301587301588,0.1283446712018141,4.588843400036931,35.341243693403214,57.9362290029,695.2347480348,24.547845804988665,0.07721142518917114,0.0001531972722007363,0.001238709372365954,0.006434285432430928
16,2025-01-28,9.0,0.0,0.1283446712018141,4.461048773169578,35.11850544167481,57.9362290029,695.2347480348,24.792885487528345,0.08686285333781754,0.0,0.001238709372365954,0.0072385711114847946
16,2025-01-29,9.142857142857142,0.0,0.1283446712018141,4.3170513979045655,35.178672341646674,57.9362290029,695.2347480348,24.377919501133785,0.08824162878762418,0.0,0.001238709372365954,0.007353469065635346
16,2025-01-30,8.142857142857142,0.0,0.1487528344671202,4.240440792137144,34.96391956165862,57.9362290029,695.2347480348,25.204450113378687,0.07859020063897777,0.0,0.001435677293766901,0.006549183386581481
16,2025-01-31,8.142857142857142,0.0,0.1487528344671202,3.920817291938731,34.87198502046292,57.9362290029,695.2347480348,25.188577097505668,0.07859020063897777,0.0,0.001435677293766901,0.0065491833865814805
16,2025-02-01,8.857142857142858,0.0,0.1344671201814059,3.7471736529352397,34.57124119285458,57.9362290029,695.2347480348,26.102862811791386,0.0854840778880109,0.0,0.0012977997487862382,0.007123673157334242
16,2025-02-02,9.714285714285714,0.010989010989010995,0.12504796790511077,3.90228424168008,34.70174733088853,57.9362290029,695.2347480348,26.85325527646956,0.09375673058685068,0.00010605964998512513,0.0012068914773704163,0.007813060882237556
16,2025-02-03,10.714285714285714,0.010989010989010995,0.09940694226408513,3.8918210627128498,34.65065423513956,57.9362290029,695.2347480348,27.05655197976626,0.10340815873549707,0.00010605964998512513,0.0009594189607384577,0.008617346561291423
16,2025-02-04,10.428571428571429,0.021193092621664054,0.11981510552939126,3.9215653277591267,34.744558112359506,57.9362290029,695.2347480348,26.565480551194835,0.10065060783588382,0.00020454361068559854,0.0011563868821394044,0.008387550652990317
16,2025-02-05,10.571428571428571,0.021193092621664054,0.17338653410081983,4.011810949311353,34.62543246969363,57.9362290029,695.2347480348,27.129256061398916,0.10202938328569043,0.00020454361068559854,0.0016734276758168898,0.00850244860714087
16,2025-02-06,11.0,0.021193092621664054,0.15297837083551372,4.263057994365467,34.86804722167623,57.9362290029,695.2347480348,27.0210927960928,0.10616570963511031,0.00020454361068559854,0.0014764597544159428,0.008847142469592525
16,2025-02-07,11.428571428571429,0.021193092621664054,0.13313710099424386,4.9573260780242085,35.30299186855034,57.9362290029,695.2347480348,27.052838827838826,0.11030203598453021,0.00020454361068559854,0.0012849631641650224,0.009191836332044182
16,2025-02-08,10.714285714285714,0.021193092621664054,0.11885138670852959,4.763680281463393,35.11647660302388,57.9362290029,695.2347480348,27.652838827838828,0.10340815873549707,0.00020454361068559854,0.0011470856191843598,0.008617346561291421
16,2025-02-09,10.285714285714286,0.010204081632653067,0.12214809000523288,4.705799023160247,34.9759751738447,57.93622900289999,695.2347480348,27.57591575091575,0.09927183238607719,9.848396070047333e-05,0.0011789035141798973,0.008272652698839766
16,2025-02-10,9.285714285714286,0.010204081632653067,0.12397959183673471,4.654559352580186,34.96461427499174,57.93622900289999,695.2347480348,27.801190476190477,0.08962040423743078,9.848396070047333e-05,0.0011965801225107514,0.007468367019785899
16,2025-02-11,9.0,0.0,0.10357142857142858,4.599229825267715,35.14383209755148,57.9362290029,695.2347480348,27.432142857142857,0.08686285333781753,0.0,0.0009996122011098048,0.0072385711114847946
16,2025-02-12,9.428571428571429,0.0,0.075974025974026,4.816776819774696,35.4381734661287,57.9362290029,695.2347480348,27.07987012987013,0.0909991796872374,0.0,0.0007332578528517062,0.007583264973936452
16,2025-02-13,9.285714285714286,0.0,0.09184704184704186,4.731112871298719,35.3088972910646,57.9362290029,695.2347480348,27.367171717171715,0.08962040423743078,0.0,0.0008864551250524427,0.007468367019785899
16,2025-02-14,8.428571428571429,0.0,0.07994227994227995,4.3255810355517,35.04083149720618,57.9362290029,695.2347480348,26.843362193362193,0.081347751538591,0.0,0.0007715571709018904,0.0067789792948825854
16,2025-02-15,8.428571428571429,0.0,0.07994227994227995,4.752292244874669,35.473101175874284,57.9362290029,695.2347480348,25.729076479076475,0.081347751538591,0.0,0.0007715571709018904,0.0067789792948825854
16,2025-02-16,8.285714285714286,0.01587301587301588,0.06565656565656566,5.134730684247019,36.02908479219481,57.9362290029,695.2347480348,25.189393939393938,0.0799689760887844,0.0001531972722007363,0.0006336796259212277,0.0066640813407320325
16,2025-02-17,8.857142857142858,0.01587301587301588,0.056132756132756145,5.32061417582569,36.06781655043327,57.9362290029,695.2347480348,25.546536796536795,0.0854840778880109,0.0001531972722007363,0.0005417612626007858,0.007123673157334242
16,2025-02-18,8.857142857142858,0.01587301587301588,0.06803751803751805,5.336255726770042,36.009893558139666,57.9362290029,695.2347480348,25.963203463203463,0.0854840778880109,0.0001531972722007363,0.000656659216751338,0.007123673157334242
16,2025-02-19,8.714285714285714,0.01587301587301588,0.04206349206349208,4.972069341750212,35.63563097231819,57.9362290029,695.2347480348,26.061904761904763,0.08410530243820426,0.0001531972722007363,0.0004059727713319512,0.007008775203183689
16,2025-02-20,8.857142857142858,0.030158730158730163,0.04047619047619049,4.915672631400765,35.472216021985375,57.9362290029,695.2347480348,26.074603174603176,0.08548407788801089,0.00029107481718139904,0.0003906530441118776,0.007123673157334242
16,2025-02-21,9.285714285714286,0.030158730158730163,0.056349206349206364,4.969827269831252,35.355701459849435,57.93622900289999,695.2347480348,26.757142857142856,0.08962040423743077,0.00029107481718139904,0.000543850316312614,0.007468367019785899
16,2025-02-22,9.714285714285714,0.04801587301587302,0.07420634920634923,4.738159380399536,35.205258749929996,57.93622900289999,695.2347480348,26.739285714285717,0.09375673058685066,0.0004634217484072275,0.0007161972475384423,0.007813060882237556
16,2025-02-23,9.571428571428571,0.03214285714285715,0.09206349206349208,4.245264196772409,34.734157958893135,57.9362290029,695.2347480348,27.207539682539682,0.09237795513704404,0.00031022447620649107,0.0008885441787642708,0.007698162928087004
16,2025-02-24,9.857142857142858,0.04404761904761905,0.0896825396825397,4.083149036432593,34.575825887714295,57.9362290029,695.2347480348,27.219444444444445,0.0951355060366573,0.00042512243035704335,0.0008655645879341604,0.007927958836388109
16,2025-02-25,9.571428571428571,0.04404761904761905,0.07777777777777779,4.058441991074416,34.46377630387924,57.9362290029,695.2347480348,26.943253968253966,0.09237795513704404,0.0004251224303570434,0.000750666633783608,0.007698162928087003
16,2025-02-26,10.857142857142858,0.05156641604010025,0.0928153717627402,3.959312783716598,34.53015345340876,57.9362290029,695.2347480348,26.78987050960735,0.10478693418530369,0.0004976895592942344,0.0008958008916579899,0.008732244515441974
16,2025-02-27,11.142857142857142,0.03728070175438596,0.09043441938178783,3.9109200465826555,34.6149785466548,57.936229002900006,695.2347480348,26.21368003341687,0.10754448508491694,0.0003598120143135716,0.0008728213008278795,0.008962040423743078
16,2025-02-28,11.428571428571429,0.050267714741398954,0.08754841649578493,3.784248686813882,34.67439581756158,57.9362290029,695.2347480348,26.332006151742995,0.11030203598453017,0.000485155237023265,0.0008449672513368365,0.009191836332044182
16,2025-03-01,11.857142857142858,0.0324105718842561,0.06969127363864207,3.761788465721586,34.57163524818493,57.9362290029,695.2347480348,26.59661654135338,0.11443836233395006,0.0003128083057974366,0.0006726203201110082,0.00953653019449584
16,2025-03-02,12.857142857142858,0.0324105718842561,0.08040555935292779,3.9296912460487077,34.753239230250365,57.9362290029,695.2347480348,26.039473684210527,0.12408979048259645,0.0003128083057974366,0.0007760284788465051,0.010340815873549706
16,2025-03-03,12.857142857142858,0.020505809979494194,0.06850079744816588,4.058160007783431,34.973758389406825,57.9362290029,695.2347480348,25.289473684210524,0.12408979048259647,0.00019791035164688428,0.0006611305246959529,0.010340815873549706
16,2025-03-04,12.285714285714286,0.020505809979494194,0.09231032125768969,4.051590738753897,34.985636454684695,57.9362290029,695.2347480348,25.827568922305765,0.11857468868336996,0.00019791035164688428,0.0008909264329970575,0.009881224056947496
16,2025-03-05,10.857142857142858,0.012987012987012991,0.07727272727272728,4.262180632515401,35.35109561139556,57.9362290029,695.2347480348,24.78412698412698,0.10478693418530369,0.00012534322270969336,0.0007457921751226756,0.008732244515441974
16,2025-03-06,10.714285714285714,0.012987012987012991,0.06536796536796538,4.437368641315702,35.66824550453189,57.9362290029,695.2347480348,24.955122655122658,0.10340815873549705,0.00012534322270969336,0.0006308942209721234,0.008617346561291421
16,2025-03-07,11.0,0.0,0.07435897435897439,4.433842040632593,35.72738238731547,57.9362290029,695.2347480348,24.48759018759019,0.10616570963511031,0.0,0.0007176702982326803,0.008847142469592525
16,2025-03-08,10.571428571428571,0.0,0.1100732600732601,4.640232206874168,35.98743555472985,57.9362290029,695.2347480348,24.2229797979798,0.10202938328569043,0.0,0.0010623641606843373,0.00850244860714087
16,2025-03-09,10.285714285714286,0.0,0.11446886446886449,4.704264526866369,36.11515623038328,57.9362290029,695.2347480348,24.510891885891887,0.09927183238607716,0.0,0.0011047880206783872,0.008272652698839764
16,2025-03-10,10.714285714285714,0.009523809523809528,0.123992673992674,4.685001473360254,36.05518810110273,57.9362290029,695.2347480348,24.563272838272837,0.10340815873549705,9.191836332044176e-05,0.0011967063839988291,0.008617346561291421
16,2025-03-11,12.428571428571429,0.009523809523809528,0.10811965811965814,4.951334386666246,36.251936938332,57.9362290029,695.2347480348,24.245812520812517,0.11995346413317658,9.191836332044176e-05,0.0010435091117980927,0.00999612201109805
16,2025-03-12,13.285714285714286,0.019047619047619053,0.1366910866910867,4.918539088107621,35.93669021079939,57.9362290029,695.2347480348,25.242637917637918,0.12822611683201635,0.0001838367266408836,0.0013192642017594183,0.010685509736001363
16,2025-03-13,14.857142857142858,0.019047619047619053,0.1496780996780997,4.755313430536508,35.608333754228305,57.9362290029,695.2347480348,25.651728826728824,0.14339264677988925,0.0001838367266408836,0.0014446074244691114,0.011949387231657437
16,2025-03-14,14.285714285714286,0.019047619047619053,0.1277000777000777,4.929855086627938,35.56330526526499,57.9362290029,695.2347480348,25.826332001332,0.13787754498066276,0.0001838367266408836,0.0012324881244988612,0.011489795415055229
16,2025-03-15,13.857142857142858,0.019047619047619053,0.12055722055722058,4.642250042466945,35.24220664310895,57.9362290029,695.2347480348,26.35847485847486,0.13374121863124286,0.0001838367266408836,0.0011635493520085298,0.01114510155260357
16,2025-03-16,13.714285714285714,0.030952380952380953,0.11139971139971142,4.804553688471231,35.29715785543874,57.9362290029,695.2347480348,26.127705627705627,0.13236244318143625,0.0002987346807914359,0.0010751663103542588,0.011030203598453017
16,2025-03-17,13.0,0.021428571428571432,0.11616161616161617,4.976947214649281,35.41312277084051,57.9362290029,695.2347480348,26.12770562770563,0.1254685659324031,0.00020681631747099404,0.0011211254920144799,0.010455713827700257
16,2025-03-18,11.428571428571429,0.021428571428571432,0.12863327149041437,4.782263038940129,35.18389747061921,57.9362290029,695.2347480348,26.125438054009482,0.11030203598453019,0.00020681631747099404,0.0012414947773150583,0.009191836332044182
16,2025-03-19,11.142857142857142,0.011904761904761908,0.12203986489700779,4.769208932234653,35.16376929431362,57.9362290029,695.2347480348,26.06389959247102,0.10754448508491694,0.00011489795415055221,0.0011778589873239831,0.008962040423743078
16,2025-03-20,9.428571428571429,0.011904761904761908,0.1090528519099948,4.743205727534826,35.08475641497129,57.9362290029,695.2347480348,25.97428920286063,0.09099917968723739,0.00011489795415055221,0.0010525157646142898,0.007583264973936451
16,2025-03-21,10.142857142857142,0.011904761904761908,0.1090528519099948,4.6200034219263255,35.081354027585505,57.9362290029,695.2347480348,26.116012558869702,0.09789305693627055,0.00011489795415055221,0.0010525157646142898,0.008157754744689213
16,2025-03-22,11.857142857142858,0.011904761904761908,0.08048142333856621,4.716588868452044,35.17429887293034,57.9362290029,695.2347480348,25.458869701726844,0.11443836233395008,0.00011489795415055221,0.0007767606746529643,0.00953653019449584
16,2025-03-23,12.0,0.0,0.056671899529042405,4.451855553369145,35.11899027859106,57.9362290029,695.2347480348,25.173155416012555,0.1158171377837567,0.0,0.0005469647663518598,0.009651428148646392
16,2025-03-24,11.857142857142858,0.0,0.04238618524332812,4.382100360712858,34.954083928361435,57.9362290029,695.2347480348,25.557282400139542,0.11443836233395008,0.0,0.0004090872213711971,0.00953653019449584
16,2025-03-25,12.428571428571429,0.0,0.04795204795204797,4.315423753459884,34.868012475738546,57.9362290029,695.2347480348,25.95060336488908,0.1199534641331766,0.0,0.00046280574538963706,0.00999612201109805
16,2025-03-26,12.142857142857142,0.0,0.02597402597402599,4.617935902843582,35.11759368860309,57.9362290029,695.2347480348,25.957596371882087,0.11719591323356335,0.0,0.0002506864454193867,0.009766326102796943
16,2025-03-27,13.142857142857142,0.0,0.03437738731856381,4.620846916895474,35.22888181950612,57.9362290029,695.2347480348,25.527344271041752,0.12684734138220974,0.0,0.0003317908836433059,0.01057061178185081
16,2025-03-28,12.714285714285714,0.0,0.047364400305576794,4.539355012200848,35.20079765949982,57.9362290029,695.2347480348,24.92530345471522,0.12271101503278983,0.0,0.00045713410635299937,0.010225917919399153
16,2025-03-29,12.285714285714286,0.020408163265306124,0.047364400305576794,4.647490216212725,35.25032991854236,57.9362290029,695.2347480348,25.578364679205016,0.11857468868336997,0.00019696792140094674,0.00045713410635299937,0.009881224056947496
16,2025-03-30,12.0,0.033395176252319116,0.047364400305576794,4.705266493676248,35.0868174479329,57.9362290029,695.2347480348,25.98096208180242,0.11581713778375671,0.0003223111441106401,0.00045713410635299937,0.009651428148646392
16,2025-03-31,12.714285714285714,0.033395176252319116,0.06777256357088292,4.44043878940821,35.10283151399221,57.9362290029,695.2347480348,25.58867183236931,0.12271101503278985,0.0003223111441106401,0.0006541020277539461,0.010225917919399153
16,2025-04-01,12.571428571428571,0.033395176252319116,0.041798537596856936,4.471689833267787,35.30798740974788,57.9362290029,695.2347480348,25.01984066353814,0.12133223958298323,0.0003223111441106401,0.00040341558233455933,0.010111019965248602
16,2025-04-02,11.714285714285714,0.033395176252319116,0.041798537596856936,4.396691003326383,35.223577510391905,57.9362290029,695.2347480348,25.360100403797883,0.11305958688414344,0.0003223111441106401,0.0004034155823345594,0.009421632240345286
16,2025-04-03,10.285714285714286,0.033395176252319116,0.03339517625231912,4.6152638284486285,35.320601673810465,57.9362290029,695.2347480348,25.827087198515773,0.09927183238607717,0.0003223111441106401,0.00032231114411064007,0.008272652698839766
16,2025-04-04,10.571428571428571,0.033395176252319116,0.020408163265306138,4.655146504150806,35.2724016611594,57.9362290029,695.2347480348,26.629285000713573,0.10202938328569044,0.0003223111441106401,0.0001969679214009467,0.00850244860714087
16,2025-04-05,9.285714285714286,0.012987012987012991,0.07755102040816328,4.708181230425405,35.56550324647562,57.9362290029,695.2347480348,25.91908091908092,0.0896204042374308,0.00012534322270969336,0.0007484781013235976,0.007468367019785899
16,2025-04-06,10.0,0.0,0.0864795918367347,4.827292338947989,35.882914308520476,57.9362290029,695.2347480348,25.516483516483515,0.09651428148646392,0.0,0.0008346515669365119,0.00804285679053866
16,2025-04-07,10.285714285714286,0.0,0.06607142857142859,5.051021312303216,36.06512978434034,57.9362290029,695.2347480348,25.219289638932498,0.09927183238607717,0.0,0.000637683645535565,0.008272652698839766
16,2025-04-08,10.571428571428571,0.0,0.06607142857142859,5.244265627943155,36.14290764009889,57.9362290029,695.2347480348,25.512146781789642,0.10202938328569043,0.0,0.000637683645535565,0.00850244860714087
16,2025-04-09,11.285714285714286,0.01428571428571429,0.06607142857142859,5.0037117579247115,36.051419249953504,57.9362290029,695.2347480348,25.669289638932497,0.10892326053472356,0.00013787754498066266,0.000637683645535565,0.00907693837789363
16,2025-04-10,11.857142857142858,0.01428571428571429,0.09204545454545457,4.645515225651725,35.79198712351267,57.9362290029,695.2347480348,26.014373126873124,0.11443836233395008,0.00013787754498066266,0.0008883700909549519,0.00953653019449584
16,2025-04-11,11.142857142857142,0.01428571428571429,0.14561688311688314,4.550050729831481,35.71215463459654,57.9362290029,695.2347480348,26.37288961038961,0.10754448508491692,0.00013787754498066266,0.0014054108846324371,0.008962040423743078
16,2025-04-12,11.714285714285714,0.030158730158730163,0.10434704184704187,4.168368940488936,35.09262886385066,57.9362290029,695.2347480348,27.239556277056277,0.11305958688414343,0.00029107481718139904,0.0010070979769105227,0.009421632240345288
16,2025-04-13,10.285714285714286,0.053968253968253964,0.11922799422799424,4.0891058970755285,34.747841269963075,57.9362290029,695.2347480348,27.620508658008657,0.09927183238607717,0.0005208707254825036,0.0011507204195987128,0.008272652698839766
16,2025-04-14,9.857142857142858,0.06495726495726496,0.14120601620601622,4.036544587777217,34.54886655736693,57.9362290029,695.2347480348,28.139052614052616,0.0951355060366573,0.0006269303754676288,0.0013628397195689632,0.007927958836388109
16,2025-04-15,9.714285714285714,0.06495726495726496,0.14120601620601622,4.008121748788503,34.5317810783714,57.9362290029,695.2347480348,27.648792873792875,0.09375673058685066,0.0006269303754676288,0.0013628397195689632,0.007813060882237556
16,2025-04-16,10.428571428571429,0.05067155067155068,0.16977744477744477,4.199352993939858,34.64209949735634,57.9362290029,695.2347480348,27.320221445221446,0.1006506078358838,0.0004890528304869661,0.0016385948095302887,0.008387550652990317
16,2025-04-17,10.428571428571429,0.05067155067155068,0.16977744477744477,4.644634174760845,35.012122053512584,57.9362290029,695.2347480348,26.94359806859807,0.1006506078358838,0.000489052830486966,0.0016385948095302887,0.008387550652990317
16,2025-04-18,10.428571428571429,0.06852869352869354,0.13406315906315908,4.757905964174866,34.99925283951753,57.9362290029,695.2347480348,26.69359806859807,0.1006506078358838,0.0006613997617127945,0.0012939009470786318,0.008387550652990317
16,2025-04-19,10.0,0.052655677655677656,0.16580919080919082,5.271745579282084,35.487317851460965,57.9362290029,695.2347480348,26.241217116217115,0.0965142814864639,0.0005082024895120581,0.0016002954914801047,0.00804285679053866
16,2025-04-20,10.571428571428571,0.02884615384615385,0.141999666999667,5.30163924856987,35.76165965244,57.9362290029,695.2347480348,25.588836163836163,0.10202938328569042,0.0002784065812109536,0.0013704995831790002,0.00850244860714087
16,2025-04-21,10.428571428571429,0.01785714285714286,0.14383116883116887,5.295876675225778,35.8698095610931,57.9362290029,695.2347480348,25.60898268398268,0.10065060783588378,0.0001723469312258284,0.0013881761915098545,0.008387550652990317
16,2025-04-22,11.285714285714286,0.026260504201680673,0.16063789152024446,5.008495396508853,35.67856621290172,57.9362290029,695.2347480348,26.28201553348612,0.10892326053472355,0.0002534513694497477,0.001550385067957693,0.009076938377893631
16,2025-04-23,10.285714285714286,0.026260504201680673,0.1677807486631016,5.023622888335666,35.89063608503582,57.9362290029,695.2347480348,25.871301247771836,0.09927183238607717,0.0002534513694497477,0.001619323840448024,0.008272652698839764
16,2025-04-24,10.0,0.026260504201680673,0.1735527544351074,4.807063627889894,35.71317262499365,57.9362290029,695.2347480348,25.87563025210084,0.09651428148646392,0.0002534513694497477,0.00167503193943011,0.00804285679053866
16,2025-04-25,10.714285714285714,0.008403361344537818,0.16668462256697553,4.623762046851417,35.648084274647275,57.9362290029,695.2347480348,25.833047834518425,0.10340815873549705,8.11044382239192e-05,0.0016087446581894067,0.008617346561291421
16,2025-04-26,10.857142857142858,0.028811524609843937,0.11906557494792791,4.245304824478079,35.44514479508823,57.9362290029,695.2347480348,25.965700895742913,0.10478693418530369,0.000278072359624866,0.0011491528415871978,0.008732244515441972
16,2025-04-27,10.714285714285714,0.04468454048285981,0.13493859082094378,4.216627797186187,35.34476385534756,57.9362290029,695.2347480348,26.491097721139738,0.10340815873549705,0.0004312696318256024,0.0013023501137879342,0.008617346561291423
16,2025-04-28,10.428571428571429,0.04468454048285981,0.12541478129713426,4.241683986120216,35.42179925589302,57.9362290029,695.2347480348,26.40062153066355,0.1006506078358838,0.0004312696318256024,0.0012104317504674923,0.008387550652990317
16,2025-04-29,10.142857142857142,0.036281179138321996,0.11813186813186814,4.238569833970638,35.48178131859889,57.9362290029,695.2347480348,26.001181754753183,0.09789305693627053,0.0003501651936016831,0.0011401412373400958,0.008157754744689213
16,2025-04-30,10.285714285714286,0.05215419501133787,0.08241758241758243,3.9699953311469294,35.1221267111027,57.9362290029,695.2347480348,26.4436420722135,0.09927183238607717,0.0005033624658024195,0.0007954473748884389,0.008272652698839764
16,2025-05-01,10.857142857142858,0.05215419501133787,0.05067155067155069,4.120665724729229,35.122536790789255,57.9362290029,695.2347480348,26.546206174777605,0.10478693418530369,0.0005033624658024195,0.000489052830486966,0.008732244515441972
16,2025-05-02,10.428571428571429,0.05215419501133787,0.0396825396825397,4.495535885174712,35.481348578568394,57.9362290029,695.2347480348,25.878074306645736,0.1006506078358838,0.0005033624658024195,0.00038299318050184083,0.008387550652990317
16,2025-05-03,10.571428571428571,0.031746031746031744,0.05753968253968256,4.5611481176654864,35.38452480127415,57.9362290029,695.2347480348,26.191849816849818,0.10202938328569043,0.0003063945444014727,0.0005553401117276693,0.008502448607140868
16,2025-05-04,10.0,0.015873015873015872,0.09880952380952383,4.316243542567537,35.093922007932015,57.9362290029,695.2347480348,26.852167277167275,0.09651428148646392,0.0001531972722007363,0.0009536530194495838,0.00804285679053866
16,2025-05-05,10.285714285714286,0.027777777777777773,0.10833333333333336,4.410011958679899,35.21802828880151,57.9362290029,695.2347480348,26.35931013431013,0.09927183238607717,0.0002680952263512886,0.0010455713827700257,0.008272652698839766
16,2025-05-06,8.714285714285714,0.027777777777777773,0.13452380952380955,4.473760521062501,35.359632591516906,57.9362290029,695.2347480348,25.754548229548227,0.08410530243820426,0.0002680952263512886,0.0012983468819012408,0.0070087752031836896
16,2025-05-07,8.571428571428571,0.011904761904761904,0.17023809523809527,4.581412203298908,35.2727096216441,57.9362290029,695.2347480348,26.115659340659338,0.08272652698839764,0.00011489795415055221,0.0016430407443528976,0.006893877249033138
16,2025-05-08,8.142857142857142,0.011904761904761904,0.18452380952380956,4.366836999487577,35.23967393600772,57.93622900289999,695.2347480348,25.703571428571426,0.07859020063897774,0.00011489795415055221,0.0017809182893335602,0.0065491833865814805
16,2025-05-09,8.714285714285714,0.011904761904761904,0.18452380952380956,4.216246484226252,35.09216197353785,57.9362290029,695.2347480348,25.758673469387755,0.08410530243820427,0.00011489795415055221,0.0017809182893335602,0.0070087752031836896
17,2025-01-01,9.571428571428571,0.020408163265306128,0.12338296624010914,2.055612764747711,31.33102480288748,42.43711576781818,466.808273446,39.2388603460032,0.12584998267161038,0.0002683368500460775,0.001622301629000408,0.011440907515600942
17,2025-01-02,10.0,0.020408163265306128,0.11941471227185517,2.0582928491693866,31.48286875768365,42.43711576781818,466.808273446,38.75870161584447,0.131485056522578,0.0002683368500460775,0.001570125019269226,0.011953186956597998
17,2025-01-03,9.571428571428571,0.020408163265306128,0.0897443826015255,2.011602818496574,31.568359157572747,42.43711576781818,466.808273446,39.44221809936096,0.12584998267161038,0.0002683368500460775,0.001180004521894544,0.01144090751560094
17,2025-01-04,9.428571428571429,0.020408163265306128,0.07387136672850961,1.928048325935536,31.727313400769894,42.43711576781818,466.808273446,39.56920222634509,0.12397162472128784,0.0002683368500460775,0.0009712980829698171,0.011270147701935256
17,2025-01-05,9.571428571428571,0.0,0.0534632034632035,1.8442563059911765,31.881351126262164,42.43711576781818,466.808273446,39.518181818181816,0.12584998267161038,0.0,0.0007029612329237395,0.011440907515600942
17,2025-01-06,9.0,0.0,0.040476190476190506,1.8941614574977166,31.85184549565567,42.43711576781818,466.808273446,39.43469387755102,0.11833655087032022,0.0,0.0005322014192580539,0.010757868260938197
17,2025-01-07,8.714285714285714,0.0,0.04404761904761908,1.8633861532539069,31.73773037865256,42.43711576781818,466.808273446,40.68469387755102,0.11457983496967512,0.0,0.0005791603680161173,0.010416348633606829
17,2025-01-08,8.428571428571429,0.0,0.04404761904761908,1.7889773936333595,31.75651160691113,42.43711576781818,466.808273446,41.55374149659864,0.11082311906903002,0.0,0.0005791603680161173,0.010074829006275456
17,2025-01-09,8.142857142857142,0.0,0.03214285714285718,1.7653587809548945,31.722317959805356,42.43711576781818,466.808273446,41.77517006802721,0.10706640316838494,0.0,0.0004226305388225722,0.009733309378944083
17,2025-01-10,8.285714285714286,0.0,0.030844155844155872,1.7873654352761388,31.514825457671368,42.43711576781818,466.808273446,42.016728509585654,0.10894476111870748,0.0,0.00040555455745600353,0.009904069192609772
17,2025-01-11,9.142857142857142,0.0,0.041048237476808934,1.8912944074261806,31.550302962529685,42.43711576781818,466.808273446,40.85346320346321,0.12021490882064276,0.0,0.0005397229824790423,0.010928628074603885
17,2025-01-12,9.428571428571429,0.014285714285714294,0.05533395176252322,1.8893568147328899,31.46844363235752,42.43711576781818,466.808273446,40.86774891774892,0.12397162472128782,0.0001878357950322543,0.0007275587775112966,0.011270147701935256
17,2025-01-13,10.714285714285714,0.023214285714285722,0.06426252319109464,1.9688321638919588,31.39453706923776,42.43711576781818,466.808273446,40.141983611626465,0.1408768462741907,0.0003052331669274132,0.0008449561494064556,0.012806986024926427
17,2025-01-14,10.714285714285714,0.023214285714285722,0.0821196660482375,1.9699652947042503,31.32275544455984,42.43711576781818,466.808273446,40.641983611626465,0.1408768462741907,0.0003052331669274132,0.0010797508931967733,0.012806986024926428
17,2025-01-15,11.428571428571429,0.023214285714285722,0.0951066790352505,1.9923170041877951,31.331364217190014,42.43711576781818,466.808273446,39.516442486085346,0.15026863602580343,0.0003052331669274132,0.001250510706862459,0.013660785093254857
17,2025-01-16,11.428571428571429,0.023214285714285722,0.13796382189239334,2.0925829686376733,31.2251552207602,42.43711576781818,466.808273446,39.28787105751392,0.15026863602580343,0.0003052331669274132,0.0018140180919592218,0.013660785093254857
17,2025-01-17,12.0,0.023214285714285722,0.12497680890538035,2.051231963777412,31.34214662197827,42.43711576781818,466.808273446,38.312979282622145,0.15778206782709361,0.0003052331669274132,0.001643258278293536,0.014343824347917599
17,2025-01-18,12.0,0.023214285714285722,0.13518089053803342,2.015160591219216,31.286961694111046,42.43711576781818,466.808273446,38.843591527520104,0.15778206782709361,0.0003052331669274132,0.0017774267033165748,0.0143438243479176
17,2025-01-19,12.0,0.008928571428571437,0.13518089053803342,2.123334066096019,31.267336984923368,42.43711576781818,466.808273446,38.72930581323438,0.15778206782709361,0.00011739737189515893,0.0017774267033165748,0.0143438243479176
17,2025-01-20,10.714285714285714,0.0,0.14666048237476811,2.0029831647878233,31.35522800171749,42.43711576781818,466.808273446,39.230581323438464,0.14087684627419073,0.0,0.0019283661814674935,0.012806986024926428
17,2025-01-21,11.0,0.014285714285714294,0.13951762523191097,2.1633332187858274,31.466754685977588,42.43711576781818,466.808273446,36.409152752009895,0.1446335621748358,0.0001878357950322543,0.0018344482839513664,0.013148505652257798
17,2025-01-22,10.857142857142858,0.014285714285714294,0.14081632653061227,2.0847177131178882,31.514192846876604,42.43711576781818,466.808273446,37.815646258503406,0.14275520422451327,0.0001878357950322543,0.001851524265317935,0.012977745838592113
17,2025-01-23,11.142857142857142,0.014285714285714294,0.12176870748299322,2.0356309075135792,31.44752919559503,42.43711576781818,466.808273446,37.63231292517007,0.14651192012515835,0.0001878357950322543,0.0016010765386082625,0.013319265465923486
17,2025-01-24,11.0,0.014285714285714294,0.14217687074829935,2.0522484926043965,31.512530354837896,42.43711576781818,466.808273446,38.57380952380952,0.1446335621748358,0.0001878357950322543,0.0018694133886543402,0.0131485056522578
17,2025-01-25,9.857142857142858,0.014285714285714294,0.12176870748299325,2.065473208020633,31.601795307589253,42.43711576781818,466.80827344600004,39.3969387755102,0.12960669857225546,0.0001878357950322543,0.0016010765386082625,0.011782427142932313
17,2025-01-26,9.142857142857142,0.014285714285714294,0.10748299319727894,2.0308194163937014,31.664780669909337,42.43711576781818,466.808273446,39.3969387755102,0.12021490882064276,0.0001878357950322543,0.0014132407435760083,0.010928628074603885
17,2025-01-27,9.428571428571429,0.014285714285714294,0.11882086167800457,2.0629095140117713,31.709687497181022,42.43711576781818,466.808273446,40.04546485260771,0.12397162472128782,0.0001878357950322543,0.0015623167713793849,0.011270147701935256
17,2025-01-28,9.285714285714286,0.0,0.09024943310657599,1.9927167954091651,31.74036913559924,42.43711576781818,466.808273446,41.68832199546485,0.1220932667709653,0.0,0.0011866451813148764,0.011099387888269571
17,2025-01-29,10.0,0.0,0.09501133786848075,2.0716654393497245,31.68191196758551,42.43711576781818,466.808273446,41.58832199546485,0.131485056522578,0.0,0.0012492571129922943,0.011953186956598
17,2025-01-30,10.428571428571429,0.0,0.09977324263038552,2.051203516010563,31.77011859913487,42.43711576781818,466.808273446,42.41451247165533,0.13712013037354565,0.0,0.0013118690446697126,0.012465466397595057
17,2025-01-31,9.571428571428571,0.0,0.09722222222222225,2.0779501618006475,31.66179281886326,42.43711576781818,466.808273446,42.25634920634921,0.12584998267161038,0.0,0.0012783269384139526,0.01144090751560094
17,2025-02-01,9.857142857142858,0.0,0.11507936507936511,2.1747295217980898,31.769527128163443,42.43711576781818,466.808273446,40.958730158730155,0.12960669857225546,0.0,0.0015131216822042708,0.011782427142932313
17,2025-02-02,9.571428571428571,0.0,0.11507936507936511,2.213670835523654,31.526979696026558,42.43711576781818,466.808273446,40.46349206349206,0.12584998267161038,0.0,0.0015131216822042708,0.01144090751560094
17,2025-02-03,10.0,0.011904761904761913,0.11904761904761907,2.1725241879695263,31.580589724753143,42.43711576781818,466.808273446,39.37619047619047,0.131485056522578,0.00015652982919354524,0.0015652982919354523,0.011953186956598
17,2025-02-04,10.285714285714286,0.011904761904761913,0.13203463203463206,2.0866637914693227,31.381716225904455,42.43711576781818,466.808273446,38.98658008658009,0.13524177242322308,0.00015652982919354524,0.001736058105601138,0.01229470658392937
17,2025-02-05,9.714285714285714,0.011904761904761913,0.151948051948052,2.076306303134887,31.368089147467476,42.43711576781818,466.808273446,38.939826839826836,0.12772834062193292,0.00015652982919354524,0.001997889819888523,0.011611667329266629
17,2025-02-06,9.0,0.011904761904761913,0.13766233766233768,2.0223206943606185,31.50612887149176,42.43711576781818,466.808273446,38.354112554112554,0.11833655087032022,0.00015652982919354524,0.0018100540248562685,0.0107578682609382
17,2025-02-07,9.571428571428571,0.011904761904761913,0.14361471861471867,2.048770285837341,31.704961885414825,42.43711576781818,466.808273446,37.889826839826846,0.12584998267161038,0.00015652982919354524,0.0018883189394530411,0.011440907515600942
17,2025-02-08,10.0,0.011904761904761913,0.15173160173160177,2.00682802951714,31.478243303625153,42.43711576781818,466.808273446,38.63333333333333,0.131485056522578,0.00015652982919354524,0.0019950438229940945,0.011953186956598
17,2025-02-09,10.714285714285714,0.011904761904761913,0.16958874458874465,1.892615512782634,31.615746386359856,42.43711576781818,466.808273446,39.425000000000004,0.1408768462741907,0.00015652982919354524,0.0022298385667844124,0.012806986024926428
17,2025-02-10,11.285714285714286,0.0,0.17851731601731607,1.9098906944339957,31.50443549523532,42.43711576781818,466.808273446,40.121428571428574,0.14839027807548089,0.0,0.0023472359386795716,0.01349002527958917
17,2025-02-11,11.571428571428571,0.0,0.16553030303030303,1.985066550670582,31.66882135430801,42.43711576781818,466.808273446,40.11543456543456,0.15214699397612597,0.0,0.0021764761250138856,0.013831544906920542
17,2025-02-12,11.285714285714286,0.0,0.1741883116883117,2.05381215206457,31.692844565095804,42.43711576781818,466.808273446,39.632029082029085,0.14839027807548089,0.0,0.0022903160007910098,0.01349002527958917
17,2025-02-13,11.714285714285714,0.0,0.20385864135864137,2.099100502248695,31.581381794869316,42.43711576781818,466.808273446,39.70565545565545,0.1540253519264485,0.0,0.0026804364981656914,0.014002304720586226
17,2025-02-14,11.285714285714286,0.0,0.19592213342213347,2.0871262331750913,31.36206250854526,42.43711576781818,466.808273446,39.42787767787768,0.14839027807548089,0.0,0.002576083278703328,0.01349002527958917
17,2025-02-15,10.714285714285714,0.0,0.1903562707134136,2.074868063660862,31.34914841600329,42.43711576781818,466.808273446,39.48539159253445,0.1408768462741907,0.0,0.002502900501418034,0.012806986024926427
17,2025-02-16,10.714285714285714,0.017857142857142867,0.1903562707134136,2.0449853343980697,31.428718026812636,42.43711576781818,466.808273446,39.78896302110588,0.1408768462741907,0.00023479474379031786,0.0025029005014180344,0.012806986024926428
17,2025-02-17,10.142857142857142,0.017857142857142867,0.19333246118960407,2.0845487374016254,31.442607389439768,42.43711576781818,466.808273446,39.41396302110588,0.13336341447290054,0.00023479474379031786,0.0025420329587164205,0.012123946770263683
17,2025-02-18,9.428571428571429,0.017857142857142867,0.21118960404674691,2.0651536410215683,31.256736556394817,42.43711576781818,466.808273446,39.64885313099599,0.12397162472128784,0.00023479474379031786,0.0027768277025067385,0.011270147701935256
17,2025-02-19,9.428571428571429,0.017857142857142867,0.1794435723007152,2.0381035261991864,31.23536410357112,42.43711576781818,466.808273446,39.775837257980115,0.12397162472128784,0.00023479474379031786,0.0023594148246572845,0.011270147701935256
17,2025-02-20,8.714285714285714,0.03571428571428572,0.17120181405895693,2.0273833622270474,31.138599751066746,42.43711576781818,466.808273446,39.45578231292517,0.11457983496967512,0.0004695894875806357,0.0022510480198309835,0.010416348633606827
17,2025-02-21,8.714285714285714,0.03571428571428572,0.17120181405895693,1.9594222010632325,31.349163619770472,42.43711576781818,466.808273446,40.836734693877546,0.1145798349696751,0.0004695894875806357,0.0022510480198309835,0.010416348633606827
17,2025-02-22,9.714285714285714,0.03571428571428572,0.16099773242630389,1.9046393238956434,31.412625462428128,42.43711576781818,466.808273446,41.775510204081634,0.12772834062193292,0.0004695894875806357,0.0021168795948079454,0.011611667329266629
17,2025-02-23,9.285714285714286,0.017857142857142867,0.1717120181405896,1.91587350701658,31.389147741542466,42.43711576781818,466.808273446,41.7469387755102,0.1220932667709653,0.00023479474379031786,0.0022577564410821357,0.01109938788826957
17,2025-02-24,9.571428571428571,0.017857142857142867,0.13429705215419505,1.9684950066584772,31.300707063011423,42.43711576781818,466.808273446,41.12959183673469,0.12584998267161038,0.00023479474379031786,0.0017658055493309937,0.011440907515600942
17,2025-02-25,10.285714285714286,0.017857142857142867,0.12742892028606317,1.9660339921343457,31.38693312350389,42.43711576781818,466.808273446,41.35624018838304,0.13524177242322308,0.00023479474379031786,0.00167549987864241,0.012294706583929369
17,2025-02-26,10.142857142857142,0.017857142857142867,0.12941304727019015,1.9058232012559189,31.420460460362243,42.43711576781818,466.808273446,41.99512907727193,0.13336341447290054,0.00023479474379031786,0.0017015881835080007,0.012123946770263684
17,2025-02-27,10.857142857142858,0.0,0.10468777254491543,1.8801744058944847,31.56135775928677,42.43711576781818,466.808273446,42.798700505843364,0.14275520422451327,0.0,0.0013764877690290989,0.012977745838592113
17,2025-02-28,11.0,0.0,0.08881475667189956,1.8785446494511309,31.46714056559722,42.43711576781818,466.808273446,42.06695447409733,0.1446335621748358,0.0,0.0011677813301043721,0.013148505652257798
17,2025-03-01,10.857142857142858,0.0,0.08959968602825749,1.9256502456760725,31.492730516940988,42.43711576781818,466.808273446,40.884850863422294,0.14275520422451327,0.0,0.0011781019781830673,0.012977745838592113
17,2025-03-02,11.0,0.0,0.10864730507587653,1.9598821794551107,31.550769917339668,42.43711576781818,466.808273446,41.60389848246991,0.1446335621748358,0.0,0.0014285497048927395,0.013148505652257798
17,2025-03-03,10.571428571428571,0.0,0.11143023643023646,1.9629035601891107,31.729367014044783,42.43711576781818,466.808273446,42.049167499167496,0.13899848832386819,0.0,0.0014651410935353868,0.012636226211260744
17,2025-03-04,10.142857142857142,0.0,0.11472693972693974,1.9632364904316104,31.66223729867391,42.43711576781818,466.808273446,42.01180486180487,0.13336341447290054,0.0,0.001508487815465907,0.012123946770263684
17,2025-03-05,10.857142857142858,0.0,0.10785880785880789,2.0397354405057557,31.640524005336687,42.43711576781818,466.808273446,41.26180486180487,0.14275520422451327,0.0,0.001418182144777323,0.012977745838592113
17,2025-03-06,10.142857142857142,0.0,0.13258408258408264,2.09141150476881,31.718449257322423,42.43711576781818,466.808273446,40.351090576090584,0.13336341447290054,0.0,0.0017432825592562247,0.012123946770263684
17,2025-03-07,10.0,0.0,0.14845709845709848,2.100072457527653,31.74095156840973,42.43711576781818,466.808273446,40.939979464979466,0.131485056522578,0.0,0.0019519889981809515,0.011953186956598
17,2025-03-08,9.428571428571429,0.0,0.1374680874680875,2.013967724087878,31.636173301766064,42.43711576781818,466.808273446,41.69577922077922,0.12397162472128784,0.0,0.0018074999250792174,0.011270147701935256
17,2025-03-09,9.857142857142858,0.0,0.08984903984903989,2.0209819089686833,31.60287390274498,42.43711576781818,466.808273446,40.862445887445894,0.12960669857225546,0.0,0.0011813806083050364,0.011782427142932313
17,2025-03-10,10.428571428571429,0.0,0.0768620268620269,1.9678360109218709,31.614077550857285,42.43711576781818,466.808273446,40.06071428571429,0.13712013037354562,0.0,0.001010620794639351,0.012465466397595057
17,2025-03-11,10.571428571428571,0.012987012987012995,0.0755633255633256,1.9740659631170492,31.830247231167228,42.43711576781818,466.808273446,40.330844155844154,0.13899848832386819,0.00017075981366568573,0.0009935448132727823,0.012636226211260742
17,2025-03-12,10.428571428571429,0.024891774891774902,0.07647907647907651,1.9848362793862075,31.838054304963666,42.43711576781818,466.808273446,40.61655844155844,0.13712013037354565,0.00032728964285923094,0.0010055855693645935,0.012465466397595057
17,2025-03-13,10.428571428571429,0.024891774891774902,0.07647907647907651,1.8956895799676965,31.76613947102445,42.43711576781818,466.808273446,40.79512987012987,0.13712013037354562,0.00032728964285923094,0.0010055855693645935,0.012465466397595057
17,2025-03-14,10.714285714285714,0.024891774891774902,0.06060606060606064,1.9336251431855407,31.659702750085923,42.43711576781818,466.808273446,40.49065656565657,0.14087684627419073,0.00032728964285923094,0.0007968791304398665,0.012806986024926428
17,2025-03-15,10.857142857142858,0.024891774891774902,0.06060606060606064,1.999748493173556,31.66429246867678,42.43711576781818,466.808273446,40.55573593073593,0.14275520422451327,0.00032728964285923094,0.0007968791304398665,0.012977745838592113
17,2025-03-16,11.428571428571429,0.024891774891774902,0.0825840825840826,1.9903396842339045,31.584423644482627,42.43711576781818,466.808273446,41.072219447219446,0.15026863602580343,0.00032728964285923094,0.0010858572766433345,0.013660785093254857
17,2025-03-17,10.857142857142858,0.024891774891774902,0.10855810855810859,2.051741247054306,31.571270087146672,42.43711576781818,466.808273446,41.73109390609391,0.14275520422451327,0.00032728964285923094,0.0014273769039747062,0.012977745838592113
17,2025-03-18,11.428571428571429,0.011904761904761913,0.0955710955710956,2.081620025086606,31.365576132718676,42.43711576781818,466.808273446,41.3181068931069,0.15026863602580343,0.00015652982919354524,0.0012566170903090205,0.013660785093254857
17,2025-03-19,12.428571428571429,0.0,0.09118513065881492,2.115627359189078,31.301078883895368,42.43711576781818,466.808273446,40.603821178821185,0.1634171416780612,0.0,0.0011989482058692932,0.014856103788914655
17,2025-03-20,12.0,0.02857142857142858,0.05547084494452919,2.260896708551328,31.177344179523566,42.43711576781818,466.808273446,40.87882117882118,0.1577820678270936,0.0003756715900645086,0.0007293587182886574,0.014343824347917599
17,2025-03-21,11.571428571428571,0.02857142857142858,0.07332798780167205,2.262999719695234,31.096173193104953,42.43711576781818,466.808273446,41.169405594405596,0.15214699397612597,0.0003756715900645086,0.0009641534620789754,0.013831544906920542
17,2025-03-22,11.142857142857142,0.02857142857142858,0.09373615106697818,2.2697806747646148,31.134003127096964,42.43711576781818,466.808273446,39.95920151277294,0.14651192012515835,0.0003756715900645086,0.0012324903121250527,0.013319265465923486
17,2025-03-23,10.428571428571429,0.02857142857142858,0.08961527194609904,2.2752646010225317,31.171839817235405,42.43711576781818,466.808273446,39.067717996289424,0.13712013037354562,0.0003756715900645086,0.0011783069097119024,0.012465466397595057
17,2025-03-24,10.571428571428571,0.02857142857142858,0.06364124597207307,2.2337478568222866,31.06185382574285,42.43711576781818,466.808273446,39.465986394557824,0.13899848832386816,0.0003756715900645086,0.0008367872823805313,0.012636226211260742
17,2025-03-25,9.857142857142858,0.02857142857142858,0.06364124597207307,2.1923136187253367,31.04555676817128,42.43711576781818,466.808273446,39.637414965986395,0.12960669857225546,0.0003756715900645086,0.0008367872823805313,0.011782427142932313
17,2025-03-26,8.857142857142858,0.02857142857142858,0.07993197278911568,2.1081999327754835,30.940943051505208,42.43711576781818,466.808273446,40.22074829931973,0.11645819291999766,0.0003756715900645086,0.0010509859960138037,0.010587108447272512
17,2025-03-27,10.714285714285714,0.0,0.11167800453514742,2.0809138432811456,30.9149029954419,42.43711576781818,466.808273446,39.7890022675737,0.1408768462741907,0.0,0.0014683988738632575,0.012806986024926427
17,2025-03-28,11.0,0.0,0.09382086167800456,2.1257792949464536,31.187552677847783,42.43711576781818,466.808273446,38.685430839002265,0.1446335621748358,0.0,0.0012336041300729397,0.0131485056522578
17,2025-03-29,11.0,0.0,0.09382086167800455,2.1306312919206634,31.070164928575597,42.43711576781818,466.808273446,39.33849206349207,0.1446335621748358,0.0,0.0012336041300729397,0.013148505652257798
17,2025-03-30,10.857142857142858,0.020408163265306128,0.0759637188208617,2.136350814787851,31.187629053601224,42.43711576781818,466.808273446,39.10124716553288,0.14275520422451327,0.0002683368500460775,0.0009988093862826218,0.012977745838592113
17,2025-03-31,10.142857142857142,0.020408163265306128,0.0759637188208617,2.0320887001349672,31.371277086076084,42.43711576781818,466.808273446,39.13526077097505,0.13336341447290054,0.0002683368500460775,0.0009988093862826218,0.012123946770263684
17,2025-04-01,9.714285714285714,0.04081632653061225,0.09637188208616783,2.005265869128608,31.347227737159592,42.43711576781818,466.808273446,39.20056689342404,0.12772834062193292,0.000536673700092155,0.0012671462363286995,0.011611667329266625
17,2025-04-02,9.285714285714286,0.04081632653061225,0.07256235827664402,2.008133405975307,31.396380091424703,42.43711576781818,466.808273446,38.49024943310658,0.1220932667709653,0.000536673700092155,0.0009540865779416088,0.011099387888269571
17,2025-04-03,7.285714285714286,0.04081632653061225,0.040816326530612276,2.055629227600204,31.891560955850455,42.43711576781818,466.808273446,38.521995464852615,0.09579625546644968,0.000536673700092155,0.0005366737000921549,0.00870875049694997
17,2025-04-04,7.142857142857143,0.04081632653061225,0.05668934240362814,2.0187211030285477,31.668043999561945,42.43711576781818,466.808273446,38.734693877551024,0.09391789751612714,0.000536673700092155,0.0007453801390168819,0.008537990683284284
17,2025-04-05,7.0,0.06462585034013606,0.036281179138322024,2.021903764939819,31.8058547788763,42.43711576781818,466.808273446,38.94897959183674,0.0920395395658046,0.0008497333584792455,0.0004770432889708044,0.0083672308696186
17,2025-04-06,6.714285714285714,0.04421768707482993,0.09342403628117917,2.1199675449375612,31.630257208514788,42.43711576781818,466.808273446,38.16122448979592,0.08828282366515952,0.0005813965084331679,0.0012283864690998214,0.008025711242287228
17,2025-04-07,7.857142857142857,0.04421768707482993,0.11247165532879821,2.2270583861989066,31.5100024787716,42.43711576781818,466.808273446,37.73673469387755,0.10330968726773986,0.0005813965084331679,0.0014788341958094939,0.009391789751612714
17,2025-04-08,7.857142857142857,0.023809523809523815,0.11247165532879821,2.2327533248294906,31.668877010562458,42.43711576781818,466.808273446,37.9,0.10330968726773986,0.0003130596583870905,0.0014788341958094939,0.009391789751612714
17,2025-04-09,8.142857142857142,0.023809523809523815,0.13844568130282417,2.18778698464383,31.80348906980914,42.43711576781818,466.808273446,38.74126984126984,0.10706640316838494,0.0003130596583870905,0.0018203538231408652,0.009733309378944085
17,2025-04-10,8.428571428571429,0.023809523809523815,0.162255205112348,2.1192430997899043,31.416547428752263,42.43711576781818,466.808273446,38.455555555555556,0.11082311906903004,0.0003130596583870905,0.0021334134815279558,0.010074829006275456
17,2025-04-11,9.0,0.023809523809523815,0.14638218923933213,2.082964053213705,31.54897292693776,42.43711576781818,466.808273446,39.0978021978022,0.11833655087032022,0.0003130596583870905,0.0019247070426032288,0.0107578682609382
17,2025-04-12,9.142857142857142,0.020408163265306128,0.14638218923933213,2.0683849095667157,31.577756189426967,42.43711576781818,466.808273446,38.556985871271586,0.12021490882064276,0.0002683368500460775,0.0019247070426032288,0.010928628074603887
17,2025-04-13,9.857142857142858,0.048979591836734705,0.10352504638218928,1.9790187871061125,31.54331849836543,42.43711576781818,466.808273446,40.02841444270016,0.12960669857225546,0.0006440084401105861,0.001361199657506466,0.011782427142932315
17,2025-04-14,9.285714285714286,0.048979591836734705,0.09746444032158322,2.0119266938373945,31.494366421644543,42.43711576781818,466.808273446,40.41023262451834,0.1220932667709653,0.0006440084401105861,0.0012815117444624792,0.011099387888269571
17,2025-04-15,9.428571428571429,0.06683673469387756,0.07705627705627707,1.9906786762241937,31.466384826383326,42.43711576781818,466.808273446,39.78523262451834,0.12397162472128784,0.000878803183900904,0.0010131748944164018,0.011270147701935256
17,2025-04-16,9.0,0.06683673469387756,0.06893939393939398,2.105569665579647,31.211617358765015,42.43711576781818,466.808273446,39.74951833880406,0.1183365508703202,0.000878803183900904,0.0009064500108753482,0.0107578682609382
17,2025-04-17,9.714285714285714,0.06683673469387756,0.05811688311688316,2.12412468696227,31.210250922079954,42.43711576781818,466.808273446,40.35990794919366,0.12772834062193292,0.000878803183900904,0.0007641501661539435,0.011611667329266629
17,2025-04-18,8.714285714285714,0.06683673469387756,0.10573593073593077,2.159027220615926,31.214781165936447,42.43711576781818,466.808273446,40.281153370439085,0.11457983496967512,0.000878803183900904,0.0013902694829281243,0.010416348633606827
17,2025-04-19,9.428571428571429,0.04642857142857144,0.12954545454545457,2.117637592408804,31.1799259960705,42.43711576781818,466.808273446,40.42911255411256,0.12397162472128784,0.0006104663338548264,0.001703329141315215,0.011270147701935256
17,2025-04-20,9.142857142857142,0.017857142857142867,0.11525974025974028,2.1419392769729337,31.11728210315022,42.43711576781818,466.808273446,40.125541125541126,0.12021490882064274,0.00023479474379031786,0.0015154933462829603,0.010928628074603885
17,2025-04-21,8.714285714285714,0.017857142857142867,0.12012987012987016,2.1935652249392708,31.536530909943362,42.43711576781818,466.808273446,39.65800865800866,0.11457983496967512,0.00023479474379031786,0.0015795282764075927,0.010416348633606827
17,2025-04-22,8.714285714285714,0.017857142857142867,0.15584415584415587,2.2480492627828594,31.613412336779316,42.43711576781818,466.808273446,40.12229437229438,0.11457983496967512,0.00023479474379031786,0.0020491177639882286,0.010416348633606827
17,2025-04-23,8.857142857142858,0.017857142857142867,0.13798701298701302,2.2294791524478734,31.75498138860013,42.43711576781818,466.808273446,40.11038961038962,0.11645819291999766,0.00023479474379031786,0.0018143230201979105,0.010587108447272514
17,2025-04-24,8.857142857142858,0.017857142857142867,0.12500000000000003,2.1973151699152953,31.79634146264147,42.43711576781818,466.808273446,40.12337662337662,0.11645819291999766,0.00023479474379031786,0.0016435632065322245,0.010587108447272512
17,2025-04-25,9.571428571428571,0.017857142857142867,0.0903679653679654,2.1918909216834632,31.753616092588192,42.43711576781818,466.808273446,39.484848484848484,0.12584998267161038,0.00023479474379031786,0.0011882037034237295,0.011440907515600942
17,2025-04-26,9.714285714285714,0.017857142857142867,0.0665584415584416,2.254366830069121,31.703925505785975,42.43711576781818,466.808273446,39.87221112221112,0.12772834062193292,0.00023479474379031786,0.0008751440450366391,0.011611667329266629
17,2025-04-27,9.857142857142858,0.017857142857142867,0.1141774891774892,2.1863144591393433,31.947197248742405,42.43711576781818,466.808273446,40.31070318570318,0.12960669857225546,0.00023479474379031786,0.00150126336181082,0.011782427142932313
17,2025-04-28,9.714285714285714,0.017857142857142867,0.11672850958565248,2.1303626563736207,31.447759453502425,42.43711576781818,466.808273446,40.06580522651951,0.12772834062193292,0.00023479474379031786,0.0015348054680665798,0.011611667329266629
17,2025-04-29,9.571428571428571,0.0,0.10142238713667287,2.188127533843643,31.303353457819945,42.43711576781818,466.808273446,40.20611134896849,0.12584998267161038,0.0,0.0013335528305320216,0.011440907515600942
17,2025-04-30,8.857142857142858,0.0,0.1371366728509586,2.11662231969125,31.311908553287203,42.43711576781818,466.808273446,40.89658753944468,0.11645819291999766,0.0,0.0018031423181126573,0.010587108447272512
17,2025-05-01,8.428571428571429,0.0,0.1728509585652443,2.0487750295830556,31.278216681310663,42.43711576781818,466.808273446,41.1660680589252,0.11082311906903004,0.0,0.002272731805693293,0.010074829006275456
17,2025-05-02,8.428571428571429,0.0,0.18583797155225731,2.0299647309360904,31.33799584525757,42.43711576781818,466.808273446,41.59463948749663,0.11082311906903004,0.0,0.002443491619358979,0.010074829006275456
17,2025-05-03,8.428571428571429,0.0,0.21880500451929027,1.9789497413192763,31.413925696528704,42.43711576781818,466.808273446,41.25398014683729,0.11082311906903002,0.0,0.0028769588386641813,0.010074829006275456
17,2025-05-04,7.857142857142857,0.0,0.1997573854716712,2.1383089863575995,31.249104349775592,42.43711576781818,466.808273446,40.476202369059514,0.10330968726773986,0.0,0.0026265111119545084,0.009391789751612712
17,2025-05-05,7.714285714285714,0.0,0.1793492222063651,2.0648998377285364,31.260631029364728,42.43711576781818,466.808273446,41.26871937586223,0.10143132931741732,0.0,0.002358174261908431,0.009221029937947028
17,2025-05-06,7.857142857142857,0.0,0.1946553446553447,2.041234346151358,31.364957008606638,42.43711576781818,466.808273446,40.43198468198468,0.10330968726773984,0.0,0.0025594268994429893,0.009391789751612712
17,2025-05-07,8.857142857142858,0.012987012987012995,0.17192807192807197,2.0714832427274326,31.3595201895488,42.43711576781818,466.808273446,40.087828837828845,0.11645819291999768,0.00017075981366568573,0.0022605972255280394,0.010587108447272512
17,2025-05-08,8.714285714285714,0.012987012987012995,0.15662194947909236,2.1474580524140836,31.338170835087162,42.43711576781818,466.808273446,39.82762475619619,0.11457983496967512,0.00017075981366568573,0.0020593445879934814,0.010416348633606827
17,2025-05-09,8.142857142857142,0.012987012987012995,0.1306479235050664,2.138859225741311,31.27077905305288,42.43711576781818,466.808273446,39.55118690832977,0.10706640316838494,0.00017075981366568573,0.0017178249606621097,0.009733309378944083
18,2025-01-01,20.285714285714285,0.022008803521408566,0.11146472575044004,1.5204648321633505,23.67831686820011,50.603499850700004,303.6209991042,1.2185000993404353,0.20372610267688085,0.00022103080536608756,0.0011194219657858562,0.033954350446146815
18,2025-01-02,20.0,0.022008803521408566,0.12098853527424956,1.4856785820276277,23.65234924994553,50.6034998507,303.6209991042,1.2134580825337127,0.20085672094903748,0.00022103080536608756,0.0012150680233806359,0.03347612015817292
18,2025-01-03,20.428571428571427,0.022008803521408566,0.1373521716378859,1.5016019462066237,23.58329509394847,50.603499850700004,303.6209991042,1.2038476929233233,0.20516079354080255,0.00022103080536608756,0.0013794053405207576,0.03419346559013377
18,2025-01-04,19.857142857142858,0.022008803521408566,0.12238618524332812,1.4706585599951156,23.63631707568124,50.603499850700004,303.6209991042,1.1981334072090373,0.19942203008511578,0.00022103080536608756,0.0012291043928718182,0.033237005014185965
18,2025-01-05,19.857142857142858,0.03221288515406162,0.09177394034536891,1.4490557962468,23.564973980245135,50.6034998507,303.6209991042,1.1777252439437313,0.19942203008511575,0.00032350872421763727,0.0009216706363171689,0.033237005014185965
18,2025-01-06,18.857142857142858,0.03221288515406162,0.09235230934479055,1.4192093751944808,23.520825520926017,50.6034998507,303.6209991042,1.1618200964596366,0.1893791940376639,0.00032350872421763727,0.000927479101353289,0.03156319900627732
18,2025-01-07,18.714285714285715,0.023809523809523805,0.10128088077336198,1.4025441167458912,23.506516402881164,50.6034998507,303.6209991042,1.1560427855352666,0.1879445031737422,0.00023911514398694927,0.0010171472803483948,0.031324083862290374
18,2025-01-08,17.857142857142858,0.01020408163265306,0.08767543859649123,1.3548574954757335,23.553862408719226,50.6034998507,303.6209991042,1.1492400644468312,0.17933635799021205,0.00010247791885154963,0.0008805100552129952,0.029889392998368677
18,2025-01-09,19.857142857142858,0.01020408163265306,0.10278217094460289,1.395009975169224,23.615655244879957,50.6034998507,303.6209991042,1.1699297196192453,0.19942203008511575,0.00010247791885154963,0.0010322244913978185,0.033237005014185965
18,2025-01-10,19.857142857142858,0.015918367346938776,0.09706788523031717,1.355462554865283,23.621054485051207,50.6034998507,303.6209991042,1.1699297196192453,0.19942203008511575,0.00015986555340841748,0.0009748368568409506,0.033237005014185965
18,2025-01-11,20.0,0.022411873840445268,0.08346244305344643,1.3773386375754861,23.641737376246255,50.6034998507,303.6209991042,1.1959037455932713,0.20085672094903748,0.0002250787744957673,0.000838199631705551,0.03347612015817292
18,2025-01-12,22.142857142857142,0.012207792207792207,0.08311057816956183,1.415429001250175,23.635334381669335,50.6034998507,303.6209991042,1.1849959341928489,0.2223770839078629,0.0001226008556442176,0.0008346659103658423,0.037062847317977154
18,2025-01-13,20.285714285714285,0.012207792207792207,0.08436371100164204,1.3584467752452423,23.660523807074092,50.6034998507,303.6209991042,1.1624395432154053,0.20372610267688085,0.0001226008556442176,0.0008472509179441029,0.033954350446146815
18,2025-01-14,20.0,0.012207792207792207,0.08563922120572366,1.3820178415107658,23.57153790284559,50.6034998507,303.6209991042,1.1484089309705074,0.20085672094903745,0.0001226008556442176,0.0008600606578005466,0.03347612015817292
18,2025-01-15,21.428571428571427,0.017922077922077922,0.09706779263429509,1.442200001925768,23.7014673067546,50.6034998507,303.6209991042,1.1998375023990788,0.2152036295882544,0.00017998849020108544,0.0009748359269142823,0.03586727159804241
18,2025-01-16,20.285714285714285,0.024724799010513297,0.08604269293924464,1.4229882238043994,23.634435805811822,50.6034998507,303.6209991042,1.164181860832107,0.20372610267688085,0.00024830710276878526,0.0008641126582700791,0.033954350446146815
18,2025-01-17,19.428571428571427,0.01901051329622758,0.06889983579638752,1.4524799813199627,23.614305509857328,50.6034998507,303.6209991042,1.163881108952408,0.19511795749335067,0.0001909194682119174,0.0006919497545994754,0.03251965958222512
18,2025-01-18,19.857142857142858,0.01251700680272109,0.08604269293924467,1.4403958960824272,23.55160365282925,50.6034998507,303.6209991042,1.1436213686926675,0.19942203008511575,0.00012570624712456756,0.0008641126582700791,0.033237005014185965
18,2025-01-19,18.714285714285715,0.01251700680272109,0.08979591836734693,1.4372000890549248,23.548865754858898,50.6034998507,303.6209991042,1.1443250984604367,0.1879445031737422,0.00012570624712456756,0.0009018056858936376,0.031324083862290374
18,2025-01-20,20.142857142857142,0.01251700680272109,0.06598639455782314,1.5200007713446888,23.493932706045786,50.6034998507,303.6209991042,1.1532536698890081,0.20229141181295915,0.00012570624712456756,0.0006626905419066882,0.03371523530215987
18,2025-01-21,20.285714285714285,0.01251700680272109,0.08435374149659865,1.4668636971588096,23.536363651081977,50.6034998507,303.6209991042,1.141689044038668,0.20372610267688085,0.00012570624712456756,0.0008471507958394778,0.033954350446146815
18,2025-01-22,18.714285714285715,0.006802721088435374,0.09333333333333334,1.4366257530564595,23.5334679418624,50.6034998507,303.6209991042,1.141280880773362,0.1879445031737422,6.831861256769972e-05,0.0009373313644288416,0.031324083862290374
18,2025-01-23,18.571428571428573,0.0,0.09401360544217688,1.5007122823388535,23.61571455397652,50.6034998507,303.6209991042,1.1776754385964912,0.18650981230982053,0.0,0.0009441632256856115,0.031084968718303425
18,2025-01-24,18.428571428571427,0.0,0.09401360544217688,1.5180724636712009,23.538901769245495,50.6034998507,303.6209991042,1.1551190476190476,0.1850751214458988,0.0,0.0009441632256856114,0.030845853574316472
18,2025-01-25,18.428571428571427,0.0,0.08829931972789117,1.5435977312964888,23.61075033758991,50.6034998507,303.6209991042,1.183690476190476,0.1850751214458988,0.0,0.0008867755911287436,0.030845853574316472
18,2025-01-26,18.571428571428573,0.0,0.09417439703153989,1.5462999647810922,23.569102569764762,50.6034998507,303.6209991042,1.1762693259121833,0.1865098123098205,0.0,0.0009457780292553934,0.031084968718303425
18,2025-01-27,18.428571428571427,0.0,0.10369820655534942,1.525322981237302,23.663132362580804,50.6034998507,303.6209991042,1.214959802102659,0.18507512144589877,0.0,0.001041424086850173,0.030845853574316472
18,2025-01-28,18.428571428571427,0.0,0.12274582560296844,1.587519392190867,23.61034105827729,50.6034998507,303.6209991042,1.224483611626469,0.1850751214458988,0.0,0.0012327162020397324,0.030845853574316472
18,2025-01-29,19.142857142857142,0.0,0.13241285030758715,1.6160013243359448,23.533980739727337,50.6034998507,303.6209991042,1.196019594440647,0.19224857576550727,0.0,0.001329800546214885,0.032041429294251224
18,2025-01-30,18.285714285714285,0.0,0.14873938091983205,1.5806564938694707,23.45382944733843,50.6034998507,303.6209991042,1.1664277577059532,0.18364043058197713,0.0,0.0014937652163773646,0.030606738430329523
18,2025-01-31,18.428571428571427,0.0,0.17881456888975686,1.5413975727726228,23.593850044427278,50.6034998507,303.6209991042,1.2040217426683593,0.1850751214458988,0.0,0.0017958053982556163,0.030845853574316472
18,2025-02-01,19.285714285714285,0.0,0.17660258732293657,1.545958105735034,23.50685295318766,50.6034998507,303.6209991042,1.1881692081061472,0.193683266629429,0.0,0.0017735908300400545,0.03228054443823817
18,2025-02-02,19.0,0.0,0.1928363535567028,1.5550493999409762,23.494629057368815,50.6034998507,303.6209991042,1.1751821951191344,0.1908138849015856,0.0,0.0019366238827584292,0.03180231415026427
18,2025-02-03,19.428571428571427,0.0,0.19124905196940123,1.5650730179292192,23.45180448867683,50.6034998507,303.6209991042,1.1593091792461183,0.19511795749335067,0.0,0.0019206828731592994,0.03251965958222512
18,2025-02-04,19.571428571428573,0.0,0.18827286149321076,1.562442892981267,23.587691622641124,50.6034998507,303.6209991042,1.1932377506746898,0.19655264835727237,0.0,0.0018907934801609305,0.03275877472621207
18,2025-02-05,18.857142857142858,0.0,0.17860583678859207,1.561448238202541,23.573398855840185,50.6034998507,303.6209991042,1.2012936045952054,0.1893791940376639,0.0,0.001793709135985778,0.03156319900627732
18,2025-02-06,19.0,0.0,0.1575174014144424,1.5685968772713126,23.534886576399998,50.6034998507,303.6209991042,1.2094568699013277,0.1908138849015856,0.0,0.0015819214370259088,0.03180231415026427
18,2025-02-07,18.571428571428573,0.008928571428571428,0.136370784873089,1.5754057667951409,23.4883881081981,50.6034998507,303.6209991042,1.198648599224636,0.1865098123098205,8.966817899510592e-05,0.001369549434142763,0.031084968718303425
18,2025-02-08,17.0,0.016071428571428573,0.14143990929705214,1.5552007952108462,23.519060756334888,50.6034998507,303.6209991042,1.1945011337868483,0.17072821280668185,0.00016140272219119074,0.0014204578196367588,0.02845470213444698
18,2025-02-09,17.142857142857142,0.016071428571428573,0.11933106575963717,1.5413536479414878,23.59773787164651,50.6034998507,303.6209991042,1.2353174603174604,0.17216290367060355,0.00016140272219119074,0.0011984223287917343,0.02869381727843393
18,2025-02-10,16.857142857142858,0.016071428571428573,0.12925170068027209,1.555223498024996,23.583109345266696,50.6034998507,303.6209991042,1.239285714285714,0.16929352194276018,0.00016140272219119074,0.0012980536387862966,0.02821558699046003
18,2025-02-11,17.0,0.024474789915966386,0.10141556622649059,1.5128480090408127,23.437588668303196,50.6034998507,303.6209991042,1.176785714285714,0.17072821280668185,0.0002457963024218788,0.0010184999042721426,0.02845470213444698
18,2025-02-12,17.285714285714285,0.024474789915966386,0.0899359743897559,1.5121520496503216,23.450793364991465,50.6034998507,303.6209991042,1.1908163265306122,0.17359759453452522,0.0002457963024218788,0.0009032122455641491,0.028932932422420878
18,2025-02-13,17.857142857142858,0.024474789915966386,0.09544975885090878,1.495711898216674,23.477366628255538,50.6034998507,303.6209991042,1.177282491944146,0.17933635799021205,0.0002457963024218788,0.0009585862789084954,0.029889392998368677
18,2025-02-14,18.571428571428573,0.022348939575830333,0.10012662959920811,1.532351169922131,23.445894989857102,50.6034998507,303.6209991042,1.1641022198353024,0.18650981230982053,0.00022444673599447256,0.0010055553250487889,0.031084968718303425
18,2025-02-15,19.857142857142858,0.020132190807357425,0.09569313206226229,1.5367772677155178,23.434960541312392,50.6034998507,303.6209991042,1.1596687222983568,0.19942203008511578,0.00020218429155430828,0.0009610304361684604,0.033237005014185965
18,2025-02-16,19.428571428571427,0.020132190807357425,0.0900241978218995,1.5653168206887529,23.380003975383836,50.6034998507,303.6209991042,1.1267889037042524,0.19511795749335067,0.0002021842915543083,0.0009040982590287105,0.03251965958222512
18,2025-02-17,18.714285714285715,0.020132190807357425,0.07216705496475662,1.5735119675423979,23.400399328178505,50.6034998507,303.6209991042,1.1170486439639926,0.1879445031737422,0.0002021842915543083,0.0007247619010384984,0.031324083862290374
18,2025-02-18,17.857142857142858,0.01172882946281961,0.06834734526269398,1.594675060991376,23.431458611563517,50.6034998507,303.6209991042,1.1300356569510057,0.17933635799021205,0.0001177907113236203,0.0006864011827518221,0.029889392998368677
18,2025-02-19,17.857142857142858,0.01172882946281961,0.05941877383412254,1.5968284516362192,23.512858053822075,50.6034998507,303.6209991042,1.1300356569510057,0.17933635799021205,0.0001177907113236203,0.0005967330037567161,0.029889392998368677
18,2025-02-20,18.0,0.01172882946281961,0.04438117984916014,1.6306359839139712,23.526733699526865,50.6034998507,303.6209991042,1.1435694915374717,0.1807710488541337,0.0001177907113236203,0.0004457129128175902,0.030128508142355626
18,2025-02-21,17.571428571428573,0.0049261083743842365,0.030775737672289395,1.6024688445190696,23.58328521677823,50.6034998507,303.6209991042,1.153773573170125,0.17646697626236865,4.947209875592047e-05,0.00030907568768219056,0.02941116271039478
18,2025-02-22,15.571428571428571,0.0,0.020923520923520924,1.5562009916966644,23.65335041563776,50.6034998507,303.6209991042,1.172492784992785,0.15638130416746487,0.0,0.00021013149017034944,0.026063550694577487
18,2025-02-23,16.857142857142858,0.0,0.02886002886002886,1.528320365749973,23.73412245625843,50.603499850700004,303.6209991042,1.1963023088023088,0.16929352194276012,0.0,0.0002898365381659992,0.02821558699046003
18,2025-02-24,17.428571428571427,0.0,0.047907647907647906,1.5090445973650033,23.683905331044993,50.6034998507,303.6209991042,1.1798520923520923,0.17503228539844692,0.0,0.0004811286533555587,0.029172047566407826
18,2025-02-25,18.285714285714285,0.008403361344537815,0.043323996265172734,1.5084896883644612,23.724196502124084,50.6034998507,303.6209991042,1.2004785247432306,0.18364043058197713,8.439358023068792e-05,0.00043509579141154706,0.030606738430329523
18,2025-02-26,17.714285714285715,0.008403361344537815,0.06713352007469654,1.5072305598699958,23.623884683452992,50.603499850700004,303.6209991042,1.1915499533146592,0.17790166712629032,8.439358023068792e-05,0.0006742109353984965,0.029650277854381728
18,2025-02-27,18.571428571428573,0.008403361344537815,0.07262802556920203,1.51170870840995,23.67089857353079,50.6034998507,303.6209991042,1.2179235796882857,0.18650981230982053,8.439358023068792e-05,0.0007293913532416385,0.031084968718303425
18,2025-02-28,18.571428571428573,0.008403361344537815,0.08850104144221792,1.500254857991312,23.653590659255578,50.603499850700004,303.6209991042,1.2099870717517778,0.18650981230982053,8.439358023068792e-05,0.0008888014492329381,0.031084968718303425
18,2025-03-01,20.142857142857142,0.008403361344537815,0.0939955469367234,1.5617706886659268,23.57782029125448,50.603499850700004,303.6209991042,1.2088881706528767,0.20229141181295915,8.439358023068792e-05,0.0009439818670760803,0.03371523530215987
18,2025-03-02,19.142857142857142,0.008403361344537815,0.07812253106370755,1.5937343502227228,23.564308953755678,50.6034998507,303.6209991042,1.2199992817639878,0.1922485757655073,8.439358023068792e-05,0.0007845717710847807,0.032041429294251224
18,2025-03-03,20.428571428571427,0.008403361344537815,0.07097967392085039,1.5898319224098019,23.54754546506948,50.603499850700004,303.6209991042,1.22238023414494,0.20516079354080258,8.439358023068792e-05,0.0007128372278886959,0.03419346559013377
18,2025-03-04,20.285714285714285,0.0,0.08043345543345544,1.5893840725089718,23.502401277825875,50.603499850700004,303.6209991042,1.2066239316239318,0.20372610267688085,0.0,0.00080778000564822,0.033954350446146815
18,2025-03-05,22.142857142857142,0.005714285714285714,0.06233821733821733,1.5660143439057619,23.518687976278862,50.6034998507,303.6209991042,1.2051953601953602,0.2223770839078629,5.738763455686775e-05,0.0006260524962181383,0.037062847317977154
18,2025-03-06,20.857142857142858,0.005714285714285714,0.06524707318824965,1.5676605088175368,23.40332445225352,50.603499850700004,303.6209991042,1.158653666594843,0.20946486613256762,5.738763455686775e-05,0.0006552656586056842,0.03491081102209461
18,2025-03-07,20.857142857142858,0.005714285714285714,0.05731056525174172,1.6048891595226986,23.362596687753587,50.6034998507,303.6209991042,1.166590174531351,0.20946486613256762,5.738763455686775e-05,0.0005755606106100346,0.03491081102209461
18,2025-03-08,19.857142857142858,0.005714285714285714,0.05933485674971743,1.6282742542956434,23.326777941295234,50.6034998507,303.6209991042,1.1541552410437859,0.19942203008511575,5.738763455686775e-05,0.0005958902382364554,0.033237005014185965
18,2025-03-09,19.0,0.005714285714285714,0.06953893838237049,1.5403281262215114,23.375733488648113,50.6034998507,303.6209991042,1.1521144247172554,0.1908138849015856,5.738763455686775e-05,0.000698368157088005,0.03180231415026427
18,2025-03-10,18.0,0.005714285714285714,0.07444089916668421,1.5756766602901133,23.308180216897913,50.6034998507,303.6209991042,1.1402096628124934,0.1807710488541337,5.738763455686775e-05,0.0007475977455559063,0.030128508142355626
18,2025-03-11,18.428571428571427,0.005714285714285714,0.06410255330202255,1.5581670561337264,23.347458940053404,50.6034998507,303.6209991042,1.1298713169478316,0.1850751214458988,5.738763455686775e-05,0.0006437714330352573,0.030845853574316472
18,2025-03-12,18.285714285714285,0.005952380952380952,0.0643406485401178,1.5457254608207582,23.331853052260787,50.6034998507,303.6209991042,1.137252269328784,0.18364043058197713,5.977878599673724e-05,0.0006461625844751268,0.030606738430329523
18,2025-03-13,20.0,0.01087848932676519,0.06086339556996422,1.5181325490123518,23.347098180003766,50.6034998507,303.6209991042,1.1387011247330148,0.20085672094903748,0.0001092508847526578,0.0006112411030003594,0.03347612015817292
18,2025-03-14,20.857142857142858,0.01087848932676519,0.06483164953821818,1.5203960137583645,23.397661328246297,50.6034998507,303.6209991042,1.1506058866377769,0.20946486613256762,0.0001092508847526578,0.0006510936269981842,0.03491081102209461
18,2025-03-15,22.428571428571427,0.01087848932676519,0.0668366620695465,1.4801443538377819,23.412477565368807,50.6034998507,303.6209991042,1.1450921021766238,0.2252464656357063,0.0001092508847526578,0.000671229639123401,0.03754107760595106
18,2025-03-16,24.428571428571427,0.01598053014309172,0.06683666206954651,1.5439533392617892,23.31800009901397,50.6034998507,303.6209991042,1.1195818980949912,0.24533213773061005,0.00016048984417843266,0.000671229639123401,0.040888689621768344
18,2025-03-17,23.857142857142858,0.01598053014309172,0.061018950369481864,1.4855406181335657,23.42302577127867,50.603499850700004,303.6209991042,1.1305709090840022,0.23959337427492325,0.00016048984417843266,0.0006128033143483093,0.03993222904582055
18,2025-03-18,24.714285714285715,0.01598053014309172,0.06492872480557209,1.5133137242379604,23.346516655913803,50.6034998507,303.6209991042,1.1230521120915211,0.24820151945845345,0.00016048984417843266,0.0006520685379924821,0.04136691990974225
18,2025-03-19,23.142857142857142,0.021017160179721755,0.08095436583121311,1.5182740473002685,23.303134353095885,50.603499850700004,303.6209991042,1.0923744564138653,0.23241991995531477,0.00021107189386797967,0.0008130114233683134,0.03873665332588581
18,2025-03-20,21.0,0.016091051805337517,0.10664050235478807,1.47121106471286,23.324344746202677,50.603499850700004,303.6209991042,1.0927263212977498,0.21089955699648932,0.00016159979511205907,0.0010709730811670419,0.03514992616608156
18,2025-03-21,20.428571428571427,0.02323390894819466,0.09473574045002617,1.4592949538373858,23.291371680569934,50.6034998507,303.6209991042,1.0712977498691783,0.20516079354080255,0.00023333433830814392,0.0009514155091735673,0.03419346559013377
18,2025-03-22,20.0,0.02852491423919995,0.09579394150822722,1.4651889663304583,23.320486823838866,50.603499850700004,303.6209991042,1.067064945636374,0.20085672094903748,0.0002864710369719104,0.0009620428489063206,0.03347612015817292
18,2025-03-23,19.142857142857142,0.029916379916379916,0.09208336636908065,1.452952914744604,23.344137906331753,50.603499850700004,303.6209991042,1.071239342667914,0.19224857576550727,0.0003004452986334854,0.0009247781511421206,0.032041429294251224
18,2025-03-24,21.142857142857142,0.029916379916379916,0.10225837654409083,1.467843404284112,23.359876453160616,50.6034998507,303.6209991042,1.0867053581339297,0.21233424786041105,0.0003004452986334854,0.0010269641101109026,0.035389041310068516
18,2025-03-25,20.428571428571427,0.029916379916379916,0.10511551940123369,1.4664295745853806,23.399031887480362,50.603499850700004,303.6209991042,1.108133929562501,0.20516079354080258,0.0003004452986334854,0.0010556579273893363,0.03419346559013377
18,2025-03-26,22.0,0.018927368927368928,0.11289940218511647,1.4813780937034804,23.47866567517556,50.6034998507,303.6209991042,1.1269068233353947,0.2209423930439412,0.0001900844629472011,0.0011338301860004546,0.03682373217399021
18,2025-03-27,22.285714285714285,0.018927368927368928,0.10907287157287159,1.521691940000963,23.48820558565574,50.6034998507,303.6209991042,1.1524170274170273,0.22381177477178463,0.0001900844629472011,0.0010954009664311233,0.03730196246196411
18,2025-03-28,23.571428571428573,0.01671062015889602,0.14848173856794547,1.488026082798068,23.47163226929999,50.603499850700004,303.6209991042,1.1479835298800816,0.23672399254707988,0.0001678220185070368,0.0014911777564784877,0.03945399875784666
18,2025-03-29,22.571428571428573,0.01141961486789073,0.14504258512879203,1.48821686988175,23.46419459109896,50.6034998507,303.6209991042,1.1498353817319333,0.226681156499628,0.00011468531984327032,0.0014566389023470394,0.037780192749938005
18,2025-03-30,21.714285714285715,0.0049261083743842365,0.147477650063857,1.5236830723350283,23.519221892761177,50.603499850700004,303.6209991042,1.1839262908228425,0.21807301131609783,4.9472098755920484e-05,0.0014810938602547957,0.03634550188601631
18,2025-03-31,20.0,0.0049261083743842365,0.14536124794745486,1.5235504046433184,23.451892597740596,50.6034998507,303.6209991042,1.1669950738916255,0.20085672094903748,4.9472098755920484e-05,0.001459839180789289,0.03347612015817292
18,2025-04-01,19.142857142857142,0.0049261083743842365,0.14127961529439362,1.5041479875924098,23.454572086854533,50.6034998507,303.6209991042,1.155770584095707,0.19224857576550727,4.9472098755920484e-05,0.0014188480132486692,0.032041429294251224
18,2025-04-02,18.714285714285715,0.0049261083743842365,0.12512315270935961,1.5144971766775945,23.45939027646327,50.6034998507,303.6209991042,1.17362772695285,0.1879445031737422,4.9472098755920484e-05,0.0012565913084003823,0.031324083862290374
18,2025-04-03,19.571428571428573,0.0049261083743842365,0.10483094491715181,1.534175723256747,23.508331657034486,50.6034998507,303.6209991042,1.1833679866931097,0.19655264835727237,4.9472098755920484e-05,0.001052799992502414,0.03275877472621207
18,2025-04-04,18.857142857142858,0.0,0.07732683982683983,1.5928483947367404,23.482194261356085,50.6034998507,303.6209991042,1.191372912801484,0.1893791940376639,0.0,0.0007765807744485241,0.03156319900627732
18,2025-04-05,19.571428571428573,0.0,0.0758982683982684,1.569453514731902,23.47270680762196,50.6034998507,303.6209991042,1.1956586270871985,0.19655264835727237,0.0,0.0007622338658093072,0.03275877472621207
18,2025-04-06,20.714285714285715,0.0,0.08482683982683982,1.54542463466502,23.382296614963906,50.6034998507,303.6209991042,1.1539919604205318,0.20803017526864595,0.0,0.0008519020448044133,0.034671695878107665
18,2025-04-07,20.285714285714285,0.0,0.08958874458874458,1.5438358368141714,23.404408278916,50.6034998507,303.6209991042,1.1444681508967223,0.20372610267688085,0.0,0.0008997250736018031,0.033954350446146815
18,2025-04-08,21.571428571428573,0.0,0.09801820332876233,1.563835026557415,23.434895672321556,50.6034998507,303.6209991042,1.1715311500094108,0.2166383204521761,0.0,0.0009843807456965616,0.03610638674202936
18,2025-04-09,20.571428571428573,0.0,0.09461684278454464,1.5572912518821234,23.381882008554552,50.6034998507,303.6209991042,1.1545243472883224,0.20659548440472422,0.0,0.0009502214394127116,0.03443258073412071
18,2025-04-10,19.428571428571427,0.0,0.10853149955634427,1.5050019886646209,23.397974864445754,50.6034998507,303.6209991042,1.1498861283643893,0.19511795749335065,0.0,0.0010899640560284613,0.03251965958222512
18,2025-04-11,17.714285714285715,0.0,0.10853149955634427,1.5278939941515666,23.42493360339154,50.6034998507,303.6209991042,1.15583850931677,0.17790166712629032,0.0,0.0010899640560284613,0.029650277854381728
18,2025-04-12,16.857142857142858,0.0,0.11033601083453977,1.5691937406429477,23.557378382144357,50.6034998507,303.6209991042,1.197041516835567,0.16929352194276012,0.0,0.0011080864669411564,0.02821558699046003
18,2025-04-13,17.285714285714285,0.0,0.09776987326840218,1.567392043157095,23.547329824461677,50.6034998507,303.6209991042,1.2010097708038212,0.17359759453452522,0.0,0.0009818868076147107,0.028932932422420878
18,2025-04-14,19.285714285714285,0.0,0.07396034945887839,1.5647394960327818,23.567894389746396,50.6034998507,303.6209991042,1.2339768037708543,0.19368326662942897,0.0,0.0007427716636277615,0.03228054443823817
18,2025-04-15,18.142857142857142,0.0,0.0648506186100171,1.521140922982322,23.537455140389074,50.603499850700004,303.6209991042,1.2157573420731314,0.18220573971805543,0.0,0.0006512841302762331,0.030367623286342574
18,2025-04-16,19.571428571428573,0.0,0.0725036798345069,1.513988709020343,23.544937105995754,50.6034998507,303.6209991042,1.2089546209846964,0.19655264835727237,0.0,0.0007281425694148953,0.03275877472621207
18,2025-04-17,20.571428571428573,0.006802721088435374,0.05889823765763615,1.5413655235134514,23.502940331372944,50.6034998507,303.6209991042,1.2089546209846962,0.20659548440472425,6.831861256769975e-05,0.0005915053442794957,0.03443258073412071
18,2025-04-18,21.714285714285715,0.013945578231292517,0.06127919003858854,1.493436496002309,23.51534329683772,50.603499850700004,303.6209991042,1.2137165257466012,0.21807301131609783,0.00014005315576378456,0.0006154168586781906,0.03634550188601631
18,2025-04-19,23.714285714285715,0.013945578231292517,0.06241840170411599,1.4700776358900676,23.38987091958682,50.6034998507,303.6209991042,1.1697429554572412,0.2381586834110016,0.00014005315576378456,0.0006268577746584276,0.0396931139018336
18,2025-04-20,22.285714285714285,0.022348939575830333,0.06553075775764851,1.4507048063195778,23.377896854976843,50.603499850700004,303.6209991042,1.170676662273301,0.22381177477178463,0.00022444673599447256,0.000658114656225349,0.03730196246196411
18,2025-04-21,20.428571428571427,0.022348939575830333,0.07651976874665951,1.4589945882856699,23.36160186106421,50.603499850700004,303.6209991042,1.15968765128429,0.20516079354080258,0.00022444673599447256,0.0007684754919116334,0.03419346559013377
18,2025-04-22,22.142857142857142,0.022348939575830333,0.07757796980486056,1.4976474737072134,23.394297995985358,50.6034998507,303.6209991042,1.161804053400692,0.2223770839078629,0.00022444673599447256,0.0007791028316443865,0.037062847317977154
18,2025-04-23,21.714285714285715,0.022348939575830333,0.08693171130145919,1.5247467593432018,23.428002403725852,50.603499850700004,303.6209991042,1.1788108561217805,0.21807301131609783,0.00022444673599447256,0.0008730409239249738,0.03634550188601631
18,2025-04-24,22.285714285714285,0.015546218487394958,0.08584327592730953,1.5368594803405127,23.44696501388018,50.6034998507,303.6209991042,1.183708815305454,0.22381177477178463,0.00015612812342677274,0.0008621099459141418,0.03730196246196411
18,2025-04-25,22.428571428571427,0.008403361344537815,0.07836028273003062,1.5264589358009566,23.463738943656928,50.6034998507,303.6209991042,1.1823482710877669,0.2252464656357063,8.439358023068795e-05,0.0007869594720896721,0.03754107760595106
18,2025-04-26,21.285714285714285,0.008403361344537815,0.0811308455005934,1.5322145154491744,23.47333432031223,50.603499850700004,303.6209991042,1.1965474052869012,0.2137689387243327,8.439358023068795e-05,0.0008147837797536081,0.03562815645405546
18,2025-04-27,22.571428571428573,0.0,0.07822198965056107,1.556829884649425,23.4970077905814,50.6034998507,303.6209991042,1.196224199081342,0.226681156499628,0.0,0.0007855706173660621,0.037780192749938005
18,2025-04-28,22.857142857142858,0.0,0.09580440723297866,1.5432739772447852,23.526492837438216,50.6034998507,303.6209991042,1.1837699866271296,0.22955053822747137,0.0,0.0009621479544641171,0.0382584230379119
18,2025-04-29,21.857142857142858,0.0,0.10665096807953951,1.5296691841171504,23.520591780227473,50.603499850700004,303.6209991042,1.1911773940345367,0.2195077021800195,0.0,0.0010710781867248385,0.036584617030003264
18,2025-04-30,20.714285714285715,0.0,0.07944008372579801,1.4947827985960616,23.519229222062986,50.6034998507,303.6209991042,1.1833281004709575,0.20803017526864592,0.0,0.0007978037364540393,0.034671695878107665
18,2025-05-01,20.285714285714285,0.0,0.08671281099852528,1.5008179932212116,23.463122712106472,50.603499850700004,303.6209991042,1.1570943342371913,0.20372610267688085,0.0,0.000870842544071871,0.033954350446146815
18,2025-05-02,20.428571428571427,0.006493506493506494,0.0864035964035964,1.5106068682861942,23.42261130063384,50.603499850700004,303.6209991042,1.142870462870463,0.20516079354080255,6.521322108734976e-05,0.0008677371525915211,0.03419346559013377
18,2025-05-03,19.428571428571427,0.006493506493506494,0.08291153291153293,1.5067369795436882,23.445205436566663,50.6034998507,303.6209991042,1.143822843822844,0.19511795749335065,6.521322108734976e-05,0.0008326669314734351,0.03251965958222512
18,2025-05-04,17.714285714285715,0.006493506493506494,0.08762110904968047,1.5240347841400796,23.420627596538626,50.603499850700004,303.6209991042,1.1375434089719805,0.17790166712629032,6.521322108734976e-05,0.0008799644324818427,0.029650277854381728
18,2025-05-05,17.714285714285715,0.006493506493506494,0.06857349000206144,1.541027645179991,23.43759636959847,50.603499850700004,303.6209991042,1.166114837543409,0.17790166712629032,6.521322108734976e-05,0.000688672317292283,0.029650277854381728
18,2025-05-06,17.857142857142858,0.006493506493506494,0.06755308183879613,1.5584137567480378,23.48178667835177,50.6034998507,303.6209991042,1.1919651776794633,0.17933635799021205,6.521322108734976e-05,0.0006784245254071281,0.029889392998368677
18,2025-05-07,19.142857142857142,0.01948051948051948,0.0935271078128221,1.5562407724340108,23.47681226931373,50.6034998507,303.6209991042,1.1849721706864564,0.1922485757655073,0.00019563966326204942,0.0009392774097565275,0.032041429294251224
18,2025-05-08,18.0,0.01948051948051948,0.10094825809111523,1.5697643444737497,23.477637094817954,50.6034998507,303.6209991042,1.196103896103896,0.1807710488541337,0.00019563966326204942,0.0010138068052849272,0.030128508142355626
18,2025-05-09,19.428571428571427,0.012987012987012988,0.10338332302618017,1.5699752203896238,23.46943867582633,50.6034998507,303.6209991042,1.1965097402597402,0.19511795749335067,0.00013042644217469958,0.0010382617631926835,0.03251965958222512
19,2025-01-01,18.571428571428573,0.018255578093306295,0.07399292005203335,1.7400056039766576,28.781071513366097,43.14868752423333,388.3381877181,8.30185045805156,0.2503881124313915,0.0002461296783145212,0.000997604869967757,0.02782090138126572
19,2025-01-02,20.285714285714285,0.023750083587811784,0.0865517897537602,1.696119018405268,28.764670160707908,43.14868752423334,388.3381877181,8.379558464330994,0.27350086127121215,0.00032020900151907486,0.001166929037292451,0.03038898458569025
19,2025-01-03,19.857142857142858,0.023750083587811784,0.08201664236146995,1.6645814717842258,28.739608502801996,43.14868752423334,388.3381877181,8.428311298798116,0.267722674061257,0.00032020900151907486,0.001105784199091867,0.029746963784584114
19,2025-01-04,21.0,0.023750083587811784,0.09154045188527947,1.7231846737814631,28.72216663642132,43.14868752423334,388.3381877181,8.359263679750494,0.2831311732878042,0.00032020900151907486,0.0012341883593130934,0.03145901925420047
19,2025-01-05,20.857142857142858,0.023750083587811784,0.08504694539177297,1.6705940646109383,28.817633184288017,43.14868752423334,388.3381877181,8.626115875174118,0.2812051108844858,0.00032020900151907486,0.0011466400682531663,0.031245012320498422
19,2025-01-06,19.857142857142858,0.013897866839043314,0.07026862026862027,1.6546012145447517,28.730282175475093,43.14868752423334,388.3381877181,8.369958239706138,0.26772267406125705,0.00018737711163504755,0.0009473922334271254,0.029746963784584114
19,2025-01-07,19.571428571428573,0.005494505494505498,0.0797924297924298,1.694033966527797,28.53991592571162,43.14868752423334,388.3381877181,7.747549276120705,0.2638705492546202,7.407932320455369e-05,0.0010757963936483517,0.029318949917180027
19,2025-01-08,20.285714285714285,0.005494505494505498,0.08693528693528695,1.6770308065983082,28.47075972655199,43.14868752423334,388.3381877181,7.7094540380254655,0.2735008612712122,7.407932320455369e-05,0.0011720995138142715,0.030388984585690247
19,2025-01-09,19.428571428571427,0.0,0.06825396825396825,1.649458598323784,28.46047514971238,43.14868752423334,388.3381877181,7.621541950113378,0.26194448685130184,0.0,0.0009202298149187891,0.02910494298347798
19,2025-01-10,18.571428571428573,0.0,0.0880952380952381,1.6391080432468155,28.320900516813044,43.14868752423334,388.3381877181,7.0421768707483,0.2503881124313915,0.0,0.001187738482046344,0.02782090138126572
19,2025-01-11,19.0,0.0,0.07287784679089027,1.5989268341950036,28.263812542457227,43.14868752423334,388.3381877181,6.735965690624076,0.25616629964134663,0.0,0.0009825709651711235,0.02846292218237185
19,2025-01-12,18.142857142857142,0.009523809523809528,0.08240165631469978,1.6489842926021907,28.232869668838266,43.14868752423334,388.3381877181,6.893788819875776,0.24460992522143626,0.00012840416022122638,0.0011109751253923499,0.027178880580159586
19,2025-01-13,17.714285714285715,0.009523809523809528,0.08240165631469978,1.6403853914234219,28.3205194264805,43.14868752423334,388.3381877181,7.066721150702844,0.2388317380114811,0.00012840416022122638,0.0011109751253923499,0.026536859779053457
19,2025-01-14,18.142857142857142,0.009523809523809528,0.07287784679089027,1.5923653139527192,28.37052449064517,43.14868752423334,388.3381877181,7.269895753877448,0.24460992522143626,0.00012840416022122638,0.0009825709651711235,0.027178880580159586
19,2025-01-15,18.428571428571427,0.009523809523809528,0.09820252211556559,1.6020985089279711,28.436801132363918,43.14868752423334,388.3381877181,7.740025624007318,0.24846205002807306,0.00012840416022122638,0.0013240093003048393,0.027606894447563677
19,2025-01-16,18.857142857142858,0.009523809523809528,0.10876152832674571,1.6604074145875765,28.418042877083714,43.14868752423334,388.3381877181,7.631329971833404,0.25424023723802824,0.00012840416022122638,0.0014663704344631552,0.02824891524866981
19,2025-01-17,21.142857142857142,0.009523809523809528,0.08835336506143958,1.7013262400343128,28.521675844621136,43.148687524233345,388.3381877181,8.002078271153133,0.28505723569112257,0.00012840416022122638,0.0011912186625605275,0.031673026187902506
19,2025-01-18,21.142857142857142,0.01573498964803313,0.08214218493721599,1.721847916343224,28.5625776442023,43.148687524233345,388.3381877181,8.443072059973007,0.28505723569112257,0.0002121460038437653,0.0011074768189379884,0.031673026187902506
19,2025-01-19,21.571428571428573,0.006211180124223606,0.09642789922293028,1.718066589546258,28.57312248957829,43.148687524233345,388.3381877181,8.517675234576183,0.2908354229010778,8.374184362253894e-05,0.001300083059269828,0.032315046989008646
19,2025-01-20,21.714285714285715,0.006211180124223606,0.10357075636578741,1.7030107544913662,28.482086909963282,43.148687524233345,388.3381877181,8.273314332320544,0.29276148530439616,8.374184362253894e-05,0.0013963861794357476,0.03252905392271069
19,2025-01-21,22.428571428571427,0.006211180124223606,0.10978193649001101,1.7303603137051435,28.490445494516354,43.148687524233345,388.3381877181,8.320243248814677,0.30239179732098814,8.374184362253894e-05,0.0014801280230582867,0.033599088591220905
19,2025-01-22,21.285714285714285,0.006211180124223606,0.07731440402247855,1.702097312775941,28.351744192766073,43.148687524233345,388.3381877181,7.541950113378684,0.28698329809444095,8.374184362253894e-05,0.0010423865677586513,0.031887033121604555
19,2025-01-23,20.571428571428573,0.006211180124223606,0.06040619146209208,1.652106610013584,28.261220559736895,43.148687524233345,388.3381877181,7.047471162377995,0.27735298607784903,8.374184362253894e-05,0.0008144226601195175,0.03081699845309433
19,2025-01-24,18.857142857142858,0.006211180124223606,0.07188578329882676,1.605138949851497,28.25399825212877,43.148687524233345,388.3381877181,7.1023181011535055,0.25424023723802824,8.374184362253894e-05,0.0009691955318147458,0.02824891524866981
19,2025-01-25,19.0,0.0,0.08974292615596961,1.6348542917642488,28.25894584944379,43.148687524233345,388.3381877181,7.012773587695947,0.2561662996413467,0.0,0.0012099533322295452,0.028462922182371852
19,2025-01-26,18.714285714285715,0.0,0.06593340234644582,1.6588721831544844,28.265803361154717,43.148687524233345,388.3381877181,6.69531327023563,0.25231417483470986,0.0,0.0008889429316764792,0.028034908314967764
19,2025-01-27,18.428571428571427,0.0,0.07466356107660456,1.6917459130033596,28.435953391747525,43.148687524233345,388.3381877181,7.488964063886423,0.24846205002807306,0.0,0.0010066467452126034,0.027606894447563677
19,2025-01-28,18.714285714285715,0.0,0.07416666666666667,1.7652469028544016,28.46505786970655,43.148687524233345,388.3381877181,7.680765306122448,0.25231417483470986,0.0,0.0009999473977228004,0.028034908314967768
19,2025-01-29,20.142857142857142,0.0,0.08011904761904762,1.7830616513274882,28.457543760048164,43.14868752423334,388.3381877181,7.577023809523809,0.2715747988678938,0.0,0.0010801999978610668,0.030174977651988205
19,2025-01-30,20.714285714285715,0.0,0.08516955266955266,1.8274675600818637,28.509121746822853,43.14868752423334,388.3381877181,7.946432178932178,0.2792790484811674,0.0,0.001148293113129899,0.03103100538679638
19,2025-01-31,21.571428571428573,0.006493506493506497,0.06487734487734488,1.8447197478092188,28.567269822979377,43.14868752423334,388.3381877181,8.083607503607505,0.2908354229010778,8.754829105992708e-05,0.000874704703567627,0.032315046989008646
19,2025-02-01,21.428571428571427,0.006493506493506497,0.059442562268649225,1.7993892424909912,28.540799828434363,43.14868752423334,388.3381877181,7.924704812096117,0.2889093604977594,8.754829105992708e-05,0.0008014305903979053,0.0321010400553066
19,2025-02-02,21.714285714285715,0.006493506493506497,0.06737907020515717,1.8259712782216615,28.485974619788657,43.14868752423334,388.3381877181,7.6945460819373865,0.29276148530439616,8.754829105992708e-05,0.0009084340572489272,0.03252905392271069
19,2025-02-03,22.857142857142858,0.006493506493506497,0.06249506532115228,1.8216871412725921,28.454073601955326,43.14868752423334,388.3381877181,7.362433749825054,0.30816998453094335,8.754829105992708e-05,0.0008425857699559905,0.03424110939232704
19,2025-02-04,20.571428571428573,0.006493506493506497,0.07265379547988245,1.6861411112300164,28.602632234123885,43.14868752423334,388.3381877181,7.8062432736345775,0.27735298607784903,8.754829105992708e-05,0.0009795502075252989,0.03081699845309433
19,2025-02-05,19.428571428571427,0.006493506493506497,0.08455855738464434,1.6920771421253717,28.585419537518057,43.14868752423334,388.3381877181,7.925290892682197,0.26194448685130184,8.754829105992708e-05,0.0011400554078018319,0.02910494298347798
19,2025-02-06,18.428571428571427,0.01601731601731602,0.08109535392144086,1.6784712822467431,28.552904124889597,43.14868752423334,388.3381877181,7.944771412162717,0.24846205002807303,0.00021595245128115347,0.001093362985903204,0.027606894447563677
19,2025-02-07,19.714285714285715,0.009523809523809528,0.09764332208231227,1.706979711196672,28.485580318274828,43.14868752423334,388.3381877181,7.80903617965329,0.2657966116579386,0.00012840416022122638,0.0013164699211849536,0.02953295685088207
19,2025-02-08,19.428571428571427,0.009523809523809528,0.09882640401073581,1.7568364721813885,28.56353274177545,43.14868752423334,388.3381877181,8.05127220449801,0.26194448685130184,0.00012840416022122638,0.0013324207485416277,0.029104942983477985
19,2025-02-09,19.714285714285715,0.009523809523809528,0.09803275321708502,1.714149383626769,28.55611518073673,43.14868752423334,388.3381877181,8.124288077513885,0.2657966116579386,0.00012840416022122638,0.0013217204018565257,0.02953295685088207
19,2025-02-10,18.142857142857142,0.009523809523809528,0.09656755175188356,1.734105428147264,28.505361204585807,43.14868752423334,388.3381877181,8.00084485407066,0.24460992522143624,0.00012840416022122638,0.0013019659156686444,0.027178880580159586
19,2025-02-11,18.285714285714285,0.009523809523809528,0.10926596445029625,1.7887482351512998,28.311846175440422,43.14868752423334,388.3381877181,7.134178187403994,0.24653598762475465,0.00012840416022122638,0.00147317146263028,0.02739288751386163
19,2025-02-12,19.0,0.016326530612244903,0.09821154268158876,1.792114292682319,28.40524354098599,43.14868752423334,388.3381877181,7.387579547948212,0.25616629964134663,0.00022012141752210238,0.0013241309195163563,0.02846292218237185
19,2025-02-13,20.142857142857142,0.019225081336882582,0.09489891328200284,1.8118919550820147,28.46806016752327,43.14868752423334,388.3381877181,7.511803150432684,0.2715747988678938,0.0002592009445459539,0.001279468602917669,0.0301749776519882
19,2025-02-14,17.571428571428573,0.019225081336882582,0.08284644961663594,1.8383204797025035,28.59210488955311,43.14868752423334,388.3381877181,7.817368552772279,0.2369056756081627,0.0002592009445459539,0.0011169720229850994,0.026322852845351408
19,2025-02-15,17.142857142857142,0.019225081336882582,0.09305053124928901,1.7838859980491477,28.468608155974778,43.14868752423334,388.3381877181,7.539590774994502,0.23112748839820751,0.0002592009445459539,0.0012545479089364135,0.02568083204424528
19,2025-02-16,17.285714285714285,0.019225081336882582,0.09271039519486723,1.7281257173661897,28.432821104817695,43.14868752423334,388.3381877181,7.509658802205386,0.2330535508015259,0.0002592009445459539,0.0012499620460713697,0.025894838977947327
19,2025-02-17,17.0,0.03021409232589357,0.10516460764907969,1.667509123629206,28.493879408014102,43.14868752423334,388.3381877181,8.034200926747511,0.2292014259948891,0.0004073595909550613,0.0014178751786683582,0.025466825110543233
19,2025-02-18,18.285714285714285,0.03773288931837477,0.08411197607013232,1.6836001492366515,28.533717175233026,43.14868752423334,388.3381877181,8.444727242536985,0.24653598762475465,0.0005087312963928715,0.0011340344034424892,0.02739288751386163
19,2025-02-19,18.142857142857142,0.030930168229939402,0.09873782641026838,1.6699574843701535,28.51792605075728,43.14868752423334,388.3381877181,8.319897310564196,0.24460992522143626,0.00041701403909199554,0.0013312265066393726,0.027178880580159586
19,2025-02-20,17.857142857142858,0.02531052906992757,0.1129348095513509,1.6089570537237277,28.551670655092284,43.14868752423334,388.3381877181,8.39295261964435,0.24075780041479947,0.00034124760914779366,0.0015226364349194617,0.0267508667127555
19,2025-02-21,20.428571428571427,0.02531052906992757,0.11577068335496664,1.5426236665303297,28.4979404240524,43.14868752423334,388.3381877181,8.520566940807058,0.2754269236745306,0.00034124760914779366,0.0015608709243153604,0.030602991519392293
19,2025-02-22,20.142857142857142,0.02531052906992757,0.10088973097401424,1.5205889869430178,28.551934506922628,43.14868752423334,388.3381877181,8.423344718584834,0.2715747988678938,0.00034124760914779366,0.0013602394239696938,0.0301749776519882
19,2025-02-23,18.714285714285715,0.03829754205694056,0.12006103585960486,1.5019718291315394,28.63789426928116,43.14868752423334,388.3381877181,8.798731236828496,0.25231417483470986,0.0005163441912676478,0.0016187153309085264,0.02803490831496776
19,2025-02-24,19.714285714285715,0.02730853106792957,0.10522587102444003,1.5717423253837046,28.5741383507322,43.14868752423334,388.3381877181,8.328951017048277,0.2657966116579386,0.00036818554485854054,0.0014187011582562313,0.02953295685088207
19,2025-02-25,19.714285714285715,0.02730853106792957,0.1277822620018836,1.5568548849941117,28.555268248733324,43.14868752423334,388.3381877181,8.359026205018202,0.2657966116579386,0.00036818554485854043,0.0017228162745696622,0.02953295685088207
19,2025-02-26,19.0,0.02730853106792957,0.11587750009712174,1.5303210063403472,28.494750128342236,43.14868752423334,388.3381877181,8.132835728827725,0.25616629964134663,0.00036818554485854043,0.0015623110742931294,0.02846292218237185
19,2025-02-27,18.857142857142858,0.027648667122351336,0.11689790826038703,1.5777266662210903,28.51127841928352,43.14868752423334,388.3381877181,8.399842531548813,0.25424023723802824,0.0003727714077235842,0.001576068662888261,0.028248915248669803
19,2025-02-28,17.428571428571427,0.027648667122351336,0.12348118673306642,1.6326451611704793,28.53640012512643,43.14868752423334,388.3381877181,8.260715913159522,0.23497961320484428,0.0003727714077235842,0.001664827298985883,0.026108845911649366
19,2025-03-01,17.571428571428573,0.027648667122351336,0.12295597664903281,1.709508284741095,28.61964343658494,43.14868752423334,388.3381877181,9.123110871142716,0.23690567560816267,0.0003727714077235842,0.001657746187208977,0.02632285284535141
19,2025-03-02,16.714285714285715,0.01466165413533835,0.12555337924643542,1.876996189238597,28.532686904074833,43.14868752423334,388.3381877181,8.77765632568817,0.2253493011882523,0.00019767482560373008,0.0016927655036329478,0.02503881124313915
19,2025-03-03,17.428571428571427,0.01466165413533835,0.12412480781786397,1.8598952318438815,28.507562412352232,43.14868752423334,388.3381877181,8.741942039973884,0.23497961320484428,0.00019767482560373008,0.0016735048795997636,0.02610884591164937
19,2025-03-04,17.428571428571427,0.007142857142857147,0.09404961984793916,1.8173490111643744,28.491524765461968,43.14868752423334,388.3381877181,8.58404730313178,0.23497961320484428,9.630312016591979e-05,0.0012680180578485223,0.026108845911649366
19,2025-03-05,18.285714285714285,0.007142857142857147,0.0981312525010004,1.798082676648525,28.5445229384168,43.14868752423334,388.3381877181,8.635747983403888,0.24653598762475468,9.630312016591979e-05,0.001323048412229048,0.02739288751386163
19,2025-03-06,17.142857142857142,0.0,0.07670268107242896,1.798941672991589,28.599975902013444,43.14868752423334,388.3381877181,8.802414650070556,0.23112748839820751,0.0,0.0010341390517312886,0.02568083204424528
19,2025-03-07,17.571428571428573,0.005952380952380956,0.08010404161664665,1.7614230577751027,28.528011615895743,43.14868752423334,388.3381877181,8.48608811945831,0.2369056756081627,8.025260013826649e-05,0.0010799976803817265,0.026322852845351415
19,2025-03-08,18.428571428571427,0.005952380952380956,0.09654540076900324,1.7435996302850918,28.359775996069736,43.14868752423334,388.3381877181,7.501798751537229,0.24846205002807306,8.025260013826649e-05,0.0013016672664413888,0.027606894447563677
19,2025-03-09,20.428571428571427,0.005952380952380956,0.08301156618253709,1.6245060732570753,28.41282597375707,43.14868752423334,388.3381877181,7.519843864319183,0.2754269236745306,8.025260013826649e-05,0.0011191981966533302,0.030602991519392293
19,2025-03-10,19.714285714285715,0.0130952380952381,0.0844401376111085,1.609729387363885,28.4230751337009,43.14868752423334,388.3381877181,7.312701007176325,0.2657966116579386,0.00017655572030418626,0.001138458820686514,0.02953295685088207
19,2025-03-11,19.571428571428573,0.0130952380952381,0.0844401376111085,1.6238888766307424,28.41072149428308,43.14868752423334,388.3381877181,7.349041859306652,0.2638705492546202,0.00017655572030418626,0.001138458820686514,0.02931894991718003
19,2025-03-12,19.714285714285715,0.019588744588744593,0.09680872140826373,1.6464254546561636,28.364850367210757,43.14868752423334,388.3381877181,7.59301217470554,0.2657966116579386,0.00026410401136411335,0.0013052174703244701,0.02953295685088207
19,2025-03-13,20.428571428571427,0.02799210593328241,0.130422166786415,1.6497547078141537,28.310080137512216,43.14868752423334,388.3381877181,7.68474886938341,0.2754269236745306,0.0003774017997946072,0.0017584086240464457,0.030602991519392293
19,2025-03-14,20.285714285714285,0.022039724980901457,0.11903500322533837,1.6770777513462416,28.26145374504465,43.14868752423334,388.3381877181,7.536715743089414,0.2735008612712122,0.0002971491996563407,0.0016048819107384578,0.03038898458569025
19,2025-03-15,20.714285714285715,0.022039724980901457,0.09419028272844399,1.642206127204879,28.358427809409513,43.14868752423334,388.3381877181,7.7204233398404885,0.2792790484811674,0.0002971491996563407,0.001269914536248302,0.031031005386796377
19,2025-03-16,19.857142857142858,0.022039724980901457,0.07915268874348157,1.6031100266059617,28.424647045298194,43.14868752423334,388.3381877181,8.00787273255304,0.26772267406125705,0.0002971491996563407,0.0010671711253726814,0.029746963784584114
19,2025-03-17,19.857142857142858,0.014896867838044312,0.08629554588633871,1.5721810686602888,28.44383125788226,43.14868752423334,388.3381877181,8.036444161124468,0.267722674061257,0.00020084607949042097,0.0011634742455386012,0.029746963784584114
19,2025-03-18,19.285714285714285,0.014896867838044312,0.08629554588633871,1.6066210060772945,28.388423205609644,43.148687524233345,388.3381877181,7.7643353175870535,0.2600184244479834,0.00020084607949042094,0.0011634742455386012,0.02889093604977594
19,2025-03-19,18.428571428571427,0.008403361344537818,0.0781786627694556,1.6417585721498593,28.477830288366373,43.14868752423333,388.3381877181,7.985926226677963,0.24846205002807306,0.00011329778843049388,0.0010540388817136923,0.027606894447563677
19,2025-03-20,18.142857142857142,0.0,0.04456521739130433,1.6103616115614539,28.423747318928427,43.148687524233345,388.3381877181,7.539427627238186,0.24460992522143626,0.0,0.0006008477279917169,0.027178880580159586
19,2025-03-21,18.142857142857142,0.0,0.04456521739130433,1.628224609466909,28.568850005076808,43.14868752423333,388.3381877181,7.918309614815826,0.24460992522143626,0.0,0.0006008477279917169,0.027178880580159586
19,2025-03-22,16.428571428571427,0.0,0.06497338065661047,1.6540872392359884,28.563990982436287,43.148687524233345,388.3381877181,8.190680101472028,0.22149717638161553,0.0,0.0008759994998943447,0.02461079737573506
19,2025-03-23,17.0,0.0,0.10699018737929954,1.702043944339571,28.535348784040064,43.14868752423333,388.3381877181,8.11375702454895,0.22920142599488913,0.0,0.001442488442046814,0.025466825110543236
19,2025-03-24,16.142857142857142,0.0,0.11311263635889136,1.7300454942032035,28.51944111470135,43.148687524233345,388.3381877181,8.394369269446909,0.21764505157497877,0.0,0.0015250339736176024,0.024182783508330974
19,2025-03-25,16.0,0.0,0.14607966932592434,1.7522698405876729,28.701134247646895,43.148687524233345,388.3381877181,9.0419359884422,0.21571898917166035,0.0,0.0019695099128449246,0.023968776574628925
19,2025-03-26,15.714285714285714,0.0,0.1486306897340876,1.7543815390592712,28.6562934427513,43.148687524233345,388.3381877181,8.7294359884422,0.21186686436502353,0.0,0.0020039038843327533,0.023540762707224838
19,2025-03-27,17.428571428571427,0.0,0.15392169502509287,1.752899558116766,28.62361164082785,43.148687524233345,388.3381877181,8.294515353521565,0.23497961320484428,0.0,0.0020752395289001012,0.026108845911649366
19,2025-03-28,18.857142857142858,0.004329004329004333,0.15448634776365866,1.7131813838975471,28.491694169990257,43.148687524233345,388.3381877181,8.026869955441384,0.25424023723802824,5.8365527373284726e-05,0.0020828524237748772,0.02824891524866981
19,2025-03-29,19.714285714285715,0.011471861471861477,0.14836389878406683,1.6859880944489167,28.4625913248594,43.148687524233345,388.3381877181,7.924829139114854,0.2657966116579386,0.00015466864753920453,0.002000306892204089,0.029532956850882076
19,2025-03-30,19.857142857142858,0.011471861471861477,0.12222010793439364,1.687785548569612,28.419253103326387,43.148687524233345,388.3381877181,7.686733901019616,0.267722674061257,0.00015466864753920453,0.0016478248837536636,0.029746963784584114
19,2025-03-31,20.571428571428573,0.018990658464342676,0.12436833564653113,1.6472643422744484,28.471126548134087,43.148687524233345,388.3381877181,7.569655490708122,0.27735298607784903,0.0002560403529770148,0.0016767882281644665,0.030816998453094335
19,2025-04-01,21.428571428571427,0.018990658464342676,0.10643889666446056,1.6190183223656553,28.423860184386843,43.148687524233345,388.3381877181,7.5262778157515,0.2889093604977594,0.0002560403529770148,0.001435055699812765,0.032101040055306604
19,2025-04-02,21.714285714285715,0.018990658464342676,0.09495930482772587,1.604307114933704,28.445526874501343,43.14868752423334,388.3381877181,7.579849244322928,0.29276148530439616,0.0002560403529770148,0.0012802828281175368,0.03252905392271069
19,2025-04-03,20.285714285714285,0.018990658464342676,0.09807166088125839,1.670844860713776,28.50429804842316,43.14868752423334,388.3381877181,8.03269705011191,0.2735008612712122,0.0002560403529770148,0.0013222449719806826,0.030388984585690247
19,2025-04-04,18.142857142857142,0.01466165413533835,0.10889417170376921,1.6660405241797067,28.594041835158624,43.14868752423334,388.3381877181,8.299652317067178,0.24460992522143626,0.00019767482560373008,0.0014681587904138945,0.027178880580159586
19,2025-04-05,18.0,0.015037593984962409,0.10212725441053612,1.6633929778944585,28.59587980065195,43.14868752423334,388.3381877181,8.18687036217996,0.24268386281811785,0.0002027434108756206,0.001376924255519865,0.026964873646457544
19,2025-04-06,18.0,0.015037593984962409,0.09419074647402817,1.5707891156163514,28.58840762803889,43.14868752423334,388.3381877181,8.075759251068849,0.24268386281811785,0.0002027434108756206,0.001269920788668843,0.026964873646457548
19,2025-04-07,17.714285714285715,0.007518796992481207,0.07163435549658458,1.6151736631355504,28.55400924934661,43.14868752423334,388.3381877181,8.006763231608433,0.23883173801148108,0.0001013717054378103,0.0009658056723554123,0.026536859779053457
19,2025-04-08,18.428571428571427,0.013471177944862158,0.06850152341638407,1.592781095233971,28.504786991906713,43.14868752423334,388.3381877181,7.54968303110718,0.24846205002807306,0.0001816243055760768,0.0009235674617563248,0.027606894447563677
19,2025-04-09,18.285714285714285,0.013471177944862158,0.06909676151162217,1.62362927743113,28.587686346435962,43.14868752423334,388.3381877181,7.891349697773847,0.24653598762475465,0.0001816243055760768,0.0009315927217701514,0.02739288751386163
19,2025-04-10,19.0,0.013471177944862158,0.060693400167084355,1.5893229953498647,28.6042480757765,43.14868752423334,388.3381877181,7.980348933831905,0.25616629964134663,0.0001816243055760768,0.0008182949333396574,0.02846292218237185
19,2025-04-11,20.0,0.013471177944862158,0.04831244778613198,1.609875997385915,28.63094015221052,43.14868752423334,388.3381877181,8.074952108435081,0.2696487364645754,0.0001816243055760768,0.0006513695250520632,0.02996097071828616
19,2025-04-12,20.285714285714285,0.012755102040816329,0.04079365079365078,1.6516398353869792,28.64113831394613,43.14868752423334,388.3381877181,8.269366716383523,0.2735008612712122,0.0001719698574391425,0.0005499978196142529,0.030388984585690247
19,2025-04-13,20.714285714285715,0.012755102040816329,0.03285714285714284,1.7814079040169764,28.687120001255156,43.14868752423334,388.3381877181,8.611770344501437,0.2792790484811674,0.0001719698574391425,0.0004429943527632309,0.031031005386796377
19,2025-04-14,22.0,0.012755102040816329,0.03835164835164834,1.8035362297652007,28.60551209117361,43.14868752423334,388.3381877181,8.388111650254507,0.296613610111033,0.0001719698574391425,0.0005170736759677845,0.03295706779011477
19,2025-04-15,22.857142857142858,0.011564625850340139,0.031208791208791196,1.8487505046277697,28.662854494656056,43.14868752423334,388.3381877181,8.770254507397365,0.30816998453094335,0.00015591933741148918,0.00042077055580186476,0.03424110939232704
19,2025-04-16,24.285714285714285,0.011564625850340139,0.033113553113553094,1.8344140920895406,28.554927556189963,43.14868752423334,388.3381877181,8.44644498358784,0.32743060856412726,0.00015591933741148918,0.00044645138784611,0.03638117872934748
19,2025-04-17,24.142857142857142,0.011564625850340139,0.033113553113553094,1.8256235883979268,28.50897148901962,43.14868752423334,388.3381877181,8.253804290947148,0.3255045461608089,0.00015591933741148918,0.00044645138784611,0.036167171795645436
19,2025-04-18,22.571428571428573,0.011564625850340139,0.031889063317634726,1.7903179502865965,28.450538612878876,43.148687524233345,388.3381877181,8.13992673992674,0.3043178597243065,0.00015591933741148918,0.00042994228153195237,0.03381309552492295
19,2025-04-19,23.142857142857142,0.010476190476190481,0.049031920460491873,1.7716787967260927,28.48241500850445,43.14868752423333,388.3381877181,8.001151229722657,0.3120221093375801,0.00014124457624334905,0.0006610697699301599,0.03466912325973113
19,2025-04-20,21.714285714285715,0.010476190476190481,0.049031920460491873,1.7356487225159367,28.44894832560061,43.148687524233345,388.3381877181,7.722239665096808,0.2927614853043962,0.00014124457624334905,0.0006610697699301599,0.03252905392271069
19,2025-04-21,20.142857142857142,0.010476190476190481,0.07210884353741495,1.7430069392617258,28.447098226833454,43.14868752423333,388.3381877181,7.810884353741497,0.2715747988678938,0.00014124457624334905,0.0009722029273892853,0.030174977651988205
19,2025-04-22,19.857142857142858,0.005714285714285719,0.07755102040816324,1.7069407120263322,28.391632159609685,43.148687524233345,388.3381877181,7.552040816326531,0.267722674061257,7.704249613273583e-05,0.0010455767332299862,0.029746963784584114
19,2025-04-23,19.142857142857142,0.005714285714285719,0.06612244897959182,1.6860367454063747,28.452428794035445,43.14868752423333,388.3381877181,7.802040816326531,0.258092362044665,7.704249613273585e-05,0.0008914917409645144,0.028676929116073894
19,2025-04-24,19.285714285714285,0.005714285714285719,0.07910946196660482,1.7069176201656144,28.437508453219305,43.148687524233345,388.3381877181,7.624551638837353,0.26001842444798345,7.704249613273585e-05,0.0010665883230843685,0.02889093604977594
19,2025-04-25,19.285714285714285,0.005714285714285719,0.08931354359925787,1.7653652870875514,28.524474384055257,43.148687524233345,388.3381877181,8.032714904143475,0.26001842444798345,7.704249613273585e-05,0.0012041642090356828,0.02889093604977594
19,2025-04-26,18.714285714285715,0.006802721088435377,0.07217068645640072,1.758844214136581,28.467899355018456,43.148687524233345,388.3381877181,7.85856524427953,0.25231417483470986,9.171725730087599e-05,0.0009730367206374751,0.028034908314967764
19,2025-04-27,20.428571428571427,0.006802721088435377,0.07217068645640072,1.7535899604454996,28.529722910405003,43.148687524233345,388.3381877181,8.454838536204997,0.27542692367453064,9.171725730087599e-05,0.0009730367206374751,0.030602991519392293
19,2025-04-28,19.857142857142858,0.006802721088435377,0.043599257884972153,1.749844293961414,28.62082497335469,43.148687524233345,388.3381877181,8.725834207200666,0.267722674061257,9.171725730087599e-05,0.000587824239973796,0.02974696378458411
19,2025-04-29,17.857142857142858,0.006802721088435377,0.043599257884972153,1.77906232580223,28.66436400623436,43.148687524233345,388.3381877181,9.006446452098627,0.2407578004147995,9.171725730087599e-05,0.000587824239973796,0.0267508667127555
19,2025-04-30,17.857142857142858,0.006802721088435377,0.05074211502782929,1.7446480457319369,28.544058638821905,43.148687524233345,388.3381877181,8.606446452098627,0.24075780041479947,9.171725730087599e-05,0.0006841273601397158,0.0267508667127555
19,2025-05-01,16.714285714285715,0.006802721088435377,0.047959183673469366,1.6799422334761054,28.608415255456467,43.148687524233345,388.3381877181,9.011826786050388,0.2253493011882523,9.171725730087599e-05,0.0006466066639711757,0.02503881124313915
19,2025-05-02,18.285714285714285,0.006802721088435377,0.04469387755102039,1.6364074767216954,28.559320978188158,43.148687524233345,388.3381877181,8.671826786050389,0.24653598762475465,9.171725730087599e-05,0.0006025823804667552,0.02739288751386163
19,2025-05-03,17.714285714285715,0.0,0.06150060024009602,1.6048426169537382,28.61026315818525,43.148687524233345,388.3381877181,8.852699134989965,0.23883173801148108,0.0,0.0008291779573277429,0.026536859779053457
19,2025-05-04,15.857142857142858,0.0,0.06150060024009602,1.5725540862129168,28.540728719169742,43.148687524233345,388.3381877181,8.470711557350212,0.2137929267683419,0.0,0.0008291779573277429,0.023754769640926883
19,2025-05-05,17.571428571428573,0.006211180124223606,0.07392296048854322,1.5184584788077529,28.534636812290675,43.148687524233345,388.3381877181,8.480875306644396,0.2369056756081627,8.374184362253894e-05,0.000996661644572821,0.026322852845351415
19,2025-05-06,18.571428571428573,0.006211180124223606,0.07052159994432554,1.4831104676902351,28.48053014888648,43.14868752423333,388.3381877181,8.368630408685211,0.2503881124313915,8.374184362253894e-05,0.0009508030159223827,0.02782090138126572
19,2025-05-07,18.285714285714285,0.006211180124223606,0.0633787428014684,1.4796719957003686,28.613076820919357,43.148687524233345,388.3381877181,8.971011361066166,0.24653598762475465,8.374184362253894e-05,0.0008544998957564629,0.02739288751386163
19,2025-05-08,19.142857142857142,0.006211180124223606,0.05317466116881534,1.4772850596407643,28.58858651143077,43.14868752423334,388.3381877181,8.538358299841676,0.25809236204466507,8.374184362253894e-05,0.000716924009805149,0.028676929116073894
19,2025-05-09,18.571428571428573,0.006211180124223606,0.04283452511439357,1.5266174288865988,28.59943720436799,43.14868752423334,388.3381877181,8.664072585555962,0.2503881124313915,8.374184362253894e-05,0.0005775137787078175,0.02782090138126572
19,2025-05-10,16.285714285714285,0.006211180124223606,0.026027802425317936,1.4108031666250045,28.51705639865787,43.14868752423334,388.3381877181,8.28592132505176,0.21957111397829715,8.374184362253894e-05,0.0003509182018468297,0.024396790442033016
2,2025-01-01,13.714285714285714,0.025793650793650785,0.020923520923520924,2.466999510557669,22.555695846284344,30.657808214649997,306.5780821465,46.04974747474747,0.3272220694856022,0.0006154350265209531,0.0004992340075274862,0.03272220694856021
2,2025-01-02,14.0,0.05640589569160997,0.020923520923520924,2.5053718596697228,22.500698080665583,30.657808214649997,306.5780821465,46.99022366522367,0.3340391959332189,0.0013458414316227436,0.0004992340075274862,0.03340391959332189
2,2025-01-03,13.285714285714286,0.05640589569160997,0.03191253191253191,2.553461110811971,22.45222097828781,30.65780821465,306.5780821465,46.30463147963148,0.3169963798141771,0.0013458414316227436,0.0007614311785896675,0.03169963798141771
2,2025-01-04,14.0,0.05640589569160997,0.018925518925518924,2.492563003545904,22.429950028527966,30.65780821465,306.5780821465,44.59278083028083,0.3340391959332189,0.0013458414316227436,0.0004515617946070897,0.03340391959332189
2,2025-01-05,15.285714285714286,0.06434240362811791,0.02686202686202686,2.5179882431404486,22.507018613141746,30.65780821465,306.5780821465,44.307066544566545,0.36471626494749415,0.0015352060551676522,0.0006409264181519984,0.0364716264947494
2,2025-01-06,14.571428571428571,0.08339002267573695,0.03638583638583638,2.5656973647395698,22.57908689148807,30.657808214649997,306.5780821465,44.516590354090354,0.34767344882845236,0.001989681151675433,0.0008681639664058887,0.034767344882845226
2,2025-01-07,14.571428571428571,0.07545351473922901,0.03638583638583638,2.5574004169773414,22.640194847255458,30.65780821465,306.5780821465,44.3657967032967,0.34767344882845236,0.0018003165281305247,0.0008681639664058887,0.03476734488284523
2,2025-01-08,15.714285714285714,0.06652494331065759,0.04531440781440781,2.5197274316119116,22.729755495535294,30.65780821465,306.5780821465,42.856868131868126,0.3749419546189192,0.0015872813266425022,0.001081199167893911,0.037494195461891915
2,2025-01-09,15.0,0.0359126984126984,0.04531440781440781,2.4600269563525585,22.683251392484785,30.65780821465,306.5780821465,42.48385225885226,0.3578991384998774,0.0008568749215407116,0.001081199167893911,0.03578991384998774
2,2025-01-10,16.285714285714285,0.05539321789321788,0.03432539682539682,2.442285340631186,22.774790804678567,30.65780821465,306.5780821465,42.410425685425686,0.3885762075141526,0.0013216789975145783,0.0008190019968317298,0.03885762075141526
2,2025-01-11,15.285714285714286,0.05539321789321788,0.03432539682539682,2.51267987441269,22.726225645254683,30.657808214649997,306.5780821465,42.23483044733045,0.36471626494749415,0.0013216789975145783,0.0008190019968317298,0.03647162649474941
2,2025-01-12,14.428571428571429,0.047456709956709954,0.02638888888888889,2.5389132186064782,22.791627980243288,30.657808214649997,306.5780821465,41.40149711399711,0.3442648856046439,0.0011323143739696698,0.0006296373732868212,0.034426488560464395
2,2025-01-13,15.142857142857142,0.0284090909090909,0.03115079365079365,2.580960135947145,22.726818836410928,30.657808214649997,306.5780821465,40.92768759018759,0.3613077017236858,0.0006778392774618888,0.0007432561474137663,0.03613077017236858
2,2025-01-14,14.285714285714286,0.0284090909090909,0.03511904761904762,2.5897691811437324,22.71857805512408,30.65780821465,306.5780821465,40.35625901875902,0.3408563223808356,0.0006778392774618888,0.0008379384591862207,0.03408563223808356
2,2025-01-15,14.142857142857142,0.029004329004328994,0.03571428571428571,2.7191933559088617,22.67695647484233,30.65780821465,306.5780821465,39.30685425685426,0.33744775915702724,0.0006920416242277571,0.0008521408059520887,0.03374477591570273
2,2025-01-16,14.428571428571429,0.029004329004328994,0.03571428571428571,2.739541575002057,22.853386887250984,30.65780821465,306.5780821465,39.062987012987016,0.344264885604644,0.0006920416242277571,0.0008521408059520887,0.034426488560464395
2,2025-01-17,13.857142857142858,0.009523809523809516,0.03571428571428571,2.7032658424135607,22.905965841562907,30.657808214649997,306.5780821465,39.806132756132754,0.3306306327094105,0.0002272375482538903,0.0008521408059520887,0.03306306327094105
2,2025-01-18,14.428571428571429,0.020512820512820502,0.046703296703296704,2.76916518011539,22.91541126926109,30.657808214649997,306.5780821465,38.53873348873349,0.3442648856046439,0.0004894347193160715,0.00111433797701427,0.03442648856046439
2,2025-01-19,13.857142857142858,0.020512820512820502,0.046703296703296704,2.77295621879211,22.926977630007418,30.65780821465,306.5780821465,38.68754301254301,0.33063063270941057,0.0004894347193160715,0.00111433797701427,0.03306306327094105
2,2025-01-20,12.428571428571429,0.020512820512820502,0.03241758241758242,2.6688921792740246,22.918530085028525,30.65780821465,306.5780821465,41.09468586968587,0.296545000471327,0.0004894347193160715,0.0007734816546334345,0.029654500047132694
2,2025-01-21,11.428571428571429,0.049084249084249076,0.020512820512820513,2.67718811567173,22.849879182735577,30.65780821465,306.5780821465,42.599447774447775,0.2726850579046685,0.0011711473640777428,0.0004894347193160714,0.027268505790466847
2,2025-01-22,12.142857142857142,0.03956043956043955,0.025274725274725275,2.6498644096220163,22.87255206685227,30.657808214649997,306.5780821465,42.94706682206682,0.2897278740237103,0.0009439098158238524,0.0006030534934430167,0.028972787402371025
2,2025-01-23,13.571428571428571,0.03956043956043955,0.03207744636316065,2.7073033040576084,22.764857678261468,30.657808214649997,306.5780821465,41.737419326705044,0.32381350626179384,0.0009439098158238524,0.0007653660279100812,0.032381350626179375
2,2025-01-24,14.285714285714286,0.04577161968466316,0.03207744636316065,2.7413646675211014,22.75706022579151,30.657808214649997,306.5780821465,41.30850283257116,0.3408563223808357,0.0010921082168589985,0.0007653660279100812,0.034085632238083564
2,2025-01-25,14.571428571428571,0.04430641821946169,0.021088435374149662,2.628801244267721,22.78642430501026,30.65780821465,306.5780821465,43.89018781425614,0.34767344882845236,0.0010571485940507074,0.0005031688568479,0.03476734488284523
2,2025-01-26,15.857142857142858,0.04430641821946169,0.03789515806322529,2.611941892099133,22.629251308563173,30.65780821465,306.5780821465,44.76518781425614,0.37835051784272755,0.0010571485940507074,0.0009041762949430007,0.03783505178427275
2,2025-01-27,16.428571428571427,0.04430641821946169,0.03789515806322529,2.7041686401628935,22.52006424031087,30.65780821465,306.5780821465,43.08559597752145,0.39198477073796095,0.0010571485940507074,0.0009041762949430007,0.03919847707379609
2,2025-01-28,18.142857142857142,0.024138350992570935,0.03789515806322529,2.6679874894399473,22.48031638366128,30.657808214649997,306.5780821465,44.42677244810967,0.43288752942366127,0.0005759396683365866,0.0009041762949430007,0.04328875294236612
2,2025-01-29,17.857142857142858,0.03207485892907887,0.03948245965052688,2.569996119195504,22.517483831844366,30.657808214649997,306.5780821465,45.06804228937953,0.42607040297604454,0.0007653042918814953,0.0009420492196519825,0.04260704029760445
2,2025-01-30,17.571428571428573,0.03959365592156007,0.0477173325470539,2.532817135292191,22.453254377444676,30.65780821465,306.5780821465,46.70284357831615,0.41925327652842787,0.0009447023562924613,0.0011385328140068502,0.04192532765284278
2,2025-01-31,15.857142857142858,0.03338247579733647,0.0477173325470539,2.4768609588856747,22.45724830809179,30.65780821465,306.5780821465,47.13536757605753,0.3783505178427276,0.0007965039552573155,0.0011385328140068502,0.03783505178427275
2,2025-02-01,15.571428571428571,0.034847677262537936,0.08068436551408688,2.611674192439948,22.347516758231333,30.65780821465,306.5780821465,45.27895731964728,0.3715333913951109,0.0008314635780656062,0.001925124327193394,0.03715333913951108
2,2025-02-02,15.0,0.034847677262537936,0.06387764282501125,2.7068189031495966,22.472677500941018,30.657808214649997,306.5780821465,43.41082545151541,0.3578991384998774,0.0008314635780656062,0.0015241168890982933,0.03578991384998774
2,2025-02-03,15.142857142857142,0.034847677262537936,0.06387764282501125,2.6473671605260836,22.534190695443076,30.657808214649997,306.5780821465,43.35708395491677,0.3613077017236858,0.0008314635780656062,0.0015241168890982933,0.03613077017236858
2,2025-02-04,14.714285714285714,0.02644431591800012,0.08428580609031736,2.7113645993382396,22.568819147585845,30.65780821465,306.5780821465,40.977131974124454,0.35108201205226075,0.0006309598590180559,0.002011054492499487,0.03510820120522607
2,2025-02-05,13.857142857142858,0.042317331791015995,0.0684127902173015,2.7034641784165236,22.467747514868524,30.65780821465,306.5780821465,42.29062403761652,0.33063063270941057,0.0010096891061078732,0.0016323252454096694,0.03306306327094105
2,2025-02-06,13.285714285714286,0.04432234432234432,0.05337519623233909,2.688606481541001,22.45962612043942,30.65780821465,306.5780821465,41.98235336092479,0.3169963798141771,0.0010575285899507973,0.0012735291165877373,0.031699637981417714
2,2025-02-07,13.857142857142858,0.04432234432234432,0.06289900575614862,2.6751675697208452,22.537491394278515,30.65780821465,306.5780821465,43.786682365253796,0.33063063270941057,0.0010575285899507973,0.0015007666648416279,0.03306306327094105
2,2025-02-08,14.285714285714286,0.04226190476190476,0.0477891156462585,2.6252130602927366,22.63072051523327,30.65780821465,306.5780821465,44.763330716902146,0.3408563223808357,0.0010083666203766384,0.0011402455546311286,0.03408563223808356
2,2025-02-09,13.428571428571429,0.04226190476190476,0.06819727891156462,2.528552155362863,22.62053715437079,30.65780821465,306.5780821465,46.100850340136056,0.3204049430379855,0.0010083666203766384,0.0016271831580323222,0.032040494303798545
2,2025-02-10,14.285714285714286,0.04226190476190476,0.08180272108843537,2.569132683592055,22.641525972196536,30.65780821465,306.5780821465,46.26683673469388,0.3408563223808356,0.0010083666203766384,0.0019518082269664515,0.034085632238083564
2,2025-02-11,13.714285714285714,0.07083333333333333,0.07568027210884354,2.5854411590846413,22.52911826682644,30.65780821465,306.5780821465,47.31989795918367,0.3272220694856022,0.0016900792651383097,0.0018057269459460933,0.03272220694856021
2,2025-02-12,14.142857142857142,0.047023809523809516,0.08520408163265306,2.619424110449888,22.616504865092743,30.65780821465,306.5780821465,45.59846938775511,0.33744775915702724,0.0011219853945035835,0.002032964494199984,0.03374477591570273
2,2025-02-13,15.0,0.03749999999999999,0.08520408163265306,2.6604302058181872,22.710759000083915,30.65780821465,306.5780821465,43.897789115646255,0.35789913849987737,0.0008947478462496932,0.002032964494199984,0.03578991384998774
2,2025-02-14,15.714285714285714,0.03749999999999999,0.07568027210884354,2.7472032214486473,22.581494417807516,30.657808214649997,306.5780821465,41.17397959183673,0.37494195461891916,0.0008947478462496932,0.0018057269459460933,0.037494195461891915
2,2025-02-15,14.714285714285714,0.028571428571428564,0.05782312925170068,2.7210824093201227,22.632654591150494,30.657808214649997,306.5780821465,40.358503401360544,0.3510820120522607,0.000681712644761671,0.0013796565429700489,0.035108201205226064
2,2025-02-16,15.428571428571429,0.05238095238095237,0.04931972789115646,2.759101524245824,22.571519569109423,30.657808214649997,306.5780821465,40.65102040816326,0.36812482817130243,0.0012498065153963968,0.0011767658748862177,0.03681248281713024
2,2025-02-17,14.428571428571429,0.06258503401360543,0.04591836734693877,2.7963851010748706,22.46047813317122,30.65780821465,306.5780821465,41.08979591836735,0.344264885604644,0.0014932753170969937,0.0010956096076526858,0.03442648856046439
2,2025-02-18,15.428571428571429,0.03401360544217686,0.04003601440576231,2.757033507222361,22.55314804500834,30.65780821465,306.5780821465,41.315846338535415,0.3681248281713025,0.0008115626723353226,0.0009552570043194004,0.036812482817130246
2,2025-02-19,14.857142857142858,0.04700061842918985,0.030512204881952783,2.7146190548780784,22.502459577967176,30.65780821465,306.5780821465,43.36952599221507,0.35449057527606903,0.0011214320563179003,0.00072801945606551,0.0354490575276069
2,2025-02-20,14.571428571428571,0.04700061842918985,0.030512204881952783,2.7054397559019954,22.526407842817296,30.657808214649997,306.5780821465,45.453664910940454,0.34767344882845236,0.0011214320563179003,0.00072801945606551,0.034767344882845226
2,2025-02-21,14.285714285714286,0.04700061842918985,0.05432172869147659,2.676674916906392,22.57718788647045,30.657808214649997,306.5780821465,45.56795062522617,0.3408563223808357,0.0011214320563179003,0.0012961133267002359,0.034085632238083564
2,2025-02-22,15.0,0.05720470006184291,0.06452581032412964,2.683699351005963,22.566685252122628,30.65780821465,306.5780821465,45.48291661162073,0.3578991384998774,0.0013649008580184972,0.0015395821284008328,0.03578991384998774
2,2025-02-23,15.142857142857142,0.0333951762523191,0.06361005940837873,2.6983313467304444,22.692219595911016,30.65780821465,306.5780821465,44.78694591565003,0.36130770172368576,0.0007968069873837712,0.0015177323641456513,0.03613077017236858
2,2025-02-24,15.571428571428571,0.031594455964203856,0.061809339120263485,2.6560948761291465,22.81890178868753,30.65780821465,306.5780821465,44.0600551593475,0.3715333913951108,0.0007538419047307248,0.0014747672814926047,0.03715333913951108
2,2025-02-25,15.714285714285714,0.031594455964203856,0.06134248571223361,2.6704892174279524,22.862349896785645,30.657808214649997,306.5780821465,42.878449183623886,0.37494195461891916,0.0007538419047307248,0.001463628185989963,0.037494195461891915
2,2025-02-26,16.142857142857142,0.018607442977190865,0.06134248571223361,2.738320808598382,22.877903570245177,30.657808214649997,306.5780821465,42.626130074161914,0.3851676442903443,0.0004439725207481469,0.001463628185989963,0.03851676442903442
2,2025-02-27,15.142857142857142,0.04241696678671468,0.09705677142651933,2.6742386146886967,22.754380330219192,30.65780821465,306.5780821465,43.0164809513549,0.36130770172368576,0.0010120663913828728,0.002315768991942052,0.03613077017236858
2,2025-02-28,15.142857142857142,0.050353474723222616,0.07324724761699551,2.6976191995859446,22.69249359908671,30.65780821465,306.5780821465,43.80219523706919,0.36130770172368576,0.0012014310149277817,0.001747675121307326,0.03613077017236858
2,2025-03-01,15.571428571428571,0.07376283846872081,0.07144652732888027,2.6818987901396976,22.671167910832445,30.65780821465,306.5780821465,44.976865105016365,0.3715333913951108,0.001759977089417386,0.0017047100386542793,0.03715333913951108
2,2025-03-02,15.0,0.0896358543417367,0.06045751633986928,2.633623137326233,22.511683080263005,30.657808214649997,306.5780821465,45.02204215019341,0.3578991384998774,0.0021387063365072034,0.0014425128675920984,0.03578991384998774
2,2025-03-03,15.0,0.0896358543417367,0.05205415499533147,2.620831535656127,22.497473885336625,30.657808214649997,306.5780821465,45.895991730025344,0.3578991384998775,0.0021387063365072034,0.001242009148544548,0.03578991384998774
2,2025-03-04,14.571428571428571,0.09915966386554621,0.04411764705882353,2.551591288280096,22.38129430993283,30.65780821465,306.5780821465,48.81821395224756,0.34767344882845236,0.002365943884761094,0.0010526445249996392,0.03476734488284523
2,2025-03-05,14.714285714285714,0.10868347338935573,0.04411764705882353,2.555530271912009,22.430171091244635,30.65780821465,306.5780821465,46.65494864612511,0.35108201205226075,0.0025931814330149845,0.0010526445249996392,0.03510820120522607
2,2025-03-06,16.142857142857142,0.1043544690603514,0.008403361344537815,2.56384163293523,22.51077170408352,30.65780821465,306.5780821465,46.12789236906884,0.3851676442903443,0.002489891638354125,0.00020050371904755025,0.038516764429034414
2,2025-03-07,15.285714285714286,0.10832272302860538,0.008403361344537815,2.4636769304200183,22.513961839624923,30.65780821465,306.5780821465,47.9850352262117,0.36471626494749415,0.002584573950126579,0.00020050371904755025,0.03647162649474941
2,2025-03-08,14.142857142857142,0.07470927765045411,0.0,2.4805272679041086,22.559733511231176,30.657808214649997,306.5780821465,46.704923181393774,0.33744775915702735,0.001782559073936378,0.0,0.03374477591570273
2,2025-03-09,14.428571428571429,0.07182327476445123,0.0,2.5521437930878874,22.678389884236697,30.65780821465,306.5780821465,45.321084797555386,0.344264885604644,0.0017136992108291384,0.0,0.034426488560464395
2,2025-03-10,14.0,0.08382807668521954,0.01020408163265306,2.5509385254689962,22.62090058283934,30.65780821465,306.5780821465,46.888311688311695,0.33403919593321885,0.002000133095182782,0.00024346880170059672,0.03340391959332189
2,2025-03-11,13.571428571428571,0.07430426716141002,0.022108843537414966,2.5471983753719702,22.659238943968596,30.65780821465,306.5780821465,45.47402597402597,0.32381350626179384,0.0017728955469288915,0.0005275157370179597,0.03238135062617938
2,2025-03-12,13.714285714285714,0.07370902906617191,0.031037414965986394,2.5503037296176445,22.746203773174653,30.65780821465,306.5780821465,45.51866883116884,0.3272220694856022,0.0017586932001630233,0.0007405509385059819,0.03272220694856021
2,2025-03-13,11.571428571428571,0.07463667285095855,0.031037414965986394,2.5917701607272923,22.833966455466925,30.65780821465,306.5780821465,45.80252782931354,0.27609362112847685,0.0017808267275903503,0.0007405509385059819,0.02760936211284768
2,2025-03-14,12.571428571428571,0.07025070793867785,0.031037414965986394,2.6495733170348594,22.795193756944744,30.657808214649997,306.5780821465,44.04688873156918,0.2999535636951354,0.0016761778566839534,0.0007405509385059819,0.029995356369513535
2,2025-03-15,13.142857142857142,0.07025070793867785,0.031037414965986394,2.6838326590804504,22.83536594069844,30.65780821465,306.5780821465,41.911357596038044,0.3135878165903688,0.0016761778566839534,0.0007405509385059819,0.031358781659036876
2,2025-03-16,13.142857142857142,0.07025070793867785,0.031037414965986394,2.608162750059394,22.87712359904438,30.65780821465,306.5780821465,46.132136816817265,0.3135878165903688,0.0016761778566839534,0.0007405509385059819,0.031358781659036876
2,2025-03-17,13.714285714285714,0.06571556054638761,0.02876984126984127,2.6162973646760244,23.021452708161014,30.65780821465,306.5780821465,43.77499395967441,0.3272220694856022,0.001567969500372577,0.0006864467603502937,0.03272220694856021
2,2025-03-18,14.0,0.07591964217904067,0.047477324263038544,2.6148713899226075,23.10531331144037,30.65780821465,306.5780821465,44.00628647668121,0.33403919593321885,0.0018114383020731738,0.0011328062301347215,0.03340391959332189
2,2025-03-19,14.428571428571429,0.06699107075046924,0.03854875283446712,2.6130066424621425,22.97884581854629,30.65780821465,306.5780821465,45.12705715337294,0.344264885604644,0.0015984031005851515,0.0009197710286466992,0.03442648856046439
2,2025-03-20,15.0,0.04658290748516312,0.03854875283446712,2.6020129354449097,22.874524721159815,30.657808214649997,306.5780821465,43.45358776561784,0.3578991384998774,0.0011114654971839577,0.0009197710286466992,0.03578991384998774
2,2025-03-21,14.142857142857142,0.0500531214816929,0.04953776382347811,2.630570177735865,23.04467711295379,30.657808214649997,306.5780821465,41.47845763259297,0.33744775915702735,0.001194264603835173,0.0011819681997088803,0.03374477591570273
2,2025-03-22,13.857142857142858,0.08901416044273185,0.04953776382347811,2.578069907492292,23.011270408989073,30.65780821465,306.5780821465,46.02091517505051,0.33063063270941057,0.0021238727557829065,0.0011819681997088803,0.03306306327094106
2,2025-03-23,13.857142857142858,0.10200117342974484,0.04953776382347811,2.6145558008069076,22.962120719759323,30.65780821465,306.5780821465,42.17675933089466,0.3306306327094105,0.0024337421397654844,0.0011819681997088803,0.03306306327094105
2,2025-03-24,13.857142857142858,0.08612815755672898,0.04953776382347811,2.5779328939214943,22.926121148748226,30.65780821465,306.5780821465,43.541838695974036,0.33063063270941057,0.002055012892675667,0.0011819681997088803,0.03306306327094106
2,2025-03-25,13.142857142857142,0.07592407592407592,0.018925518925518924,2.5948763128165058,22.83948272330179,30.65780821465,306.5780821465,43.42959379801486,0.3135878165903688,0.00181154409097507,0.0004515617946070898,0.031358781659036876
2,2025-03-26,12.571428571428571,0.114019314019314,0.018925518925518924,2.582317678364341,22.82943761371188,30.657808214649997,306.5780821465,43.84513264513265,0.2999535636951354,0.0027204942839906313,0.0004515617946070898,0.029995356369513535
2,2025-03-27,14.0,0.12082203510774939,0.018925518925518924,2.5349214786405057,22.838784905687938,30.657808214649997,306.5780821465,46.32132312132312,0.3340391959332189,0.002882806818457696,0.0004515617946070898,0.03340391959332189
2,2025-03-28,13.857142857142858,0.1098330241187384,0.007936507936507936,2.489270966432543,22.691662763720934,30.65780821465,306.5780821465,49.159235209235206,0.3306306327094105,0.002620609647395515,0.00018936462354490852,0.03306306327094106
2,2025-03-29,13.857142857142858,0.07087198515769944,0.020923520923520924,2.568791959558152,22.66390713728718,30.65780821465,306.5780821465,45.1462481962482,0.3306306327094105,0.0016910014954477817,0.0004992340075274864,0.03306306327094105
2,2025-03-30,14.0,0.056802721088435364,0.020923520923520924,2.54518758609946,22.701010112803058,30.65780821465,306.5780821465,46.16139971139972,0.3340391959332189,0.001355309662799989,0.0004992340075274864,0.03340391959332189
2,2025-03-31,13.571428571428571,0.056802721088435364,0.022510822510822513,2.598624989241948,22.63479796551299,30.65780821465,306.5780821465,44.8534632034632,0.32381350626179384,0.001355309662799989,0.0005371069322364681,0.03238135062617938
2,2025-04-01,15.142857142857142,0.07108843537414965,0.022510822510822513,2.6339387618923626,22.68327063421526,30.657808214649997,306.5780821465,43.70346320346321,0.36130770172368576,0.0016961659851808246,0.0005371069322364681,0.03613077017236858
2,2025-04-02,14.714285714285714,0.04489795918367346,0.03441558441558441,2.5992959929312383,22.67412777388369,30.657808214649997,306.5780821465,43.5987012987013,0.3510820120522607,0.001071262727482626,0.000821153867553831,0.035108201205226064
2,2025-04-03,13.0,0.038095238095238085,0.03441558441558441,2.6577841302803313,22.712740122496058,30.65780821465,306.5780821465,42.884415584415585,0.31017925336656044,0.0009089501930155613,0.000821153867553831,0.031017925336656038
2,2025-04-04,13.428571428571429,0.038095238095238085,0.05346320346320347,2.6429348916788684,22.74147761458359,30.65780821465,306.5780821465,42.50584415584416,0.3204049430379855,0.0009089501930155613,0.001275628964061612,0.032040494303798545
2,2025-04-05,14.285714285714286,0.046498599439775905,0.04047619047619048,2.6314082092106488,22.61524004597982,30.65780821465,306.5780821465,43.938235294117646,0.3408563223808356,0.0011094539120631117,0.000965759580079034,0.034085632238083564
2,2025-04-06,14.0,0.034593837535014,0.04047619047619048,2.642516122731023,22.63119657927196,30.657808214649997,306.5780821465,44.21918767507003,0.33403919593321885,0.0008254069767457487,0.000965759580079034,0.03340391959332189
2,2025-04-07,15.0,0.041087344028520496,0.03744588744588744,2.602558254860497,22.575573873112894,30.657808214649997,306.5780821465,44.94775910364147,0.3578991384998774,0.0009803416687370376,0.0008934567238164326,0.03578991384998774
2,2025-04-08,14.142857142857142,0.026801629742806202,0.03744588744588744,2.63311466533298,22.636363829542315,30.657808214649997,306.5780821465,43.944697879151654,0.33744775915702724,0.000639485346356202,0.0008934567238164326,0.03374477591570273
2,2025-04-09,13.285714285714286,0.03870639164756811,0.025541125541125538,2.7137902327978813,22.752556129503798,30.65780821465,306.5780821465,40.920888355342136,0.3169963798141771,0.000923532281673565,0.0006094097884990696,0.031699637981417714
2,2025-04-10,14.142857142857142,0.03870639164756811,0.03506493506493506,2.70659965909455,22.7702523182723,30.65780821465,306.5780821465,39.27326930772308,0.33744775915702724,0.000923532281673565,0.00083664733675296,0.03374477591570273
2,2025-04-11,14.571428571428571,0.06251591545709191,0.023953823953823953,2.7928730986551167,22.75077493784584,30.65780821465,306.5780821465,38.36215819661198,0.34767344882845236,0.0014916261523082908,0.0005715368637900878,0.03476734488284523
2,2025-04-12,13.714285714285714,0.0541125541125541,0.023953823953823953,2.791609064683904,22.824173844608115,30.65780821465,306.5780821465,38.43626056483199,0.3272220694856022,0.0012911224332607405,0.0005715368637900878,0.03272220694856022
2,2025-04-13,13.142857142857142,0.0541125541125541,0.023953823953823953,2.767568579956571,22.83048640106432,30.657808214650004,306.5780821465,39.79816532673676,0.3135878165903688,0.0012911224332607405,0.0005715368637900878,0.031358781659036876
2,2025-04-14,12.142857142857142,0.05714285714285714,0.01746031746031746,2.764144464729602,22.825799906323343,30.65780821465,306.5780821465,39.888641517212946,0.2897278740237103,0.0013634252895233423,0.00041660217179879895,0.028972787402371025
2,2025-04-15,11.857142857142858,0.06904761904761904,0.01746031746031746,2.7723552126376796,22.853005527946266,30.65780821465,306.5780821465,39.11313131313131,0.2829107475760936,0.0016474722248407052,0.00041660217179879895,0.028291074757609357
2,2025-04-16,12.714285714285714,0.04523809523809523,0.029365079365079365,2.7517726411492993,22.775353672409896,30.65780821465,306.5780821465,41.708369408369414,0.3033621269189437,0.0010793783542059792,0.0007006491071161619,0.03033621269189437
2,2025-04-17,12.857142857142858,0.06309523809523808,0.02876984126984127,2.6639335263928636,22.75635348715224,30.65780821465,306.5780821465,44.98694083694084,0.30677069014275204,0.0015054487571820236,0.0006864467603502937,0.030677069014275204
2,2025-04-18,11.857142857142858,0.07824675324675323,0.020833333333333332,2.5518054854779426,22.749396606189485,30.65780821465,306.5780821465,46.96818181818181,0.2829107475760936,0.0018669630384950313,0.0004970821368053851,0.028291074757609357
2,2025-04-19,12.285714285714286,0.08845083487940629,0.020833333333333332,2.541557044594792,22.81453829768642,30.65780821465,306.5780821465,46.765027829313546,0.29313643724751864,0.002110431840195628,0.0004970821368053851,0.029313643724751863
2,2025-04-20,12.857142857142858,0.08845083487940629,0.020833333333333332,2.5586963524906996,22.64376863924073,30.657808214650004,306.5780821465,48.0174087816945,0.30677069014275204,0.002110431840195628,0.0004970821368053851,0.0306770690142752
2,2025-04-21,13.142857142857142,0.0957337480446724,0.02923669467787115,2.599853400420994,22.71915365988809,30.65780821465,306.5780821465,47.72945359962167,0.3135878165903688,0.0022842017300368383,0.0006975858558529354,0.031358781659036876
2,2025-04-22,13.857142857142858,0.09223234748444832,0.02923669467787115,2.5896736181699676,22.619033404131965,30.65780821465,306.5780821465,48.456344355924195,0.3306306327094105,0.0022006585137670258,0.0006975858558529354,0.03306306327094105
2,2025-04-23,13.571428571428571,0.12080377605587689,0.017331932773109245,2.5857139388628605,22.64545471862067,30.65780821465,306.5780821465,48.88015387973371,0.32381350626179384,0.0028823711585286966,0.0004135389205355725,0.03238135062617938
2,2025-04-24,14.142857142857142,0.11008949034159118,0.0226890756302521,2.65905909565478,22.617107636064542,30.657808214649997,306.5780821465,46.22301102259085,0.33744775915702724,0.00262672891674307,0.0005413600414283858,0.03374477591570273
2,2025-04-25,13.857142857142858,0.07112845138055221,0.0226890756302521,2.698737775459075,22.6394991874349,30.657808214649997,306.5780821465,44.33700813658796,0.33063063270941057,0.0016971207647953367,0.0005413600414283858,0.03306306327094105
2,2025-04-26,13.571428571428571,0.06092436974789915,0.03459383753501401,2.705926204904182,22.574961321488512,30.657808214649997,306.5780821465,44.54449112978524,0.32381350626179384,0.0014536519630947398,0.0008254069767457487,0.032381350626179375
2,2025-04-27,14.571428571428571,0.06932773109243696,0.059803921568627454,2.725230067680191,22.60544346123195,30.657808214649997,306.5780821465,42.79911297852475,0.34767344882845236,0.0016541556821422902,0.0014269181338883998,0.03476734488284523
2,2025-04-28,14.428571428571429,0.06144957983193277,0.060329131652661065,2.7174246356406138,22.51734075024899,30.65780821465,306.5780821465,43.201949112978525,0.3442648856046439,0.001466183445535212,0.0014394496163288718,0.034426488560464395
2,2025-04-29,16.142857142857142,0.05304621848739495,0.07018134840142953,2.6860744716877014,22.554153330625688,30.65780821465,306.5780821465,44.443038652242514,0.3851676442903443,0.0012656797264876615,0.0016745229421087583,0.038516764429034414
2,2025-04-30,17.142857142857142,0.02447478991596638,0.07018134840142953,2.690946023229277,22.586392920884755,30.657808214649997,306.5780821465,42.82034957661226,0.40902758685700275,0.0005839670817259902,0.0016745229421087583,0.040902758685700265
2,2025-05-01,16.285714285714285,0.017331932773109234,0.05589563411571525,2.754328160427972,22.655096312483902,30.657808214649997,306.5780821465,42.645859780693876,0.3885762075141526,0.0004135389205355725,0.0013336666197279227,0.03885762075141525
2,2025-05-02,17.857142857142858,0.02447478991596638,0.05589563411571525,2.8134720195062592,22.655279507577994,30.65780821465,306.5780821465,42.30458993942404,0.4260704029760446,0.0005839670817259902,0.0013336666197279227,0.04260704029760445
2,2025-05-03,18.142857142857142,0.03467887154861944,0.04399087221095334,2.8079779864229217,22.71249161234407,30.65780821465,306.5780821465,42.73996408908391,0.43288752942366127,0.0008274358834265873,0.0010496196844105598,0.043288752942366115
2,2025-05-04,20.0,0.026275510204081625,0.028304597701149427,2.8082473818791938,22.798333147378894,30.65780821465,306.5780821465,42.28534224034441,0.47719885133316986,0.0006269321643790368,0.0006753460755217991,0.04771988513331698
2,2025-05-05,21.0,0.023558118899733797,0.019376026272578,2.8280367529525505,22.81757053648841,30.65780821465,306.5780821465,41.39986087388479,0.5010587938998284,0.0005620953639261605,0.0004623108740337768,0.05010587938998283
2,2025-05-06,19.142857142857142,0.023558118899733797,0.009523809523809523,2.8356193083655903,22.840000887687893,30.657808214649997,306.5780821465,40.96759486403257,0.4567474719903198,0.0005620953639261605,0.00022723754825389016,0.04567474719903197
2,2025-05-07,19.857142857142858,0.04303863838025328,0.009523809523809523,2.8633807412534886,22.75629330966179,30.65780821465,306.5780821465,41.57340082277971,0.4737902881093615,0.0010268994399000272,0.00022723754825389016,0.04737902881093615
2,2025-05-08,20.0,0.04303863838025328,0.009523809523809523,2.856468116867821,22.64881914832702,30.65780821465,306.5780821465,41.34550966631712,0.47719885133316986,0.0010268994399000272,0.00022723754825389016,0.047719885133316986
2,2025-05-09,18.714285714285715,0.03589578123739613,0.009523809523809523,2.819695618637439,22.625401693430092,30.65780821465,306.5780821465,42.19615901696647,0.4465217823188947,0.0008564712787096095,0.00022723754825389016,0.04465217823188946
20,2025-01-01,4.285714285714286,0.017857142857142873,0.08928571428571437,2.2615636054247013,32.23638741706989,39.757313856033335,238.5438831362,21.041666666666668,0.06315554673620269,0.0002631481114008447,0.0013157405570042228,0.010525924456033784
20,2025-01-02,5.0,0.03373015873015874,0.10515873015873023,2.2743152438736693,32.25202781888141,39.757313856033335,238.5438831362,20.48611111111111,0.07368147119223648,0.0004970575437571509,0.001549649989360529,0.01228024519870608
20,2025-01-03,5.571428571428571,0.03373015873015874,0.10515873015873023,2.2329808565873277,32.17862539565453,39.757313856033335,238.5438831362,20.396825396825395,0.0821022107570635,0.0004970575437571509,0.0015496499893605292,0.013683701792843918
20,2025-01-04,5.714285714285714,0.03373015873015874,0.10515873015873023,2.252370535415117,32.220365688909474,39.757313856033335,238.5438831362,21.275396825396825,0.08420739564827026,0.0004970575437571509,0.0015496499893605292,0.014034565941378377
20,2025-01-05,6.285714285714286,0.03373015873015874,0.12896825396825404,2.143215281647302,32.3155545389017,39.757313856033335,238.5438831362,21.132539682539683,0.09262813521309729,0.0004970575437571509,0.0019005141378949885,0.015438022535516214
20,2025-01-06,6.285714285714286,0.01587301587301589,0.11111111111111119,2.09110329758609,32.327279859421346,39.757313856033335,238.5438831362,21.132539682539683,0.09262813521309729,0.00023390943235630638,0.0016373660264941438,0.015438022535516216
20,2025-01-07,6.857142857142857,0.01587301587301589,0.13968253968253977,2.116725068362124,32.371800009382234,39.757313856033335,238.54388313619998,20.865873015873014,0.10104887477792432,0.00023390943235630638,0.0020584030047354953,0.016841479129654054
20,2025-01-08,6.714285714285714,0.01587301587301589,0.13968253968253977,2.1884134020003945,32.41456149950929,39.757313856033335,238.5438831362,21.008730158730156,0.09894368988671755,0.00023390943235630638,0.0020584030047354953,0.016490614981119592
20,2025-01-09,5.857142857142857,0.0,0.1714285714285715,2.0842463228525743,32.400637826833155,39.757313856033335,238.5438831362,21.754761904761903,0.08631258053947702,0.0,0.002526221869448108,0.014385430089912837
20,2025-01-10,5.428571428571429,0.0,0.1357142857142858,1.9805129248369355,32.47323222898786,39.757313856033335,238.5438831362,22.46547619047619,0.07999702586585675,0.0,0.0019999256466464188,0.013332837644309457
20,2025-01-11,6.142857142857143,0.0,0.13571428571428581,2.0034481933579684,32.450184146341876,39.757313856033335,238.5438831362,22.036904761904765,0.09052295032189053,0.0,0.0019999256466464188,0.015087158386981755
20,2025-01-12,6.285714285714286,0.0,0.11190476190476198,1.937635916862919,32.448256300084545,39.75731385603334,238.5438831362,22.557312925170066,0.09262813521309729,0.0,0.0016490614981119593,0.015438022535516216
20,2025-01-13,6.285714285714286,0.0,0.07619047619047627,1.8825359779712674,32.41612632073827,39.75731385603334,238.5438831362,21.968027210884355,0.09262813521309728,0.0,0.0011227652753102702,0.015438022535516214
20,2025-01-14,6.0,0.0,0.04761904761904771,1.9703969336813063,32.35942498456754,39.75731385603334,238.5438831362,21.639455782312925,0.08841776543068378,0.0,0.0007017282970689187,0.014736294238447297
20,2025-01-15,6.571428571428571,0.0,0.04761904761904771,2.034605988970937,32.33310061547365,39.75731385603334,238.5438831362,21.58231292517007,0.0968385049955108,0.0,0.0007017282970689187,0.016139750832585134
20,2025-01-16,7.571428571428571,0.0,0.028571428571428654,2.0327896767695197,32.19633331341356,39.75731385603334,238.5438831362,20.27755102040816,0.11157479923395809,0.0,0.0004210369782413513,0.01859579987232635
20,2025-01-17,8.285714285714286,0.0,0.07142857142857151,2.050077265619452,32.141881403305824,39.75731385603334,238.5438831362,19.477551020408164,0.12210072368999188,0.0,0.0010525924456033784,0.020350120614998645
20,2025-01-18,7.571428571428571,0.0,0.07142857142857151,2.1090825126532273,32.1187967639476,39.75731385603334,238.5438831362,19.020408163265305,0.11157479923395809,0.0,0.0010525924456033784,0.01859579987232635
20,2025-01-19,7.142857142857143,0.0,0.10714285714285722,2.266531792908458,32.0315257067114,39.757313856033335,238.5438831362,18.678571428571427,0.10525924456033782,0.0,0.0015788886684050675,0.01754320742672297
20,2025-01-20,6.714285714285714,0.0,0.10714285714285722,2.2388940381041054,32.066569302241625,39.757313856033335,238.5438831362,18.692857142857143,0.09894368988671756,0.0,0.0015788886684050675,0.016490614981119592
20,2025-01-21,6.714285714285714,0.0,0.12500000000000008,2.0532144865586823,32.08706675694376,39.757313856033335,238.5438831362,19.460714285714285,0.09894368988671755,0.0,0.0018420367798059121,0.016490614981119592
20,2025-01-22,8.0,0.0,0.13520408163265313,1.9878157198933422,32.04773225274845,39.75731385603334,238.5438831362,19.40561224489796,0.11789035390757838,0.0,0.0019924071291778232,0.01964839231792973
20,2025-01-23,7.142857142857143,0.0,0.14234693877551027,2.0208354374710518,32.06085411236145,39.75731385603334,238.5438831362,19.484183673469385,0.10525924456033782,0.0,0.002097666373738161,0.017543207426722975
20,2025-01-24,7.285714285714286,0.0,0.09948979591836742,2.0807277641850415,32.08348870815819,39.75731385603334,238.5438831362,20.01665120593692,0.10736442945154458,0.0,0.001466110906376134,0.017894071575257433
20,2025-01-25,7.571428571428571,0.0,0.09948979591836742,2.079465633278352,32.13201278208362,39.75731385603334,238.5438831362,20.171753246753244,0.11157479923395809,0.0,0.001466110906376134,0.01859579987232635
20,2025-01-26,8.0,0.0,0.0637755102040817,1.9716073842987865,32.174570354395975,39.75731385603334,238.5438831362,20.023794063079777,0.11789035390757838,0.0,0.000939814683574445,0.01964839231792973
20,2025-01-27,8.285714285714286,0.0,0.08418367346938783,2.0344998895251547,32.14953449099868,39.75731385603334,238.5438831362,20.080936920222634,0.12210072368999189,0.0,0.001240555382318267,0.020350120614998645
20,2025-01-28,9.0,0.0,0.06632653061224497,2.087097716112022,32.17395223822954,39.75731385603334,238.5438831362,19.428464392750108,0.13262664814602568,0.0,0.0009774072709174226,0.022104441357670947
20,2025-01-29,8.714285714285714,0.0,0.0680272108843538,2.0733907179730973,32.21105712777122,39.75731385603334,238.5438831362,19.457375957375955,0.12841627836361216,0.0,0.0010024689958127411,0.021402713060602024
20,2025-01-30,9.428571428571429,0.0,0.06405895691609985,2.053221803057269,32.25970039109098,39.75731385603334,238.5438831362,19.826423576423576,0.13894220281964592,0.0,0.0009439916377236646,0.023157033803274323
20,2025-01-31,8.857142857142858,0.0,0.06405895691609985,1.9786610004822747,32.25616757106867,39.75731385603334,238.5438831362,19.885792778649922,0.13052146325481892,0.0,0.0009439916377236646,0.021753577209136482
20,2025-02-01,8.285714285714286,0.04761904761904763,0.06405895691609985,2.093355309386046,32.208725568116904,39.75731385603334,238.5438831362,19.940214547357407,0.12210072368999189,0.000701728297068919,0.0009439916377236646,0.020350120614998645
20,2025-02-02,8.857142857142858,0.04761904761904763,0.10301999587713881,2.051807631361744,32.3177355059781,39.75731385603334,238.54388313619998,20.617394510251653,0.1305214632548189,0.000701728297068919,0.0015181329716891438,0.021753577209136482
20,2025-02-03,9.0,0.04761904761904763,0.08261183261183268,2.0528186152823173,32.380361696745254,39.75731385603334,238.5438831362,20.545965938823084,0.13262664814602568,0.000701728297068919,0.0012173922729453214,0.022104441357670944
20,2025-02-04,8.571428571428571,0.04761904761904763,0.11118326118326124,2.1757093647401438,32.343125727488584,39.75731385603334,238.5438831362,20.344867037724182,0.12631109347240538,0.000701728297068919,0.0016384292511866724,0.021051848912067565
20,2025-02-05,7.714285714285714,0.04761904761904763,0.146897546897547,2.3385287224619304,32.27801030205354,39.75731385603334,238.5438831362,20.499628942486083,0.11367998412516486,0.000701728297068919,0.0021647254739883617,0.01894666402086081
20,2025-02-06,7.428571428571429,0.04761904761904763,0.11515151515151523,2.422284049876338,32.2728706444664,39.75731385603334,238.5438831362,20.12547928262214,0.10946961434275133,0.000701728297068919,0.0016969066092757494,0.018244935723791888
20,2025-02-07,7.714285714285714,0.04761904761904763,0.1310245310245311,2.5712765434717517,32.325790504262265,39.75731385603334,238.5438831362,19.692372706658425,0.11367998412516485,0.000701728297068919,0.0019308160416320556,0.018946664020860808
20,2025-02-08,7.428571428571429,0.0,0.1310245310245311,2.4287669330359565,32.24827547302108,39.75731385603334,238.5438831362,19.73999175427747,0.10946961434275133,0.0,0.0019308160416320554,0.018244935723791888
20,2025-02-09,6.857142857142857,0.0,0.09206349206349215,2.5682263178000015,32.185943600158446,39.75731385603334,238.54388313619998,19.06281179138322,0.10104887477792432,0.0,0.0013566747076665764,0.01684147912965405
20,2025-02-10,6.285714285714286,0.0,0.09206349206349215,2.617242390587381,32.2236254155441,39.75731385603334,238.5438831362,19.06281179138322,0.09262813521309729,0.0,0.0013566747076665764,0.015438022535516214
20,2025-02-11,6.285714285714286,0.0,0.09206349206349215,2.503349953972616,32.27189907706279,39.75731385603334,238.5438831362,19.36281179138322,0.09262813521309729,0.0,0.0013566747076665766,0.015438022535516214
20,2025-02-12,6.142857142857143,0.0,0.10158730158730167,2.3721593281899493,32.311383963598665,39.75731385603334,238.5438831362,19.26281179138322,0.09052295032189052,0.0,0.0014970203670803604,0.015087158386981755
20,2025-02-13,5.857142857142857,0.0,0.10158730158730167,2.3192393808310046,32.36410981004886,39.75731385603333,238.54388313620004,19.18934240362812,0.086312580539477,0.0,0.0014970203670803604,0.014385430089912835
20,2025-02-14,5.714285714285714,0.0,0.08571428571428578,2.2945121246490103,32.27430730840397,39.75731385603334,238.5438831362,19.6734693877551,0.08420739564827026,0.0,0.001263110934724054,0.014034565941378375
20,2025-02-15,6.571428571428571,0.0,0.12653061224489803,2.246022223631838,32.43935552657132,39.75731385603334,238.5438831362,20.020408163265305,0.0968385049955108,0.0,0.0018645923322116989,0.01613975083258513
20,2025-02-16,6.714285714285714,0.0,0.1443877551020409,2.1429383335022165,32.41339904226976,39.75731385603334,238.5438831362,20.45408163265306,0.09894368988671755,0.0,0.0021277404436125433,0.016490614981119592
20,2025-02-17,6.714285714285714,0.0,0.1801020408163266,2.052653491140169,32.35577421208914,39.75731385603334,238.5438831362,20.418367346938773,0.09894368988671755,0.0,0.002654036666414232,0.016490614981119592
20,2025-02-18,6.857142857142857,0.0,0.190491651205937,2.1419374238705196,32.38034231009304,39.75731385603334,238.5438831362,20.496289424860855,0.10104887477792432,0.0,0.00280714102213836,0.016841479129654054
20,2025-02-19,7.142857142857143,0.0,0.13334879406307984,2.1709005029399995,32.40091110980998,39.75731385603334,238.5438831362,20.463636363636365,0.10525924456033783,0.0,0.0019650670656556576,0.01754320742672297
20,2025-02-20,7.428571428571429,0.0,0.15375695732838596,2.1882432132189393,32.38019189613415,39.75731385603334,238.5438831362,20.496289424860855,0.10946961434275133,0.0,0.00226580776439948,0.018244935723791895
20,2025-02-21,7.571428571428571,0.0,0.15375695732838596,2.118575536373471,32.364366184797895,39.75731385603334,238.5438831362,19.948670377241804,0.11157479923395809,0.0,0.00226580776439948,0.01859579987232635
20,2025-02-22,8.714285714285714,0.0,0.12246444032158325,2.1375388839037233,32.33781364930486,39.75731385603334,238.5438831362,19.973160173160174,0.12841627836361216,0.0,0.0018046720263256188,0.021402713060602024
20,2025-02-23,8.857142857142858,0.0,0.13635332921047214,2.171355727174536,32.31511453584311,39.75731385603334,238.5438831362,20.024747474747475,0.1305214632548189,0.0,0.0020093427796373867,0.021753577209136486
20,2025-02-24,9.428571428571429,0.0,0.11849618635332927,2.2187416926431553,32.26665332993115,39.75731385603334,238.54388313619998,20.096176046176048,0.13894220281964592,0.0,0.001746194668236542,0.023157033803274326
20,2025-02-25,8.857142857142858,0.020408163265306138,0.07953514739229031,2.1463048333850283,32.211229444510195,39.75731385603334,238.5438831362,20.22233560090703,0.1305214632548189,0.0003007406987438225,0.001172053334271063,0.021753577209136482
20,2025-02-26,8.571428571428571,0.020408163265306138,0.07953514739229031,2.007373913513482,32.26711368201029,39.75731385603334,238.5438831362,20.940702947845804,0.12631109347240538,0.0003007406987438225,0.001172053334271063,0.021051848912067565
20,2025-02-27,8.714285714285714,0.020408163265306138,0.07698412698412706,1.9963963054708265,32.22855611007044,39.75731385603333,238.5438831362,20.933049886621315,0.12841627836361216,0.0003007406987438225,0.0011344607469280855,0.021402713060602024
20,2025-02-28,7.857142857142857,0.020408163265306138,0.07698412698412706,2.100344483680877,32.18788780253125,39.75731385603334,238.5438831362,21.123526077097505,0.1157851690163716,0.0003007406987438225,0.0011344607469280855,0.019297528169395266
20,2025-03-01,6.571428571428571,0.020408163265306138,0.06746031746031754,2.1754361409301803,32.24752898736505,39.75731385603333,238.5438831362,21.275907029478457,0.0968385049955108,0.0003007406987438225,0.0009941150875143016,0.01613975083258513
20,2025-03-02,5.714285714285714,0.020408163265306138,0.035714285714285796,2.199053504319726,32.188547473905466,39.75731385603334,238.5438831362,20.831462585034014,0.08420739564827026,0.0003007406987438225,0.0005262962228016891,0.014034565941378377
20,2025-03-03,5.857142857142857,0.03628117913832201,0.017857142857142936,2.1753220022763733,32.21794473744826,39.75731385603333,238.54388313619998,21.232256235827666,0.08631258053947702,0.0005346501311001287,0.00026314811140084454,0.014385430089912837
20,2025-03-04,5.857142857142857,0.01587301587301589,0.017857142857142936,2.1868144239702567,32.209221200347336,39.75731385603334,238.5438831362,20.701643990929707,0.08631258053947702,0.00023390943235630638,0.00026314811140084454,0.014385430089912837
20,2025-03-05,6.0,0.01587301587301589,0.017857142857142936,2.341788899751662,32.09033887377163,39.75731385603334,238.5438831362,20.020691609977323,0.08841776543068378,0.00023390943235630638,0.00026314811140084454,0.014736294238447295
20,2025-03-06,6.0,0.03373015873015874,0.017857142857142936,2.2816708592268964,32.14520379869519,39.75731385603334,238.54388313619998,20.50283446712018,0.08841776543068378,0.0004970575437571509,0.00026314811140084454,0.014736294238447297
20,2025-03-07,6.571428571428571,0.03373015873015874,0.017857142857142936,2.1914411197424895,32.28050246032011,39.75731385603334,238.5438831362,21.482426303854876,0.0968385049955108,0.0004970575437571509,0.00026314811140084454,0.01613975083258513
20,2025-03-08,6.0,0.10515873015873016,0.017857142857142936,2.2665993886012203,32.18390069233288,39.75731385603334,238.5438831362,20.88718820861678,0.08841776543068379,0.0015496499893605292,0.00026314811140084454,0.014736294238447295
20,2025-03-09,6.0,0.10515873015873016,0.06547619047619055,2.209712186917239,32.27071688230337,39.75731385603334,238.54388313619998,20.791950113378682,0.08841776543068378,0.0015496499893605292,0.0009648764084697634,0.014736294238447297
20,2025-03-10,5.285714285714286,0.08928571428571429,0.06547619047619055,2.2267781839679324,32.29392846295731,39.75731385603334,238.5438831362,20.35544217687075,0.07789184097464999,0.001315740557004223,0.0009648764084697634,0.012981973495774998
20,2025-03-11,5.428571428571429,0.08928571428571429,0.10119047619047628,2.258071746337232,32.33156797386792,39.75731385603334,238.5438831362,20.342687074829932,0.07999702586585675,0.001315740557004223,0.0014911726312714525,0.013332837644309457
20,2025-03-12,5.142857142857143,0.08928571428571429,0.10119047619047628,2.2910776388687824,32.3931230781321,39.75731385603334,238.5438831362,21.43792517006803,0.07578665608344323,0.001315740557004223,0.0014911726312714525,0.01263110934724054
20,2025-03-13,5.0,0.07142857142857142,0.10374149659863953,2.465717472825078,32.40306995774705,39.75731385603334,238.54388313620004,21.065476190476193,0.07368147119223648,0.0010525924456033784,0.0015287652186144302,0.012280245198706083
20,2025-03-14,5.428571428571429,0.08571428571428573,0.11802721088435382,2.5040799050298195,32.365071642787605,39.75731385603334,238.5438831362,20.30017006802721,0.07999702586585675,0.001263110934724054,0.0017392837077351059,0.013332837644309457
20,2025-03-15,5.714285714285714,0.014285714285714303,0.11802721088435382,2.4147903613873245,32.39792833947926,39.75731385603334,238.5438831362,20.193027210884356,0.08420739564827026,0.0002105184891206758,0.0017392837077351059,0.014034565941378377
20,2025-03-16,6.428571428571429,0.014285714285714303,0.0704081632653062,2.4854905471590025,32.4516475915401,39.75731385603334,238.5438831362,21.288265306122447,0.09473332010430405,0.0002105184891206758,0.0010375554106661872,0.015788886684050676
20,2025-03-17,6.571428571428571,0.04285714285714288,0.0704081632653062,2.469251742892439,32.45381095677783,39.75731385603334,238.5438831362,22.102551020408164,0.0968385049955108,0.0006315554673620271,0.0010375554106661872,0.016139750832585134
20,2025-03-18,6.714285714285714,0.04285714285714288,0.06643990929705224,2.4978782491223757,32.51801121678569,39.75731385603334,238.5438831362,22.12437641723356,0.09894368988671755,0.0006315554673620272,0.0009790780525771106,0.016490614981119592
20,2025-03-19,7.142857142857143,0.04285714285714288,0.08684807256235835,2.294172358076804,32.57323025095728,39.75731385603334,238.5438831362,21.461111111111112,0.10525924456033782,0.0006315554673620272,0.0012798187513209328,0.01754320742672297
20,2025-03-20,6.571428571428571,0.04285714285714288,0.06643990929705224,2.1634188104215104,32.5333722264345,39.75731385603333,238.54388313619998,21.34546485260771,0.0968385049955108,0.0006315554673620272,0.0009790780525771106,0.01613975083258513
20,2025-03-21,6.0,0.028571428571428588,0.07596371882086175,2.101944579055664,32.5087856621309,39.75731385603334,238.5438831362,20.91689342403628,0.08841776543068378,0.00042103697824135143,0.0011194237119908942,0.014736294238447297
20,2025-03-22,6.571428571428571,0.028571428571428588,0.11167800453514747,2.0517816336624164,32.518235282672045,39.75731385603333,238.5438831362,20.881179138321993,0.0968385049955108,0.00042103697824135154,0.0016457199347925835,0.016139750832585134
20,2025-03-23,6.142857142857143,0.028571428571428588,0.11167800453514747,1.8986569471313588,32.53870861709658,39.75731385603334,238.5438831362,19.766893424036283,0.09052295032189052,0.00042103697824135154,0.0016457199347925835,0.015087158386981755
20,2025-03-24,6.428571428571429,0.020408163265306138,0.1320861678004536,1.9432053539783425,32.438676346460205,39.75731385603334,238.54388313619998,19.00362811791383,0.09473332010430403,0.0003007406987438225,0.0019464606335364057,0.015788886684050676
20,2025-03-25,6.142857142857143,0.020408163265306138,0.10034013605442185,1.8340788670008106,32.33802693723036,39.75731385603334,238.5438831362,18.933333333333334,0.09052295032189053,0.0003007406987438225,0.0014786417688237932,0.015087158386981754
20,2025-03-26,6.285714285714286,0.020408163265306138,0.11564625850340142,1.9517722253423426,32.30704025338853,39.75731385603334,238.5438831362,18.45374149659864,0.09262813521309729,0.0003007406987438225,0.0017041972928816599,0.015438022535516216
20,2025-03-27,7.285714285714286,0.020408163265306138,0.12993197278911572,2.03166384822974,32.25841954284152,39.75731385603334,238.5438831362,18.534693877551017,0.10736442945154458,0.0003007406987438225,0.0019147157820023357,0.017894071575257433
20,2025-03-28,6.857142857142857,0.020408163265306138,0.10612244897959192,2.1135736473743463,32.17738111448374,39.75731385603334,238.5438831362,18.558503401360543,0.10104887477792432,0.0003007406987438225,0.0015638516334678765,0.01684147912965405
20,2025-03-29,6.857142857142857,0.020408163265306138,0.0704081632653062,2.031666676479308,32.19311612200234,39.75731385603334,238.5438831362,19.504931972789112,0.10104887477792432,0.0003007406987438225,0.0010375554106661872,0.016841479129654054
20,2025-03-30,6.571428571428571,0.020408163265306138,0.0704081632653062,2.160658227558012,32.20319836981967,39.75731385603334,238.5438831362,20.952551020408162,0.0968385049955108,0.0003007406987438225,0.0010375554106661872,0.01613975083258513
20,2025-03-31,6.285714285714286,0.0,0.10714285714285723,2.088953054971682,32.26829537028238,39.75731385603334,238.5438831362,21.744387755102043,0.0926281352130973,0.0,0.0015788886684050675,0.015438022535516216
20,2025-04-01,6.428571428571429,0.0,0.17857142857142866,2.125288662259063,32.262452350365244,39.757313856033335,238.5438831362,21.775000000000002,0.09473332010430403,0.0,0.0026314811140084457,0.015788886684050676
20,2025-04-02,6.142857142857143,0.0,0.14285714285714296,2.2083557405812035,32.2143082110727,39.757313856033335,238.5438831362,21.89404761904762,0.09052295032189053,0.0,0.002105184891206757,0.015087158386981755
20,2025-04-03,5.714285714285714,0.0,0.1489795918367348,2.126810050741133,32.266374562786744,39.75731385603334,238.54388313619998,21.847108843537416,0.08420739564827026,0.0,0.0021954071008299034,0.014034565941378375
20,2025-04-04,7.0,0.0,0.1489795918367348,2.025225825754511,32.321362831429816,39.75731385603334,238.5438831362,22.120918367346942,0.10315405966913108,0.0,0.0021954071008299034,0.017192343278188513
20,2025-04-05,6.428571428571429,0.0,0.1846938775510205,2.201177916958342,32.238727499134605,39.75731385603334,238.5438831362,21.281632653061227,0.09473332010430405,0.0,0.0027217033236315922,0.015788886684050672
20,2025-04-06,7.285714285714286,0.0,0.1846938775510205,2.197009630151767,32.19146018704684,39.75731385603334,238.54388313619998,21.249886621315195,0.10736442945154459,0.0,0.0027217033236315922,0.017894071575257433
20,2025-04-07,6.857142857142857,0.0,0.12755102040816335,2.357286030164142,32.25606640937205,39.75731385603334,238.5438831362,20.47845804988662,0.1010488747779243,0.0,0.00187962936714889,0.01684147912965405
20,2025-04-08,7.142857142857143,0.0,0.0704081632653062,2.3440965030227336,32.30174205178276,39.75731385603334,238.5438831362,21.221315192743763,0.10525924456033783,0.0,0.0010375554106661872,0.01754320742672297
20,2025-04-09,7.571428571428571,0.0,0.11802721088435383,2.240918792698787,32.2867561910033,39.75731385603334,238.5438831362,21.078458049886624,0.11157479923395809,0.0,0.001739283707735106,0.01859579987232635
20,2025-04-10,7.571428571428571,0.0,0.11802721088435383,2.301525773735332,32.26178343827426,39.75731385603333,238.54388313619998,21.160090702947848,0.11157479923395809,0.0,0.0017392837077351063,0.01859579987232635
20,2025-04-11,6.142857142857143,0.0,0.11802721088435383,2.4499078451420035,32.239845578108245,39.75731385603334,238.5438831362,21.00532879818594,0.09052295032189052,0.0,0.0017392837077351063,0.015087158386981755
20,2025-04-12,7.714285714285714,0.0,0.09183673469387765,2.360233958215601,32.278953061366686,39.75731385603333,238.5438831362,20.950566893424035,0.11367998412516485,0.0,0.0013533331443472006,0.018946664020860808
20,2025-04-13,9.428571428571429,0.0,0.09183673469387764,2.3112442815451084,32.21730614486285,39.75731385603334,238.5438831362,19.69659863945578,0.13894220281964592,0.0,0.0013533331443472006,0.023157033803274323
20,2025-04-14,10.285714285714286,0.0,0.10969387755102049,2.1386404274179265,32.159984283994405,39.75731385603333,238.5438831362,19.607312925170067,0.1515733121668865,0.0,0.0016164812557480453,0.02526221869448108
20,2025-04-15,9.714285714285714,0.0,0.09540816326530621,2.103873801600409,32.149795004789844,39.75731385603334,238.5438831362,18.816836734693876,0.14315257260205944,0.0,0.0014059627666273696,0.023858762100343243
20,2025-04-16,9.857142857142858,0.0,0.047789115646258595,2.1179299231060633,32.16933222886655,39.75731385603333,238.5438831362,18.8406462585034,0.14525775749326622,0.0,0.0007042344695584508,0.024209626248877705
20,2025-04-17,9.857142857142858,0.0,0.047789115646258595,2.0497761489238995,32.1494916414122,39.75731385603334,238.54388313620004,18.73860544217687,0.14525775749326622,0.0,0.0007042344695584508,0.0242096262488777
20,2025-04-18,9.714285714285714,0.0,0.047789115646258595,2.1984581578013076,32.036416012671474,39.75731385603334,238.5438831362,18.810034013605442,0.14315257260205946,0.0,0.0007042344695584508,0.023858762100343243
20,2025-04-19,8.285714285714286,0.028571428571428588,0.03826530612244907,2.2248924289962404,31.942155536510068,39.75731385603334,238.5438831362,18.886224489795918,0.12210072368999188,0.00042103697824135143,0.000563888810144667,0.020350120614998652
20,2025-04-20,6.0,0.028571428571428588,0.03826530612244907,2.2036493728878606,31.96954497624978,39.75731385603334,238.5438831362,18.810034013605442,0.08841776543068378,0.00042103697824135143,0.000563888810144667,0.014736294238447297
20,2025-04-21,5.714285714285714,0.028571428571428588,0.020408163265306218,2.3040476235267273,31.9754123414376,39.75731385603334,238.5438831362,18.875510204081632,0.08420739564827026,0.00042103697824135143,0.0003007406987438225,0.014034565941378377
20,2025-04-22,6.142857142857143,0.028571428571428588,0.020408163265306218,2.4286047893252727,31.89304989499971,39.75731385603334,238.5438831362,18.99455782312925,0.09052295032189053,0.00042103697824135143,0.0003007406987438225,0.015087158386981755
20,2025-04-23,5.285714285714286,0.028571428571428588,0.020408163265306218,2.519215205391519,31.92947133476611,39.75731385603334,238.5438831362,20.101700680272106,0.07789184097464999,0.00042103697824135143,0.0003007406987438225,0.012981973495774998
20,2025-04-24,5.571428571428571,0.028571428571428588,0.0,2.4756240032107693,31.96879290650207,39.757313856033335,238.54388313619998,20.46904761904762,0.0821022107570635,0.00042103697824135143,0.0,0.013683701792843918
20,2025-04-25,6.714285714285714,0.04444444444444446,0.015873015873015966,2.0882774856500186,32.206122791163715,39.757313856033335,238.5438831362,21.51666666666667,0.09894368988671755,0.0006549464105976577,0.00023390943235630638,0.016490614981119592
20,2025-04-26,7.714285714285714,0.01587301587301589,0.03968253968253978,2.069401457144302,32.253706225286585,39.757313856033335,238.5438831362,21.38809523809524,0.11367998412516485,0.00023390943235630638,0.0005847735808907657,0.018946664020860808
20,2025-04-27,8.714285714285714,0.01587301587301589,0.06349206349206359,2.1577161078353524,32.17585841830066,39.757313856033335,238.54388313619998,21.428571428571427,0.12841627836361216,0.00023390943235630638,0.0009356377294252253,0.021402713060602024
20,2025-04-28,8.857142857142858,0.01587301587301589,0.06349206349206359,2.0818791305139004,32.15188138967461,39.75731385603334,238.5438831362,21.32993197278912,0.1305214632548189,0.00023390943235630638,0.0009356377294252253,0.021753577209136482
20,2025-04-29,9.0,0.01587301587301589,0.07777777777777786,2.029141730665754,32.22734829058016,39.75731385603334,238.5438831362,21.687074829931976,0.13262664814602565,0.00023390943235630638,0.001146156218545901,0.022104441357670944
20,2025-04-30,9.428571428571429,0.01587301587301589,0.098185941043084,1.9604089868336378,32.23171050670809,39.75731385603334,238.54388313619998,20.610544217687075,0.13894220281964592,0.00023390943235630638,0.0014468969172897234,0.023157033803274323
20,2025-05-01,9.142857142857142,0.01587301587301589,0.15941043083900233,2.170688753537149,32.17083653460011,39.75731385603334,238.5438831362,20.406462585034014,0.1347318330372324,0.00023390943235630638,0.0023491190135211905,0.022455305506205402
20,2025-05-02,8.714285714285714,0.0,0.14353741496598646,2.4072188558759717,31.986652446184344,39.75731385603334,238.5438831362,19.287414965986393,0.12841627836361216,0.0,0.0021152095811648843,0.02140271306060202
20,2025-05-03,7.142857142857143,0.0,0.11972789115646267,2.3953904566383644,32.07505294797808,39.75731385603334,238.5438831362,19.358843537414966,0.10525924456033783,0.0,0.0017643454326304246,0.01754320742672297
20,2025-05-04,5.571428571428571,0.0,0.09591836734693886,2.4495183277128265,32.05450622361282,39.75731385603334,238.5438831362,19.48979591836735,0.0821022107570635,0.0,0.0014134812840959651,0.013683701792843917
20,2025-05-05,5.428571428571429,0.0,0.09591836734693886,2.5455082608163484,32.06722768576931,39.75731385603334,238.5438831362,20.302721088435373,0.07999702586585675,0.0,0.0014134812840959651,0.013332837644309457
20,2025-05-06,5.142857142857143,0.0,0.08163265306122458,2.5699659445511713,32.01197434452089,39.75731385603334,238.5438831362,19.94557823129252,0.07578665608344323,0.0,0.0012029627949752895,0.01263110934724054
20,2025-05-07,5.428571428571429,0.0,0.07709750566893432,2.5404611493953473,31.995905045426326,39.75731385603333,238.54388313619998,19.922902494331066,0.07999702586585676,0.0,0.0011361315285877735,0.013332837644309458
20,2025-05-08,5.142857142857143,0.0,0.015873015873015966,2.3268427437613393,32.06489983818723,39.757313856033335,238.5438831362,19.66984126984127,0.07578665608344323,0.0,0.00023390943235630652,0.01263110934724054
20,2025-05-09,5.142857142857143,0.0,0.015873015873015966,2.1085550173631886,32.21179568519837,39.757313856033335,238.5438831362,19.40793650793651,0.07578665608344323,0.0,0.00023390943235630652,0.01263110934724054
22,2025-01-01,5.0,0.11269841269841271,0.023809523809523815,3.1566363622266627,32.20020605554057,48.7635184928625,390.1081479429,40.26349206349206,0.04937775735471767,0.0011129589752968112,0.0002351321778796081,0.006172219669339709
22,2025-01-02,4.714285714285714,0.08095238095238096,0.023809523809523815,3.1368830039562217,32.10290232011839,48.7635184928625,390.1081479429,40.13197278911565,0.046556171220162375,0.0007994494047906673,0.0002351321778796081,0.005819521402520297
22,2025-01-03,5.0,0.08095238095238096,0.023809523809523815,2.950982886453984,32.3227652115301,48.7635184928625,390.1081479429,38.589115646258506,0.049377757354717666,0.0007994494047906673,0.0002351321778796081,0.006172219669339708
22,2025-01-04,5.285714285714286,0.08095238095238096,0.023809523809523815,2.688227922919365,32.73651531434262,48.7635184928625,390.1081479429,36.303401360544214,0.052199343489272965,0.0007994494047906673,0.0002351321778796081,0.006524917936159121
22,2025-01-05,5.285714285714286,0.08095238095238096,0.023809523809523815,2.5346474028960913,32.88765219793422,48.7635184928625,390.1081479429,35.01768707482994,0.052199343489272965,0.0007994494047906672,0.0002351321778796081,0.006524917936159121
22,2025-01-06,5.571428571428571,0.023809523809523808,0.023809523809523815,2.515434278064441,32.657252742034906,48.7635184928625,390.1081479429,34.74829931972789,0.05502092962382826,0.0002351321778796082,0.0002351321778796081,0.006877616202978533
22,2025-01-07,5.857142857142857,0.047619047619047616,0.023809523809523815,2.5056361332242525,32.68444274359463,48.7635184928625,390.1081479429,36.70068027210884,0.05784251575838356,0.0004702643557592161,0.0002351321778796081,0.007230314469797945
22,2025-01-08,7.0,0.047619047619047616,0.023809523809523815,2.6524484676424804,32.64396864965087,48.76351849286251,390.1081479429001,39.30068027210884,0.06912886029660474,0.0004702643557592161,0.0002351321778796081,0.008641107537075593
22,2025-01-09,7.285714285714286,0.07936507936507937,0.023809523809523815,2.5962072153355282,32.72252163166481,48.7635184928625,390.1081479429,38.44807256235828,0.07195044643116003,0.0007837739262653601,0.0002351321778796081,0.008993805803895003
22,2025-01-10,7.0,0.07936507936507937,0.023809523809523815,2.7339953801227286,32.55861011954182,48.7635184928625,390.1081479429,36.90521541950113,0.06912886029660474,0.0007837739262653601,0.0002351321778796081,0.008641107537075593
22,2025-01-11,8.0,0.07936507936507937,0.0457875457875458,2.7947681271363995,32.474074013535464,48.7635184928625,390.1081479429,37.14697366125938,0.07900441176754827,0.0007837739262653601,0.00045217726515309236,0.009875551470943534
22,2025-01-12,8.428571428571429,0.05555555555555556,0.021978021978021987,2.912638005624626,32.397160738383526,48.763518492862495,390.10814794289996,39.46443397871969,0.08323679096938122,0.0005486417483857521,0.00021704508727348444,0.010404598871172652
22,2025-01-13,8.571428571428571,0.0734126984126984,0.021978021978021987,2.9124076013550018,32.40727398398711,48.7635184928625,390.1081479429,40.826678876678876,0.08464758403665887,0.0007249908817954581,0.00021704508727348444,0.010580948004582359
22,2025-01-14,9.0,0.06547619047619048,0.03785103785103786,2.8210514192880893,32.51337944341841,48.7635184928625,390.1081479429,40.969536019536015,0.0888799632384918,0.0006466134891689221,0.0003737998725265564,0.011109995404811475
22,2025-01-15,9.0,0.07976190476190477,0.05213675213675214,2.7912823135712093,32.503891479808594,48.7635184928625,390.1081479429,39.569536019536024,0.0888799632384918,0.0007876927958966869,0.0005148791792543211,0.011109995404811475
22,2025-01-16,8.285714285714286,0.04801587301587302,0.05213675213675214,2.8375893549918496,32.46208331217749,48.7635184928625,390.1081479429,39.44255189255189,0.08182599790210357,0.00047418322539054296,0.0005148791792543211,0.010228249737762946
22,2025-01-17,8.571428571428571,0.06842403628117913,0.05213675213675214,2.815266163825352,32.53672432929654,48.7635184928625,390.1081479429,39.59765393336822,0.08464758403665885,0.0006757250921444926,0.0005148791792543211,0.010580948004582357
22,2025-01-18,7.571428571428571,0.06842403628117913,0.030158730158730166,2.7751734040475746,32.59611997379669,48.7635184928625,390.1081479429,40.35589569160998,0.07477203256571532,0.0006757250921444926,0.0002978340919808369,0.009346504070714415
22,2025-01-19,7.857142857142857,0.06842403628117913,0.030158730158730166,2.858177491871218,32.51601600250369,48.7635184928625,390.1081479429,40.93021026592454,0.07759361870027062,0.0006757250921444926,0.0002978340919808369,0.009699202337533828
22,2025-01-20,7.428571428571429,0.07913832199546486,0.030158730158730166,2.833701024495677,32.646383734189534,48.7635184928625,390.1081479429,40.75163883735312,0.07336123949843767,0.0007815345721903161,0.0002978340919808369,0.00917015493730471
22,2025-01-21,7.142857142857143,0.06326530612244897,0.014285714285714294,2.823921116033023,32.60791106320557,48.7635184928625,390.1081479429,38.53395176252319,0.07053965336388239,0.0006247797869372442,0.00014107930672776497,0.008817456670485299
22,2025-01-22,6.857142857142857,0.06683673469387755,0.017857142857142867,2.763337662966431,32.633701004560294,48.7635184928625,390.1081479429,38.11966604823748,0.06771806722932709,0.0006600496136191853,0.00017634913340970615,0.008464758403665886
22,2025-01-23,7.142857142857143,0.09064625850340136,0.04166666666666668,2.911547198190316,32.54619531847506,48.76351849286251,390.1081479429001,40.21490414347557,0.07053965336388238,0.0008951817914987934,0.0004114813112893141,0.008817456670485297
22,2025-01-24,7.428571428571429,0.08611111111111111,0.05753968253968254,2.8872234745144105,32.47029696315689,48.7635184928625,390.1081479429,41.09472273757988,0.07336123949843767,0.0008503947099979157,0.000568236096542386,0.00917015493730471
22,2025-01-25,8.285714285714286,0.08611111111111111,0.06944444444444445,2.8506533221378887,32.420160412578774,48.7635184928625,390.1081479429,39.999484642341784,0.08182599790210357,0.0008503947099979157,0.0006858021854821899,0.010228249737762946
22,2025-01-26,7.571428571428571,0.1099206349206349,0.06944444444444445,2.759422924084987,32.60327461406175,48.76351849286251,390.1081479429001,36.77437641723356,0.07477203256571532,0.0010855268878775235,0.0006858021854821899,0.009346504070714415
22,2025-01-27,8.0,0.08134920634920635,0.06944444444444445,2.7730207601806045,32.58859921517384,48.7635184928625,390.1081479429,35.27437641723356,0.07900441176754827,0.0008033682744219941,0.0006858021854821899,0.009875551470943534
22,2025-01-28,8.428571428571429,0.08134920634920635,0.08373015873015874,2.830420671665917,32.55584124142613,48.7635184928625,390.1081479429,36.73968253968253,0.0832367909693812,0.0008033682744219941,0.0008268814922099548,0.01040459887117265
22,2025-01-29,8.428571428571429,0.06349206349206349,0.08373015873015874,2.9429716690357863,32.61906198179488,48.7635184928625,390.1081479429,36.95396825396825,0.08323679096938122,0.0006270191410122881,0.0008268814922099548,0.010404598871172652
22,2025-01-30,8.571428571428571,0.03968253968253969,0.05992063492063493,2.9068463754838105,32.69669842955128,48.76351849286251,390.1081479429001,35.55260770975057,0.08464758403665885,0.00039188696313268014,0.0005917493143303469,0.010580948004582357
22,2025-01-31,8.714285714285714,0.03809523809523809,0.058333333333333334,2.839633439483848,32.8505817240708,48.7635184928625,390.1081479429,34.43197278911565,0.0860583771039365,0.00037621148460737294,0.0005760738358050396,0.010757297137992063
22,2025-02-01,9.0,0.04829931972789116,0.04642857142857144,2.9285935153052134,32.786063248731004,48.7635184928625,390.1081479429,36.445578231292515,0.08887996323849182,0.00047698241798434774,0.0004585077468652357,0.011109995404811477
22,2025-02-02,10.285714285714286,0.024489795918367346,0.05595238095238096,2.8804967687608127,32.701356969168884,48.7635184928625,390.1081479429,37.7312925170068,0.10157710084399063,0.00024185024010473983,0.0005525606180170789,0.012697137605498829
22,2025-02-03,10.571428571428571,0.024489795918367346,0.05595238095238096,2.969583788026949,32.65312648564194,48.7635184928625,390.1081479429,37.68843537414966,0.10439868697854593,0.00024185024010473983,0.0005525606180170789,0.013049835872318241
22,2025-02-04,11.142857142857142,0.03469387755102041,0.05187074829931974,2.9921879095819777,32.60493549749028,48.7635184928625,390.1081479429,37.6108843537415,0.11004185924765653,0.00034262117348171466,0.000512252244666289,0.013755232405957066
22,2025-02-05,11.285714285714286,0.05056689342403627,0.034013605442176874,2.9117331666621404,32.545116153413744,48.7635184928625,390.1081479429,38.03945578231293,0.11145265231493418,0.0004993759587347867,0.0003359031112565829,0.013931581539366772
22,2025-02-06,11.714285714285714,0.05056689342403627,0.048299319727891164,2.8861517914355614,32.49590287510599,48.7635184928625,390.1081479429,38.288435374149664,0.11568503151676712,0.0004993759587347867,0.0004769824179843477,0.01446062893959589
22,2025-02-07,11.428571428571429,0.036281179138321996,0.034013605442176874,2.838102778781711,32.56998285323354,48.7635184928625,390.1081479429,39.23843537414966,0.11286344538221181,0.0003582966520070219,0.0003359031112565829,0.014107930672776476
22,2025-02-08,9.857142857142858,0.026077097505668934,0.034013605442176874,2.713797337548176,32.86049042644735,48.7635184928625,390.1081479429,37.891496598639456,0.0973447216421577,0.00025752571863004706,0.0003359031112565829,0.012168090205269712
22,2025-02-09,9.142857142857142,0.026077097505668934,0.05306122448979593,2.7076835671990476,33.0279699540249,48.7635184928625,390.1081479429,38.101020408163265,0.09029075630576945,0.00025752571863004706,0.0005240088535602693,0.011286344538221181
22,2025-02-10,8.285714285714286,0.026077097505668934,0.05306122448979593,2.6137003578646003,33.01475061331125,48.7635184928625,390.1081479429,38.001020408163264,0.08182599790210357,0.00025752571863004706,0.0005240088535602693,0.010228249737762946
22,2025-02-11,7.142857142857143,0.015873015873015872,0.06666666666666667,2.4619954503418144,33.22259842359526,48.7635184928625,390.1081479429,36.30714285714286,0.07053965336388239,0.00015675478525307223,0.0006583700980629024,0.008817456670485299
22,2025-02-12,6.714285714285714,0.0,0.06666666666666667,2.5522040220351943,33.11358981703692,48.7635184928625,390.1081479429,37.30714285714286,0.06630727416204944,0.0,0.0006583700980629024,0.00828840927025618
22,2025-02-13,6.285714285714286,0.02040816326530612,0.05238095238095238,2.560967371678603,33.13352787037808,48.7635184928625,390.1081479429,38.24183673469388,0.0620748949602165,0.0002015418667539499,0.0005172907913351376,0.007759361870027063
22,2025-02-14,6.285714285714286,0.02040816326530612,0.0880952380952381,2.7372443587000177,32.88746254664137,48.76351849286251,390.1081479429001,39.134693877551015,0.0620748949602165,0.0002015418667539499,0.0008699890581545496,0.007759361870027063
22,2025-02-15,7.142857142857143,0.02040816326530612,0.0880952380952381,2.8376232797259036,32.68412066428202,48.7635184928625,390.1081479429,39.48390022675737,0.07053965336388239,0.0002015418667539499,0.0008699890581545496,0.008817456670485299
22,2025-02-16,6.142857142857143,0.02040816326530612,0.10714285714285714,3.045779927517129,32.54651333490415,48.7635184928625,390.1081479429,39.65532879818594,0.06066410189293885,0.0002015418667539499,0.0010580948004582358,0.007583012736617357
22,2025-02-17,6.142857142857143,0.02040816326530612,0.17857142857142858,3.013245777094942,32.64968903909194,48.76351849286251,390.1081479429001,40.29818594104308,0.06066410189293885,0.0002015418667539499,0.0017634913340970598,0.007583012736617357
22,2025-02-18,6.428571428571429,0.02040816326530612,0.15476190476190474,3.1741312218066176,32.40394909705951,48.7635184928625,390.1081479429,42.191043083900226,0.06348568802749414,0.0002015418667539499,0.001528359156217452,0.007935711003436768
22,2025-02-19,6.0,0.02040816326530612,0.15476190476190474,3.205716760763969,32.27309977351157,48.7635184928625,390.1081479429,41.85770975056689,0.059253308825661204,0.0002015418667539499,0.001528359156217452,0.0074066636032076505
22,2025-02-20,5.857142857142857,0.0,0.17857142857142858,3.153772552239155,32.25522974345823,48.76351849286251,390.1081479429001,40.170634920634924,0.05784251575838356,0.0,0.0017634913340970598,0.007230314469797945
22,2025-02-21,5.714285714285714,0.0,0.16326530612244897,3.053466927245546,32.426151125341484,48.7635184928625,390.1081479429,38.201247165532884,0.056431722691105905,0.0,0.0016123349340315973,0.007053965336388238
22,2025-02-22,6.0,0.0,0.16326530612244897,3.0986153799693215,32.3148081082072,48.7635184928625,390.1081479429,39.176716141001855,0.059253308825661204,0.0,0.0016123349340315973,0.0074066636032076505
22,2025-02-23,6.285714285714286,0.028571428571428574,0.11564625850340136,3.058651498090873,32.150194447615924,48.7635184928625,390.1081479429,42.03385899814471,0.062074894960216495,0.0002821586134555298,0.0011420705782723816,0.007759361870027062
22,2025-02-24,6.857142857142857,0.028571428571428574,0.04421768707482993,3.2379646991635034,31.885347170054207,48.76351849286251,390.1081479429001,43.28385899814471,0.06771806722932709,0.0002821586134555298,0.0004366740446335579,0.008464758403665886
22,2025-02-25,7.0,0.044444444444444446,0.04421768707482993,3.144732929300729,32.0152977977159,48.7635184928625,390.1081479429,42.803700267985974,0.06912886029660473,0.00043891339870860176,0.0004366740446335579,0.008641107537075591
22,2025-02-26,8.285714285714286,0.044444444444444446,0.05612244897959184,3.0659962922059063,32.21199423705293,48.7635184928625,390.1081479429,42.44655741084313,0.08182599790210356,0.00043891339870860176,0.0005542401335733618,0.010228249737762945
22,2025-02-27,8.571428571428571,0.044444444444444446,0.03231292517006802,3.0554772914878314,32.18870166712769,48.7635184928625,390.1081479429,42.89893836322408,0.08464758403665887,0.00043891339870860176,0.0003191079556937539,0.010580948004582359
22,2025-02-28,8.714285714285714,0.044444444444444446,0.011904761904761904,3.014536753982619,32.2655614597692,48.7635184928625,390.1081479429,42.47546897546898,0.0860583771039365,0.00043891339870860176,0.00011756608893980422,0.010757297137992063
22,2025-03-01,8.0,0.044444444444444446,0.011904761904761904,2.9655808419025904,32.30795621558957,48.7635184928625,390.1081479429,40.91269841269842,0.07900441176754827,0.00043891339870860176,0.00011756608893980422,0.009875551470943534
22,2025-03-02,8.714285714285714,0.03015873015873016,0.011904761904761904,2.8698428900028476,32.52023503717287,48.7635184928625,390.1081479429,37.94126984126984,0.0860583771039365,0.000297834091980837,0.00011756608893980422,0.010757297137992063
22,2025-03-03,8.857142857142858,0.03015873015873016,0.027777777777777773,2.808927058289932,32.6233784311462,48.76351849286251,390.1081479429001,36.26269841269841,0.08746917017121415,0.000297834091980837,0.00027432087419287617,0.010933646271401769
22,2025-03-04,8.428571428571429,0.014285714285714287,0.027777777777777773,2.9053027298220653,32.55451830703314,48.7635184928625,390.1081479429,36.707142857142856,0.08323679096938122,0.00014107930672776502,0.00027432087419287617,0.010404598871172652
22,2025-03-05,8.571428571428571,0.025274725274725275,0.02686202686202686,2.9232137929017887,32.60075123585524,48.7635184928625,390.1081479429,36.26575091575092,0.08464758403665885,0.0002496018503645071,0.0002652773288898143,0.010580948004582357
22,2025-03-06,9.142857142857142,0.03717948717948718,0.02686202686202686,2.9318130890904226,32.66885709381889,48.76351849286251,390.1081479429001,36.52765567765568,0.09029075630576945,0.00036716793930431115,0.0002652773288898143,0.011286344538221181
22,2025-03-07,8.285714285714286,0.03717948717948718,0.09829059829059829,2.913676198012321,32.69164799266655,48.7635184928625,390.1081479429,35.70622710622711,0.08182599790210356,0.00036716793930431115,0.0009706738625286382,0.010228249737762945
22,2025-03-08,8.571428571428571,0.05503663003663004,0.09829059829059829,2.8690537393103455,32.74000225768476,48.7635184928625,390.1081479429,36.122893772893775,0.08464758403665885,0.0005435170727140171,0.0009706738625286382,0.010580948004582357
22,2025-03-09,8.571428571428571,0.04075091575091575,0.09829059829059829,2.814489954167908,32.76144156728155,48.7635184928625,390.1081479429,35.951465201465204,0.08464758403665885,0.0004024377659862523,0.0009706738625286382,0.010580948004582357
22,2025-03-10,8.285714285714286,0.04075091575091575,0.10282574568288852,2.592996859116887,33.0328594982796,48.76351849286251,390.1081479429001,34.44126111983255,0.08182599790210357,0.0004024377659862523,0.0010154609440295157,0.010228249737762946
22,2025-03-11,8.0,0.07646520146520146,0.13854003139717425,2.441355882744458,33.05931462258748,48.7635184928625,390.1081479429,32.08411826268969,0.07900441176754826,0.0007551360328056642,0.0013681592108489278,0.009875551470943532
22,2025-03-12,6.857142857142857,0.09404761904761906,0.12755102040816327,2.4625569682294945,32.917977158891325,48.7635184928625,390.1081479429,31.301700680272113,0.06771806722932709,0.0009287721026244517,0.0012596366672121859,0.008464758403665886
22,2025-03-13,6.571428571428571,0.08214285714285714,0.15612244897959185,2.5185606772466196,32.86055624825684,48.7635184928625,390.1081479429,30.939795918367345,0.0648964810947718,0.0008112060136846478,0.0015417952806677153,0.008112060136846474
22,2025-03-14,7.285714285714286,0.08214285714285714,0.10510204081632654,2.644627132685301,32.6264719795323,48.7635184928625,390.1081479429,32.91938775510204,0.07195044643116003,0.0008112060136846478,0.001037940613782841,0.008993805803895003
22,2025-03-15,6.714285714285714,0.0642857142857143,0.10510204081632654,2.8617988114647694,32.34975683704891,48.7635184928625,390.1081479429,35.66938775510204,0.06630727416204944,0.0006348568802749419,0.001037940613782841,0.00828840927025618
22,2025-03-16,7.0,0.07619047619047618,0.11700680272108843,2.9302279755928518,32.174629038205396,48.7635184928625,390.1081479429,35.85986394557823,0.06912886029660474,0.0007524229692147458,0.001155506702722645,0.008641107537075593
22,2025-03-17,7.285714285714286,0.07619047619047618,0.09659863945578231,3.0466686588527803,31.951271204119553,48.7635184928625,390.1081479429,37.14784580498866,0.07195044643116003,0.0007524229692147458,0.0009539648359686954,0.008993805803895003
22,2025-03-18,7.571428571428571,0.04047619047619048,0.060884353741496595,3.1080528663752642,31.99848205180836,48.7635184928625,390.1081479429,39.45736961451247,0.07477203256571532,0.00039972470239533375,0.0006012665691492834,0.009346504070714415
22,2025-03-19,8.0,0.011904761904761904,0.060884353741496595,3.05943157061613,32.1262697740573,48.7635184928625,390.1081479429,41.3359410430839,0.07900441176754827,0.00011756608893980422,0.0006012665691492834,0.009875551470943534
22,2025-03-20,7.714285714285714,0.011904761904761904,0.03231292517006802,3.029701898282596,32.11204009621393,48.7635184928625,390.1081479429,41.114512471655324,0.07618282563299297,0.00011756608893980422,0.0003191079556937539,0.009522853204124122
22,2025-03-21,8.285714285714286,0.024891774891774892,0.024891774891774892,3.0044664736527067,32.1151925427318,48.76351849286251,390.1081479429001,41.45959595959596,0.08182599790210356,0.0002458200041468631,0.0002458200041468631,0.010228249737762945
22,2025-03-22,9.142857142857142,0.024891774891774892,0.05346320346320347,2.891977340623342,32.205032835214794,48.7635184928625,390.1081479429,38.98816738816738,0.09029075630576945,0.0002458200041468631,0.0005279786176023926,0.011286344538221181
22,2025-03-23,7.714285714285714,0.08441558441558442,0.041558441558441565,2.964234645328538,32.05054310181469,48.7635184928625,390.1081479429,39.51197691197691,0.07618282563299297,0.000833650448845883,0.00041041252866258867,0.009522853204124122
22,2025-03-24,7.285714285714286,0.08441558441558442,0.041558441558441565,2.996059482513982,32.10560207248047,48.7635184928625,390.1081479429,40.686580086580086,0.07195044643116003,0.000833650448845883,0.00041041252866258867,0.008993805803895003
22,2025-03-25,7.428571428571429,0.08441558441558442,0.0823747680890538,3.0192652029840374,32.12135102480062,48.7635184928625,390.1081479429,41.019913419913415,0.07336123949843767,0.000833650448845883,0.000813496262170488,0.00917015493730471
22,2025-03-26,7.428571428571429,0.10227272727272728,0.0823747680890538,2.9632279710890823,32.129427860746,48.7635184928625,390.1081479429,39.59134199134199,0.07336123949843767,0.001009999582255589,0.000813496262170488,0.00917015493730471
22,2025-03-27,8.142857142857142,0.10227272727272728,0.0823747680890538,2.900325464074483,32.19393621073423,48.7635184928625,390.1081479429,39.84134199134199,0.08041520483482592,0.001009999582255589,0.000813496262170488,0.01005190060435324
22,2025-03-28,8.285714285714286,0.08928571428571429,0.06938775510204082,2.8262352284993364,32.2898367166486,48.76351849286251,390.1081479429001,39.207142857142856,0.08182599790210356,0.00088174566704853,0.0006852423469634291,0.010228249737762945
22,2025-03-29,8.714285714285714,0.08928571428571429,0.05180533751962323,2.7674379891923686,32.45706685030354,48.7635184928625,390.1081479429,37.12362637362638,0.0860583771039365,0.00088174566704853,0.0005116062771446417,0.010757297137992063
22,2025-03-30,9.0,0.017857142857142856,0.05180533751962323,2.6526986533586325,32.555350025709664,48.7635184928625,390.1081479429,35.909340659340664,0.0888799632384918,0.0001763491334097062,0.0005116062771446417,0.011109995404811475
22,2025-03-31,9.571428571428571,0.04642857142857143,0.06609105180533752,2.661690614927784,32.49786143327429,48.7635184928625,390.1081479429,36.07124542124542,0.0945231355076024,0.00045850774686523576,0.0006526855838724064,0.0118153919384503
22,2025-04-01,10.285714285714286,0.04642857142857143,0.025274725274725275,2.619611935846929,32.51393744315082,48.7635184928625,390.1081479429,35.237912087912086,0.10157710084399063,0.00045850774686523576,0.0002496018503645071,0.012697137605498829
22,2025-04-02,10.285714285714286,0.04642857142857143,0.025274725274725275,2.6594469871451643,32.55202243271905,48.7635184928625,390.1081479429,35.4521978021978,0.10157710084399063,0.00045850774686523576,0.0002496018503645071,0.012697137605498829
22,2025-04-03,9.142857142857142,0.04642857142857143,0.025274725274725275,2.670947949664074,32.649469434808076,48.7635184928625,390.1081479429,36.02362637362637,0.09029075630576945,0.00045850774686523576,0.0002496018503645071,0.011286344538221181
22,2025-04-04,8.571428571428571,0.0642857142857143,0.04313186813186814,2.7000063000088153,32.62039830470121,48.7635184928625,390.1081479429,37.08315018315018,0.08464758403665887,0.0006348568802749417,0.0004259509837742131,0.010580948004582359
22,2025-04-05,8.142857142857142,0.07857142857142858,0.03214285714285715,2.7247854799358886,32.6145472516096,48.7635184928625,390.1081479429,39.25238095238095,0.08041520483482592,0.0007759361870027065,0.000317428440137471,0.01005190060435324
22,2025-04-06,8.857142857142858,0.07857142857142858,0.06388888888888888,2.7942588994479585,32.60032982688884,48.7635184928625,390.1081479429,40.03809523809524,0.08746917017121415,0.0007759361870027065,0.0006309380106436149,0.010933646271401769
22,2025-04-07,8.857142857142858,0.049999999999999996,0.0496031746031746,2.6983639760601323,32.76326212585531,48.7635184928625,390.1081479429,38.38095238095239,0.08746917017121415,0.0004937775735471769,0.0004898587039158501,0.010933646271401769
22,2025-04-08,7.857142857142857,0.049999999999999996,0.07817460317460319,2.6959169539075285,32.87686811246078,48.7635184928625,390.1081479429,38.98571428571428,0.07759361870027062,0.0004937775735471769,0.0007720173173713798,0.009699202337533828
22,2025-04-09,7.571428571428571,0.03214285714285715,0.07817460317460319,2.6329645737157192,32.907513396791266,48.7635184928625,390.1081479429,39.09285714285714,0.07477203256571532,0.000317428440137471,0.0007720173173713798,0.009346504070714415
22,2025-04-10,8.428571428571429,0.0711038961038961,0.07817460317460319,2.764803994542658,32.649287355727154,48.7635184928625,390.1081479429,40.88506493506493,0.08323679096938122,0.0007021901857586475,0.0007720173173713798,0.010404598871172652
22,2025-04-11,9.285714285714286,0.07365491651205937,0.07052154195011338,2.766623659654751,32.644181103945364,48.7635184928625,390.1081479429,41.400371057513915,0.0917015493730471,0.0007273829191028913,0.0006964391173386486,0.011462693671630888
22,2025-04-12,9.285714285714286,0.05936920222634508,0.08480725623582766,2.7013348959533827,32.659158660188965,48.763518492862495,390.10814794289996,40.8860853432282,0.0917015493730471,0.0005863036123751265,0.0008375184240664134,0.011462693671630888
22,2025-04-13,10.714285714285714,0.05936920222634507,0.06058002148227713,2.6665973166871906,32.73198792218793,48.7635184928625,390.1081479429,40.82593496728835,0.10580948004582358,0.0005863036123751265,0.0005982611202590929,0.013226185005727947
22,2025-04-14,10.142857142857142,0.08317872603586887,0.06058002148227713,2.6752156609279645,32.652247135503885,48.7635184928625,390.1081479429,41.65450639585978,0.10016630777671298,0.0008214357902547344,0.0005982611202590929,0.012520788472089123
22,2025-04-15,10.857142857142858,0.09746444032158316,0.03200859291084855,2.771359923597107,32.45833861173143,48.7635184928625,390.1081479429,41.397363538716924,0.10722027311310123,0.0009625150969824991,0.00031610250680356343,0.013402534139137653
22,2025-04-16,11.142857142857142,0.09746444032158316,0.04986573576799141,2.8383398657090564,32.385355300768495,48.7635184928625,390.1081479429,39.68307782443121,0.11004185924765651,0.0009625150969824991,0.0004924516402132693,0.013755232405957064
22,2025-04-17,11.0,0.05850340136054421,0.06415145005370569,2.752500985877911,32.480452927083356,48.7635184928625,390.1081479429,38.9765843179377,0.10863106618037886,0.0005777533513613225,0.0006335309469410341,0.013578883272547358
22,2025-04-18,10.428571428571429,0.05238095238095237,0.06823308270676692,2.839227089350327,32.36830652945023,48.7635184928625,390.1081479429,38.796992481203006,0.10298789391126828,0.0005172907913351376,0.0006738393202918241,0.012873486738908535
22,2025-04-19,10.428571428571429,0.06666666666666667,0.05394736842105263,2.871067642553648,32.39352791223603,48.7635184928625,390.1081479429,39.368421052631575,0.1029878939112683,0.0006583700980629024,0.0005327600135640592,0.012873486738908537
22,2025-04-20,8.285714285714286,0.06666666666666667,0.04642857142857143,2.799063041550764,32.50696987035241,48.7635184928625,390.1081479429,40.214285714285715,0.08182599790210357,0.0006583700980629024,0.0004585077468652357,0.010228249737762946
22,2025-04-21,9.857142857142858,0.059663865546218484,0.05483193277310925,2.879825804591854,32.4941031178572,48.7635184928625,390.1081479429,40.516806722689076,0.0973447216421577,0.0005892135751571355,0.0005414955743521562,0.012168090205269712
22,2025-04-22,9.285714285714286,0.069187675070028,0.07864145658263307,2.8116595194053233,32.49980570845279,48.7635184928625,390.1081479429,39.81204481792717,0.0917015493730471,0.0006832664463089787,0.0007766277522317641,0.011462693671630888
22,2025-04-23,9.428571428571429,0.069187675070028,0.07665732959850606,2.898452450087055,32.403924186600406,48.763518492862495,390.10814794289996,41.92315592903828,0.09311234244032475,0.0006832664463089787,0.0007570334040751302,0.011639042805040594
22,2025-04-24,9.571428571428571,0.09516170104405397,0.07535862829980478,2.834406856228537,32.49664538425751,48.7635184928625,390.1081479429,40.42185722773958,0.0945231355076024,0.0009397742767230965,0.0007442080125544243,0.0118153919384503
22,2025-04-25,9.142857142857142,0.08087598675833971,0.06107291401409048,2.601611526069805,32.766314488314144,48.7635184928625,390.1081479429,39.438183758351826,0.09029075630576945,0.0007986949699953316,0.0006031287058266596,0.011286344538221181
22,2025-04-26,8.142857142857142,0.0665902724726254,0.06107291401409048,2.687962715043881,32.57205675590541,48.7635184928625,390.1081479429,40.55246947263754,0.0804152048348259,0.0006576156632675669,0.0006031287058266596,0.010051900604353238
22,2025-04-27,8.428571428571429,0.0665902724726254,0.06107291401409048,2.86289410690639,32.3684517475378,48.7635184928625,390.1081479429,40.338183758351825,0.08323679096938122,0.0006576156632675669,0.0006031287058266596,0.010404598871172652
22,2025-04-28,7.714285714285714,0.04978354978354977,0.06457431457431458,2.8311356059064954,32.37766483314517,48.7635184928625,390.1081479429,40.32137703566275,0.07618282563299296,0.000491640008293726,0.000637706967279543,0.00952285320412412
22,2025-04-29,8.428571428571429,0.025974025974025965,0.04076479076479077,2.8298514352625905,32.350543457903704,48.7635184928625,390.1081479429,39.797567511853224,0.0832367909693812,0.000256507830414118,0.00040257478939993507,0.01040459887117265
22,2025-04-30,8.428571428571429,0.05772005772005771,0.04076479076479077,2.728486221760476,32.495007579256956,48.76351849286251,390.1081479429001,39.73407544836117,0.08323679096938122,0.000570017400920262,0.00040257478939993507,0.010404598871172652
22,2025-05-01,8.285714285714286,0.04603174603174603,0.027777777777777773,2.768192379263774,32.485632870891756,48.7635184928625,390.1081479429,40.46394557823129,0.08182599790210357,0.00045458887723390896,0.00027432087419287617,0.010228249737762946
22,2025-05-02,7.714285714285714,0.04603174603174603,0.027777777777777773,2.7751423078541393,32.49684486846968,48.7635184928625,390.1081479429,37.647619047619045,0.07618282563299296,0.00045458887723390896,0.00027432087419287617,0.00952285320412412
22,2025-05-03,8.142857142857142,0.04603174603174603,0.027777777777777773,2.6211484304158135,32.72253337890628,48.76351849286251,390.1081479429001,36.55238095238095,0.08041520483482592,0.00045458887723390896,0.00027432087419287617,0.01005190060435324
22,2025-05-04,8.428571428571429,0.04603174603174603,0.027777777777777773,2.6079468800519385,32.719019160005324,48.7635184928625,390.1081479429,36.445238095238096,0.0832367909693812,0.00045458887723390896,0.00027432087419287617,0.01040459887117265
22,2025-05-05,7.428571428571429,0.10317460317460317,0.015873015873015872,2.7463051973878123,32.588912346891156,48.7635184928625,390.1081479429,35.64523809523809,0.07336123949843767,0.001018906104144968,0.00015675478525307223,0.00917015493730471
22,2025-05-06,7.285714285714286,0.13174603174603175,0.03015873015873016,2.8007306505095504,32.563109880725605,48.7635184928625,390.1081479429,37.07380952380952,0.07195044643116003,0.0013010647176004975,0.000297834091980837,0.008993805803895003
22,2025-05-07,7.285714285714286,0.09999999999999999,0.014285714285714287,2.9444599028492067,32.33818049568304,48.7635184928625,390.1081479429,38.31190476190476,0.07195044643116003,0.0009875551470943536,0.00014107930672776502,0.008993805803895003
22,2025-05-08,7.857142857142857,0.10612244897959185,0.014285714285714287,2.9283687025118335,32.34049709524985,48.7635184928625,390.1081479429,38.60986394557823,0.07759361870027062,0.0010480177071205386,0.00014107930672776502,0.009699202337533828
22,2025-05-09,9.0,0.10612244897959185,0.014285714285714287,3.1250005358945017,32.119271213579005,48.7635184928625,390.1081479429,42.45401978973407,0.0888799632384918,0.0010480177071205386,0.00014107930672776502,0.011109995404811475
24,2025-01-01,9.142857142857142,0.014285714285714287,0.15991865277579564,1.5074373318550083,35.193142404465206,37.25689394366001,186.2844697183,37.78392321963751,0.1345408283100125,0.00021022004423439447,0.0023532674382302776,0.0269081656620025
24,2025-01-02,9.285714285714286,0.014285714285714287,0.1313472242043671,1.4555036964392882,35.09717909021136,37.25689394366001,186.2844697183,38.25058988630417,0.13664302875235643,0.00021022004423439447,0.0019328273497614885,0.02732860575047129
24,2025-01-03,9.857142857142858,0.02380952380952381,0.13048142333856622,1.5174279849401509,35.14329250228507,37.25689394366001,186.2844697183,38.09301412872842,0.14505183052173218,0.0003503667403906575,0.00192008674102001,0.029010366104346447
24,2025-01-04,10.285714285714286,0.02380952380952381,0.09476713762428049,1.5472765462351512,35.171420633014186,37.25689394366001,186.2844697183,38.04431283002712,0.15135843184876402,0.0003503667403906575,0.0013945366304340238,0.03027168636975281
24,2025-01-05,9.571428571428571,0.05238095238095238,0.12333856619570906,1.5968645668165051,35.29014006378294,37.25689394366001,186.2844697183,38.430027115741396,0.1408474296370443,0.0007708068288594464,0.0018149767189028128,0.028169485927408866
24,2025-01-06,8.857142857142858,0.05238095238095238,0.1013605442176871,1.5352976741279905,35.177520671106095,37.25689394366001,186.2844697183,37.270686456400746,0.1303364274253246,0.0007708068288594464,0.0014915612662345136,0.02606728548506492
24,2025-01-07,10.0,0.05238095238095238,0.08095238095238098,1.5422340338284255,35.14661381132387,37.25689394366,186.2844697183,37.858441558441555,0.14715403096407617,0.0007708068288594464,0.0011912469173282357,0.029430806192815233
24,2025-01-08,10.285714285714286,0.038095238095238106,0.10238095238095239,1.4778983041211688,35.099347050562194,37.25689394366,186.2844697183,36.687012987012984,0.15135843184876402,0.000560586784625052,0.0015065769836798274,0.03027168636975281
24,2025-01-09,11.428571428571429,0.038095238095238106,0.12278911564625851,1.4748368559648848,35.02742737933497,37.25689394366001,186.2844697183,35.08157081014224,0.1681760353875156,0.000560586784625052,0.0018068913325861053,0.03363520707750312
24,2025-01-10,11.285714285714286,0.028571428571428574,0.10510204081632654,1.4686406490392805,35.058235531499236,37.25689394366001,186.2844697183,36.07680890538033,0.16607383494517164,0.000420440088468789,0.001546618896867331,0.03321476698903433
24,2025-01-11,10.857142857142858,0.04642857142857143,0.15867346938775512,1.550748088834314,35.083196872798965,37.25689394366001,186.2844697183,35.893367346938774,0.1597672336181398,0.0006832151437617821,0.0023349440627463106,0.03195344672362797
24,2025-01-12,11.0,0.041666666666666664,0.13010204081632654,1.4850769531954815,35.02903444961872,37.25689394366001,186.2844697183,35.921938775510206,0.16186943406048376,0.0006131417956836505,0.0019145039742775216,0.032373886812096755
24,2025-01-13,11.571428571428571,0.041666666666666664,0.15391156462585037,1.4722214295829577,35.03126449255624,37.25689394366001,186.2844697183,36.362414965986396,0.17027823582985954,0.0006131417956836505,0.002264870714668179,0.03405564716597192
24,2025-01-14,10.714285714285714,0.041666666666666664,0.20153061224489796,1.4891501594764385,35.06294680455566,37.25689394366001,186.2844697183,36.60685941043084,0.1576650331757959,0.0006131417956836505,0.002965604195449494,0.03153300663515918
24,2025-01-15,11.0,0.041666666666666664,0.1760204081632653,1.5318297241717436,35.1388967492399,37.25689394366001,186.2844697183,37.83134920634921,0.1618694340604838,0.0006131417956836505,0.0025902112593166465,0.032373886812096755
24,2025-01-16,10.571428571428571,0.041666666666666664,0.1556122448979592,1.5709256989873144,35.187972373482076,37.25689394366001,186.2844697183,38.52337146980004,0.15556283273345192,0.0006131417956836505,0.0022898969104103687,0.031112566546690392
24,2025-01-17,9.714285714285714,0.041666666666666664,0.13520408163265304,1.5793764794169136,35.13018445103027,37.25689394366001,186.2844697183,38.16622861265718,0.14294963007938827,0.0006131417956836505,0.0019895825615040908,0.028589926015877655
24,2025-01-18,11.0,0.023809523809523808,0.12364945978391358,1.509089952904138,35.11817870705759,37.25689394366001,186.2844697183,38.91727903282525,0.16186943406048376,0.00035036674039065743,0.0018195516433733305,0.032373886812096755
24,2025-01-19,11.714285714285714,0.012987012987012988,0.14962348575793954,1.5518874623792664,35.116671365298444,37.25689394366001,186.2844697183,39.17701929256551,0.17238043627220348,0.00019110913112217677,0.002201769905617684,0.0344760872544407
24,2025-01-20,11.714285714285714,0.012987012987012988,0.14962348575793954,1.6039847440218344,35.163394775172236,37.25689394366001,186.2844697183,39.26035262589885,0.17238043627220348,0.00019110913112217677,0.0022017699056176843,0.0344760872544407
24,2025-01-21,12.714285714285714,0.012987012987012988,0.13771872385317765,1.5795386559765494,35.19549522143717,37.25689394366001,186.2844697183,39.01233675288297,0.18709583936861113,0.00019110913112217677,0.0020265865354223557,0.03741916787372222
24,2025-01-22,12.571428571428571,0.012987012987012988,0.16048167518755757,1.5522583433766235,35.141760610032314,37.25689394366,186.2844697183,38.59004475916241,0.18499363892626716,0.00019110913112217677,0.0023615525399716653,0.036998727785253434
24,2025-01-23,12.428571428571429,0.012987012987012988,0.20333881804470044,1.5610676121369413,35.20445230048134,37.25689394366,186.2844697183,38.95108372020137,0.18289143848392322,0.00019110913112217677,0.0029922126726748487,0.03657828769678465
24,2025-01-24,12.571428571428571,0.012987012987012988,0.20333881804470044,1.5367678647195133,35.237974279913686,37.25689394366,186.2844697183,38.82409959321724,0.18499363892626716,0.00019110913112217677,0.0029922126726748487,0.036998727785253434
24,2025-01-25,13.571428571428571,0.012987012987012988,0.17322677322677324,1.4891529797700933,35.16624896203463,37.25689394366,186.2844697183,38.352811077811076,0.19970904202267478,0.00019110913112217677,0.0025491017951219585,0.03994180840453495
24,2025-01-26,14.142857142857142,0.0,0.1567765567765568,1.513286028729371,35.20981488156043,37.25689394366,186.2844697183,38.38830891330891,0.20811784379205056,0.0,0.0023070302290338677,0.04162356875841011
24,2025-01-27,14.714285714285714,0.0,0.15975274725274727,1.5321209498175783,35.198980819005435,37.25689394366,186.2844697183,38.71271367521367,0.21652664556142634,0.0,0.0023508260715827006,0.043305329112285275
24,2025-01-28,14.142857142857142,0.0,0.17165750915750916,1.4967321413735235,35.12361656632636,37.25689394366,186.2844697183,38.56390415140415,0.20811784379205056,0.0,0.0025260094417780287,0.04162356875841011
24,2025-01-29,13.571428571428571,0.0,0.1386904761904762,1.5817960258417954,35.19158860692332,37.25689394366,186.2844697183,39.285515873015875,0.19970904202267478,0.0,0.00204088626277558,0.03994180840453496
24,2025-01-30,13.285714285714286,0.0,0.1136904761904762,1.5539198981303464,35.12713551192301,37.25689394366,186.2844697183,38.706944444444446,0.19550464113798688,0.0,0.0016730011853653896,0.03910092822759738
24,2025-01-31,13.428571428571429,0.0,0.17083333333333334,1.5152046171267666,35.13714392266549,37.25689394366,186.2844697183,38.99107142857143,0.19760684158033084,0.0,0.002513881362302968,0.039521368316066174
24,2025-02-01,11.142857142857142,0.0,0.19464285714285717,1.5544786194818936,35.12623369328723,37.25689394366,186.2844697183,38.836309523809526,0.1639716345028277,0.0,0.002864248102693625,0.032794326900565544
24,2025-02-02,9.857142857142858,0.0,0.23273809523809527,1.454415965301564,35.02254591481302,37.25689394366,186.2844697183,37.42202380952381,0.14505183052173223,0.0,0.003424834887318677,0.02901036610434644
24,2025-02-03,9.0,0.0,0.22023809523809526,1.4053958821999273,34.98737899647089,37.25689394366,186.2844697183,36.988095238095234,0.13243862786766855,0.0,0.003240892348613582,0.02648772557353371
24,2025-02-04,9.142857142857142,0.0,0.17261904761904764,1.4350908289439523,35.04246413104663,37.25689394366,186.2844697183,37.53388278388279,0.1345408283100125,0.0,0.0025401588678322672,0.0269081656620025
24,2025-02-05,8.714285714285714,0.0,0.19642857142857145,1.3814084970518647,34.97913226477012,37.25689394366,186.2844697183,36.41483516483516,0.12823422698298065,0.0,0.0028905256082229244,0.02564684539659613
24,2025-02-06,8.571428571428571,0.0,0.17857142857142858,1.3853578485582783,35.03575516861445,37.25689394366001,186.2844697183,36.756671899529046,0.1261320265406367,0.0,0.0026277505529299313,0.02522640530812734
24,2025-02-07,9.428571428571429,0.0,0.14821428571428572,1.465893620467612,35.05092648092251,37.25689394366001,186.2844697183,36.76917189952904,0.13874522919470036,0.0,0.002181032958931843,0.027749045838940074
24,2025-02-08,10.428571428571429,0.0,0.12202380952380953,1.4396416637018974,35.12329630038222,37.25689394366001,186.2844697183,36.86917189952904,0.153460632291108,0.0,0.0017956295445021194,0.030692126458221596
24,2025-02-09,11.428571428571429,0.02197802197802198,0.07440476190476193,1.5396596149456965,35.23171264189558,37.25689394366001,186.2844697183,37.70250523286238,0.1681760353875156,0.0003234154526682992,0.0010948960637208046,0.03363520707750312
24,2025-02-10,11.571428571428571,0.02197802197802198,0.09908008658008659,1.6051413803891834,35.307721274468484,37.25689394366001,186.2844697183,38.112894843251986,0.17027823582985954,0.0003234154526682992,0.0014580034128529407,0.03405564716597191
24,2025-02-11,10.714285714285714,0.02197802197802198,0.1194882498453927,1.588316398370029,35.292455698857346,37.25689394366001,186.2844697183,37.68275355596784,0.15766503317579586,0.0003234154526682992,0.0017583177617592185,0.03153300663515918
24,2025-02-12,10.857142857142858,0.02197802197802198,0.11608688930117503,1.5934691503263134,35.41257182167723,37.25689394366001,186.2844697183,38.56370593692022,0.15976723361813985,0.0003234154526682992,0.001708265370274839,0.031953446723627967
24,2025-02-13,11.714285714285714,0.02197802197802198,0.149053922268208,1.6190437665501236,35.36185310036423,37.25689394366001,186.2844697183,38.41142964178679,0.1723804362722035,0.0003234154526682992,0.002193388549277288,0.0344760872544407
24,2025-02-14,10.571428571428571,0.02197802197802198,0.14012535083963656,1.6264174103878037,35.37883359564573,37.25689394366001,186.2844697183,38.11678678464393,0.15556283273345195,0.0003234154526682992,0.0020620010216307913,0.031112566546690392
24,2025-02-15,9.0,0.02197802197802198,0.13060154131582705,1.615750008270046,35.4413184192328,37.25689394366001,186.2844697183,37.516786784643934,0.13243862786766852,0.0003234154526682992,0.0019218543254745284,0.02648772557353371
24,2025-02-16,8.857142857142858,0.0,0.16631582703011277,1.5437572148212133,35.40507978986501,37.25689394366001,186.2844697183,37.31440583226298,0.1303364274253246,0.0,0.0024474044360605148,0.02606728548506492
24,2025-02-17,9.0,0.0,0.1511643118785976,1.5672317274149756,35.39161072944318,37.25689394366001,186.2844697183,37.50163526949241,0.13243862786766852,0.0,0.0022244437830846414,0.02648772557353371
24,2025-02-18,8.571428571428571,0.0,0.1307561486132915,1.5834516225855222,35.27106856930465,37.256893943659996,186.2844697183,36.58836996336997,0.1261320265406367,0.0,0.0019241294341783637,0.025226405308127343
24,2025-02-19,9.0,0.0,0.13891941391941393,1.532756039743892,35.18299254496476,37.25689394366,186.2844697183,36.55979853479854,0.13243862786766855,0.0,0.0020442551737408746,0.02648772557353371
24,2025-02-20,9.142857142857142,0.0,0.12636054421768708,1.4957341606883752,35.21700057023433,37.25689394366001,186.2844697183,36.56921768707483,0.1345408283100125,0.0,0.001859446343644704,0.0269081656620025
24,2025-02-21,9.571428571428571,0.0,0.12149041434755722,1.4880746079748046,35.23584669453411,37.25689394366001,186.2844697183,36.914996907854054,0.14084742963704433,0.0,0.0017877804194738874,0.028169485927408866
24,2025-02-22,10.142857142857142,0.0,0.12149041434755722,1.5474229023250494,35.1826480473832,37.25689394366001,186.2844697183,37.77213976499691,0.1492562314064201,0.0,0.0017877804194738874,0.029851246281284022
24,2025-02-23,10.285714285714286,0.0,0.0967651396222825,1.597595110134885,35.29870745421898,37.25689394366001,186.2844697183,38.41408115693831,0.15135843184876402,0.0,0.001423938035222051,0.03027168636975281
24,2025-02-24,11.0,0.0,0.11497242253544775,1.5540135292564443,35.31403657168695,37.25689394366001,186.2844697183,38.31394110091589,0.16186943406048376,0.0,0.0016918655425796124,0.032373886812096755
24,2025-02-25,11.857142857142858,0.0,0.12925813682116205,1.5697870880842992,35.406962366734895,37.25689394366001,186.2844697183,39.42108395805875,0.17448263671454742,0.0,0.001902085586814007,0.03489652734290949
24,2025-02-26,11.571428571428571,0.017857142857142856,0.11854385110687635,1.5222799848567807,35.27252969735508,37.25689394366001,186.2844697183,39.53894110091589,0.17027823582985954,0.0002627750552929931,0.0017444205536382112,0.03405564716597191
24,2025-02-27,10.571428571428571,0.017857142857142856,0.09813568784157022,1.5076226999237392,35.195049593814566,37.25689394366001,186.2844697183,40.232818651936306,0.15556283273345192,0.0002627750552929931,0.0014441062047319334,0.031112566546690392
24,2025-02-28,10.714285714285714,0.02976190476190476,0.09705343675931911,1.4647745995427073,35.08591673604834,37.25689394366001,186.2844697183,39.404896574014224,0.15766503317579586,0.00043795842548832183,0.0014281804438050854,0.03153300663515918
24,2025-03-01,10.428571428571429,0.02976190476190476,0.09705343675931911,1.500402442407321,35.18334957587005,37.25689394366001,186.2844697183,39.285848954966596,0.153460632291108,0.00043795842548832183,0.0014281804438050854,0.030692126458221603
24,2025-03-02,9.428571428571429,0.02976190476190476,0.08606442577030814,1.5213663735688379,35.09687455594622,37.25689394366001,186.2844697183,38.82247899159664,0.13874522919470036,0.00043795842548832183,0.0012664727174709356,0.02774904583894008
24,2025-03-03,8.142857142857142,0.02976190476190476,0.044047619047619065,1.5071784958383865,35.09594066492804,37.25689394366001,186.2844697183,39.357142857142854,0.11982542521360487,0.00043795842548832183,0.0006481784697227165,0.023965085042720973
24,2025-03-04,7.428571428571429,0.02976190476190476,0.029761904761904774,1.417128190915916,35.025130014453694,37.25689394366001,186.2844697183,39.05714285714286,0.10931442300188514,0.00043795842548832183,0.00043795842548832183,0.021862884600377032
24,2025-03-05,7.0,0.011904761904761904,0.06904761904761907,1.4723119064489063,35.100527330996265,37.25689394366001,186.2844697183,37.596428571428575,0.10300782167485331,0.00017518337019532866,0.0010160635471329067,0.02060156433497066
24,2025-03-06,7.714285714285714,0.023809523809523808,0.06904761904761907,1.4694178697440923,35.120113792766986,37.25689394366,186.2844697183,36.94166666666667,0.11351882388657304,0.00035036674039065743,0.0010160635471329067,0.02270376477731461
24,2025-03-07,7.714285714285714,0.023809523809523808,0.05714285714285716,1.4533141646264096,35.13913029198945,37.25689394366,186.2844697183,37.905952380952385,0.11351882388657301,0.00035036674039065743,0.000840880176937578,0.02270376477731461
24,2025-03-08,8.571428571428571,0.03571428571428571,0.05714285714285716,1.3830786931147807,35.08692327294444,37.25689394366,186.2844697183,37.810714285714276,0.1261320265406367,0.0005255501105859862,0.000840880176937578,0.02522640530812734
24,2025-03-09,8.571428571428571,0.03571428571428571,0.1285714285714286,1.3727208194778713,35.14544133897627,37.25689394366,186.2844697183,38.596428571428575,0.1261320265406367,0.0005255501105859862,0.0018919803981095507,0.025226405308127343
24,2025-03-10,8.571428571428571,0.03571428571428571,0.18214285714285716,1.4518521459913944,35.167861209026334,37.25689394366,186.2844697183,38.721428571428575,0.12613202654063668,0.0005255501105859862,0.00268030556398853,0.02522640530812734
24,2025-03-11,8.571428571428571,0.03571428571428571,0.21071428571428572,1.5020472265765987,35.15131003578622,37.25689394366,186.2844697183,38.92142857142857,0.1261320265406367,0.0005255501105859862,0.0031007456524573193,0.02522640530812734
24,2025-03-12,9.857142857142858,0.04591836734693877,0.16377551020408165,1.5036740799101385,35.26553872395921,37.25689394366001,186.2844697183,39.46632653061225,0.14505183052173223,0.0006757072850391251,0.00241002264997288,0.02901036610434644
24,2025-03-13,9.142857142857142,0.03401360544217687,0.18418367346938777,1.4713071232270127,35.1940749133678,37.25689394366001,186.2844697183,39.44761904761905,0.1345408283100125,0.0005005239148437963,0.0027103369988791576,0.0269081656620025
24,2025-03-14,9.428571428571429,0.022108843537414966,0.1841836734693878,1.4912338434714754,35.24532811896879,37.25689394366001,186.2844697183,39.02925170068027,0.1387452291947004,0.00032534054464846763,0.0027103369988791576,0.02774904583894008
24,2025-03-15,8.714285714285714,0.01020408163265306,0.24540816326530615,1.4930572898061918,35.20241600382115,37.25689394366001,186.2844697183,39.386394557823124,0.12823422698298065,0.00015015717445313888,0.0036112800455979912,0.025646845396596136
24,2025-03-16,9.0,0.01020408163265306,0.22755102040816327,1.4611285204106166,35.171245107768236,37.25689394366001,186.2844697183,39.428061224489795,0.13243862786766852,0.00015015717445313888,0.0033485049903049977,0.02648772557353371
24,2025-03-17,10.285714285714286,0.02701080432172869,0.19078631452581035,1.3296198582774188,35.03772182633571,37.25689394366001,186.2844697183,37.928061224489795,0.15135843184876405,0.00039747487355242656,0.002807497523525306,0.03027168636975281
24,2025-03-18,11.857142857142858,0.02701080432172869,0.1800720288115246,1.3104040034421636,35.118961442138165,37.25689394366001,186.2844697183,37.992346938775505,0.17448263671454747,0.00039747487355242656,0.00264983249034951,0.034896527342909496
24,2025-03-19,11.142857142857142,0.01680672268907563,0.18574096305188742,1.2881840069976562,35.04535486186101,37.25689394366001,186.2844697183,38.406179138321995,0.16397163450282773,0.0002473176990992876,0.0027332531428234763,0.032794326900565544
24,2025-03-20,11.714285714285714,0.029793735676088617,0.19130682576060729,1.4012116898031708,35.17819733422185,37.25689394366001,186.2844697183,39.02770047412905,0.17238043627220348,0.00043842683022146445,0.0028151570561615524,0.0344760872544407
24,2025-03-21,12.0,0.029793735676088617,0.19130682576060729,1.4077566260874828,35.1135323677535,37.25689394366001,186.2844697183,39.15142496392496,0.1765848371568914,0.00043842683022146445,0.0028151570561615524,0.03531696743137828
24,2025-03-22,12.714285714285714,0.04169849758085052,0.14198709786945082,1.4165788788729337,35.171338629604804,37.25689394366,186.2844697183,38.7942821067821,0.18709583936861113,0.0006136102004167932,0.0020893973796380473,0.03741916787372223
24,2025-03-23,12.857142857142858,0.057571513453866394,0.08841566929802225,1.3664635784646275,35.088864580770206,37.25689394366,186.2844697183,38.435155122655125,0.1891980398109551,0.0008471880273438982,0.0013010722137590679,0.03783960796219101
24,2025-03-24,11.428571428571429,0.04076479076479077,0.07160894660894661,1.4298952910024079,35.08906638445343,37.25689394366001,186.2844697183,39.047400020614305,0.16817603538751563,0.0005998703282446106,0.0010537545146597803,0.03363520707750312
24,2025-03-25,11.142857142857142,0.04076479076479077,0.053751803751803766,1.4839785648086716,35.02354394501638,37.25689394366001,186.2844697183,38.35862451041022,0.1639716345028277,0.0005998703282446106,0.0007909794593667873,0.032794326900565544
24,2025-03-26,12.0,0.04076479076479077,0.056926406926406936,1.5234152838171242,35.06042395394176,37.25689394366001,186.2844697183,38.41894197072769,0.17658483715689138,0.0005998703282446106,0.0008376950247522083,0.035316967431378285
24,2025-03-27,11.285714285714286,0.027777777777777773,0.054761904761904776,1.476919714249128,35.101136741111056,37.25689394366001,186.2844697183,37.56612811791383,0.16607383494517167,0.0004087611971224336,0.0008058435028985121,0.03321476698903434
24,2025-03-28,10.428571428571429,0.027777777777777773,0.06904761904761905,1.4738776831945437,35.14226833032382,37.25689394366001,186.2844697183,37.4750566893424,0.153460632291108,0.0004087611971224336,0.0010160635471329067,0.030692126458221603
24,2025-03-29,11.142857142857142,0.015873015873015872,0.05714285714285716,1.4770291939091322,35.04478384708579,37.25689394366001,186.2844697183,37.285981059090304,0.1639716345028277,0.00023357782692710492,0.0008408801769375779,0.032794326900565544
24,2025-03-30,11.142857142857142,0.0,0.07301587301587302,1.559605571356229,35.002838413491055,37.25689394366001,186.2844697183,36.76217153528078,0.1639716345028277,0.0,0.0010744580038646828,0.032794326900565544
24,2025-03-31,10.857142857142858,0.0,0.1015873015873016,1.5110097509702298,35.05814614265182,37.256893943659996,186.2844697183,37.349926637321595,0.1597672336181398,0.0,0.001494898092333472,0.031953446723627967
24,2025-04-01,10.571428571428571,0.0,0.1134920634920635,1.5001147591089605,35.13364217225577,37.25689394366,186.2844697183,38.08632119514472,0.15556283273345192,0.0,0.0016700814625288005,0.03111256654669039
24,2025-04-02,9.571428571428571,0.0,0.13015873015873017,1.4708483282511484,35.06208307822584,37.25689394366,186.2844697183,37.90298786181139,0.14084742963704433,0.0,0.0019153381808022611,0.028169485927408866
24,2025-04-03,10.0,0.0,0.153968253968254,1.413693082111564,34.9859152643452,37.25689394366,186.2844697183,38.823622782446314,0.14715403096407617,0.0,0.0022657049211929183,0.029430806192815233
24,2025-04-04,10.571428571428571,0.01020408163265306,0.13968253968253969,1.484321813599937,35.033515863679675,37.25689394366001,186.2844697183,39.005255435507536,0.15556283273345192,0.00015015717445313888,0.002055484876958524,0.03111256654669039
24,2025-04-05,9.142857142857142,0.030612244897959183,0.13968253968253969,1.5226572605807835,35.082074829748485,37.25689394366001,186.2844697183,39.98004535147392,0.1345408283100125,0.0004504715233594167,0.002055484876958524,0.0269081656620025
24,2025-04-06,9.0,0.030612244897959183,0.14166666666666666,1.5228326283503582,35.22436942034991,37.25689394366001,186.2844697183,40.862981859410425,0.13243862786766855,0.00045047152335941676,0.002084682105324412,0.02648772557353371
24,2025-04-07,10.142857142857142,0.04160125588697017,0.12408424908424909,1.598949348138049,35.26970858691517,37.25689394366001,186.2844697183,40.60803680446538,0.14925623140642008,0.0006121792496935664,0.0018259497431897724,0.029851246281284022
24,2025-04-08,10.285714285714286,0.04160125588697017,0.14514652014652013,1.6225172297845336,35.34171167262887,37.25689394366001,186.2844697183,40.975252921681495,0.15135843184876405,0.0006121792496935664,0.002135889551996893,0.03027168636975281
24,2025-04-09,10.0,0.04160125588697017,0.10943223443223445,1.5970486614585433,35.33892945877276,37.25689394366001,186.2844697183,41.415729112157685,0.14715403096407617,0.0006121792496935664,0.0016103394414109067,0.029430806192815236
24,2025-04-10,9.857142857142858,0.04160125588697017,0.06181318681318683,1.620636807925509,35.26703216249172,37.25689394366001,186.2844697183,40.02485609628467,0.14505183052173218,0.0006121792496935664,0.0009096059606295916,0.029010366104346447
24,2025-04-11,9.571428571428571,0.04330193615907901,0.07371794871794875,1.570059890533136,35.26136063193466,37.25689394366001,186.2844697183,39.740842490842496,0.14084742963704433,0.0006372054454357563,0.0010847893308249203,0.028169485927408866
24,2025-04-12,10.142857142857142,0.022893772893772892,0.0996919746919747,1.4915030869416344,35.147973845252345,37.25689394366,186.2844697183,37.90967365967366,0.14925623140642008,0.0003368910965294783,0.001467007593069274,0.02985124628128402
24,2025-04-13,10.285714285714286,0.03876678876678876,0.09770784770784771,1.4427363115873573,35.11786770761272,37.25689394366,186.2844697183,37.64578477078477,0.15135843184876402,0.0005704689234565833,0.0014378103647033856,0.03027168636975281
24,2025-04-14,10.0,0.027777777777777773,0.08671883671883673,1.383965766915087,35.11492420454096,37.25689394366,186.2844697183,37.9734570984571,0.14715403096407617,0.00040876119712243366,0.001276102638369236,0.029430806192815233
24,2025-04-15,9.142857142857142,0.027777777777777773,0.07415996701710989,1.3848156114163275,35.083724190215285,37.25689394366001,186.2844697183,37.6861729540301,0.1345408283100125,0.0004087611971224336,0.0010912938082730651,0.0269081656620025
24,2025-04-16,9.857142857142858,0.027777777777777773,0.08714698000412288,1.4690233889124522,35.1025282041384,37.25689394366001,186.2844697183,36.93725520511235,0.14505183052173223,0.0004087611971224336,0.001282402939395242,0.02901036610434644
24,2025-04-17,9.428571428571429,0.027777777777777773,0.11571840857555145,1.5463579991245262,35.26034640078054,37.25689394366001,186.2844697183,38.28368377654092,0.13874522919470036,0.0004087611971224336,0.001702843027864031,0.027749045838940077
24,2025-04-18,9.142857142857142,0.015873015873015872,0.11809936095650382,1.5256559728269146,35.19057013623423,37.25689394366001,186.2844697183,38.57177901463616,0.1345408283100125,0.00023357782692710492,0.001737879701903097,0.0269081656620025
24,2025-04-19,8.857142857142858,0.015873015873015872,0.09212533498247787,1.4984453935572566,35.160839432969276,37.25689394366001,186.2844697183,39.06961451247166,0.1303364274253246,0.00023357782692710492,0.001355661439658743,0.026067285485064925
24,2025-04-20,8.142857142857142,0.0,0.07625231910946198,1.6469389305157807,35.291168631020206,37.25689394366001,186.2844697183,39.708503401360545,0.11982542521360486,0.0,0.001122083612731638,0.02396508504272098
24,2025-04-21,7.571428571428571,0.0,0.0966604823747681,1.6350179883740963,35.252452828976075,37.25689394366001,186.2844697183,38.76230674087817,0.11141662344422909,0.0,0.001422397961637916,0.022283324688845817
24,2025-04-22,7.285714285714286,0.0,0.07625231910946198,1.54617143932538,35.10619495015985,37.256893943659996,186.2844697183,37.99904143475572,0.1072122225595412,0.0,0.001122083612731638,0.021442444511908243
24,2025-04-23,6.571428571428571,0.0,0.0870748299319728,1.4942508643506909,35.13840088504169,37.25689394366001,186.2844697183,37.96224489795918,0.09670122034782147,0.0,0.0012813412220001187,0.019340244069564298
24,2025-04-24,7.428571428571429,0.0,0.07149041434755722,1.4543737939491923,35.0589221470002,37.256893943659996,186.2844697183,37.84795918367347,0.10931442300188514,0.0,0.0010520102646535067,0.02186288460037703
24,2025-04-25,7.142857142857143,0.0,0.0750618429189858,1.4587380028100492,35.07180472738751,37.25689394366001,186.2844697183,37.208673469387755,0.10511002211719725,0.0,0.0011045652757121051,0.021022004423439454
24,2025-04-26,6.857142857142857,0.0,0.0750618429189858,1.483017909029239,35.10598539629762,37.25689394366001,186.2844697183,37.29710884353741,0.10090562123250936,0.0,0.0011045652757121053,0.020181124246501876
24,2025-04-27,7.0,0.0,0.0750618429189858,1.2855937553174857,34.90092408542074,37.25689394366001,186.2844697183,35.975680272108846,0.10300782167485331,0.0,0.0011045652757121053,0.02060156433497066
24,2025-04-28,7.571428571428571,0.0,0.06764069264069265,1.2920191460743156,34.88953657328502,37.25689394366001,186.2844697183,36.49330550401979,0.11141662344422909,0.0,0.000995360057928004,0.022283324688845817
24,2025-04-29,7.285714285714286,0.0,0.06764069264069265,1.3266729582233256,35.02926295875556,37.25689394366001,186.2844697183,36.28378169449598,0.1072122225595412,0.0,0.000995360057928004,0.02144244451190824
24,2025-04-30,7.0,0.0,0.07954545454545457,1.3317560148961916,35.11275519326436,37.25689394366001,186.2844697183,36.02187693259122,0.10300782167485331,0.0,0.001170543428123333,0.02060156433497066
24,2025-05-01,7.142857142857143,0.0,0.06655844155844158,1.3180457304076754,35.073573720991774,37.25689394366001,186.2844697183,35.10521026592455,0.10511002211719725,0.0,0.000979434297001156,0.021022004423439454
24,2025-05-02,7.285714285714286,0.0,0.09632034632034633,1.2568014386632207,35.03283571236211,37.25689394366001,186.2844697183,35.03179756751185,0.1072122225595412,0.0,0.001417392722489478,0.021442444511908243
24,2025-05-03,8.142857142857142,0.01098901098901099,0.10730935730935731,1.2682809569701614,35.09631869167157,37.25689394366,186.2844697183,35.80416805416805,0.11982542521360486,0.00016170772633414957,0.0015791004488236277,0.023965085042720973
24,2025-05-04,8.285714285714286,0.0347985347985348,0.10730935730935731,1.3773861567422612,35.190774540781014,37.25689394366,186.2844697183,36.87559662559663,0.12192762565594882,0.000512074466724807,0.0015791004488236277,0.024385525131189766
24,2025-05-05,7.571428571428571,0.0347985347985348,0.11813186813186814,1.414411847872789,35.2727870751778,37.25689394366,186.2844697183,36.88858363858363,0.11141662344422909,0.0005120744667248071,0.0017383580580921083,0.022283324688845817
24,2025-05-06,8.428571428571429,0.0347985347985348,0.11813186813186814,1.3932100539345367,35.2628534205257,37.25689394366,186.2844697183,38.174297924297925,0.12402982609829276,0.0005120744667248071,0.0017383580580921083,0.024805965219658554
24,2025-05-07,9.142857142857142,0.0347985347985348,0.1459096459096459,1.3993528098845955,35.21577877686838,37.25689394366,186.2844697183,38.586996336996336,0.1345408283100125,0.0005120744667248071,0.002147119255214542,0.0269081656620025
24,2025-05-08,8.714285714285714,0.0347985347985348,0.1617826617826618,1.4002080490937139,35.20711208201554,37.25689394366,186.2844697183,39.34493284493284,0.12823422698298065,0.0005120744667248071,0.0023806970821416465,0.02564684539659613
24,2025-05-09,9.0,0.0347985347985348,0.11416361416361417,1.4102600496382085,35.163947085229715,37.25689394366,186.2844697183,39.51087801087801,0.13243862786766855,0.0005120744667248071,0.001679963601360332,0.026487725573533707
25,2025-01-01,16.857142857142858,0.05531135531135534,0.10448063840920986,2.339370949191651,28.274739418871768,45.034033012600005,450.340330126,68.38065149136578,0.18169653380017967,0.0005961794133817281,0.0011261558384515545,0.018169653380017966
25,2025-01-02,16.285714285714285,0.046382783882783905,0.11936159079016224,2.3382482153058874,28.36828793547495,45.034033012600005,450.340330126,66.61279434850863,0.17553732926458035,0.000499941842512989,0.001286551789899453,0.017553732926458034
25,2025-01-03,15.142857142857142,0.049358974358974385,0.10448063840920987,2.3494580916401757,28.32849375069054,45.034033012600005,450.340330126,65.71100863422292,0.16321892019338174,0.0005320210328025686,0.0011261558384515545,0.01632189201933817
25,2025-01-04,14.285714285714286,0.03983516483516486,0.09178222571079718,2.3034031655126097,28.507718097505524,45.0340330126,450.340330126,65.23164355485785,0.15398011338998277,0.00042936762387591344,0.0009892846265493476,0.015398011338998275
25,2025-01-05,14.285714285714286,0.03983516483516486,0.13573826966684113,2.2335680263372404,28.50796683652063,45.034033012600005,450.340330126,65.47340179661607,0.15398011338998277,0.0004293676238759135,0.0014630695908262176,0.015398011338998275
25,2025-01-06,14.857142857142858,0.030906593406593432,0.16430969823826969,2.2607431325081264,28.469614508886142,45.034033012600005,450.340330126,64.79840179661609,0.1601393179255821,0.00033313005300717423,0.001771029817606183,0.016013931792558205
25,2025-01-07,14.428571428571429,0.030906593406593432,0.18951978227188312,2.205402110276525,28.5770794031508,45.034033012600005,450.340330126,64.81016650249843,0.15551991452388259,0.00033313005300717423,0.0020427594294708585,0.015551991452388256
25,2025-01-08,14.714285714285714,0.030906593406593432,0.2150299863535158,2.3082343822935583,28.48861184261271,45.0340330126,450.340330126,64.2157787473964,0.15859951679168224,0.00033313005300717423,0.0023177239176672563,0.015859951679168222
25,2025-01-09,14.428571428571429,0.04519230769230772,0.19122046254399197,2.2834481358865246,28.341831469018512,45.034033012600005,450.340330126,65.94435017596781,0.15551991452388259,0.00048711016639715703,0.002061090395350619,0.015551991452388256
25,2025-01-10,14.428571428571429,0.036263736263736294,0.21800617682970627,2.2643301016083157,28.437999904223293,45.034033012600005,450.340330126,66.2657787473964,0.1555199145238826,0.0003908725955284178,0.0023498031079568363,0.015551991452388258
25,2025-01-11,14.857142857142858,0.0481684981684982,0.26165697048049996,2.2573103173952105,28.309875306123924,45.034033012600005,450.340330126,66.99990573152338,0.1601393179255821,0.0005191893566867368,0.0028202978988706726,0.016013931792558205
25,2025-01-12,15.0,0.036394557823129274,0.22555022008803524,2.289860303765042,28.25481492236055,45.034033012600005,450.340330126,66.45045518207283,0.16167911905948193,0.0003922826698268609,0.0024311173925003864,0.016167911905948188
25,2025-01-13,14.428571428571429,0.05425170068027213,0.2326930772308924,2.259523871817335,28.161939439158797,45.034033012600005,450.340330126,67.58974089635853,0.15551991452388259,0.0005847578115643393,0.002508107449195378,0.015551991452388258
25,2025-01-14,14.0,0.07465986394557825,0.217687074829932,2.3005526155022005,27.975941253512023,45.034033012600005,450.340330126,67.72899659863945,0.15090051112218308,0.0008047294021214575,0.002346363632609261,0.015090051112218311
25,2025-01-15,13.857142857142858,0.07465986394557825,0.21054421768707487,2.2237020526728175,27.971796018528494,45.034033012600005,450.340330126,67.97304421768708,0.14936070998828327,0.0008047294021214575,0.0022693735759142697,0.014936070998828327
25,2025-01-16,16.142857142857142,0.07136316064887496,0.23252223966509683,2.1263014957297863,28.016631495126735,45.034033012600005,450.340330126,68.15106619570905,0.17399752813068053,0.0007691955298006922,0.002506266058052705,0.01739975281306805
25,2025-01-17,17.285714285714285,0.08326792255363687,0.20871271585557302,2.152032087470691,27.948056862398072,45.034033012600005,450.340330126,68.39809000523287,0.18631593720187917,0.0008975122909590112,0.002249632535736067,0.018631593720187915
25,2025-01-18,19.142857142857142,0.07136316064887495,0.17204604918890637,2.1557986787138463,27.98639681026453,45.034033012600005,450.340330126,68.25189952904238,0.2063333519425769,0.0007691955298006922,0.0018544169113684443,0.02063333519425769
25,2025-01-19,19.428571428571427,0.07008765044479333,0.17587257980115129,2.124733569505061,28.027425597992895,45.0340330126,450.340330126,68.60904238618524,0.20941295421037656,0.0007554473053908723,0.0018956615845979042,0.020941295421037655
25,2025-01-20,19.0,0.052230507587650465,0.16213631606488751,2.115119378580563,28.175044889122145,45.034033012600005,450.340330126,67.97580062794349,0.2047935508086771,0.0005629721636533939,0.001747603783261382,0.02047935508086771
25,2025-01-21,18.857142857142858,0.053800366300366324,0.19588827838827844,2.1207184669584698,28.167592352554863,45.034033012600005,450.340330126,69.0071978021978,0.20325374967477725,0.0005798930552347107,0.0021114029522596935,0.020325374967477723
25,2025-01-22,18.571428571428573,0.06478937728937731,0.20028388278388282,2.1721438587995245,28.209309054138057,45.034033012600005,450.340330126,69.3991391941392,0.20017414740697761,0.0006983392963039283,0.0021587814486873805,0.02001741474069776
25,2025-01-23,16.571428571428573,0.053800366300366324,0.21402014652014656,2.198882204516227,28.276463356537366,45.034033012600005,450.340330126,69.00445054945055,0.17861693153238,0.0005798930552347107,0.0023068392500239024,0.017861693153238
25,2025-01-24,15.428571428571429,0.059752747252747276,0.24675824175824182,2.210795436144405,28.258674025178163,45.034033012600005,450.340330126,68.5877838827839,0.1662985224611814,0.0006440514358138702,0.002659710343209279,0.016629852246118137
25,2025-01-25,12.857142857142858,0.059752747252747276,0.22390109890109894,2.1972324491042645,28.25213784021535,45.034033012600005,450.340330126,69.42615122972265,0.13858210205098448,0.0006440514358138702,0.0024133421617853067,0.013858210205098448
25,2025-01-26,13.285714285714286,0.05082417582417585,0.2318898207056102,2.1716737013854517,28.27388263474914,45.034033012600005,450.340330126,69.69306852295574,0.14320150545268398,0.000547813864945131,0.002499449462036284,0.014320150545268398
25,2025-01-27,14.0,0.06669719169719172,0.24165783047361997,2.1858643997576563,28.21833893947252,45.034033012600005,450.340330126,70.12591345580067,0.1509005111221831,0.0007189028798228896,0.002604735009653366,0.015090051112218311
25,2025-01-28,14.142857142857142,0.054923251351822806,0.2589262763134944,2.1673420906948273,28.122924475711734,45.034033012600005,450.340330126,69.59451628154635,0.15244031225608293,0.0005919961929630137,0.002790864817047851,0.01524403122560829
25,2025-01-29,15.714285714285714,0.04393424036281181,0.2378640052512233,2.153016476188303,28.07981092491584,45.034033012600005,450.340330126,69.57757488960496,0.16937812472898103,0.0004735499518937962,0.002563842854998517,0.016937812472898103
25,2025-01-30,15.285714285714286,0.04393424036281181,0.23389575128296936,2.2290203782104734,28.00557034184436,45.0340330126,450.340330126,69.34344790547799,0.1647587213272816,0.0004735499518937962,0.002521070601279078,0.016475872132728154
25,2025-01-31,15.714285714285714,0.03359589449815016,0.1967716911325934,2.1605199100719745,27.976529926301982,45.034033012600005,450.340330126,70.39325993555317,0.16937812472898103,0.00036211697509841396,0.0021209249118774778,0.016937812472898103
25,2025-02-01,17.857142857142858,0.03359589449815016,0.23573273009363235,2.1658609705021905,27.98619127650696,45.034033012600005,450.340330126,69.6826847964066,0.19247514173747843,0.00036211697509841396,0.00254087067566834,0.019247514173747843
25,2025-02-02,16.428571428571427,0.03359589449815016,0.18310115114626394,2.268170798029555,27.886931276136114,45.034033012600005,450.340330126,69.2014817888878,0.17707713039848016,0.00036211697509841396,0.0019735755210736664,0.017707713039848017
25,2025-02-03,17.0,0.030709891612147273,0.16434213238724518,2.285069631374033,27.85235706081853,45.0340330126,450.340330126,69.32557991298593,0.18323633493407948,0.000331009881484276,0.0017713794125817698,0.01832363349340795
25,2025-02-04,17.142857142857142,0.03002961950330374,0.13168907116275538,2.329646709981256,28.034041040833642,45.034033012600005,450.340330126,69.18884521910839,0.18477613606797932,0.0003236774951323721,0.0014194248676903808,0.018477613606797928
25,2025-02-05,15.571428571428571,0.052007641481325716,0.13077332024700447,2.3561424613864,28.151085568092267,45.034033012600005,450.340330126,69.37062177588494,0.16783832359508125,0.000560569977270807,0.0014095543476012793,0.01678383235950812
25,2025-02-06,16.285714285714285,0.052007641481325716,0.12963953339893192,2.405312583085506,28.15735517431899,45.034033012600005,450.340330126,68.73570114096431,0.17553732926458035,0.000560569977270807,0.0013973337036814395,0.017553732926458034
25,2025-02-07,16.142857142857142,0.05242535242535245,0.13799375227946659,2.4623763251190094,28.312041425745228,45.034033012600005,450.340330126,68.26327006327007,0.17399752813068053,0.0005650723197675901,0.0014873805536171018,0.01739975281306805
25,2025-02-08,15.142857142857142,0.06194916194916198,0.1276041418898562,2.5274922028271267,28.301753576602575,45.034033012600005,450.340330126,68.46500166500167,0.16321892019338174,0.0006677257286942454,0.0013753950166062053,0.01632189201933817
25,2025-02-09,15.571428571428571,0.06194916194916198,0.16331842760414192,2.505108120724739,28.36366935475325,45.034033012600005,450.340330126,69.16738261738263,0.1678383235950812,0.0006677257286942454,0.0017603453000811624,0.01678383235950812
25,2025-02-10,15.571428571428571,0.06194916194916198,0.1827989470846614,2.5131878651108996,28.299831452034287,45.034033012600005,450.340330126,68.64140859140859,0.16783832359508125,0.0006677257286942454,0.001970318181976593,0.01678383235950812
25,2025-02-11,15.142857142857142,0.05242535242535245,0.18994180422751852,2.4154630562051485,28.142217982636705,45.034033012600005,450.340330126,69.31045621045621,0.16321892019338174,0.0005650723197675901,0.0020473082386715845,0.01632189201933817
25,2025-02-12,15.714285714285714,0.038850691791868286,0.21256623861665883,2.339699444351918,27.98644641064947,45.034033012600005,450.340330126,69.64723707664885,0.1693781247289811,0.00041875637491738034,0.0022911681467552678,0.016937812472898103
25,2025-02-13,15.714285714285714,0.038850691791868286,0.22277032024931187,2.2271193962607136,28.042723096963016,45.034033012600005,450.340330126,70.524788097057,0.16937812472898103,0.00041875637491738034,0.002401153942033827,0.016937812472898103
25,2025-02-14,15.285714285714286,0.03091418385536035,0.23546873294772455,2.1383189779963945,27.966507296872383,45.03403301260001,450.34033012599997,70.85335952562843,0.1647587213272816,0.000333211867478501,0.002538025153936034,0.016475872132728154
25,2025-02-15,14.428571428571429,0.021390374331550825,0.23864333612232774,2.0202560592157215,28.101525862851965,45.034033012600005,450.34033012599997,71.18986746213638,0.15551991452388259,0.00023055845855184586,0.0025722429569115858,0.015551991452388256
25,2025-02-16,14.714285714285714,0.021390374331550825,0.2335412953060012,1.9841677583138075,28.209788848371648,45.034033012600005,450.34033012599997,71.02830283628603,0.15859951679168224,0.00023055845855184586,0.0025172500592723058,0.015859951679168222
25,2025-02-17,12.714285714285714,0.04411764705882355,0.2725023342670402,1.9622986821887654,28.392078203508476,45.034033012600005,450.34033012599997,69.59486127784447,0.13704230091708466,0.00047552682076318207,0.0029371958230631676,0.013704230091708467
25,2025-02-18,13.285714285714286,0.04411764705882355,0.25464519140989733,2.016203426892028,28.544849543248326,45.034033012600005,450.34033012599997,68.85081365879685,0.14320150545268398,0.00047552682076318207,0.00274472068132569,0.014320150545268395
25,2025-02-19,13.0,0.03571428571428574,0.2686507936507937,2.0680825213683107,28.641634749265393,45.034033012600005,450.34033012599997,67.43344671201814,0.14012190318488432,0.0003849502834749569,0.002895681576806065,0.014012190318488429
25,2025-02-20,12.857142857142858,0.046703296703296725,0.24981248909820342,2.1603630426781684,28.538310815272002,45.034033012600005,450.34033012599997,67.12732426303855,0.13858210205098448,0.0005033965245441744,0.002692630877830264,0.013858210205098448
25,2025-02-21,12.714285714285714,0.046703296703296725,0.25185330542473405,2.211316805761375,28.56431574855549,45.034033012600005,450.3403301260001,66.31575963718821,0.13704230091708466,0.0005033965245441744,0.002714628036885975,0.013704230091708467
25,2025-02-22,14.571428571428571,0.046703296703296725,0.24608129965272824,2.2592153587961255,28.466138822052205,45.034033012600005,450.34033012599997,65.93336425479283,0.1570597156577824,0.0005033965245441744,0.0026524138496577,0.01570597156577824
25,2025-02-23,14.142857142857142,0.059690309690309716,0.24144308072879506,2.2618228749190736,28.397501877287915,45.034033012600005,450.340330126,64.8860544217687,0.15244031225608293,0.0006433784458077951,0.002602420306349263,0.015244031225608292
25,2025-02-24,16.0,0.023976023976024,0.2040281147424005,2.318760399929768,28.485634862397884,45.034033012600005,450.340330126,64.99914965986395,0.1724577269967807,0.0002584281623328382,0.0021991390569945464,0.017245772699678065
25,2025-02-25,15.0,0.023976023976024,0.20204398775827354,2.3204584355654485,28.619292889854687,45.034033012600005,450.340330126,63.55668934240363,0.16167911905948193,0.0002584281623328382,0.002177752930134827,0.016167911905948188
25,2025-02-26,15.285714285714286,0.04078274666509963,0.17123166282830152,2.3209472087332315,28.558366695688754,45.034033012600005,450.340330126,64.343804188342,0.16475872132728156,0.00043958123690928855,0.0018456389600780012,0.016475872132728157
25,2025-02-27,15.571428571428571,0.03931754519989816,0.18734887894551763,2.2541826675998613,28.635729539288672,45.034033012600005,450.340330126,64.11523275977058,0.1678383235950812,0.0004237884047667262,0.0020193601136461866,0.01678383235950812
25,2025-02-28,16.0,0.03931754519989816,0.16513999539209626,2.2641819854605343,28.649253121534485,45.034033012600005,450.340330126,64.99458450046686,0.1724577269967807,0.0004237884047667262,0.001779979265098735,0.01724577269967807
25,2025-03-01,14.714285714285714,0.03931754519989816,0.17213300238510326,2.2491937224998884,28.70733411947237,45.034033012600005,450.340330126,64.8507283566107,0.15859951679168224,0.0004237884047667262,0.001855354145779146,0.015859951679168226
25,2025-03-02,15.285714285714286,0.02633053221288518,0.17473040498250583,2.2344852946311673,28.812042940839557,45.034033012600005,450.340330126,65.40484091072327,0.1647587213272816,0.0002838064835031055,0.00188335053003187,0.016475872132728154
25,2025-03-03,14.142857142857142,0.03731954320189617,0.15170581052933999,2.2647939711973426,28.635759576976255,45.034033012600005,450.340330126,67.41949292537528,0.15244031225608293,0.00040225272457232306,0.0016351774535058906,0.01524403122560829
25,2025-03-04,15.142857142857142,0.03731954320189617,0.18047565179918124,2.250916324991078,28.36018170576754,45.034033012600005,450.340330126,69.58516752854987,0.16321892019338174,0.00040225272457232306,0.0019452762929718281,0.01632189201933817
25,2025-03-05,14.0,0.020512820512820534,0.17954194498312148,2.2872110515607353,28.414343036096845,45.034033012600005,450.340330126,67.36948125404008,0.1509005111221831,0.00022109964999587268,0.0019352122332731362,0.015090051112218311
25,2025-03-06,14.0,0.010989010989011014,0.15097051641169293,2.338226723764261,28.307530227049774,45.034033012600005,450.340330126,67.22662411118293,0.15090051112218308,0.00011844624106921752,0.0016272520064931708,0.01509005111221831
25,2025-03-07,14.142857142857142,0.010989010989011014,0.16637667887667892,2.3831104637435345,28.21907133587057,45.034033012600005,450.340330126,67.66359890109891,0.15244031225608293,0.00011844624106921752,0.0017933089915215836,0.015244031225608292
25,2025-03-08,13.571428571428571,0.010989010989011014,0.14928266178266184,2.439441810436682,28.164537417919345,45.034033012600005,450.340330126,67.92000915750916,0.1462811077204836,0.00011844624106921752,0.0016090592831916896,0.014628110772048359
25,2025-03-09,12.857142857142858,0.010989010989011014,0.14928266178266184,2.5197489336335646,28.03597157851405,45.034033012600005,450.340330126,68.68667582417582,0.1385821020509845,0.00011844624106921752,0.0016090592831916896,0.013858210205098448
25,2025-03-10,12.142857142857142,0.0,0.1561507936507937,2.461584583270463,28.11855064087592,45.034033012600005,450.340330126,68.59464285714286,0.13088309638148535,0.0,0.0016830881838599504,0.013088309638148535
25,2025-03-11,11.285714285714286,0.01428571428571431,0.1543650793650794,2.4979846817938403,28.087388746865535,45.034033012600005,450.340330126,66.80357142857143,0.12164428957808639,0.00015398011338998277,0.0016638406696862027,0.012164428957808638
25,2025-03-12,12.285714285714286,0.01428571428571431,0.15634920634920638,2.4075894209376747,28.04060047528561,45.034033012600005,450.340330126,69.39583333333334,0.13242289751538516,0.00015398011338998277,0.0016852267965459225,0.013242289751538516
25,2025-03-13,11.428571428571429,0.01428571428571431,0.16269841269841273,2.322332812903743,28.072644647730932,45.034033012600005,450.340330126,70.76726190476191,0.12318409071198622,0.00015398011338998277,0.001753662402497026,0.01231840907119862
25,2025-03-14,10.0,0.01428571428571431,0.15674603174603177,2.303470853754683,28.08198788208231,45.034033012600005,450.340330126,69.85654761904763,0.10778607937298793,0.00015398011338998277,0.0016895040219178665,0.010778607937298791
25,2025-03-15,10.142857142857142,0.0285714285714286,0.16944444444444448,2.349354174421343,27.99425217063936,45.034033012600005,450.340330126,69.12321428571428,0.10932588050688777,0.00030796022677996555,0.0018263752338200736,0.010932588050688776
25,2025-03-16,10.142857142857142,0.0285714285714286,0.1408730158730159,2.270339742675102,28.04615858660966,45.034033012600005,450.340330126,67.92321428571428,0.10932588050688777,0.00030796022677996555,0.001518415007040108,0.010932588050688778
25,2025-03-17,10.428571428571429,0.0285714285714286,0.15158730158730163,2.2326935678500766,27.967382432809792,45.034033012600005,450.340330126,67.11964285714285,0.11240548277468741,0.00030796022677996555,0.001633900092082595,0.011240548277468742
25,2025-03-18,11.714285714285714,0.021804511278195514,0.13128654970760237,2.2451843634283426,28.02252012865647,45.034033012600005,450.340330126,67.96475563909775,0.12626369297978587,0.00023502227833207897,0.0014150862467389354,0.012626369297978586
25,2025-03-19,11.0,0.04777853725222149,0.13940343282448547,2.2940871824791538,27.95923966323777,45.034033012600005,450.340330126,67.92660628844838,0.11856468731028671,0.0005149861208593203,0.001502574947528698,0.011856468731028674
25,2025-03-20,11.571428571428571,0.058767548241232474,0.1345194279404806,2.359171885015936,28.125378936006378,45.034033012600005,450.340330126,66.6408920027341,0.12472389184588605,0.0006334323619285379,0.0014499321737201569,0.012472389184588603
25,2025-03-21,12.142857142857142,0.07067231014599439,0.12856704698809965,2.2936571666907524,28.19324878782155,45.034033012600005,450.340330126,67.4563681932103,0.13088309638148535,0.0007617491230868568,0.0013857737931409974,0.013088309638148535
25,2025-03-22,13.0,0.07424373871742296,0.1357099041309568,2.2449205955520735,28.26147764027184,45.034033012600005,450.340330126,68.25815390749601,0.14012190318488432,0.0008002441514343524,0.0014627638498359889,0.014012190318488433
25,2025-03-23,14.0,0.08264710006196077,0.16932334950910805,2.2681101569222273,28.19491894513397,45.034033012600005,450.340330126,68.47580096631954,0.1509005111221831,0.0008908206887225776,0.0018250699989888896,0.01509005111221831
25,2025-03-24,15.428571428571429,0.08264710006196077,0.14789477808053664,2.3153107056122773,28.27345596263999,45.034033012600005,450.340330126,67.6972295377481,0.1662985224611814,0.0008908206887225776,0.0015940998289039154,0.016629852246118137
25,2025-03-25,13.714285714285714,0.07512830306947957,0.16615471363370524,2.398780152023644,28.542331886497852,45.034033012600005,450.340330126,65.2031371639565,0.14782090885438345,0.0008097785237804814,0.0017909165151918632,0.014782090885438345
25,2025-03-26,14.142857142857142,0.0491542770954536,0.17079293255763847,2.358450896359694,28.751879997751676,45.034033012600005,450.340330126,65.31909263705482,0.15244031225608295,0.0005298146812532401,0.0018409100585002993,0.015244031225608292
25,2025-03-27,13.714285714285714,0.0381652661064426,0.18837535014005605,2.419130444116567,28.57014958089158,45.034033012600005,450.340330126,65.64766406562624,0.14782090885438345,0.00041136844018402254,0.002030424044211047,0.014782090885438345
25,2025-03-28,13.571428571428571,0.05223453017570667,0.2024446142093201,2.4247440002934444,28.487236801038772,45.034033012600005,450.340330126,65.02861644657864,0.1462811077204836,0.000563015521552945,0.00218207112557997,0.01462811077204836
25,2025-03-29,12.857142857142858,0.0473644003055768,0.1927043544690604,2.3999662161091755,28.60907345566057,45.034033012600005,450.340330126,64.86059696605915,0.13858210205098448,0.0005105223010790872,0.002077084684632254,0.013858210205098448
25,2025-03-30,12.428571428571429,0.03896103896103899,0.19990723562152138,2.4183732394176656,28.504550547170744,45.034033012600005,450.340330126,66.15111317254174,0.133962698649285,0.0004199457637908621,0.0021547217165935897,0.013396269864928501
25,2025-03-31,11.285714285714286,0.03896103896103899,0.24038342609771182,2.410616491438898,28.320028491480777,45.034033012600005,450.340330126,68.0487322201608,0.12164428957808639,0.0004199457637908621,0.0025909987045318744,0.012164428957808638
25,2025-04-01,13.142857142857142,0.03896103896103899,0.21385281385281388,2.3134437529267693,28.06366155243914,45.034033012600005,450.340330126,70.41199752628323,0.14166170431878414,0.0004199457637908621,0.002305035636807621,0.014166170431878412
25,2025-04-02,13.142857142857142,0.03896103896103899,0.19344465058750776,2.320559520937276,27.866045977188385,45.0340330126,450.340330126,70.17730364873222,0.14166170431878417,0.0004199457637908621,0.0020850640462505023,0.014166170431878412
25,2025-04-03,13.142857142857142,0.03896103896103899,0.20773036487322205,2.3167794783482805,27.899971608659666,45.034033012600005,450.340330126,70.34873222016078,0.14166170431878414,0.0004199457637908621,0.002239044159640485,0.014166170431878414
25,2025-04-04,14.142857142857142,0.028860028860028884,0.20556586270871985,2.366837319802734,27.959502486895747,45.034033012600005,450.340330126,69.55508142651,0.15244031225608293,0.0003110709361413793,0.0022157138394298817,0.015244031225608292
25,2025-04-05,14.571428571428571,0.026077097505668955,0.17959183673469387,2.401030045549724,27.86763902131554,45.034033012600005,450.340330126,68.66825396825398,0.15705971565778243,0.0002810748101563177,0.0019357499969026406,0.01570597156577824
25,2025-04-06,14.571428571428571,0.026077097505668955,0.16938775510204085,2.4055644069391104,27.987396737593716,45.0340330126,450.340330126,67.74988662131518,0.15705971565778243,0.0002810748101563177,0.001825764201624081,0.01570597156577824
25,2025-04-07,15.142857142857142,0.03500566893424038,0.15748299319727896,2.3785468094216426,28.100667861539637,45.034033012600005,450.340330126,66.80048185941043,0.16321892019338174,0.000377312381025057,0.0016974474404657623,0.01632189201933817
25,2025-04-08,14.571428571428571,0.03500566893424038,0.16998299319727894,2.393708416853939,28.34569877589984,45.034033012600005,450.340330126,66.34155328798185,0.15705971565778243,0.000377312381025057,0.0018321800396819976,0.01570597156577824
25,2025-04-09,14.571428571428571,0.03500566893424038,0.180187074829932,2.450205111611273,28.589256779611592,45.034033012600005,450.340330126,65.60685941043084,0.15705971565778243,0.000377312381025057,0.0019421658349605565,0.01570597156577824
25,2025-04-10,15.0,0.03500566893424038,0.15930795395081113,2.437243912814732,28.751865396798667,45.034033012600005,450.340330126,64.27169457526601,0.16167911905948193,0.000377312381025057,0.0017171179769290433,0.016167911905948188
25,2025-04-11,13.714285714285714,0.05087868480725626,0.13549843014128732,2.405040051229697,28.688385361826725,45.034033012600005,450.340330126,65.97010727367869,0.14782090885438345,0.0005484013959028156,0.0014604844546124052,0.014782090885438344
25,2025-04-12,14.428571428571429,0.040674603174603204,0.1806112120961745,2.338322950676428,28.729719089063003,45.034033012600005,450.340330126,66.53294293425871,0.1555199145238826,0.00043841560062425654,0.0019467374442649825,0.015551991452388256
25,2025-04-13,14.857142857142858,0.040674603174603204,0.16680568988729097,2.2840901888912355,28.743560494261462,45.034033012600005,450.340330126,66.86667642765609,0.1601393179255821,0.00043841560062425654,0.0017979331330057555,0.016013931792558205
25,2025-04-14,16.857142857142858,0.031746031746031765,0.17394854703014812,2.2910007618642925,28.762758503467246,45.034033012600005,450.340330126,66.50179547527513,0.1816965338001797,0.0003421780297555173,0.0018749231897007468,0.018169653380017966
25,2025-04-15,15.714285714285714,0.031746031746031765,0.1650199756015767,2.2339381147125525,28.70562079026168,45.034033012600005,450.340330126,66.68929547527513,0.1693781247289811,0.0003421780297555173,0.0017786856188320075,0.016937812472898103
25,2025-04-16,15.714285714285714,0.031746031746031765,0.1650199756015767,2.1213112861304166,28.498715138908647,45.034033012600005,450.340330126,67.44439751609146,0.16937812472898103,0.0003421780297555173,0.0017786856188320072,0.016937812472898103
25,2025-04-17,15.285714285714286,0.031746031746031765,0.17161338219498326,2.082559279616021,28.387641508704267,45.034033012600005,450.340330126,69.33670520839915,0.1647587213272816,0.0003421780297555173,0.0018497533634735381,0.016475872132728154
25,2025-04-18,16.142857142857142,0.0,0.19066100124260235,2.1138128146294446,28.382243626092848,45.034033012600005,450.340330126,68.9843242560182,0.17399752813068053,0.0,0.002055060181326848,0.01739975281306805
25,2025-04-19,15.0,0.01298701298701301,0.18450925824875405,2.174261936017047,28.390898277072633,45.034033012600005,450.340330126,68.7109134562916,0.1616791190594819,0.0001399819212636207,0.001988752955465133,0.016167911905948188
25,2025-04-20,13.428571428571429,0.01298701298701301,0.16770253555967843,2.1115786717688905,28.466161702316874,45.034033012600005,450.340330126,69.03024118738405,0.14474130658658382,0.0001399819212636207,0.001807599880888683,0.014474130658658378
25,2025-04-21,11.571428571428571,0.021390374331550825,0.16686219942522465,2.1479744971266888,28.438339692780097,45.034033012600005,450.340330126,69.61623558514314,0.12472389184588605,0.00023055845855184586,0.0017985422271598606,0.012472389184588603
25,2025-04-22,12.428571428571429,0.03159445596420389,0.16941321983338792,2.2215384865992434,28.31454715734896,45.034033012600005,450.340330126,69.94276619738805,0.133962698649285,0.00034054425383040496,0.0018260386759795003,0.013396269864928501
25,2025-04-23,12.0,0.044581468951216875,0.1619920695550948,2.309224116566184,28.27136808314674,45.034033012600005,450.34033012599997,69.53460293208192,0.12934329524758553,0.0004805261750940257,0.001746049006686003,0.012934329524758552
25,2025-04-24,12.285714285714286,0.044581468951216875,0.19294445050747575,2.3173221263387207,28.23012306844421,45.034033012600005,450.34033012599997,69.91793626541525,0.1324228975153852,0.0004805261750940257,0.0020796725856976317,0.013242289751538518
25,2025-04-25,12.857142857142858,0.05210026594369808,0.21900961341474393,2.31899250431471,28.343026227780367,45.03403301260001,450.34033012599997,69.53848764386137,0.13858210205098448,0.0005615683400361218,0.002360618757496899,0.013858210205098448
25,2025-04-26,12.142857142857142,0.03911325295668509,0.20385809826322876,2.3669592669432222,28.36055399174999,45.034033012600005,450.34033012599997,70.0687906741644,0.13088309638148535,0.0004215864187725012,0.0021973065160226747,0.013088309638148537
25,2025-04-27,12.285714285714286,0.03911325295668509,0.22426626152853488,2.4495064682700862,28.262062751528536,45.034033012600005,450.34033012599997,68.3545049598787,0.1324228975153852,0.00042158641877250116,0.002417278106579793,0.013242289751538516
25,2025-04-28,11.857142857142858,0.030709891612147273,0.20265761807115193,2.4048755305702585,28.336969971619883,45.034033012600005,450.34033012599997,67.48415682062299,0.1278034941136857,0.000331009881484276,0.0021843670106957854,0.01278034941136857
25,2025-04-29,11.714285714285714,0.053472842946527176,0.1822494548058458,2.326956514545226,28.350472969670307,45.034033012600005,450.340330126,67.569714120466,0.12626369297978587,0.0005763628094133694,0.001964395420138667,0.012626369297978586
25,2025-04-30,12.857142857142858,0.0404858299595142,0.20685642678123886,2.274979245239465,28.460431981659855,45.034033012600005,450.340330126,67.84039081219532,0.1385821020509845,0.0004363808881497488,0.0022296243235855272,0.013858210205098448
25,2025-05-01,12.857142857142858,0.0404858299595142,0.19495166487647692,2.299075875020205,28.391808943202513,45.034033012600005,450.340330126,66.9118193836239,0.1385821020509845,0.0004363808881497488,0.0021013075624272083,0.013858210205098448
25,2025-05-02,11.857142857142858,0.04487179487179489,0.17364840673111354,2.198130955443759,28.350940104401058,45.03403301260001,450.340330126,67.17936324327302,0.1278034941136857,0.0004836554843659715,0.001871688095091269,0.01278034941136857
25,2025-05-03,12.142857142857142,0.04487179487179489,0.14983888292158973,2.0881431172536398,28.30761123376085,45.034033012600005,450.340330126,67.47698229089205,0.13088309638148538,0.0004836554843659715,0.001615054572774631,0.013088309638148535
25,2025-05-04,12.714285714285714,0.04487179487179489,0.14241773264329657,2.0529877522372315,28.305756794422912,45.034033012600005,450.34033012599997,69.00944982335959,0.13704230091708466,0.0004836554843659715,0.0015350649034811335,0.013704230091708467
25,2025-05-05,12.571428571428571,0.04487179487179489,0.14398759135601244,2.081713863593048,28.252009117315605,45.034033012600005,450.3403301260001,69.12090979196242,0.13550249978318485,0.0004836554843659715,0.0015519857950624504,0.013550249978318484
25,2025-05-06,12.714285714285714,0.02210884353741499,0.15419167298866548,2.1993239364125934,28.248237587333477,45.034033012600005,450.340330126,67.87208718599696,0.13704230091708466,0.00023830255643687807,0.0016619715903410097,0.013704230091708467
25,2025-05-07,11.714285714285714,0.04591836734693879,0.1523119737405452,2.1922679413422874,28.32311509881111,45.034033012600005,450.340330126,67.10141049426764,0.12626369297978585,0.000494936078753516,0.0016417110491054856,0.012626369297978586
25,2025-05-08,11.571428571428571,0.04591836734693879,0.14365396508253656,2.169679704066392,28.34738620364371,45.034033012600005,450.34033012599997,67.5115836544408,0.12472389184588605,0.000494936078753516,0.0015483897682630717,0.012472389184588603
25,2025-05-09,11.428571428571429,0.034013605442176895,0.17179249322106468,2.25296908048784,28.38345509745014,45.0340330126,450.34033012599997,66.57760097045812,0.12318409071198622,0.00036661931759519704,0.0018516839310009166,0.01231840907119862
25,2025-05-10,10.428571428571429,0.034013605442176895,0.17179249322106468,2.2138976341408663,28.27605341874263,45.034033012600005,450.34033012599997,66.97045811331526,0.11240548277468741,0.00036661931759519704,0.0018516839310009166,0.01124054827746874
3,2025-01-01,14.857142857142858,0.08586691086691085,0.05642551892551895,1.8922451121066484,26.641309623764254,41.01180070778333,246.0708042467,59.1871991104134,0.21656977135824085,0.001251665776690359,0.0008225041550700777,0.036094961893040144
3,2025-01-02,15.428571428571429,0.07233307628044469,0.06193930338667183,1.8674078586355134,26.520391923373236,41.01180070778333,246.0708042467,59.11150988735575,0.2248993779489424,0.0010543856205947955,0.0009028775519978998,0.03748322965815708
3,2025-01-03,15.285714285714286,0.07416457811194652,0.08574882719619563,1.791519398610278,26.379400497265646,41.01180070778333,246.0708042467,59.002535528381394,0.22281697630126704,0.0010810830776162748,0.001249944493277132,0.03713616271687784
3,2025-01-04,14.142857142857142,0.09797410192147031,0.08574882719619563,1.84856760024542,26.434503629800254,41.01180070778333,246.0708042467,58.580766820898404,0.2061577631198639,0.001428150018895507,0.001249944493277132,0.03435962718664399
3,2025-01-05,12.714285714285714,0.10789473684210524,0.07781231925968769,1.9367960587866304,26.51112446803442,41.01180070778333,246.07080424670002,58.77719539232697,0.18533374664310998,0.0015727612444285204,0.0011342555128507213,0.030888957773851665
3,2025-01-06,11.857142857142858,0.12830290010741136,0.06682330827067672,1.9566629104505626,26.68168017211096,41.01180070778333,246.0708042467,59.018953634085214,0.1728393367570576,0.0018702471940964336,0.000974070770721845,0.02880655612617627
3,2025-01-07,10.428571428571429,0.11877909058360184,0.04777568922305767,2.031438240147349,26.723645133571917,41.01180070778333,246.0708042467,58.523715538847114,0.15201532028030368,0.0017314204175847407,0.0006964172176984593,0.025335886713383948
3,2025-01-08,9.0,0.12473147153598278,0.06265664160401005,2.1043987653609104,26.834382959048593,41.01180070778333,246.0708042467,57.81835839598997,0.13119130380354976,0.0018181871529045488,0.0009133340559979792,0.021865217300591627
3,2025-01-09,7.428571428571429,0.14540816326530612,0.04761904761904764,2.127829553312909,26.963964112068172,41.01180070778333,246.0708042467,57.92738095238095,0.10828488567912042,0.002119587391383882,0.0006941338825584642,0.018047480946520072
3,2025-01-10,7.428571428571429,0.1215986394557823,0.023809523809523832,2.1184087575077655,27.066458617635398,41.01180070778333,246.0708042467,57.891666666666666,0.10828488567912042,0.0017725204501046496,0.0003470669412792321,0.018047480946520072
3,2025-01-11,8.0,0.12636054421768703,0.03809523809523812,2.021141880968502,27.108897150409142,41.01180070778333,246.0708042467,58.08690476190476,0.116614492269822,0.001841933838360496,0.0005553071060467714,0.019435748711637
3,2025-01-12,8.285714285714286,0.15136054421768705,0.0523809523809524,1.9222442440881253,26.978225070017892,41.01180070778333,246.0708042467,58.16190476190476,0.12077929556517279,0.00220635412670369,0.0007635472708143108,0.020129882594195462
3,2025-01-13,9.142857142857142,0.13095238095238093,0.0523809523809524,1.9002389359083927,26.858294066906666,41.01180070778333,246.0708042467,58.37069597069597,0.13327370545122513,0.0019088681770357766,0.0007635472708143108,0.022212284241870855
3,2025-01-14,10.428571428571429,0.13095238095238093,0.0523809523809524,1.8095944538584765,26.82839591719056,41.01180070778333,246.0708042467,59.49518576661434,0.15201532028030368,0.0019088681770357766,0.0007635472708143108,0.025335886713383944
3,2025-01-15,11.428571428571429,0.11813186813186813,0.039560439560439586,1.7548666619557605,26.708804557710344,41.01180070778333,246.0708042467,59.84683411826269,0.16659213181403146,0.001721985977885421,0.000576665071663955,0.02776535530233857
3,2025-01-16,11.428571428571429,0.10027472527472527,0.039560439560439586,1.7439989190139686,26.675300876133576,41.01180070778333,246.0708042467,59.70397697540555,0.16659213181403146,0.0014616857719259972,0.000576665071663955,0.02776535530233857
3,2025-01-17,11.857142857142858,0.12884615384615383,0.058608058608058636,1.7268680329760462,26.597804926941546,41.01180070778333,246.0708042467,59.73731030873888,0.1728393367570576,0.0018781661014610758,0.0008543186246873408,0.02880655612617627
3,2025-01-18,12.285714285714286,0.12225274725274725,0.06630036630036633,1.7384401081057914,26.602634907750428,41.01180070778333,246.0708042467,59.895552066980635,0.17908654170008378,0.00178205525618375,0.0009664479441775542,0.029847756950013966
3,2025-01-19,11.857142857142858,0.09980376766091051,0.05201465201465204,1.7585412725889227,26.588331546090433,41.01180070778333,246.0708042467,60.2261643118786,0.1728393367570576,0.001454820711549045,0.0007582077794100149,0.02880655612617627
3,2025-01-20,11.0,0.09980376766091051,0.05201465201465204,1.8807738870943058,26.729859972995108,41.01180070778333,246.0708042467,59.854107796964946,0.16034492687100527,0.001454820711549045,0.0007582077794100149,0.026724154478500878
3,2025-01-21,10.285714285714286,0.09980376766091051,0.06788766788766791,1.8937446573748373,26.620078580434058,41.01180070778333,246.0708042467,59.54231641374498,0.1499329186326283,0.001454820711549045,0.0009895857402628363,0.024988819772104716
3,2025-01-22,9.857142857142858,0.10310047095761381,0.05689865689865692,1.9915428244338744,26.735125291226833,41.01180070778333,246.0708042467,59.44781091923949,0.14368571368960212,0.001502876134187708,0.0008294009981339599,0.02394761894826702
3,2025-01-23,9.285714285714286,0.12095761381475666,0.09261294261294263,2.0279740006571756,26.749222717237263,41.01180070778333,246.0708042467,59.05495377638234,0.13535610709890053,0.0017631763401471322,0.001350001410052808,0.02255935118315009
3,2025-01-24,8.571428571428571,0.10667189952904237,0.08785103785103787,2.124084683721692,26.783053918366015,41.01180070778333,246.0708042467,59.25971568114425,0.12494409886052357,0.0015549361753795928,0.0012805880217969616,0.020824016476753932
3,2025-01-25,7.714285714285714,0.0846938775510204,0.06587301587301589,2.238611167365544,26.838692128686265,41.01180070778333,246.0708042467,59.29739229024943,0.1124496889744712,0.0012345666911218402,0.0009602185375392089,0.01874161482907854
3,2025-01-26,6.857142857142857,0.06428571428571427,0.06587301587301589,2.102408376540048,26.759735574569536,41.01180070778333,246.0708042467,58.48106575963719,0.09995527908841886,0.0009370807414539269,0.0009602185375392089,0.016659213181403145
3,2025-01-27,6.714285714285714,0.06428571428571427,0.06587301587301589,1.9703081464763048,26.600726134633643,41.01180070778333,246.0708042467,58.76337868480726,0.09787287744074347,0.0009370807414539269,0.0009602185375392089,0.016312146240123913
3,2025-01-28,8.0,0.10396825396825395,0.06587301587301589,2.015821893585998,26.764644614183858,41.01180070778333,246.0708042467,58.35861678004535,0.11661449226982201,0.0015155256435859803,0.0009602185375392089,0.019435748711637002
3,2025-01-29,8.714285714285714,0.08968253968253968,0.09444444444444446,1.947722298464588,26.671235300541802,41.01180070778333,246.0708042467,58.57766439909297,0.12702650050819897,0.001307285478818441,0.0013766988670742876,0.02117108341803316
3,2025-01-30,9.857142857142858,0.07777777777777777,0.058730158730158744,1.8946372172851687,26.561618429956976,41.01180070778333,246.0708042467,58.946712018140595,0.14368571368960212,0.001133752008178825,0.0008560984551554392,0.023947618948267017
3,2025-01-31,10.142857142857142,0.07539682539682538,0.05634920634920637,1.8517830170429865,26.58079597945133,41.01180070778333,246.0708042467,59.29195011337868,0.14785051698495288,0.0010990453140509017,0.0008213917610275159,0.02464175283082548
3,2025-02-01,10.714285714285714,0.07539682539682538,0.06933621933621935,1.777842131826635,26.470987520288656,41.01180070778333,246.0708042467,59.509018759018765,0.1561801235756545,0.0010990453140509017,0.0010107010017252791,0.02603002059594241
3,2025-02-02,12.142857142857142,0.07539682539682538,0.06933621933621935,1.9540173581856093,26.5717272033332,41.01180070778333,246.0708042467,59.80772005772006,0.17700414005240842,0.0010990453140509017,0.0010107010017252791,0.02950069000873473
3,2025-02-03,13.142857142857142,0.10836385836385835,0.08032523032523034,1.930821701767621,26.57045575583633,41.01180070778333,246.0708042467,60.29306804306804,0.19158095158613614,0.001579599540437531,0.0011708857438541556,0.031930158597689356
3,2025-02-04,12.142857142857142,0.09465534465534464,0.06445221445221447,1.9120618369422424,26.434361850092436,41.01180070778333,246.07080424669996,61.0513653013653,0.17700414005240842,0.0013797731197010032,0.000939507783001334,0.029500690008734735
3,2025-02-05,12.428571428571429,0.09465534465534464,0.0358807858807859,1.8500946873756672,26.303596762149063,41.01180070778333,246.0708042467,61.331477346183235,0.18116894334775918,0.0013797731197010032,0.0005230274534662554,0.030194823891293198
3,2025-02-06,12.142857142857142,0.07084582084582085,0.06445221445221447,1.9214348720232444,26.408645375849044,41.01180070778333,246.0708042467,61.026715441421324,0.17700414005240842,0.001032706178421771,0.000939507783001334,0.029500690008734735
3,2025-02-07,12.571428571428571,0.06846486846486846,0.08111888111888114,1.9117888854523029,26.391459574545202,41.01180070778333,246.07080424669996,60.60052496523085,0.18325134499543458,0.000997999484293848,0.0011824546418967967,0.030541890832572433
3,2025-02-08,13.428571428571429,0.07686822980940626,0.06813186813186815,1.8831592672449868,26.422831753205635,41.01180070778333,246.0708042467,60.705185011067364,0.19574575488148693,0.0011204936988629887,0.0009931454011990336,0.03262429248024783
3,2025-02-09,13.142857142857142,0.09274124568242215,0.06813186813186815,1.7950459199945445,26.44019046110404,41.01180070778333,246.0708042467,60.59695990284225,0.19158095158613617,0.0013518716597158101,0.0009931454011990336,0.03193015859768936
3,2025-02-10,14.285714285714286,0.07337965489225994,0.06394557823129253,1.8166839967567552,26.356901877288806,41.01180070778333,246.0708042467,60.1762377678344,0.20824016476753932,0.0010696413997744565,0.000932122642292795,0.03470669412792322
3,2025-02-11,13.857142857142858,0.04740562891823395,0.06394557823129253,1.8290331735597576,26.604137945835184,41.01180070778333,246.0708042467,59.42786114445778,0.20199295982451312,0.0006910229183789304,0.000932122642292795,0.03366549330408552
3,2025-02-12,12.428571428571429,0.08822195544884619,0.08435374149659866,1.8218390785042946,26.644863416202778,41.01180070778333,246.0708042467,59.834823929571826,0.1811689433477592,0.001285994817714757,0.0012296085919607082,0.030194823891293195
3,2025-02-13,12.857142857142858,0.09921096643785719,0.06677132391418107,1.7450396323223114,26.5723014975051,41.01180070778333,246.0708042467,60.43262612737403,0.18741614829078537,0.0014461795598436334,0.000973313004554506,0.031236024715130897
3,2025-02-14,12.714285714285714,0.09989123854670072,0.0381998953427525,1.7079426376656663,26.615897873551123,41.01180070778333,246.0708042467,60.71766014097947,0.18533374664310995,0.0014560957581658972,0.0005568326750194275,0.03088895777385166
3,2025-02-15,11.428571428571429,0.10934502005930577,0.0381998953427525,1.6914626075971533,26.628429827333953,41.01180070778333,246.0708042467,60.35001308215594,0.1665921318140314,0.0015939017495561804,0.0005568326750194275,0.027765355302338573
3,2025-02-16,11.857142857142858,0.11728152799581369,0.0501046572475144,1.754374709342257,26.619470452014788,41.01180070778333,246.0708042467,60.266679748822604,0.1728393367570576,0.001709590729982591,0.0007303661456590435,0.028806556126176268
3,2025-02-17,10.285714285714286,0.11796180010465722,0.05758765044479332,1.7002298362083939,26.761012998500714,41.01180070778333,246.0708042467,60.62586342229199,0.1499329186326283,0.001719506928304855,0.000839444327203945,0.024988819772104716
3,2025-02-18,10.571428571428571,0.13224751439037155,0.07187336473050761,1.6436607695463699,26.584298948321834,41.01180070778333,246.0708042467,60.56514913657771,0.15409772192797908,0.0019277470930723942,0.0010476844919714843,0.025682953654663183
3,2025-02-19,11.142857142857142,0.09143118785975927,0.06445221445221447,1.677839656060216,26.73365136774179,41.01180070778333,246.07080424669996,59.9473383759098,0.16242732851868064,0.0013327751937365678,0.000939507783001334,0.027071221419780106
3,2025-02-20,11.571428571428571,0.08937074829931972,0.05346320346320348,1.6935263056273133,26.720794944988203,41.01180070778333,246.0708042467,60.320964749536174,0.16867453346170683,0.0013027405545874035,0.0007793230408724576,0.0281124222436178
3,2025-02-21,10.285714285714286,0.07916666666666668,0.08203463203463206,1.7191476279562983,26.625491198139677,41.01180070778333,246.0708042467,60.90259740259741,0.1499329186326283,0.0011539975797534468,0.0011958033704075363,0.024988819772104712
3,2025-02-22,11.428571428571429,0.06130952380952381,0.0909632034632035,1.7463440017189693,26.68244832799059,41.01180070778333,246.0708042467,60.65259740259741,0.16659213181403146,0.0008936973737940227,0.0013259534733872484,0.027765355302338573
3,2025-02-23,11.571428571428571,0.03749999999999999,0.07905844155844156,1.7445204307066813,26.754409098503604,41.01180070778333,246.07080424669996,60.545454545454554,0.16867453346170683,0.0005466304325147907,0.0011524200027476321,0.028112422243617808
3,2025-02-24,13.142857142857142,0.03001700680272108,0.07837816944959804,1.824324446967772,26.74829727982538,41.01180070778333,246.0708042467,60.029808286951145,0.19158095158613617,0.00043755225096988915,0.0011425038044253683,0.03193015859768936
3,2025-02-25,12.142857142857142,0.015731292517006796,0.06409245516388376,1.8352983722518792,26.70181248592465,41.01180070778333,246.0708042467,59.786951144094004,0.17700414005240842,0.00022931208620234983,0.000934263639657829,0.029500690008734735
3,2025-02-26,11.714285714285714,0.015731292517006796,0.06896258503401362,1.820947545205104,26.704343419498798,41.01180070778333,246.0708042467,59.59863945578231,0.17075693510938222,0.00022931208620234983,0.0010052546049194903,0.02845948918489704
3,2025-02-27,11.142857142857142,0.01870748299319727,0.06896258503401362,1.908726628978475,26.818635601458965,41.01180070778333,246.0708042467,59.05102040816327,0.16242732851868064,0.00027269545386225376,0.0010052546049194903,0.02707122141978011
3,2025-02-28,12.428571428571429,0.01870748299319727,0.04039115646258505,1.9652334323518126,26.83961241812037,41.01180070778333,246.0708042467,57.663265306122454,0.18116894334775918,0.00027269545386225376,0.0005887742753844117,0.030194823891293195
3,2025-03-01,10.714285714285714,0.01870748299319727,0.03146258503401362,2.122445046106049,26.83175251795239,41.01180070778333,246.0708042467,58.44897959183673,0.15618012357565444,0.00027269545386225376,0.00045862417240469965,0.02603002059594241
3,2025-03-02,10.142857142857142,0.03458049886621314,0.03146258503401362,2.1548219779036746,26.82881090716027,41.01180070778333,246.0708042467,58.33786848072562,0.14785051698495288,0.0005040734147150752,0.00045862417240469965,0.02464175283082548
3,2025-03-03,8.714285714285714,0.027777777777777766,0.017857142857142873,2.1241309784467464,26.728898375136428,41.01180070778333,246.0708042467,58.8301381158524,0.12702650050819897,0.0004049114314924374,0.0002603002059594241,0.02117108341803316
3,2025-03-04,10.0,0.027777777777777766,0.029761904761904774,2.166681546350671,26.88747317703522,41.01180070778333,246.0708042467,59.36585240156669,0.1457681153372775,0.0004049114314924374,0.00043383367659904015,0.02429468588954625
3,2025-03-05,10.857142857142858,0.027777777777777766,0.03231292517006804,2.1969217370002405,26.838103727094836,41.01180070778333,246.0708042467,59.35564831993404,0.15826252522332987,0.0004049114314924374,0.0004710194203075293,0.026377087537221643
3,2025-03-06,9.857142857142858,0.015873015873015865,0.03231292517006804,2.0500093455101287,26.700944370165825,41.01180070778333,246.07080424669996,59.474695938981654,0.14368571368960212,0.00023137796085282138,0.0004710194203075293,0.023947618948267017
3,2025-03-07,9.428571428571429,0.015873015873015865,0.05828695114409401,1.997712643455682,26.69607612490643,41.01180070778333,246.0708042467,60.226087404658834,0.13743850874657593,0.00023137796085282138,0.0008496379017030553,0.02290641812442932
3,2025-03-08,10.714285714285714,0.03785103785103784,0.05828695114409401,1.8454746189178877,26.65328882443625,41.01180070778333,246.0708042467,59.467845646417075,0.15618012357565444,0.0005517474451105742,0.0008496379017030553,0.026030020595942414
3,2025-03-09,10.428571428571429,0.021978021978021973,0.07869511440940014,1.8066955037824195,26.554336135379835,41.01180070778333,246.0708042467,59.783038390181254,0.15201532028030368,0.0003203694842577528,0.0011471238513709686,0.025335886713383948
3,2025-03-10,9.857142857142858,0.021978021978021973,0.07869511440940014,1.8770769068502482,26.575391759433018,41.01180070778333,246.0708042467,60.56968031968032,0.14368571368960212,0.0003203694842577528,0.0011471238513709686,0.02394761894826702
3,2025-03-11,10.0,0.04395604395604395,0.0997573854716712,1.8485771989391122,26.43535103570406,41.01180070778333,246.0708042467,60.75924075924076,0.1457681153372775,0.0006407389685155056,0.0014541446071179816,0.024294685889546253
3,2025-03-12,10.0,0.05416012558869702,0.07934922220636507,1.883954336998465,26.45803048557635,41.01180070778333,246.0708042467,60.81026116740402,0.1457681153372775,0.0007894819433494621,0.0011566586574500684,0.024294685889546253
3,2025-03-13,11.428571428571429,0.06368393511250654,0.09839684125398411,1.947249051755044,26.503393609557026,41.01180070778333,246.0708042467,61.25788021502307,0.1665921318140314,0.000928308719861155,0.0014343122104734543,0.027765355302338573
3,2025-03-14,11.0,0.08154107796964939,0.07242281527995816,1.9265275023576565,26.512277784351575,41.01180070778333,246.0708042467,60.822815279958135,0.16034492687100524,0.0011886089258205791,0.0010556937290779281,0.026724154478500878
3,2025-03-15,10.571428571428571,0.10242019884877027,0.08670852956567243,1.9209632613776155,26.566909699945487,41.01180070778333,246.0708042467,60.69534275248561,0.15409772192797908,0.0014929599358654443,0.0012639338938454675,0.025682953654663183
3,2025-03-16,11.285714285714286,0.13813448456305596,0.07820512820512823,1.8973875505757773,26.574572947924814,41.01180070778333,246.0708042467,60.95554683411826,0.16450973016635603,0.0020135603477842924,0.0011399814148171702,0.02741828836105934
3,2025-03-17,11.571428571428571,0.13813448456305596,0.10995115995115998,1.9364094463541222,26.71681548487158,41.01180070778333,246.0708042467,60.109741845456135,0.1686745334617068,0.0020135603477842924,0.001602737336522813,0.028112422243617808
3,2025-03-18,11.142857142857142,0.1304421768707483,0.076984126984127,1.9863805408396427,26.86915597918087,41.01180070778333,246.0708042467,59.384467120181405,0.16242732851868064,0.001901431028294079,0.001122183110136184,0.02707122141978011
3,2025-03-19,11.428571428571429,0.12023809523809524,0.076984126984127,1.939630001995953,26.837936076450315,41.01180070778333,246.0708042467,59.20079365079365,0.16659213181403146,0.0017526880534601223,0.001122183110136184,0.027765355302338573
3,2025-03-20,11.571428571428571,0.1285714285714286,0.06686507936507938,1.9447642359062924,26.88909413531464,41.01180070778333,246.0708042467,58.521031746031746,0.16867453346170683,0.0018741614829078535,0.0009746796600925103,0.028112422243617808
3,2025-03-21,14.142857142857142,0.1271978021978022,0.07235958485958487,1.9833409133155446,26.906757725094376,41.01180070778333,246.0708042467,59.037515262515264,0.2061577631198639,0.001854138390141744,0.0010547720311569486,0.03435962718664399
3,2025-03-22,14.285714285714286,0.09732767232767232,0.05807387057387059,1.9849929547395002,26.782877042669035,41.01180070778333,246.0708042467,59.07907370407371,0.20824016476753932,0.001418727136536889,0.0008465318663894092,0.03470669412792322
3,2025-03-23,14.0,0.07589910089910089,0.06045482295482297,2.0580013238111836,26.840128146635568,41.01180070778333,246.0708042467,58.700502275502274,0.2040753614721885,0.0011063668893855803,0.0008812385605173324,0.034012560245364754
3,2025-03-24,14.142857142857142,0.07589910089910089,0.028708791208791225,2.0114581543863417,26.770410443103827,41.01180070778333,246.0708042467,59.41161338661339,0.20615776311986392,0.0011063668893855803,0.0004184826388116896,0.03435962718664399
3,2025-03-25,14.428571428571429,0.06161338661338661,0.06442307692307694,1.9734266997514156,26.66575003927264,41.01180070778333,246.0708042467,59.89970862470862,0.21032256641521468,0.000898126724618041,0.0009390830507305378,0.03505376106920245
3,2025-03-26,13.714285714285714,0.061613386613386605,0.06442307692307694,1.9742918434815198,26.69583818738676,41.01180070778333,246.07080424669996,60.4776307026307,0.1999105581768377,0.000898126724618041,0.0009390830507305378,0.03331842636280629
3,2025-03-27,13.285714285714286,0.04375624375624375,0.0664835164835165,2.03246626929194,26.60469508338945,41.01180070778333,246.0708042467,61.424059274059275,0.1936633532338115,0.0006378265186586169,0.0009691176898797021,0.03227722553896859
3,2025-03-28,10.714285714285714,0.027272727272727264,0.07884615384615387,2.0282937251672126,26.54631892753872,41.01180070778333,246.0708042467,60.22900432900433,0.15618012357565444,0.0003975494054653023,0.001149325524774688,0.02603002059594241
3,2025-03-29,10.142857142857142,0.0346938775510204,0.09925431711146,1.9754561223398244,26.600932298266518,41.01180070778333,246.0708042467,60.42009894867038,0.14785051698495288,0.0005057261144354525,0.0014468114744426012,0.02464175283082548
3,2025-03-30,9.714285714285714,0.020408163265306114,0.0849686028257457,1.8831268302367286,26.558876005515568,41.01180070778333,246.0708042467,60.7017316017316,0.14160331204192672,0.00029748594966791327,0.001238571309675062,0.02360055200698779
3,2025-03-31,9.571428571428571,0.020408163265306114,0.11671463457177743,1.8201285361298634,26.50178504555843,41.01180070778333,246.0708042467,60.53030303030304,0.13952091039425132,0.00029748594966791327,0.0017013272313807048,0.02325348506570855
3,2025-04-01,9.285714285714286,0.048979591836734684,0.08100034885749172,1.8333642357215045,26.5112603224712,41.01180070778333,246.0708042467,60.127922077922086,0.13535610709890053,0.0007139662792029919,0.0011807268194618564,0.022559351183150087
3,2025-04-02,9.0,0.048979591836734684,0.08100034885749172,1.9129982161992045,26.62120101298638,41.01180070778333,246.0708042467,59.415079365079364,0.13119130380354974,0.0007139662792029919,0.0011807268194618564,0.021865217300591624
3,2025-04-03,8.857142857142858,0.048979591836734684,0.07001133786848074,1.8487215723913677,26.596634491720785,41.01180070778333,246.0708042467,57.97460317460317,0.12910890215587437,0.0007139662792029919,0.00102054207733298,0.021518150359312396
3,2025-04-04,10.285714285714286,0.048979591836734684,0.05215419501133788,1.8368295287827157,26.69895004017746,41.01180070778333,246.0708042467,58.8515873015873,0.1499329186326283,0.0007139662792029919,0.0007602418713735559,0.024988819772104712
3,2025-04-05,11.571428571428571,0.028571428571428564,0.049603174603174614,1.9048819946781783,26.709555122224078,41.01180070778333,246.0708042467,59.08500566893424,0.16867453346170683,0.00041648032953507864,0.0007230561276650669,0.0281124222436178
3,2025-04-06,11.857142857142858,0.028571428571428564,0.0654761904761905,1.917899934816259,26.650402957676427,41.01180070778333,246.0708042467,58.74940476190476,0.1728393367570576,0.00041648032953507864,0.0009544340885178883,0.028806556126176268
3,2025-04-07,12.142857142857142,0.05454545454545454,0.05970418470418472,1.9326308217950403,26.66616049106255,41.01180070778333,246.0708042467,59.11304112554113,0.17700414005240842,0.0007950988109306047,0.0008702966482077715,0.02950069000873473
3,2025-04-08,12.0,0.04184704184704184,0.05970418470418472,1.8557762195115843,26.59996845879552,41.01180070778333,246.0708042467,59.37653318903318,0.174921738404733,0.0006099964422483473,0.0008702966482077715,0.0291536230674555
3,2025-04-09,11.571428571428571,0.04184704184704184,0.05970418470418472,1.7898346729666652,26.503166503465216,41.01180070778333,246.0708042467,59.368596681096676,0.16867453346170683,0.0006099964422483473,0.0008702966482077715,0.0281124222436178
3,2025-04-10,11.571428571428571,0.04184704184704184,0.07160894660894664,1.8056091629875073,26.541482063034284,41.01180070778333,246.0708042467,59.76145382395382,0.16867453346170683,0.0006099964422483473,0.0010438301188473876,0.0281124222436178
3,2025-04-11,10.714285714285714,0.06565656565656565,0.09541847041847043,1.8002783311395472,26.52678855441621,41.01180070778333,246.0708042467,59.80113636363636,0.15618012357565444,0.0009570633835275796,0.0013908970601266195,0.026030020595942414
3,2025-04-12,10.142857142857142,0.07756132756132754,0.08946608946608949,1.7872266254465272,26.578098515234867,41.01180070778333,246.0708042467,59.66125541125541,0.14785051698495288,0.0011305968541671957,0.0013041303248068116,0.02464175283082548
3,2025-04-13,10.571428571428571,0.11327561327561327,0.09740259740259742,1.75361336430319,26.644015805367413,41.01180070778333,246.0708042467,59.831890331890335,0.15409772192797908,0.0016511972660860437,0.0014198193052332223,0.025682953654663176
3,2025-04-14,11.428571428571429,0.08730158730158728,0.07142857142857144,1.731071398839461,26.731361295036073,41.01180070778333,246.07080424670002,58.69514472455649,0.1665921318140314,0.0012725787846905178,0.0010412008238376964,0.027765355302338573
3,2025-04-15,12.428571428571429,0.08035714285714286,0.07142857142857144,1.8167625392613365,26.81471567224282,41.01180070778333,246.0708042467,58.19415266106443,0.18116894334775918,0.0011713509268174084,0.0010412008238376964,0.030194823891293195
3,2025-04-16,13.285714285714286,0.10416666666666666,0.08333333333333336,1.7809675213067038,26.773573759525863,41.01180070778333,246.0708042467,59.229866946778714,0.1936633532338115,0.0015184178680966406,0.0012147342944773124,0.03227722553896859
3,2025-04-17,13.142857142857142,0.10416666666666666,0.08441558441558442,1.7948151043548346,26.804950777543894,41.01180070778333,246.0708042467,59.32943404634581,0.19158095158613617,0.0015184178680966406,0.0012305100645354592,0.031930158597689356
3,2025-04-18,14.0,0.12003968253968254,0.06854256854256856,1.7598020221322117,26.72306659398885,41.01180070778333,246.0708042467,59.900862617774386,0.2040753614721885,0.001749795828949462,0.000999132103682638,0.03401256024536475
3,2025-04-19,13.857142857142858,0.10813492063492063,0.06962481962481964,1.8082818504293043,26.65189000576408,41.01180070778333,246.0708042467,58.40843837535014,0.20199295982451312,0.001576262358309846,0.0010149078737407848,0.03366549330408552
3,2025-04-20,14.0,0.0943986568986569,0.04581529581529583,1.8706715978458965,26.638491901890067,41.01180070778333,246.0708042467,58.60166181857358,0.2040753614721885,0.0013760314306487506,0.0006678409324615528,0.034012560245364754
3,2025-04-21,13.142857142857142,0.0943986568986569,0.0847763347763348,1.899778208547948,26.59770647150833,41.01180070778333,246.07080424669996,58.38775807525808,0.19158095158613617,0.0013760314306487506,0.0012357686545548415,0.031930158597689356
3,2025-04-22,13.714285714285714,0.09261294261294262,0.0847763347763348,1.9602839480896677,26.642890822459208,41.01180070778333,246.0708042467,58.28240093240093,0.19991055817683773,0.001350001410052808,0.0012357686545548415,0.03331842636280629
3,2025-04-23,13.285714285714286,0.06880341880341881,0.08874458874458876,2.0081184583188656,26.66503729634068,41.01180070778333,246.0708042467,57.57208347208347,0.19366335323381154,0.001002934468773576,0.001293613144768047,0.03227722553896859
3,2025-04-24,14.0,0.07773199023199022,0.09361471861471864,2.013505494995594,26.70766273903174,41.01180070778333,246.0708042467,57.42192113442113,0.2040753614721885,0.001133084571753288,0.0013646041100297082,0.034012560245364754
3,2025-04-25,13.857142857142858,0.05485617323852617,0.0940815720227485,2.092447924285256,26.841272206547735,41.01180070778333,246.07080424669996,56.793069593804894,0.20199295982451312,0.0007996280987595161,0.0013714093441724382,0.03366549330408552
3,2025-04-26,13.857142857142858,0.05485617323852617,0.10706858500976149,2.0600144485293064,26.867933651300184,41.01180070778333,246.0708042467,58.57229037302567,0.20199295982451312,0.0007996280987595161,0.001560718584870201,0.03366549330408552
3,2025-04-27,13.285714285714286,0.04875116713352007,0.10706858500976149,2.0546321489914354,26.84805207326872,41.01180070778333,246.0708042467,58.58938439011969,0.19366335323381154,0.0007106365753545848,0.001560718584870201,0.03227722553896859
3,2025-04-28,13.428571428571429,0.04875116713352007,0.10382183176300826,2.082054614259292,26.842064412305415,41.01180070778333,246.0708042467,57.743064043799336,0.19574575488148693,0.0007106365753545848,0.0015133912746957605,0.03262429248024782
3,2025-04-29,13.142857142857142,0.07335434173669467,0.10382183176300826,2.0323808852786365,26.81242461689838,41.01180070778333,246.0708042467,57.968460869196164,0.19158095158613614,0.001069272414676458,0.0015133912746957605,0.031930158597689356
3,2025-04-30,13.714285714285714,0.08434335272570566,0.08794881588999237,2.0748029123395066,26.88202752135239,41.01180070778333,246.0708042467,57.85734975808505,0.19991055817683773,0.0012294571568053343,0.0012820133138429393,0.03331842636280628
3,2025-05-01,13.428571428571429,0.08561886292978729,0.08029575466550258,2.050332354288711,26.802407272539927,41.01180070778333,246.0708042467,58.302502819309545,0.19574575488148693,0.001248050028659579,0.0011704560827174716,0.03262429248024783
3,2025-05-02,13.857142857142858,0.0759549973835688,0.08617810760667906,2.0166093198557165,26.661758007706773,41.01180070778333,246.0708042467,58.471830550401975,0.20199295982451312,0.001107181681905067,0.00125620203291587,0.03366549330408552
3,2025-05-03,13.714285714285714,0.09024071166928309,0.07448979591836737,2.0310799256672225,26.57065966951488,41.01180070778333,246.0708042467,58.84455782312926,0.19991055817683773,0.0013154218466726064,0.0010858237162878835,0.03331842636280629
3,2025-05-04,14.142857142857142,0.11008198151055293,0.09829931972789117,1.9998443069194043,26.654809113612,41.01180070778333,246.0708042467,58.5985260770975,0.2061577631198639,0.0016046442977386331,0.0014328906575671156,0.03435962718664398
3,2025-05-05,14.857142857142858,0.13529206554416637,0.06258503401360546,1.9475483393984725,26.547989925636212,41.01180070778333,246.0708042467,60.08732159530479,0.21656977135824088,0.0019721269414460555,0.0009122902456482672,0.036094961893040144
3,2025-05-06,13.714285714285714,0.11783174808384891,0.06258503401360546,1.9119851034681974,26.488490624116842,41.01180070778333,246.0708042467,61.261924769907964,0.19991055817683773,0.0017176111845079518,0.0009122902456482672,0.03331842636280628
3,2025-05-07,13.0,0.10684273709483794,0.06258503401360546,1.904954635492904,26.3892440923691,41.01180070778333,246.0708042467,59.86906762705082,0.18949854993846074,0.0015574264423790754,0.0009122902456482672,0.03158309165641012
3,2025-05-08,12.142857142857142,0.11449579831932774,0.07023809523809525,1.9691138541574003,26.454697550139766,41.01180070778333,246.0708042467,59.98641456582633,0.17700414005240842,0.001668983673504543,0.001023847476773735,0.02950069000873473
3,2025-05-09,11.142857142857142,0.11834195216548157,0.05595238095238097,1.965620497185079,26.536458535395013,41.01180070778333,246.0708042467,60.07048049989226,0.16242732851868064,0.0017250483332496497,0.0008156073120061955,0.02707122141978011
4,2025-01-01,15.142857142857142,0.07582199546485259,0.02706916099773243,4.131540510093486,31.850282180001724,46.70133255513333,560.4159906616,55.60753801520609,0.1583802385440702,0.0007930277367950504,0.00028311831351000865,0.01319835321200585
4,2025-01-02,15.714285714285714,0.08149092970521542,0.016865079365079368,4.194517685381272,31.869163103209353,46.70133255513333,560.4159906616,55.562186541283175,0.16435685131931813,0.0008523195302002878,0.0001763930853805813,0.013696404276609841
4,2025-01-03,15.285714285714286,0.08149092970521542,0.02876984126984127,3.9616087133530278,31.819299457363133,46.70133255513333,560.4159906616,56.96932939842604,0.15987439173788218,0.0008523195302002878,0.00030090585153157986,0.013322865978156845
4,2025-01-04,15.428571428571429,0.04067460317460316,0.057341269841269846,3.980673306241544,31.706786198912862,46.70133255513333,560.4159906616,56.957084500466856,0.16136854493169417,0.00042541861768257826,0.0005997364902939766,0.013447378744307846
4,2025-01-05,14.142857142857142,0.052154195011337855,0.048412698412698414,4.0274913081983295,31.81242649360156,46.70133255513333,560.4159906616,57.31805388822196,0.14792116618738632,0.0005454844993281841,0.0005063519156807276,0.012326763848948857
4,2025-01-06,15.0,0.052154195011337855,0.048412698412698414,3.9599820701151356,31.681792812022184,46.70133255513333,560.4159906616,57.572022142190214,0.15688608535025822,0.0005454844993281841,0.0005063519156807276,0.013073840445854848
4,2025-01-07,14.0,0.06643990929705214,0.048412698412698414,3.9867260808833302,31.648445810656707,46.70133255513333,560.4159906616,58.34092970521542,0.14642701299357433,0.0006948998187093823,0.0005063519156807276,0.01220225108279786
4,2025-01-08,13.857142857142858,0.0673736161131119,0.04887955182072829,4.030282109641548,31.66100642021425,46.70133255513333,560.4159906616,58.283506736027746,0.14493285979976234,0.0007046655258584803,0.0005112347692552766,0.012077738316646863
4,2025-01-09,13.0,0.05150060024009603,0.04887955182072829,3.9902736490872464,32.040290299051485,46.70133255513333,560.4159906616,58.06525276777378,0.13596794063689047,0.0005386485043238155,0.0005112347692552766,0.01133066171974087
4,2025-01-10,12.714285714285714,0.05150060024009603,0.06554621848739496,4.071191648150964,32.05454256132844,46.70133255513333,560.4159906616,57.99620514872616,0.13297963424926648,0.0005386485043238155,0.0006855526418666746,0.011081636187438872
4,2025-01-11,12.0,0.05150060024009603,0.06554621848739496,4.06990143343336,32.041333549911606,46.70133255513333,560.4159906616,58.1390622915833,0.12550886828020655,0.0005386485043238155,0.0006855526418666746,0.010459072356683878
4,2025-01-12,11.571428571428571,0.03109243697478991,0.06554621848739496,4.022570112680869,31.88624956323443,46.70133255513333,560.4159906616,59.144164332399626,0.12102640869877061,0.0003251980480649609,0.0006855526418666746,0.010085534058230884
4,2025-01-13,11.0,0.05150060024009603,0.08595438175270109,4.034329920385327,31.838210008991037,46.70133255513333,560.4159906616,59.097679071628654,0.1150497959235227,0.0005386485043238156,0.0008990030981255293,0.009587482993626889
4,2025-01-14,11.285714285714286,0.03721488595438175,0.09785914365746298,4.088504423451304,32.17230355796803,46.70133255513333,560.4159906616,58.204821928771516,0.11803810231114666,0.00038923318494261727,0.001023515864276528,0.009836508525928886
4,2025-01-15,11.428571428571429,0.02834467120181405,0.10532879818594106,4.012548340404109,32.35288511705728,46.70133255513333,560.4159906616,58.85748299319727,0.11953225550495863,0.000296458967026187,0.0011016415214693113,0.009961021292079885
4,2025-01-16,12.285714285714286,0.03628117913832198,0.12913832199546485,3.977417312685588,32.254400413401136,46.70133255513333,560.4159906616,58.75827664399093,0.12849717466783053,0.0003794674777935193,0.0013506670537713084,0.010708097888985876
4,2025-01-17,13.428571428571429,0.03628117913832198,0.10850340136054422,3.938094363806232,32.14568134420399,46.70133255513333,560.4159906616,57.839229024943315,0.1404504002183264,0.0003794674777935193,0.0011348449257762444,0.011704200018193864
4,2025-01-18,13.428571428571429,0.03628117913832198,0.10850340136054422,3.934687581780331,32.0922280745888,46.70133255513333,560.4159906616,57.51065759637188,0.14045040021832642,0.0003794674777935193,0.0011348449257762444,0.011704200018193863
4,2025-01-19,14.285714285714286,0.05056689342403627,0.10850340136054422,3.9102768037636335,32.340118665537155,46.70133255513333,560.4159906616,57.04637188208617,0.14941531938119829,0.0005288827971747177,0.0011348449257762444,0.012451276615099855
4,2025-01-20,13.0,0.05873015873015873,0.0880952380952381,3.8246895377884895,32.45218180503907,46.70133255513333,560.4159906616,57.97698412698412,0.13596794063689047,0.0006142629796782595,0.0009213944695173895,0.01133066171974087
4,2025-01-21,12.285714285714286,0.05873015873015873,0.07619047619047618,3.7521902039003083,32.02521694456946,46.70133255513333,560.4159906616,59.410657596371884,0.12849717466783053,0.0006142629796782595,0.0007968817033663908,0.010708097888985876
4,2025-01-22,11.714285714285714,0.060997732426303845,0.060317460317460325,3.8063057816508032,31.951757975799804,46.70133255513333,560.4159906616,59.740589569160996,0.12252056189258262,0.0006379796970403546,0.000630864681831726,0.010210046824381883
4,2025-01-23,10.571428571428571,0.05306122448979591,0.0365079365079365,3.8827588319286575,31.793181803662204,46.70133255513333,560.4159906616,59.54217687074829,0.11056733634208674,0.0005549711862730221,0.000381839149529729,0.009213944695173892
4,2025-01-24,9.428571428571429,0.05306122448979591,0.042857142857142864,3.7870648098680424,31.77886609151285,46.70133255513333,560.4159906616,61.06122448979591,0.09861411079159088,0.0005549711862730221,0.00044824595814359485,0.008217842565965906
4,2025-01-25,9.142857142857142,0.05306122448979591,0.014285714285714287,3.726558698473304,32.11571885815118,46.70133255513333,560.4159906616,61.057653061224485,0.09562580440396691,0.0005549711862730221,0.00014941531938119832,0.007968817033663908
4,2025-01-26,9.285714285714286,0.05176252319109461,0.014285714285714287,3.7272377805094346,32.21509936335682,46.70133255513333,560.4159906616,60.89531539888683,0.0971199575977789,0.0005413879754201859,0.00014941531938119832,0.008093329799814907
4,2025-01-27,10.0,0.05176252319109461,0.014285714285714287,3.9190948748678216,32.13939930014928,46.70133255513333,560.4159906616,59.58102968460111,0.10459072356683881,0.000541387975420186,0.00014941531938119832,0.008715893630569899
4,2025-01-28,10.428571428571429,0.05176252319109461,0.014285714285714287,3.8071050876550983,32.60102604150519,46.70133255513333,560.4159906616,58.06878478664193,0.10907318314827476,0.000541387975420186,0.00014941531938119832,0.009089431929022895
4,2025-01-29,10.714285714285714,0.04155844155844156,0.014285714285714287,3.7824855463136484,32.53217985508237,46.70133255513333,560.4159906616,58.6198051948052,0.1120614895358987,0.0004346627472907586,0.00014941531938119832,0.009338457461324891
4,2025-01-30,10.571428571428571,0.04155844155844156,0.014285714285714287,3.717987688020218,32.328741912007665,46.70133255513333,560.4159906616,59.588059163059164,0.11056733634208674,0.0004346627472907586,0.00014941531938119832,0.009213944695173892
4,2025-01-31,11.285714285714286,0.04155844155844156,0.0,3.790462501130012,32.34413316382983,46.70133255513333,560.4159906616,59.278535353535354,0.11803810231114666,0.0004346627472907586,0.0,0.009836508525928886
4,2025-02-01,12.0,0.04155844155844156,0.0,3.7693261188638902,32.293741234494,46.70133255513333,560.4159906616,59.9007881007881,0.12550886828020658,0.0004346627472907586,0.0,0.010459072356683878
4,2025-02-02,11.428571428571429,0.028571428571428564,0.0,3.684739538390516,32.14138945047798,46.70133255513333,560.4159906616,61.195778824350256,0.11953225550495863,0.0002988306387623966,0.0,0.009961021292079887
4,2025-02-03,12.285714285714286,0.0,0.0,3.658418025827196,31.916479007137063,46.70133255513333,560.4159906616,61.50292168149311,0.12849717466783053,0.0,0.0,0.010708097888985876
4,2025-02-04,11.714285714285714,0.0,0.0,3.784502480241929,31.49029244118225,46.70133255513333,560.4159906616,62.021969300540725,0.1225205618925826,0.0,0.0,0.010210046824381883
4,2025-02-05,11.571428571428571,0.009523809523809516,0.009523809523809523,3.721582094266778,31.575270710003995,46.70133255513333,560.4159906616,60.30292168149311,0.12102640869877061,9.961021292079874e-05,9.961021292079887e-05,0.010085534058230884
4,2025-02-06,11.142857142857142,0.009523809523809516,0.009523809523809523,3.73319069721792,31.698006538157724,46.70133255513333,560.4159906616,61.73942961800105,0.11654394911733466,9.961021292079874e-05,9.961021292079887e-05,0.00971199575977789
4,2025-02-07,11.428571428571429,0.01792717086834733,0.009523809523809523,3.7447115632931456,31.65149114896864,46.70133255513333,560.4159906616,60.644751746852585,0.11953225550495862,0.0001875015772626801,9.961021292079887e-05,0.009961021292079885
4,2025-02-08,10.285714285714286,0.01792717086834733,0.009523809523809523,3.8164574801532862,31.801480133469134,46.70133255513333,560.4159906616,60.81178471388556,0.10757902995446278,0.0001875015772626801,9.961021292079887e-05,0.008964919162871897
4,2025-02-09,11.142857142857142,0.02891618185735832,0.009523809523809523,4.031265112051956,32.025394054722874,46.70133255513333,560.4159906616,58.47583494936436,0.11654394911733466,0.00030243643832514035,9.961021292079887e-05,0.00971199575977789
4,2025-02-10,10.571428571428571,0.04082094376212022,0.009523809523809523,4.124250926731603,32.26246243850124,46.70133255513333,560.4159906616,58.57107304460245,0.11056733634208674,0.0004269492044761389,9.961021292079887e-05,0.009213944695173892
4,2025-02-11,11.857142857142858,0.05034475328592975,0.009523809523809523,4.054645785016846,32.21076429748414,46.70133255513333,560.4159906616,58.9139301874596,0.12401471508639458,0.0005265594173969378,9.961021292079887e-05,0.01033455959053288
4,2025-02-12,12.0,0.04082094376212023,0.0,4.1383665253726685,32.12576130307459,46.70133255513333,560.4159906616,58.2311920922215,0.12550886828020655,0.0004269492044761389,0.0,0.010459072356683878
4,2025-02-13,12.142857142857142,0.04082094376212023,0.0,4.135986326274281,32.159497905091946,46.70133255513333,560.4159906616,56.112144473173885,0.12700302147401854,0.0004269492044761389,0.0,0.010583585122834875
4,2025-02-14,12.714285714285714,0.03922030350601778,0.006802721088435374,4.135042937887539,32.215085519994325,46.70133255513333,560.4159906616,57.03811486132914,0.13297963424926648,0.00041020799222054243,7.11501520862849e-05,0.011081636187438872
4,2025-02-15,13.714285714285714,0.03922030350601778,0.018707482993197275,4.111678660719764,31.842160339329293,46.70133255513333,560.4159906616,55.48097200418629,0.14343870660595037,0.00041020799222054243,0.00019566291823728348,0.01195322555049586
4,2025-02-16,13.857142857142858,0.048639455782312914,0.018707482993197275,3.9989998686395887,31.613645237815668,46.70133255513333,560.4159906616,56.28630952380952,0.14493285979976234,0.0005087235874169369,0.00019566291823728348,0.01207773831664686
4,2025-02-17,13.285714285714286,0.05459183673469387,0.018707482993197275,3.885263693941536,31.796005695418255,46.70133255513333,560.4159906616,55.78035714285715,0.13895624702451442,0.0005709799704924362,0.00019566291823728348,0.011579687252042866
4,2025-02-18,12.428571428571429,0.06094104308390021,0.018707482993197275,3.883704360155495,31.996879719917107,46.70133255513333,560.4159906616,56.37400793650794,0.1299913278616425,0.000637386779106302,0.00019566291823728348,0.010832610655136877
4,2025-02-19,11.714285714285714,0.06094104308390021,0.018707482993197275,3.77766667843614,31.958371126182048,46.70133255513333,560.4159906616,57.951118326118326,0.1225205618925826,0.000637386779106302,0.00019566291823728348,0.010210046824381883
4,2025-02-20,13.285714285714286,0.07681405895691609,0.018707482993197275,3.821371373062399,31.877312979895464,46.70133255513333,560.4159906616,59.35588023088023,0.13895624702451442,0.0008034038006409669,0.00019566291823728348,0.011579687252042867
4,2025-02-21,11.571428571428571,0.07001133786848071,0.011904761904761904,3.741035784079766,32.14971222947385,46.70133255513333,560.4159906616,57.79125438054009,0.12102640869877061,0.0007322536485546818,0.0001245127661509986,0.010085534058230884
4,2025-02-22,11.714285714285714,0.07001133786848071,0.04395604395604396,3.6636579513456806,32.25530227619176,46.70133255513333,560.4159906616,57.91762800691372,0.12252056189258262,0.0007322536485546818,0.000459739444249841,0.010210046824381883
4,2025-02-23,12.571428571428571,0.06388888888888888,0.04395604395604396,3.635808858391595,32.37169589283076,46.70133255513333,560.4159906616,58.129872904872904,0.1314854810554545,0.0006682185116770256,0.000459739444249841,0.010957123421287874
4,2025-02-24,13.714285714285714,0.05496031746031745,0.04395604395604396,3.599188791325362,32.091808144595596,46.70133255513333,560.4159906616,57.745944333444335,0.14343870660595037,0.0005748339370637766,0.000459739444249841,0.01195322555049586
4,2025-02-25,14.0,0.052074314574314565,0.04395604395604396,3.694657739325105,32.16004408977253,46.70133255513333,560.4159906616,57.82675241425242,0.14642701299357433,0.0005446490240574739,0.000459739444249841,0.01220225108279786
4,2025-02-26,14.142857142857142,0.052074314574314565,0.04395604395604396,3.780905989277087,31.991746410877575,46.70133255513333,560.4159906616,57.31809440559441,0.14792116618738632,0.0005446490240574739,0.000459739444249841,0.012326763848948858
4,2025-02-27,12.857142857142858,0.0362012987012987,0.04395604395604396,3.731621294804937,32.05148114556324,46.70133255513333,560.4159906616,56.07206265956266,0.13447378744307845,0.00037863200252280917,0.000459739444249841,0.011206148953589871
4,2025-02-28,13.571428571428571,0.0362012987012987,0.04395604395604396,3.8211869974877364,31.83071059680341,46.70133255513333,560.4159906616,56.68430755752184,0.14194455341213838,0.00037863200252280917,0.000459739444249841,0.011828712784344862
4,2025-03-01,13.857142857142858,0.05524891774891775,0.0,3.960160041544054,31.882783040921588,46.70133255513333,560.4159906616,58.210314883529165,0.14493285979976236,0.0005778524283644069,0.0,0.01207773831664686
4,2025-03-02,12.0,0.04096320346320346,0.0,3.916395685041889,31.717615247055015,46.70133255513333,560.4159906616,59.16133529169243,0.12550886828020655,0.0004284371089832086,0.0,0.010459072356683878
4,2025-03-03,11.142857142857142,0.03203463203463203,0.014285714285714287,3.9670002844414065,31.982331525223426,46.70133255513333,560.4159906616,60.07740672026386,0.11654394911733468,0.00033505253436995965,0.00014941531938119832,0.00971199575977789
4,2025-03-04,12.0,0.01904761904761904,0.0226890756302521,3.882513491800045,32.05040824813177,46.70133255513333,560.4159906616,59.35700947045485,0.12550886828020658,0.00019922042584159761,0.00023730668372307968,0.010459072356683878
4,2025-03-05,12.571428571428571,0.01904761904761904,0.04054621848739496,3.798140725921006,32.33126194058798,46.70133255513333,560.4159906616,60.02069994664532,0.1314854810554545,0.00019922042584159761,0.0004240758329495776,0.010957123421287875
4,2025-03-06,13.0,0.030952380952380946,0.06435574229691876,3.7293242957620043,32.374840637794435,46.70133255513333,560.4159906616,60.9453031212485,0.13596794063689047,0.00032373319199259623,0.0006731013652515746,0.01133066171974087
4,2025-03-07,12.571428571428571,0.030952380952380946,0.07734275528393175,3.8726986086038764,32.10340133434716,46.70133255513333,560.4159906616,60.77461666484776,0.1314854810554545,0.00032373319199259623,0.0008089334737799368,0.010957123421287874
4,2025-03-08,12.142857142857142,0.035714285714285705,0.07734275528393175,3.683478358411215,32.132178310418674,46.70133255513333,560.4159906616,60.00318809341918,0.12700302147401857,0.0003735382984529956,0.0008089334737799368,0.010583585122834877
4,2025-03-09,13.285714285714286,0.035714285714285705,0.07734275528393175,3.6837270488458635,32.46116176146132,46.70133255513333,560.4159906616,59.38550101858925,0.13895624702451442,0.0003735382984529956,0.0008089334737799368,0.011579687252042866
4,2025-03-10,14.714285714285714,0.035714285714285705,0.07019989814107461,3.5652131417434325,32.292511220809146,46.70133255513333,560.4159906616,58.81407244716068,0.15389777896263426,0.0003735382984529956,0.0007342258140893376,0.012824814913552852
4,2025-03-11,13.857142857142858,0.04870129870129869,0.061796536796536794,3.5987934432647037,31.98203539817261,46.70133255513333,560.4159906616,57.950054112554106,0.14493285979976234,0.0005093704069813577,0.0006463344497474563,0.01207773831664686
4,2025-03-12,14.142857142857142,0.05663780663780663,0.04393939393939394,3.633984583944741,31.999466185740378,46.70133255513333,560.4159906616,57.88953823953824,0.14792116618738632,0.00059237891774869,0.0004595653005209584,0.012326763848948857
4,2025-03-13,14.428571428571429,0.06514120799835085,0.03033395176252319,3.6881027888737443,32.0758643130933,46.70133255513333,560.4159906616,57.44906204906205,0.15090947257501028,0.0006813166078565461,0.0003172649963483886,0.012575789381250854
4,2025-03-14,14.714285714285714,0.07613021898736183,0.017346938775510204,3.5434876368637704,32.41779223918905,46.70133255513333,560.4159906616,56.86464646464646,0.15389777896263426,0.0007962514689190064,0.00018143288782002654,0.012824814913552852
4,2025-03-15,15.0,0.05232069517783803,0.017346938775510204,3.6274328228077444,32.56172629312623,46.70133255513333,560.4159906616,56.65716347144919,0.15688608535025822,0.0005472259366170092,0.00018143288782002654,0.013073840445854848
4,2025-03-16,15.142857142857142,0.07017783803498089,0.026275510204081635,3.6880241492810697,32.23134425788619,46.70133255513333,560.4159906616,56.52740156668728,0.15838023854407018,0.0007339950858435071,0.00027481746243327544,0.013198353212005848
4,2025-03-17,15.0,0.07017783803498089,0.034170247046186895,3.799632693543462,32.241455629915244,46.70133255513333,560.4159906616,57.23116096518351,0.15688608535025822,0.0007339950858435071,0.0003573890863018324,0.013073840445854848
4,2025-03-18,15.857142857142858,0.057190825047967894,0.04257360839072471,3.739909268206058,32.46927620930134,46.70133255513333,560.4159906616,58.39770030819346,0.16585100451313012,0.000598162977315145,0.00044528045064371374,0.01382091704276084
4,2025-03-19,15.285714285714286,0.05945839874411302,0.052777690023377774,3.751412508895281,32.57025142786122,46.70133255513333,560.4159906616,58.00541005876035,0.15987439173788218,0.0006218796946772401,0.0005520056787731412,0.013322865978156847
4,2025-03-20,15.714285714285714,0.03905023547880689,0.07618705376887595,3.76569720268067,32.54679831456752,46.70133255513333,560.4159906616,57.1188554369116,0.16435685131931813,0.0004084292384183853,0.0007968459080112392,0.013696404276609841
4,2025-03-21,16.142857142857142,0.028061224489795904,0.08511562519744739,3.7471513241338683,32.52010807485939,46.70133255513333,560.4159906616,58.16349829405446,0.16883931090075407,0.0002934943773559251,0.0008902304826244881,0.014069942575062836
4,2025-03-22,15.714285714285714,0.028061224489795904,0.08511562519744739,3.8226829065582484,32.202048064156614,46.70133255513333,560.4159906616,58.145873062143515,0.16435685131931813,0.0002934943773559251,0.0008902304826244881,0.013696404276609843
4,2025-03-23,15.285714285714286,0.02119309262166404,0.07618705376887595,3.8688446279939037,32.35903509716727,46.70133255513333,560.4159906616,58.199444490714946,0.15987439173788218,0.00022166008919188745,0.0007968459080112392,0.013322865978156847
4,2025-03-24,14.714285714285714,0.059288330716902135,0.06114945978391356,3.8176579096210697,32.32038059468627,46.70133255513333,560.4159906616,58.60997080650442,0.15389777896263426,0.0006201009408750829,0.0006395666244520832,0.012824814913552852
4,2025-03-25,14.285714285714286,0.07969649398220825,0.06295018007202881,3.846161676737361,32.35397296440758,46.70133255513333,560.4159906616,57.94250381970971,0.14941531938119829,0.0008335513971339377,0.0006584004882396291,0.012451276615099857
4,2025-03-26,15.857142857142858,0.08092098377812662,0.06417466986794718,3.786085861510014,32.15675707734279,46.70133255513333,560.4159906616,57.6963813707301,0.1658510045131301,0.0008463584245094689,0.0006712075156151603,0.01382091704276084
4,2025-03-27,16.0,0.08885749171463456,0.030561224489795917,3.733538465417311,32.2328419292559,46.70133255513333,560.4159906616,58.5353169449598,0.16734515770694208,0.0009293669352768013,0.00031964205824763493,0.013945429808911839
4,2025-03-28,14.571428571428571,0.08885749171463456,0.02163265306122449,3.6938293946843386,32.32201758864731,46.70133255513333,560.4159906616,58.085912183055044,0.1524036257688223,0.0009293669352768013,0.00022625748363438606,0.012700302147401853
4,2025-03-29,14.571428571428571,0.10184450470164755,0.02163265306122449,3.5847522435659127,32.67995303612942,46.70133255513333,560.4159906616,58.52747062461348,0.15240362576882224,0.0010651990438051632,0.00022625748363438606,0.012700302147401853
4,2025-03-30,14.571428571428571,0.12382252667966953,0.02163265306122449,3.5171148455687242,32.79313614042009,46.70133255513333,560.4159906616,58.890107987250836,0.15240362576882224,0.0012950687659300836,0.00022625748363438606,0.012700302147401853
4,2025-03-31,15.428571428571429,0.08572728858443145,0.02843537414965986,3.574589243415766,32.94109882046518,46.70133255513333,560.4159906616,58.79895152466581,0.16136854493169414,0.0008966279142468885,0.00029740763572067095,0.013447378744307846
4,2025-04-01,16.285714285714285,0.07246198246198246,0.025374149659863947,3.6620041508771695,32.69899053082359,46.70133255513333,560.4159906616,59.333645402216824,0.17033346409456604,0.0007578851176786328,0.00026539006728184275,0.014194455341213835
4,2025-04-02,14.0,0.0769064269064269,0.013945578231292517,3.770164848814048,32.728141079215455,46.70133255513333,560.4159906616,58.932375560946994,0.14642701299357433,0.0008043698837083389,0.0001458578117768841,0.01220225108279786
4,2025-04-03,13.285714285714286,0.06896991896991897,0.013945578231292517,3.8796831102493425,32.46467742729668,46.70133255513333,560.4159906616,59.381093509664936,0.13895624702451442,0.0007213613729410065,0.0001458578117768841,0.011579687252042866
4,2025-04-04,14.0,0.08195693195693196,0.026932591218305508,3.976155077633673,32.19971339944152,46.70133255513333,560.4159906616,60.87676450533593,0.14642701299357433,0.0008571934814693686,0.00028168992030524624,0.01220225108279786
4,2025-04-05,14.428571428571429,0.09958216386787815,0.03713667285095856,4.028666406805995,31.88367460990163,46.70133255513333,560.4159906616,60.41201496915783,0.15090947257501025,0.0010415370573292886,0.00038841514843467354,0.012575789381250854
4,2025-04-06,14.285714285714286,0.06661513090084517,0.049041434755720474,4.048004040712672,31.624097030773147,46.70133255513333,560.4159906616,60.65652046366332,0.14941531938119829,0.0006967324741419077,0.0005129279145856721,0.012451276615099855
4,2025-04-07,13.571428571428571,0.06661513090084517,0.04223871366728509,4.01012787840587,31.522400631976517,46.70133255513333,560.4159906616,60.4405340691055,0.14194455341213838,0.0006967324741419077,0.0004417777624993873,0.011828712784344862
4,2025-04-08,12.714285714285714,0.0696763553906411,0.035095856524427954,3.976552030637978,31.44368778557282,46.70133255513333,560.4159906616,60.73237080379938,0.13297963424926648,0.000728750042580736,0.0003670701028087881,0.011081636187438872
4,2025-04-09,13.142857142857142,0.06570810142238713,0.03509585652442795,3.9858492651833126,31.79112327568888,46.70133255513333,560.4159906616,60.085545406973985,0.13746209383070243,0.00068724578719707,0.0003670701028087881,0.011455174485891867
4,2025-04-10,12.285714285714286,0.06570810142238713,0.05550401978973407,3.9215873673139683,31.77597851195196,46.70133255513333,560.4159906616,59.83750773036487,0.12849717466783053,0.00068724578719707,0.0005805205590676428,0.010708097888985876
4,2025-04-11,12.0,0.05272108843537414,0.04251700680272109,3.8996676792709084,31.69328796386906,46.70133255513333,560.4159906616,58.619614512471664,0.12550886828020658,0.0005514136786687079,0.00044468845053928074,0.010459072356683878
4,2025-04-12,11.857142857142858,0.02210884353741496,0.03231292517006802,3.929582675475694,31.893515687469826,46.70133255513333,560.4159906616,58.23421419849991,0.1240147150863946,0.0002312379942804258,0.00033796322240985333,0.010334559590532881
4,2025-04-13,11.714285714285714,0.04808286951144093,0.02040816326530612,3.8945861155409074,31.930783733835117,46.70133255513333,560.4159906616,58.26343497772069,0.1225205618925826,0.0005029022113371499,0.00021345045625885476,0.010210046824381883
4,2025-04-14,12.0,0.04808286951144093,0.028344671201814057,3.965089622843254,32.13616367567338,46.70133255513333,560.4159906616,57.91026037454609,0.12550886828020658,0.0005029022113371499,0.00029645896702618714,0.010459072356683878
4,2025-04-15,11.857142857142858,0.03787878787878788,0.028344671201814057,3.8583571111741057,32.27841436640621,46.70133255513333,560.4159906616,58.27996210139067,0.12401471508639458,0.00039617698320772263,0.00029645896702618714,0.010334559590532881
4,2025-04-16,11.857142857142858,0.037878787878787866,0.028344671201814057,3.9070397651986872,31.923327915421705,46.70133255513333,560.4159906616,59.946628768057344,0.12401471508639458,0.0003961769832077226,0.00029645896702618714,0.010334559590532881
4,2025-04-17,12.142857142857142,0.05375180375180374,0.007936507936507936,3.9368747134641575,31.995343819620125,46.70133255513333,560.4159906616,59.53166278166278,0.12700302147401857,0.0005621940047423873,8.300851076733244e-05,0.010583585122834875
4,2025-04-18,13.428571428571429,0.06962481962481962,0.015873015873015872,3.957293302597441,32.14796196159131,46.70133255513333,560.4159906616,59.952297702297706,0.1404504002183264,0.0007282110262770521,0.0001660170215346648,0.011704200018193864
4,2025-04-19,13.571428571428571,0.07982890125747268,0.015873015873015872,3.8980804296127842,31.984030294960103,46.70133255513333,560.4159906616,60.90912658769802,0.14194455341213838,0.0008349362544064794,0.0001660170215346648,0.011828712784344863
4,2025-04-20,13.285714285714286,0.0538548752834467,0.031746031746031744,3.9673565887952953,31.78042455237266,46.70133255513333,560.4159906616,59.288635967207405,0.13895624702451442,0.0005632720373497553,0.00033203404306932956,0.011579687252042866
4,2025-04-21,12.142857142857142,0.0538548752834467,0.03809523809523809,3.8431465428057194,31.659599460211496,46.70133255513333,560.4159906616,59.106096284667714,0.12700302147401857,0.0005632720373497553,0.0003984408516831955,0.010583585122834879
4,2025-04-22,12.0,0.0538548752834467,0.03809523809523809,3.883498284570664,31.679543098156596,46.70133255513333,560.4159906616,58.22789115646258,0.12550886828020658,0.0005632720373497553,0.0003984408516831955,0.01045907235668388
4,2025-04-23,12.857142857142858,0.04988662131519273,0.03809523809523809,3.7601833899105936,31.758799522169188,46.70133255513333,560.4159906616,58.65249433106576,0.1344737874430785,0.0005217677819660891,0.0003984408516831955,0.01120614895358987
4,2025-04-24,12.571428571428571,0.03401360544217686,0.03809523809523809,3.9401758262169175,31.68277218903486,46.70133255513333,560.4159906616,58.863378684807266,0.13148548105545452,0.0003557507604314243,0.0003984408516831955,0.010957123421287875
4,2025-04-25,11.285714285714286,0.03401360544217686,0.04603174603174603,3.9090397233095087,31.61602612925751,46.70133255513333,560.4159906616,58.95068027210885,0.11803810231114666,0.0003557507604314243,0.00048144936245052793,0.009836508525928888
4,2025-04-26,11.0,0.04761904761904761,0.04603174603174603,3.9993629896276692,31.43431673962495,46.70133255513333,560.4159906616,57.68707482993198,0.1150497959235227,0.0004980510646039941,0.00048144936245052793,0.009587482993626889
4,2025-04-27,12.285714285714286,0.055555555555555546,0.03809523809523809,3.9586137771445835,31.69298742352368,46.70133255513333,560.4159906616,59.083900226757365,0.12849717466783053,0.0005810595753713265,0.0003984408516831955,0.010708097888985876
4,2025-04-28,13.714285714285714,0.06269841269841268,0.023809523809523808,4.047921080098324,31.572218221032106,46.70133255513333,560.4159906616,59.36961451247165,0.14343870660595037,0.0006557672350619257,0.0002490255323019972,0.01195322555049586
4,2025-04-29,14.285714285714286,0.06269841269841268,0.03273809523809524,4.008056209735261,31.858672322219444,46.70133255513333,560.4159906616,59.86663832199547,0.14941531938119829,0.0006557672350619257,0.0003424101069152461,0.012451276615099855
4,2025-04-30,14.857142857142858,0.06774891774891774,0.03273809523809524,3.9544613853173614,31.758916794460976,46.70133255513333,560.4159906616,58.20502216037931,0.15539193215644623,0.0007085908328229553,0.0003424101069152461,0.012949327679703849
4,2025-05-01,16.428571428571427,0.07568542568542568,0.040674603174603176,3.8004682920290382,31.78718416919992,46.70133255513333,560.4159906616,58.77985209235209,0.171827617288378,0.0007915993435902877,0.00042541861768257853,0.014318968107364835
4,2025-05-02,17.142857142857142,0.05981240981240981,0.0248015873015873,3.8368475432884415,31.746761606460417,46.70133255513333,560.4159906616,59.439716037930324,0.17929838325743797,0.000625582322055623,0.00025940159614791373,0.014941531938119826
4,2025-05-03,18.142857142857142,0.0510404799878484,0.0248015873015873,3.8836821289688492,31.82318011222817,46.70133255513333,560.4159906616,60.548112027905255,0.18975745561412186,0.000533836073312782,0.00025940159614791373,0.015813121301176816
4,2025-05-04,16.571428571428573,0.0635121353166466,0.016865079365079364,3.802038460734405,31.919767645586408,46.70133255513333,560.4159906616,60.890515656023176,0.17332177048219005,0.0006642780188043043,0.00017639308538058138,0.014443480873515834
4,2025-05-05,15.285714285714286,0.08234330414781542,0.016865079365079364,3.802034193757062,32.04934934201778,46.70133255513333,560.4159906616,62.156749422256944,0.15987439173788218,0.0008612345761704292,0.00017639308538058138,0.013322865978156847
4,2025-05-06,14.857142857142858,0.1043213261258374,0.007936507936507936,3.8472250851312215,31.884062190647892,46.70133255513333,560.4159906616,61.109359312366834,0.15539193215644623,0.0010911042982953497,8.300851076733244e-05,0.01294932767970385
4,2025-05-07,13.0,0.09133431313882441,0.023809523809523808,4.018717170120941,31.944393513015466,46.70133255513333,560.4159906616,61.51700722001474,0.13596794063689047,0.0009552721897669877,0.0002490255323019972,0.011330661719740868
4,2025-05-08,11.571428571428571,0.13696923377374506,0.015873015873015872,3.9819311901115193,31.859719986317483,46.70133255513333,560.4159906616,59.76105483906236,0.12102640869877061,0.0014325711266791488,0.0001660170215346648,0.010085534058230884
4,2025-05-09,12.714285714285714,0.14346274026725153,0.015873015873015872,3.9012079776478,32.09185938941852,46.70133255513333,560.4159906616,58.85010864240188,0.13297963424926648,0.00150048718094333,0.0001660170215346648,0.011081636187438872
5,2025-01-01,9.571428571428571,0.12442438513867085,0.09642857142857142,2.6093889065085842,34.54241458504135,49.94704050056667,449.5233645051,61.66132914704344,0.08368731761301419,0.0010878985263481742,0.0008431184983400687,0.009298590845890466
5,2025-01-02,9.571428571428571,0.11343537414965987,0.09642857142857142,2.517136523749985,34.4752708331474,49.947040500566665,449.5233645051,60.66132914704343,0.0836873176130142,0.0009918166461954597,0.0008431184983400687,0.009298590845890466
5,2025-01-03,9.0,0.1086734693877551,0.06785714285714285,2.5444881595286652,34.39268297643868,49.94704050056667,449.5233645051,59.97561486132914,0.07869105984507306,0.00095018116479595,0.0005933056099430114,0.008743451093897006
5,2025-01-04,8.428571428571429,0.09676870748299318,0.08571428571428572,2.4440162502765195,34.3785074774018,49.94704050056667,449.5233645051,58.46966248037677,0.0736948020771319,0.0008460924612971762,0.0007494386651911721,0.008188311341903546
5,2025-01-05,7.857142857142857,0.15391156462585034,0.07142857142857142,2.3583225367836924,34.62104941796748,49.947040500566665,449.5233645051,59.593472004186296,0.06869854430919077,0.0013457182380912907,0.0006245322209926434,0.007633171589910083
5,2025-01-06,7.714285714285714,0.1369047619047619,0.07142857142857142,2.4019396415498875,34.70865325790559,49.94704050056667,449.5233645051,59.66149921507064,0.06744947986720548,0.0011970200902358993,0.0006245322209926434,0.007494386651911719
5,2025-01-07,7.714285714285714,0.11904761904761904,0.07142857142857142,2.6330942509832655,34.74313181049236,49.947040500566665,449.5233645051,60.05435635792778,0.06744947986720548,0.0010408870349877387,0.0006245322209926435,0.007494386651911719
5,2025-01-08,8.571428571428571,0.13003663003663005,0.09340659340659341,2.4334411531593596,34.727721978958066,49.94704050056667,449.5233645051,58.14697802197803,0.07494386651911719,0.0011369689151404531,0.0008166959812980722,0.00832709627990191
5,2025-01-09,8.571428571428571,0.14102564102564102,0.1043956043956044,2.4231293436108565,34.62249145424409,49.94704050056667,449.5233645051,57.74038461538462,0.07494386651911719,0.0012330507952931673,0.0009127778614507865,0.00832709627990191
5,2025-01-10,9.428571428571429,0.15293040293040291,0.1163003663003663,2.4723216708138174,34.69891906204243,49.94704050056667,449.5233645051,59.14514652014652,0.08243825317102892,0.0013371394987919413,0.0010168665649495604,0.009159805907892102
5,2025-01-11,9.285714285714286,0.15293040293040291,0.08313710099424385,2.513185043430629,34.63464393353734,49.947040500566665,449.5233645051,59.49973835688122,0.08118918872904364,0.0013371394987919413,0.0007269051766315475,0.009021020969893736
5,2025-01-12,10.285714285714286,0.09249084249084248,0.09412611198325484,2.527476413338168,34.48053190518521,49.94704050056667,449.5233645051,58.24515960230246,0.08993263982294063,0.0008086891579520123,0.0008229870567842618,0.009992515535882292
5,2025-01-13,10.714285714285714,0.08455433455433456,0.09412611198325484,2.389897292295232,34.532513139136874,49.94704050056667,449.5233645051,58.13404849119136,0.0936798331488965,0.0007392966889528298,0.0008229870567842618,0.010408870349877388
5,2025-01-14,10.571428571428571,0.10496249781964069,0.11708529565672422,2.3146188784313075,34.680205363321804,49.94704050056667,449.5233645051,59.21568114425258,0.0924307687069112,0.0009177344663792991,0.00102372955638904,0.010270085411879024
5,2025-01-15,10.714285714285714,0.09397348683062967,0.14612768184196753,2.3876242675931185,34.71359360999746,49.94704050056667,449.5233645051,59.36795743938602,0.0936798331488965,0.0008216525862265849,0.001277660239649785,0.010408870349877388
5,2025-01-16,10.428571428571429,0.09597148882863168,0.14812568383996957,2.4433210219511676,34.75403749149651,49.947040500566665,449.5233645051,59.581743653172225,0.09118170426492592,0.000839122018981624,0.001295129672404824,0.010131300473880658
5,2025-01-17,10.142857142857142,0.07454291740006025,0.15050663622092195,2.35823307522275,34.779967165842926,49.94704050056667,449.52336450509995,59.034124605553174,0.08868357538095535,0.0006517623526838309,0.001315947413104579,0.009853730597883928
5,2025-01-18,10.142857142857142,0.07454291740006025,0.13009847295561583,2.3751093721595735,34.68053187495626,49.94704050056667,449.5233645051,58.56473685045114,0.08868357538095535,0.0006517623526838309,0.0011375096356781094,0.009853730597883926
5,2025-01-19,9.857142857142858,0.07654091939806226,0.1450834879406308,2.391742492283997,34.86954415667815,49.947040500566665,449.5233645051,59.951350237064524,0.08618544649698477,0.0006692317854388698,0.0012685303813409017,0.009576160721887198
5,2025-01-20,9.571428571428571,0.10148423005565863,0.18589981447124307,2.569083256730044,35.05727003820921,49.947040500566665,449.5233645051,61.85157699443414,0.08368731761301419,0.0008873224022934437,0.0016254059361938407,0.009298590845890466
5,2025-01-21,9.857142857142858,0.0969490826633684,0.16095650381364668,2.5489513307756515,35.060136303064276,49.947040500566665,449.5233645051,61.627087198515774,0.08618544649698477,0.0008476695628653394,0.0014073153193392667,0.009576160721887198
5,2025-01-22,8.857142857142858,0.1173572459286745,0.10993609565038136,2.6451872068790467,35.07866019012088,49.947040500566665,449.52336450509995,61.83116883116883,0.07744199540308776,0.001026107340291809,0.0009612208757730931,0.00860466615589864
5,2025-01-23,8.285714285714286,0.10437023294166152,0.0969490826633684,2.5312277505265723,35.137618730443,49.947040500566665,449.5233645051,61.40074211502783,0.07244573763514663,0.0009125560273840554,0.0008476695628653397,0.00804952640390518
5,2025-01-24,8.428571428571429,0.1030715316429602,0.10863739435168006,2.5304289121362964,35.159321716115656,49.947040500566665,449.5233645051,61.45269016697588,0.0736948020771319,0.0009012008960932802,0.0009498657444823178,0.008188311341903546
5,2025-01-25,8.857142857142858,0.1316429602143888,0.10863739435168007,2.5723426054078122,35.2082591067303,49.947040500566665,449.5233645051,62.113914656771804,0.07744199540308778,0.0011510137844903377,0.0009498657444823178,0.00860466615589864
5,2025-01-26,9.285714285714286,0.1390641104926819,0.12347969490826634,2.5479736125575774,35.10751708737113,49.947040500566665,449.5233645051,61.58051948051948,0.08118918872904361,0.0012159002490090538,0.00107963867351975,0.009021020969893736
5,2025-01-27,10.857142857142858,0.09824778396206968,0.11440940012368583,2.482782899539629,34.84598492982269,49.947040500566665,449.52336450509995,59.88664192949908,0.09492889759088177,0.0008590246941561146,0.0010003329946635415,0.010547655287875752
5,2025-01-28,11.142857142857142,0.0823747680890538,0.09853638425066998,2.491171661982869,34.89939992978011,49.947040500566665,449.5233645051,59.54897959183673,0.09742702647485235,0.0007202397561577495,0.0008615480566651762,0.010825225163872482
5,2025-01-29,11.857142857142858,0.06196660482374768,0.11044114615543188,2.3904408994177255,34.91028218828506,49.947040500566665,449.5233645051,59.64591836734694,0.10367234868477879,0.00054180197873128,0.0009656367601639501,0.011519149853864308
5,2025-01-30,11.428571428571429,0.06196660482374768,0.11044114615543187,2.478128081218253,34.786266806691096,49.947040500566665,449.5233645051,59.508163265306116,0.09992515535882292,0.00054180197873128,0.0009656367601639501,0.011102795039869214
5,2025-01-31,11.142857142857142,0.04897959183673469,0.10034013605442176,2.3941382424807585,34.74156677156276,49.947040500566665,449.5233645051,58.55145330859616,0.09742702647485235,0.0004282506658235267,0.0008773190723468086,0.010825225163872482
5,2025-02-01,12.285714285714286,0.020408163265306128,0.11621315192743764,2.3243351425577434,34.73461733889782,49.947040500566665,449.52336450509995,58.380024737167595,0.10741954201073464,0.00017843777742646938,0.0010161040103451736,0.011935504667859404
5,2025-02-02,12.0,0.0,0.12301587301587301,2.2771752922279846,34.68423043932098,49.947040500566665,449.5233645051,57.76948051948052,0.10492141312676406,0.0,0.0010755832694873302,0.011657934791862673
5,2025-02-03,10.857142857142858,0.014285714285714294,0.10555555555555554,2.166169368576845,34.800033899953824,49.947040500566665,449.5233645051,57.45519480519481,0.09492889759088177,0.00012490644419852853,0.0009229198376891286,0.010547655287875752
5,2025-02-04,11.142857142857142,0.014285714285714294,0.10555555555555554,2.1630116482158384,34.76440397678909,49.947040500566665,449.5233645051,57.59505494505494,0.09742702647485234,0.00012490644419852853,0.0009229198376891286,0.010825225163872482
5,2025-02-05,10.428571428571429,0.014285714285714294,0.11405895691609977,2.1938313898915864,34.788896769790135,49.94704050056667,449.5233645051,58.31444270015699,0.0911817042649259,0.00012490644419852853,0.000997268911616824,0.010131300473880658
5,2025-02-06,11.857142857142858,0.024489795918367356,0.14467120181405896,2.142705270988892,34.885072889950386,49.94704050056667,449.5233645051,58.6256671899529,0.10367234868477879,0.0002141253329117633,0.0012649255777565285,0.011519149853864308
5,2025-02-07,12.714285714285714,0.034013605442176874,0.14784580498866212,2.237407467961225,34.85837302079476,49.947040500566665,449.5233645051,59.46376242804814,0.1111667353366905,0.00029739629571078237,0.0012926825653562014,0.012351859481854499
5,2025-02-08,11.142857142857142,0.054421768707483,0.13197278911564625,2.2876967002847057,34.87421345750738,49.94704050056667,449.5233645051,59.42294610151753,0.09742702647485234,0.0004758340731372519,0.0011538976273578363,0.010825225163872482
5,2025-02-09,11.142857142857142,0.0782312925170068,0.10816326530612244,2.3173204976581188,34.81811566847343,49.94704050056667,449.5233645051,59.291993720565145,0.09742702647485234,0.0006840114801347996,0.0009457202203602885,0.010825225163872482
5,2025-02-10,11.142857142857142,0.06394557823129253,0.12244897959183675,2.414733942982567,34.864671207862536,49.947040500566665,449.5233645051,59.77770800627944,0.09742702647485235,0.000559105035936271,0.0010706266645588171,0.010825225163872482
5,2025-02-11,10.571428571428571,0.07981859410430839,0.1383219954648526,2.413788654111683,34.82005129011719,49.947040500566665,449.5233645051,60.023129251700674,0.09243076870691118,0.0006978899739346361,0.0012094116025571822,0.010270085411879024
5,2025-02-12,10.857142857142858,0.07981859410430839,0.13378684807256236,2.3723992167396366,34.755959106855805,49.947040500566665,449.5233645051,58.839455782312925,0.09492889759088177,0.0006978899739346361,0.0011697587631290779,0.010547655287875754
5,2025-02-13,9.714285714285714,0.06961451247165533,0.126984126984127,2.389573987523607,34.71810999745941,49.947040500566665,449.5233645051,58.5639455782313,0.0849363820549995,0.0006086710852214013,0.0011102795039869217,0.00943737578388883
5,2025-02-14,9.0,0.08866213151927438,0.1365079365079365,2.3328722863354088,34.79946608277236,49.947040500566665,449.5233645051,58.11632653061224,0.07869105984507306,0.0007752130108194396,0.0011935504667859409,0.008743451093897006
5,2025-02-15,9.571428571428571,0.08124098124098124,0.1365079365079365,2.305423676057508,34.8574016604411,49.947040500566665,449.5233645051,58.611688311688305,0.08368731761301419,0.0007103265463007235,0.0011935504667859409,0.009298590845890466
5,2025-02-16,8.714285714285714,0.08124098124098125,0.16031746031746033,2.2701249143231164,35.01561440751603,49.947040500566665,449.5233645051,59.15930735930736,0.07619293096110248,0.0007103265463007235,0.0014017278737834885,0.008465881217900276
5,2025-02-17,8.0,0.08124098124098125,0.1888888888888889,2.440697112708972,35.17130196783814,49.947040500566665,449.5233645051,60.587878787878786,0.06994760875117605,0.0007103265463007235,0.0016515407621805458,0.00777195652790845
5,2025-02-18,8.0,0.08124098124098124,0.22063492063492066,2.3995263457699694,34.937579859587395,49.947040500566665,449.5233645051,59.47676767676768,0.06994760875117605,0.0007103265463007235,0.0019291106381772762,0.00777195652790845
5,2025-02-19,8.285714285714286,0.08124098124098124,0.21774891774891775,2.438528985724406,34.92083541918599,49.947040500566665,449.52336450509995,59.54170274170274,0.07244573763514663,0.0007103265463007235,0.0019038770130866641,0.00804952640390518
5,2025-02-20,8.428571428571429,0.10164914450628737,0.19393939393939394,2.4979195583820446,35.05465515691381,49.947040500566665,449.5233645051,61.58251906823335,0.0736948020771319,0.000888764323727193,0.0016956996060891166,0.008188311341903546
5,2025-02-21,8.571428571428571,0.09905174190888477,0.19134199134199134,2.4502884348560365,35.00185223348059,49.947040500566665,449.5233645051,60.992908678622975,0.0749438665191172,0.0008660540611456423,0.0016729893435075659,0.00832709627990191
5,2025-02-22,7.857142857142857,0.10987425273139559,0.19134199134199134,2.468959561775642,35.09237709576145,49.947040500566665,449.5233645051,60.60979179550609,0.06869854430919076,0.0009606801552354367,0.0016729893435075659,0.0076331715899100845
5,2025-02-23,8.714285714285714,0.09796949082663368,0.15562770562770561,2.5272334009498283,35.101083342593846,49.947040500566665,449.5233645051,60.59788703360132,0.07619293096110248,0.0008565914517366628,0.001360723233011244,0.008465881217900274
5,2025-02-24,9.571428571428571,0.11095650381364668,0.11147186147186147,2.436341864848275,35.15410750039987,49.947040500566665,449.5233645051,61.452432488146776,0.08368731761301419,0.000970142764644416,0.0009746487691248828,0.009298590845890466
5,2025-02-25,9.714285714285714,0.0950834879406308,0.10670995670995671,2.4180017622487773,35.34577987958372,49.947040500566665,449.5233645051,62.21592455163884,0.08493638205499947,0.0008313578266460509,0.0009330132877253735,0.009437375783888832
5,2025-02-26,10.142857142857142,0.0950834879406308,0.10392702535559677,2.5140717124741543,35.420153311676536,49.947040500566665,449.5233645051,63.28364254792826,0.08868357538095535,0.0008313578266460509,0.0009086808635308548,0.009853730597883928
5,2025-02-27,10.428571428571429,0.07467532467532469,0.10392702535559677,2.4963950444602774,35.27113368181461,49.947040500566665,449.5233645051,62.27457225314369,0.09118170426492592,0.0006529200492195814,0.0009086808635308548,0.010131300473880656
5,2025-02-28,10.571428571428571,0.048701298701298704,0.08985776128633272,2.64836344104877,35.38671036245165,49.947040500566665,449.5233645051,63.902277880849304,0.0924307687069112,0.00042581742340407476,0.000785666941214122,0.010270085411879024
5,2025-03-01,11.571428571428571,0.04686979686979688,0.12282479425336569,2.5829655377915435,35.2647663030732,49.947040500566665,449.52336450509995,63.88579436436579,0.10117421980080821,0.0004098037767119558,0.001073912581672265,0.011241579977867578
5,2025-03-02,11.142857142857142,0.03496503496503498,0.12679304822161966,2.7318435549415137,35.16645581299015,49.94704050056667,449.5233645051,64.59611182468326,0.09742702647485235,0.00030571507321318185,0.0011086088161718565,0.010825225163872482
5,2025-03-03,11.0,0.03626373626373628,0.14237746380603525,2.6069295563362975,34.80963355919951,49.947040500566665,449.5233645051,61.81299494156638,0.09617796203286706,0.0003170702045039572,0.0012448703916611605,0.010686440225874118
5,2025-03-04,10.142857142857142,0.03626373626373628,0.09952032094889238,2.644820607423465,34.64860815330182,49.94704050056667,449.5233645051,61.25585208442351,0.08868357538095535,0.0003170702045039572,0.0008701510590655744,0.009853730597883928
5,2025-03-05,9.571428571428571,0.05054945054945056,0.10360195360195361,2.674597065622858,34.73346646619551,49.94704050056667,449.5233645051,62.58034188034189,0.08368731761301419,0.0004419766487024859,0.0009058386145508683,0.009298590845890466
5,2025-03-06,9.714285714285714,0.05054945054945056,0.10360195360195361,2.6237390115843096,34.702363338626306,49.947040500566665,449.5233645051,62.26288156288157,0.08493638205499947,0.0004419766487024859,0.0009058386145508683,0.009437375783888832
5,2025-03-07,9.428571428571429,0.06483516483516484,0.13455433455433455,2.596391329556184,34.59981184837954,49.94704050056667,449.5233645051,61.71050061050062,0.08243825317102892,0.0005668830929010146,0.0011764692436476802,0.009159805907892102
5,2025-03-08,9.142857142857142,0.042857142857142864,0.12756132756132757,2.717846602208418,34.60586744265594,49.947040500566665,449.5233645051,62.23997113997114,0.07994012428705834,0.00037471933259558587,0.001115326229005044,0.008882236031895372
5,2025-03-09,8.857142857142858,0.06326530612244899,0.13209647495361782,2.6845379937572367,34.73119934042291,49.947040500566665,449.5233645051,61.03135435992579,0.07744199540308776,0.0005531571100220554,0.0011549790684331482,0.00860466615589864
5,2025-03-10,8.0,0.04897959183673471,0.10352504638218922,2.7695532001768117,34.92850867855852,49.947040500566665,449.5233645051,62.32421150278294,0.06994760875117605,0.00042825066582352666,0.000905166180036091,0.00777195652790845
5,2025-03-11,9.285714285714286,0.04897959183673471,0.10352504638218922,2.8877326780302224,35.30667558729403,49.94704050056667,449.52336450509995,64.17036534893678,0.08118918872904361,0.00042825066582352666,0.0009051661800360911,0.009021020969893736
5,2025-03-12,9.0,0.07040816326530612,0.08923933209647494,2.7710642784933586,35.28034757954996,49.947040500566665,449.5233645051,62.623936777508206,0.07869105984507306,0.0006156103321213196,0.0007802597358375624,0.008743451093897006
5,2025-03-13,9.285714285714286,0.07040816326530612,0.10114409400123685,2.7605447375229173,35.221478650112125,49.94704050056667,449.5233645051,61.65965106322249,0.08118918872904364,0.0006156103321213196,0.0008843484393363363,0.009021020969893736
5,2025-03-14,9.571428571428571,0.06802721088435375,0.058286951144094,2.7601773548725608,35.16282729266969,49.947040500566665,449.52336450509995,61.71203201560345,0.08368731761301419,0.0005947925914215648,0.0005096291067407503,0.009298590845890466
5,2025-03-15,9.0,0.06802721088435375,0.03231292517006802,2.6070473984246827,35.162698341474645,49.94704050056667,449.5233645051,60.841902145473576,0.07869105984507305,0.0005947925914215648,0.0002825264809252436,0.008743451093897006
5,2025-03-16,9.857142857142858,0.058608058608058615,0.011904761904761904,2.5232293666218664,35.102408427182965,49.94704050056667,449.5233645051,61.45100732600732,0.08618544649698477,0.0005124366941478097,0.00010408870349877411,0.009576160721887198
5,2025-03-17,10.857142857142858,0.05860805860805862,0.011904761904761904,2.485040157189623,34.979774999619124,49.947040500566665,449.5233645051,61.00620213120213,0.09492889759088177,0.0005124366941478097,0.00010408870349877411,0.010547655287875752
5,2025-03-18,9.714285714285714,0.05860805860805862,0.011904761904761904,2.2370762372307977,34.71052743968241,49.94704050056667,449.5233645051,59.017191142191145,0.0849363820549995,0.0005124366941478097,0.00010408870349877411,0.009437375783888832
5,2025-03-19,10.285714285714286,0.03479853479853481,0.023809523809523808,2.246323503937883,34.73979843217668,49.94704050056667,449.52336450509995,59.213619713619714,0.08993263982294063,0.0003042592871502619,0.00020817740699754798,0.009992515535882292
5,2025-03-20,9.571428571428571,0.03479853479853481,0.011904761904761904,2.2799123390779976,34.82783574177586,49.947040500566665,449.5233645051,60.30035440749726,0.08368731761301419,0.0003042592871502619,0.00010408870349877411,0.009298590845890466
5,2025-03-21,8.571428571428571,0.051465201465201484,0.06904761904761905,2.2950214841658427,35.01236483628292,49.94704050056667,449.5233645051,61.705116312259165,0.07494386651911719,0.00044998347204854537,0.0006037144802928888,0.00832709627990191
5,2025-03-22,8.857142857142858,0.06733821733821735,0.06904761904761905,2.4767313331172183,35.09298824840278,49.94704050056667,449.5233645051,62.086068693211544,0.07744199540308776,0.0005887684100469105,0.0006037144802928888,0.008604666155898642
5,2025-03-23,8.142857142857142,0.056349206349206364,0.08690476190476192,2.3770178337909966,34.972252281057756,49.947040500566665,449.5233645051,61.04073902288188,0.07119667319316134,0.0004926865298941961,0.0007598475355410497,0.007910741465906816
5,2025-03-24,8.285714285714286,0.08015873015873018,0.11071428571428572,2.3875362092835104,35.203465081500056,49.947040500566665,449.5233645051,62.90221088435374,0.07244573763514661,0.000700863936891744,0.0009680249425385974,0.00804952640390518
5,2025-03-25,8.714285714285714,0.08015873015873018,0.11071428571428572,2.5756591414868475,35.35103475171191,49.947040500566665,449.5233645051,63.84863945578231,0.07619293096110248,0.000700863936891744,0.0009680249425385974,0.008465881217900274
5,2025-03-26,9.0,0.06825396825396826,0.10901360544217686,2.556508649213897,35.264523371938374,49.947040500566665,449.5233645051,63.28231292517007,0.07869105984507306,0.0005967752333929701,0.0009531551277530583,0.008743451093897006
5,2025-03-27,9.285714285714286,0.08412698412698413,0.12488662131519275,2.4966400213939304,35.29326786609802,49.947040500566665,449.5233645051,62.493197278911566,0.08118918872904361,0.0007355601713913352,0.0010919400657514234,0.009021020969893736
5,2025-03-28,9.714285714285714,0.055555555555555566,0.08560090702947845,2.4800368448312335,35.27470542916136,49.947040500566665,449.5233645051,61.47534013605442,0.0849363820549995,0.00048574728299427794,0.0007484473442054695,0.00943737578388883
5,2025-03-29,9.571428571428571,0.07539682539682539,0.08560090702947845,2.6045457102029475,35.530615611103755,49.947040500566665,449.5233645051,63.7015306122449,0.08368731761301419,0.0006592284554922344,0.0007484473442054695,0.009298590845890466
5,2025-03-30,10.142857142857142,0.0992063492063492,0.0915532879818594,2.6785475898426037,35.610294649944386,49.947040500566665,449.5233645051,64.46938775510205,0.08868357538095535,0.0008674058624897821,0.0008004916959548564,0.009853730597883926
5,2025-03-31,10.0,0.08838383838383838,0.0677437641723356,2.7418074677142643,35.36137657584661,49.947040500566665,449.5233645051,62.46505875077304,0.08743451093897006,0.0007727797683999878,0.0005923142889573087,0.009714945659885562
5,2025-04-01,9.714285714285714,0.11219336219336219,0.0677437641723356,2.6316028323631744,35.19628866021372,49.947040500566665,449.52336450509995,61.42339208410637,0.08493638205499947,0.0009809571753975354,0.0005923142889573087,0.009437375783888832
5,2025-04-02,9.0,0.12806637806637808,0.08928571428571429,2.545827457809808,35.163759982554666,49.947040500566665,449.5233645051,61.67622655122655,0.07869105984507306,0.0011197421133959005,0.0007806652762408043,0.008743451093897006
5,2025-04-03,8.428571428571429,0.1407647907647908,0.0734126984126984,2.7476995177010606,35.49962478037403,49.947040500566665,449.5233645051,64.11432178932179,0.0736948020771319,0.0012307700637945926,0.0006418803382424391,0.008188311341903546
5,2025-04-04,8.0,0.1407647907647908,0.08412698412698413,2.7145872413192698,35.18598569567673,49.947040500566665,449.5233645051,62.76075036075036,0.06994760875117605,0.0012307700637945926,0.0007355601713913356,0.00777195652790845
5,2025-04-05,8.428571428571429,0.11803751803751805,0.08412698412698413,2.5720409081601696,34.951679827715154,49.947040500566665,449.5233645051,61.62113997113996,0.0736948020771319,0.0010320552662060243,0.0007355601713913356,0.008188311341903546
5,2025-04-06,7.0,0.09422799422799423,0.20317460317460317,2.287634877021738,34.882904663233724,49.947040500566665,449.52336450509995,61.37113997113996,0.061204157657279046,0.0008238778592084767,0.0017764472063790744,0.006800461961919893
5,2025-04-07,5.571428571428571,0.08124098124098124,0.20317460317460317,2.2892626685030457,35.246812948268754,49.947040500566665,449.5233645051,61.851659451659444,0.048713513237426176,0.0007103265463007234,0.0017764472063790744,0.005412612581936241
5,2025-04-08,6.142857142857143,0.05743145743145744,0.23174603174603176,2.2852196417249786,35.35884634585629,49.947040500566665,449.5233645051,62.31832611832612,0.05370977100536732,0.0005021491393031756,0.002026260094776132,0.005967752333929702
5,2025-04-09,6.142857142857143,0.057431457431457444,0.19999999999999998,2.3617727659518506,35.48288537008471,49.947040500566665,449.5233645051,62.46118326118326,0.05370977100536733,0.0005021491393031756,0.0017486902187794015,0.005967752333929702
5,2025-04-10,6.142857142857143,0.028860028860028867,0.19999999999999998,2.1683927580175784,35.258217748092974,49.947040500566665,449.5233645051,60.11832611832612,0.05370977100536732,0.00025233625090611834,0.0017486902187794015,0.005967752333929702
5,2025-04-11,6.285714285714286,0.028860028860028867,0.17142857142857143,2.1611269810674747,35.48681603792062,49.947040500566665,449.52336450509995,61.03737373737374,0.054958835447352604,0.00025233625090611834,0.0014988773303823441,0.006106537271928066
5,2025-04-12,5.857142857142857,0.033730158730158735,0.18928571428571428,2.187469391496267,35.56028979656675,49.947040500566665,449.5233645051,61.35555555555556,0.05121164212139675,0.0002949179932465258,0.001655010385630505,0.005690182457932971
5,2025-04-13,6.571428571428571,0.05413832199546486,0.06683673469387755,2.527661533719447,35.873745385015745,49.947040500566665,449.5233645051,62.98820861678006,0.05745696433132318,0.00047335577067299527,0.0005843837210716879,0.006384107147924798
5,2025-04-14,8.0,0.05413832199546486,0.07982374768089054,2.471356747085769,35.53912827607986,49.947040500566665,449.5233645051,62.18301381158524,0.06994760875117605,0.00047335577067299527,0.0006979350339794412,0.00777195652790845
5,2025-04-15,7.571428571428571,0.07454648526077098,0.07166048237476809,2.6241124116740666,35.68687455885489,49.947040500566665,449.5233645051,63.72995258709545,0.06620041542522019,0.0006517935480994648,0.0006265599230088533,0.007355601713913354
5,2025-04-16,8.142857142857142,0.058673469387755105,0.08264949336377907,2.68429521149904,35.49950132507955,49.947040500566665,449.52336450509995,63.29893915608202,0.07119667319316134,0.0005130086101010997,0.0007226418031615677,0.007910741465906816
5,2025-04-17,8.857142857142858,0.058673469387755105,0.08264949336377907,2.709880702365639,35.39627453594548,49.94704050056667,449.5233645051,63.813224870367726,0.07744199540308776,0.0005130086101010997,0.0007226418031615677,0.00860466615589864
5,2025-04-18,9.142857142857142,0.07653061224489797,0.08264949336377907,2.690235796200515,35.30874882795488,49.94704050056667,449.5233645051,62.80132010846296,0.07994012428705834,0.0006691416653492604,0.0007226418031615677,0.008882236031895372
5,2025-04-19,9.857142857142858,0.0696624803767661,0.06479235050663622,2.5887321695672205,35.008927780438704,49.947040500566665,449.52336450509995,61.037583844726704,0.08618544649698477,0.000609090490253814,0.0005665087479134068,0.009576160721887198
5,2025-04-20,10.142857142857142,0.06512733298447584,0.07613021898736184,2.488716277204649,34.71984525600846,49.94704050056667,449.5233645051,60.325565704137134,0.08868357538095535,0.0005694376508257097,0.0006656408464836677,0.009853730597883926
5,2025-04-21,10.285714285714286,0.08893685679399965,0.06314320600034885,2.5501546177353576,34.85443413741994,49.94704050056667,449.5233645051,61.428379556950986,0.08993263982294064,0.0007776150578232574,0.0005520895335759144,0.009992515535882292
5,2025-04-22,10.142857142857142,0.06852869352869354,0.06654456654456654,2.412886106010746,34.49490286084865,49.947040500566665,449.5233645051,59.36715506715507,0.08868357538095535,0.0005991772803967879,0.0005818291631469926,0.009853730597883926
5,2025-04-23,8.571428571428571,0.06852869352869354,0.055555555555555546,2.3491658561548845,34.41383202466023,49.94704050056667,449.5233645051,59.14737484737485,0.07494386651911719,0.0005991772803967879,0.00048574728299427837,0.00832709627990191
5,2025-04-24,8.428571428571429,0.08440170940170941,0.07142857142857142,2.3809717094984406,34.41297216069852,49.947040500566665,449.5233645051,59.39499389499389,0.0736948020771319,0.000737962218395153,0.0006245322209926435,0.008188311341903546
5,2025-04-25,9.0,0.07844932844932846,0.08333333333333334,2.4884377487270366,34.61433300307597,49.94704050056667,449.5233645051,60.954517704517706,0.07869105984507306,0.0006859178666457661,0.0007286209244914174,0.008743451093897006
5,2025-04-26,8.285714285714286,0.08531746031746032,0.08333333333333334,2.593300025188367,34.82369540388434,49.947040500566665,449.5233645051,62.36111111111111,0.07244573763514661,0.0007459690417412126,0.0007286209244914174,0.00804952640390518
5,2025-04-27,8.571428571428571,0.09541847041847043,0.06457431457431458,2.6142480548035336,34.81965399481486,49.947040500566665,449.5233645051,61.37554112554113,0.07494386651911719,0.000834286729558354,0.0005646023614024403,0.00832709627990191
5,2025-04-28,8.142857142857142,0.07160894660894661,0.08044733044733043,2.4818737608573884,34.66007045050123,49.947040500566665,449.5233645051,60.316017316017316,0.07119667319316134,0.0006261093225608064,0.0007033872994008055,0.007910741465906814
5,2025-04-29,8.428571428571429,0.07160894660894661,0.07449494949494949,2.557704363896319,34.90278823573176,49.947040500566665,449.52336450509995,62.33387445887446,0.0736948020771319,0.0006261093225608064,0.0006513429476514186,0.008188311341903546
5,2025-04-30,9.428571428571429,0.07160894660894661,0.07449494949494949,2.5972564312750004,35.06575344716458,49.947040500566665,449.5233645051,62.65133477633477,0.08243825317102892,0.0006261093225608064,0.0006513429476514186,0.0091598059078921
5,2025-05-01,9.142857142857142,0.05573593073593074,0.058621933621933624,2.5801895923573985,34.96367366548363,49.947040500566665,449.5233645051,62.37922593279736,0.07994012428705834,0.00048732438456244116,0.0005125580096530534,0.008882236031895372
5,2025-05-02,9.285714285714286,0.04383116883116884,0.05770618270618271,2.4448992210750506,34.6228408386172,49.94704050056667,449.52336450509995,60.62464717821861,0.08118918872904361,0.00038323568106366727,0.0005045511863069939,0.009021020969893736
5,2025-05-03,9.0,0.025974025974025983,0.08151570651570651,2.2782468576093455,34.553335750753796,49.947040500566665,449.5233645051,59.07702813059956,0.07869105984507306,0.00022710262581550648,0.0007127285933045417,0.008743451093897006
5,2025-05-04,7.714285714285714,0.0,0.06852869352869352,2.36618535735306,34.75003178858926,49.94704050056667,449.5233645051,61.499106052677476,0.06744947986720548,0.0,0.0005991772803967883,0.0074943866519117195
5,2025-05-05,8.0,0.0,0.06564269064269064,2.3480807187983896,34.794851150053134,49.947040500566665,449.5233645051,61.65062120419264,0.06994760875117605,0.0,0.0005739436553061766,0.00777195652790845
5,2025-05-06,8.571428571428571,0.0,0.05969030969030969,2.250173151325839,34.63907321630321,49.94704050056667,449.5233645051,60.09704977562121,0.07494386651911719,0.0,0.0005218993035567896,0.00832709627990191
5,2025-05-07,8.571428571428571,0.03174603174603175,0.05969030969030969,2.2930081036343624,34.73331284715768,49.94704050056667,449.52336450509995,60.73197041054185,0.07494386651911719,0.00027756987599673015,0.0005218993035567896,0.00832709627990191
5,2025-05-08,8.571428571428571,0.03174603174603175,0.05969030969030969,2.4135538567331487,34.871777268139304,49.947040500566665,449.5233645051,60.38503163503164,0.07494386651911719,0.00027756987599673015,0.0005218993035567896,0.00832709627990191
5,2025-05-09,8.142857142857142,0.04603174603174604,0.0487012987012987,2.515439692766073,35.122006648959754,49.947040500566665,449.5233645051,60.858658008658004,0.07119667319316134,0.0004024763201952588,0.00042581742340407514,0.007910741465906816
5,2025-05-10,7.428571428571429,0.04603174603174604,0.024891774891774892,2.3927842619989526,34.92313084467901,49.947040500566665,449.5233645051,60.263419913419916,0.0649513509832349,0.0004024763201952588,0.00021764001640652746,0.007216816775914988
6,2025-01-01,13.285714285714286,0.08672430510665803,0.08672430510665806,2.315844085108176,28.63963768593722,42.850457571525,514.2054908583,65.72902391725921,0.15453149840671057,0.0010087253517729918,0.001008725351772992,0.01287762486722588
6,2025-01-02,12.857142857142858,0.10101001939237231,0.1438671622495152,2.25322723612655,28.63440881457857,42.850457571525,514.2054908583,65.51144149967679,0.14954661136133282,0.001174888253285584,0.00167337695782336,0.012462217613444399
6,2025-01-03,12.285714285714286,0.08420329670329667,0.14903846153846154,2.3916817386173075,28.75506128022887,42.850457571525,514.2054908583,64.27032967032967,0.1429000953008291,0.0009794024868001814,0.001733526424434253,0.011908341275069094
6,2025-01-04,13.714285714285714,0.07706043956043954,0.14189560439560442,2.3732999126302334,28.75044287198566,42.850457571525,514.2054908583,64.2989010989011,0.15951638545208832,0.0008963210360438857,0.001650444973677957,0.013293032121007358
6,2025-01-05,14.0,0.10781440781440779,0.13197496947496948,2.3229873554199707,28.72721728450353,42.850457571525,514.2054908583,64.92588522588524,0.16283964348234017,0.0012540328379112714,0.0015350540698497682,0.013569970290195011
6,2025-01-06,14.428571428571429,0.08508713508713507,0.13197496947496948,2.383244158975041,28.754408213500756,42.850457571525,514.2054908583,64.64017094017095,0.16782453052771792,0.0009896827673230566,0.0015350540698497682,0.013985377543976493
6,2025-01-07,13.857142857142858,0.09699189699189696,0.10518925518925519,2.3315719951261604,28.66132105339529,42.850457571525,514.2054908583,64.92588522588524,0.16117801446721428,0.0011281518519168834,0.0012234986295136584,0.013431501205601186
6,2025-01-08,14.0,0.08600288600288598,0.11460840746555034,2.2685080474466113,28.63668642327058,42.850457571525,514.2054908583,65.12368742368743,0.16283964348234017,0.0010003342353687356,0.0013330565865549277,0.013569970290195011
6,2025-01-09,14.428571428571429,0.0717171717171717,0.05746555032269319,2.3111370745423274,28.62409058514068,42.850457571525,514.2054908583,65.34126984126985,0.16782453052771792,0.0008341713338561438,0.0006684049805045598,0.013985377543976493
6,2025-01-10,13.571428571428571,0.11253349824778394,0.03548752834467121,2.1361999258818236,28.496507789044983,42.850457571525,514.2054908583,66.5751787894645,0.1578547564369624,0.0013089224810349778,0.00041276974740826435,0.013154563036413533
6,2025-01-11,12.428571428571429,0.1172954030096887,0.02834467120181407,2.0644540161972795,28.474278885731177,42.850457571525,514.2054908583,66.90851212279783,0.14456172431595501,0.0013643101148725083,0.00032968829665196836,0.012046810359662919
6,2025-01-12,11.285714285714286,0.09189857761286331,0.034693877551020415,2.095194341087967,28.463845836645753,42.850457571525,514.2054908583,66.89581371009942,0.13126869219494766,0.0010689094010723449,0.0004035384751020092,0.010939057682912307
6,2025-01-13,12.0,0.08784013605442174,0.043622448979591846,2.1576970624597664,28.52565397883033,42.850457571525,514.2054908583,66.86009942438513,0.13957683727057726,0.0010217040313244496,0.0005073902885473793,0.01163140310588144
6,2025-01-14,12.428571428571429,0.08545918367346937,0.043622448979591846,2.210709664668491,28.62185935565703,42.850457571525,514.2054908583,66.16962323390894,0.14456172431595501,0.000994010214405684,0.0005073902885473793,0.012046810359662919
6,2025-01-15,12.142857142857142,0.09736394557823126,0.04702380952380953,2.200060547008536,28.60496287390305,42.850457571525,514.2054908583,66.45533751962323,0.1412384662857032,0.0011324792989995107,0.0005469528841456154,0.011769872190475265
6,2025-01-16,11.285714285714286,0.09736394557823126,0.06743197278911565,2.1686276551022967,28.547901004368665,42.850457571525,514.2054908583,66.89489795918367,0.13126869219494766,0.0011324792989995107,0.0007843284577350324,0.010939057682912307
6,2025-01-17,12.571428571428571,0.06547619047619045,0.06743197278911565,2.178031678581139,28.491772366292178,42.850457571525,514.2054908583,67.00714285714285,0.14622335333108097,0.0007615799652660466,0.0007843284577350324,0.012185279444256746
6,2025-01-18,13.0,0.05357142857142855,0.06743197278911565,2.3110016992470563,28.460263018856406,42.850457571525,514.2054908583,66.66428571428571,0.1512082403764587,0.0006231108806722199,0.0007843284577350324,0.012600686698038226
6,2025-01-19,13.142857142857142,0.05227272727272725,0.06613327149041436,2.3333285360997738,28.440436122650873,42.850457571525,514.2054908583,66.65389610389612,0.15286986939158462,0.0006080051623528934,0.0007692227394157059,0.012739155782632053
6,2025-01-20,12.0,0.06120129870129868,0.07506184291898578,2.365314837338462,28.465660975441786,42.850457571525,514.2054908583,66.22532467532469,0.13957683727057726,0.0007118569757982634,0.000873074552861076,0.01163140310588144
6,2025-01-21,11.857142857142858,0.07208565244279527,0.07506184291898578,2.4003656333514463,28.477772879835772,42.850457571525,514.2054908583,66.61988249845392,0.13791520825545137,0.0008384572817126192,0.000873074552861076,0.011492934021287612
6,2025-01-22,13.285714285714286,0.07316790352504636,0.057745825602968474,2.4283199082006184,28.516622989779446,42.850457571525,514.2054908583,66.60689548546692,0.15453149840671054,0.0008510453803120579,0.0006716649752700555,0.01287762486722588
6,2025-01-23,15.0,0.08068670051752756,0.04485645933014355,2.4647731895345446,28.587043736915266,42.850457571525,514.2054908583,65.96027894411353,0.17447104658822157,0.0009384995390028959,0.0005217435603714762,0.0145392538823518
6,2025-01-24,14.142857142857142,0.10032955766038472,0.04485645933014355,2.5460818458586316,28.71021889620604,42.850457571525,514.2054908583,65.20313608697067,0.1645012724974661,0.00116697352858271,0.0005217435603714762,0.01370843937478884
6,2025-01-25,13.857142857142858,0.1113185686493957,0.055845470319154544,2.4774365818833317,28.735916686460232,42.850457571525,514.2054908583,65.15771484154943,0.16117801446721422,0.0012947911451308574,0.0006495611769196239,0.013431501205601186
6,2025-01-26,14.285714285714286,0.0983315556623827,0.05306253896479461,2.587472023879084,28.865221875469167,42.850457571525,514.2054908583,64.25790037030639,0.166162901512592,0.001143733961937592,0.000617191780521067,0.013846908459382665
6,2025-01-27,15.285714285714286,0.08999822232904937,0.04472920563146128,2.4339353607582908,28.71611380511523,42.850457571525,514.2054908583,65.3317098941159,0.17779430461847343,0.0010468056027219134,0.0005202634213053883,0.014816192051539454
6,2025-01-28,15.0,0.06959005906374326,0.04472920563146128,2.3888485130814243,28.712331406174993,42.850457571525,514.2054908583,64.96096159479617,0.17447104658822157,0.0008094300291324964,0.0005202634213053883,0.0145392538823518
6,2025-01-29,14.428571428571429,0.0645395540132382,0.04617220707446273,2.414094538836365,28.769124584244814,42.850457571525,514.2054908583,64.40252003635463,0.16782453052771792,0.0007506855690017821,0.0005370475527713067,0.013985377543976493
6,2025-01-30,13.571428571428571,0.05702075702075699,0.03865341008198152,2.3519850771227255,28.696982202043518,42.850457571525,514.2054908583,65.04913657770801,0.1578547564369624,0.0006632314103109441,0.00044959339408046875,0.013154563036413533
6,2025-01-31,14.571428571428571,0.06206277382747968,0.03865341008198152,2.3018930054706304,28.695712283324415,42.850457571525,514.2054908583,65.49955674577522,0.16948615954284385,0.0007218771402565648,0.00044959339408046875,0.014123846628570318
6,2025-02-01,15.428571428571429,0.0510737628384687,0.04270199307793294,2.3263405015968126,28.73861623968551,42.850457571525,514.2054908583,65.47179503380299,0.17945593363359938,0.0005940595237084171,0.0004966840949139969,0.01495466113613328
6,2025-02-02,16.0,0.0510737628384687,0.040434419381787816,2.246570468779886,28.622617771910704,42.850457571525,514.2054908583,65.87088800432454,0.18610244969410303,0.0005940595237084171,0.0004703090311818394,0.015508537474508586
6,2025-02-03,17.571428571428573,0.06352797529268116,0.03640511535248379,2.336531782519369,28.686553204087318,42.850457571525,514.2054908583,65.40422133765787,0.20438036886048816,0.0007389194891296512,0.00042344257178085194,0.017031697405040677
6,2025-02-04,19.714285714285715,0.07410998587469174,0.03640511535248379,2.2825172482194573,28.615886282252355,42.850457571525,514.2054908583,66.06824250167904,0.22930480408737694,0.0008620031198797193,0.00042344257178085194,0.019108733673948077
6,2025-02-05,19.142857142857142,0.09678572283614297,0.03867268904862891,2.274338395238804,28.574913986652593,42.850457571525,514.2054908583,66.6192629098423,0.2226582880268733,0.0011257537572012938,0.00044981763551300944,0.018554857335572772
6,2025-02-06,19.714285714285715,0.10518908418068078,0.03867268904862891,2.3707859567041623,28.612256815197988,42.850457571525,514.2054908583,65.9301872795902,0.22930480408737694,0.001223496640443995,0.00044981763551300944,0.019108733673948077
6,2025-02-07,20.0,0.07909443579501073,0.06122908002607252,2.4171423008676327,28.57260944836079,42.850457571525,514.2054908583,65.95495508144778,0.2326280621176288,0.0009199792661640282,0.000712180111585523,0.01938567184313573
6,2025-02-08,19.428571428571427,0.09814205484262979,0.04619148604111011,2.308727167168781,28.48795724869527,42.850457571525,514.2054908583,66.29480470550793,0.2259815460571251,0.001141529801514151,0.0005372717942038473,0.01883179550476043
6,2025-02-09,19.714285714285715,0.10528491198548694,0.038254978104602176,2.2539456568710037,28.532244889206368,42.850457571525,514.2054908583,66.3630586737619,0.22930480408737694,0.0012246112522704467,0.00044495907114129623,0.019108733673948077
6,2025-02-10,19.285714285714285,0.09572925025591214,0.03276047261009668,2.2263667006607055,28.54418357344426,42.850457571525,514.2054908583,66.20777917065631,0.22431991704199916,0.0011134654987503183,0.00038105026286722237,0.0186933264201666
6,2025-02-11,17.428571428571427,0.11575948457186076,0.03276047261009668,2.255653870223549,28.536672917082807,42.850457571525,514.2054908583,66.15940426513855,0.20271873984536223,0.0013464452283843758,0.00038105026286722237,0.016893228320446853
6,2025-02-12,16.571428571428573,0.08514723967390157,0.022556390977443618,2.2409120475903395,28.581376968530485,42.850457571525,514.2054908583,65.89409814268957,0.19274896575460668,0.0009903818680002503,0.0002623624760725138,0.016062413812883893
6,2025-02-13,16.571428571428573,0.07674387832936376,0.03095975232198143,2.2505382029250347,28.611572818442482,42.850457571525,514.2054908583,65.77645108386604,0.1927489657546067,0.0008926389847575492,0.00036010535931521495,0.016062413812883893
6,2025-02-14,15.571428571428571,0.10493936705116827,0.02030812324929973,2.2590070876686705,28.59186037514275,42.850457571525,514.2054908583,65.55840597108408,0.18111756264872528,0.0012205920798481912,0.00023621196783652797,0.015093130220727108
6,2025-02-15,15.571428571428571,0.10493936705116827,0.02030812324929973,2.2978984360315446,28.581390784267533,42.850457571525,514.2054908583,65.55840597108408,0.18111756264872528,0.0012205920798481914,0.00023621196783652797,0.015093130220727105
6,2025-02-16,13.714285714285714,0.11820467317361724,0.02030812324929973,2.3285256282053006,28.556410930898604,42.850457571525,514.2054908583,65.27473250169633,0.1595163854520883,0.0013748862026813121,0.00023621196783652797,0.013293032121007358
6,2025-02-17,12.428571428571429,0.10578231292517003,0.040716286514605855,2.319551415379131,28.535281413019103,42.850457571525,514.2054908583,65.63409363745498,0.14456172431595501,0.0012303967231051453,0.00047358754142594507,0.012046810359662919
6,2025-02-18,11.714285714285714,0.07517006802721084,0.040716286514605855,2.3298998360643712,28.591536091154524,42.850457571525,514.2054908583,65.37559023609444,0.1362535792403254,0.0008743333627210197,0.00047358754142594507,0.011354464936693785
6,2025-02-19,12.142857142857142,0.08815708101422383,0.040716286514605855,2.3375102184445082,28.55198097034861,42.850457571525,514.2054908583,65.1418240023282,0.1412384662857032,0.001025390545914285,0.00047358754142594507,0.011769872190475265
6,2025-02-20,12.0,0.09708565244279528,0.06802721088435375,2.3290286048871667,28.551082737346416,42.850457571525,514.2054908583,65.12711811997526,0.13957683727057726,0.0011292423593596552,0.000791251911964724,0.01163140310588144
6,2025-02-21,12.0,0.08518089053803336,0.056122448979591844,2.309216085143924,28.525147686581185,42.850457571525,514.2054908583,65.29378478664192,0.13957683727057726,0.0009907732747658285,0.0006527828273708974,0.01163140310588144
6,2025-02-22,11.571428571428571,0.06613327149041433,0.056122448979591844,2.2986815727476566,28.51047849966622,42.850457571525,514.2054908583,65.63188002473717,0.1345919502251995,0.0007692227394157059,0.0006527828273708974,0.011215995852099961
6,2025-02-23,12.285714285714286,0.08143939393939391,0.056122448979591844,2.2843196728412507,28.545639616839463,42.850457571525,514.2054908583,66.17269635126777,0.1429000953008291,0.0009472544196077687,0.0006527828273708974,0.011908341275069092
6,2025-02-24,12.857142857142858,0.08143939393939391,0.04365079365079366,2.306776338142387,28.601208371565452,42.850457571525,514.2054908583,65.8575036075036,0.1495466113613328,0.0009472544196077687,0.0005077199768440311,0.0124622176134444
6,2025-02-25,13.571428571428571,0.08143939393939391,0.05385487528344673,2.3018069483033003,28.574475882937072,42.850457571525,514.2054908583,65.72825190682333,0.1578547564369624,0.0009472544196077687,0.0006264077636387397,0.013154563036413533
6,2025-02-26,14.285714285714286,0.07738095238095234,0.07171201814058958,2.3776827020443703,28.578484235431088,42.850457571525,514.2054908583,65.58701814058956,0.166162901512592,0.0009000490498598733,0.0008341113905294798,0.013846908459382665
6,2025-02-27,13.571428571428571,0.08143939393939391,0.061971758400329834,2.355420388676955,28.57648032977575,42.850457571525,514.2054908583,65.96688827045969,0.1578547564369624,0.0009472544196077687,0.0007208185031345306,0.013154563036413533
6,2025-02-28,14.142857142857142,0.06655844155844153,0.061971758400329834,2.3549010184274084,28.65617284625422,42.850457571525,514.2054908583,65.55022160379303,0.16450127249746607,0.0007741680638654855,0.0007208185031345306,0.01370843937478884
6,2025-03-01,13.857142857142858,0.06655844155844153,0.061971758400329834,2.332002072405558,28.681681739624633,42.850457571525,514.2054908583,65.5264120799835,0.16117801446721422,0.0007741680638654855,0.0007208185031345306,0.013431501205601186
6,2025-03-02,14.285714285714286,0.030844155844155816,0.07149556792413936,2.4056200484164756,28.727072069750147,42.850457571525,514.2054908583,64.95022160379304,0.166162901512592,0.00035876081008400553,0.0008315937708095919,0.013846908459382665
6,2025-03-03,13.714285714285714,0.05125231910946194,0.08396722325293755,2.4308867232943974,28.67539877160252,42.850457571525,514.2054908583,64.9388837353123,0.1595163854520883,0.0005961363836734226,0.000976656621336458,0.013293032121007358
6,2025-03-04,13.714285714285714,0.08186456400742112,0.09417130488559063,2.4925177080464245,28.719558229260834,42.850457571525,514.2054908583,64.73480210265924,0.1595163854520883,0.0009521997440575482,0.0010953444081311665,0.013293032121007358
6,2025-03-05,14.714285714285714,0.07293599257884968,0.08252534215267136,2.4318001278434607,28.721126394927502,42.850457571525,514.2054908583,65.18433626414993,0.17114778855796975,0.0008483479306121783,0.00095988552102851,0.014262315713164147
6,2025-03-06,15.714285714285714,0.06788548752834464,0.05655131617864538,2.424993269205602,28.713051932837846,42.850457571525,514.2054908583,65.21319629300996,0.18277919166385118,0.0007896034704814638,0.0006577711546419792,0.015231599305320932
6,2025-03-07,15.714285714285714,0.07681405895691606,0.0654798876072168,2.416405468682477,28.673633025316935,42.850457571525,514.2054908583,65.78462486443853,0.1827791916638512,0.0008934552839268339,0.0007616229680873491,0.015231599305320932
6,2025-03-08,15.571428571428571,0.09268707482993192,0.09722591935324855,2.5343918004506567,28.729274709109326,42.850457571525,514.2054908583,65.3560534358671,0.18111756264872528,0.0010780807300519361,0.0011308738603375535,0.015093130220727105
6,2025-03-09,14.714285714285714,0.14030612244897955,0.1035751257024549,2.485468566800493,28.660471432834843,42.850457571525,514.2054908583,65.49573597554964,0.17114778855796975,0.0016319570684272427,0.0012047240387875943,0.014262315713164145
6,2025-03-10,14.0,0.11989795918367344,0.09903997831016464,2.4680011665317756,28.69608080107534,42.850457571525,514.2054908583,65.31659765355417,0.16283964348234012,0.0013945814948378257,0.0011519739113232794,0.013569970290195011
6,2025-03-11,13.857142857142858,0.11126373626373623,0.10060983702288051,2.423065199479009,28.652957887643748,42.850457571525,514.2054908583,65.77813611509264,0.16117801446721428,0.0012941533675499951,0.0011702335708301576,0.013431501205601186
6,2025-03-12,11.857142857142858,0.11126373626373623,0.09439865689865691,2.4196033741552867,28.625040927941246,42.850457571525,514.2054908583,65.51312576312576,0.13791520825545137,0.0012941533675499951,0.0010979888310420744,0.011492934021287612
6,2025-03-13,11.142857142857142,0.11431623931623928,0.09439865689865691,2.4107238895948777,28.622124875302223,42.850457571525,514.2054908583,65.00274725274726,0.12960706317982176,0.001329658261035592,0.0010979888310420744,0.01080058859831848
6,2025-03-14,11.428571428571429,0.10439560439560436,0.09340659340659342,2.428349076600487,28.630237673474955,42.850457571525,514.2054908583,64.71306471306471,0.13293032121007362,0.001214267357207403,0.0010864497406592555,0.011077526767506132
6,2025-03-15,12.285714285714286,0.09804639804639802,0.08070818070818073,2.4515536412876524,28.671823671475885,42.850457571525,514.2054908583,64.35115995115996,0.14290009530082912,0.0011404171787573621,0.0009387493837591736,0.011908341275069094
6,2025-03-16,12.714285714285714,0.08614163614163613,0.08864468864468865,2.453556858538062,28.68846157512595,42.850457571525,514.2054908583,64.71623931623932,0.1478849823462069,0.0010019480941635356,0.0010310621068217248,0.012323748528850573
6,2025-03-17,13.857142857142858,0.10294835883071174,0.0811750341162106,2.440416438299326,28.645901379581037,42.850457571525,514.2054908583,65.04303670186023,0.16117801446721422,0.0011974338606489377,0.0009441795439393238,0.013431501205601187
6,2025-03-18,14.428571428571429,0.08097033685268976,0.08440709617180207,2.448027971026872,28.700014770709267,42.850457571525,514.2054908583,64.60670832435538,0.16782453052771792,0.0009417986275526424,0.0009817729605711316,0.013985377543976493
6,2025-03-19,14.571428571428571,0.10954176542411834,0.08440709617180207,2.4308916780742,28.699005147402836,42.850457571525,514.2054908583,64.62575594340301,0.16948615954284382,0.0012741244305778264,0.0009817729605711316,0.01412384662857032
6,2025-03-20,13.857142857142858,0.09855275443510735,0.12012138188608779,2.533414938343643,28.79216328371108,42.850457571525,514.2054908583,64.47740429505136,0.16117801446721422,0.0011463068140296787,0.0013971802143526117,0.013431501205601186
6,2025-03-21,13.571428571428571,0.09954481792717085,0.12111344537815127,2.5434219143515397,28.80545789082044,42.850457571525,514.2054908583,64.51708683473389,0.15785475643696237,0.0011578459044124976,0.0014087193047354308,0.013154563036413533
6,2025-03-22,13.571428571428571,0.10906862745098037,0.10206582633053222,2.432670784969248,28.655583860815465,42.850457571525,514.2054908583,65.26946778711485,0.15785475643696237,0.0012686211720875588,0.001187168769385308,0.013154563036413531
6,2025-03-23,13.571428571428571,0.08525910364145654,0.07825630252100842,2.3884688900585926,28.586522000923775,42.850457571525,514.2054908583,65.24565826330532,0.1578547564369624,0.0009916830028999055,0.0009102306001976546,0.013154563036413533
6,2025-03-24,13.0,0.0904304029304029,0.09183096315449259,2.4296129365467616,28.605155817146493,42.850457571525,514.2054908583,64.96770092652446,0.15120824037645872,0.0010518324695107987,0.001068122950051249,0.012600686698038224
6,2025-03-25,12.0,0.10471611721611719,0.06662087912087913,2.41178122835426,28.55258601227514,42.850457571525,514.2054908583,65.68534798534799,0.1395768372705773,0.0012179953710233905,0.0007748943003231455,0.011631403105881441
6,2025-03-26,12.0,0.07614468864468861,0.08090659340659342,2.4282174180521916,28.57342513573631,42.850457571525,514.2054908583,65.9996336996337,0.13957683727057726,0.0008856695679982067,0.0009410572018357375,0.01163140310588144
6,2025-03-27,13.285714285714286,0.10135477267830205,0.06199903038138334,2.3767380705471157,28.490310893443127,42.850457571525,514.2054908583,66.44921353156647,0.15453149840671054,0.0011788982177263103,0.0007211357145396598,0.012877624867225879
6,2025-03-28,12.714285714285714,0.10433096315449253,0.053070458952811914,2.4149388710334265,28.506899993065964,42.850457571525,514.2054908583,66.30635638870933,0.14788498234620687,0.001213515488874767,0.0006172839010942898,0.012323748528850572
6,2025-03-29,12.857142857142858,0.10314048696401634,0.0798561732385262,2.5098425729911997,28.62765589823064,42.850457571525,514.2054908583,65.54088019823314,0.1495466113613328,0.0011996685804153845,0.0009288393414303998,0.0124622176134444
6,2025-03-30,13.571428571428571,0.10804244774833006,0.0798561732385262,2.56345825945177,28.712308929388968,42.850457571525,514.2054908583,65.38821913380737,0.1578547564369624,0.0012566852623069598,0.0009288393414303998,0.013154563036413533
6,2025-03-31,14.0,0.08606442577030811,0.05787815126050422,2.4778848442483556,28.682400041974535,42.850457571525,514.2054908583,65.51596638655462,0.16283964348234012,0.0010010500292106646,0.0006732041083341045,0.013569970290195013
6,2025-04-01,15.571428571428571,0.08538415366146455,0.06468087234893959,2.4456839098234893,28.69637290442497,42.850457571525,514.2054908583,65.13365346138455,0.18111756264872528,0.0009931375100910172,0.0007523292995305769,0.015093130220727105
6,2025-04-02,16.142857142857142,0.09558823529411761,0.07080332132853143,2.4951837522176414,28.695179587323366,42.850457571525,514.2054908583,64.80712284913965,0.18776407870922893,0.001111825296885726,0.000823541971607402,0.01564700655910241
6,2025-04-03,16.285714285714285,0.07037815126050416,0.08574263038548754,2.4684217081194744,28.72254728349919,42.850457571525,514.2054908583,64.60357476323863,0.18942570772435488,0.0008185966471576223,0.000997307097372204,0.01578547564369624
6,2025-04-04,16.857142857142858,0.07633053221288512,0.08574263038548754,2.439694871842917,28.727963003027327,42.850457571525,514.2054908583,64.38928904895292,0.19607222378485853,0.0008878311894545356,0.000997307097372204,0.016339351982071544
6,2025-04-05,15.714285714285714,0.05847338935574226,0.05895691609977326,2.422616732730114,28.70992699249299,42.850457571525,514.2054908583,64.47857476323863,0.1827791916638512,0.0006801275625637956,0.000685751657036094,0.015231599305320932
6,2025-04-06,14.857142857142858,0.05465367965367962,0.05895691609977326,2.3691118126425192,28.671957786659465,42.850457571525,514.2054908583,64.20049989692846,0.17280941757309565,0.0006356989792716589,0.000685751657036094,0.01440078479775797
6,2025-04-07,14.428571428571429,0.08762071262071258,0.06994592708878425,2.424629954977129,28.71067054857371,42.850457571525,514.2054908583,64.20462077604934,0.16782453052771792,0.0010191518289161018,0.0008135692735842416,0.013985377543976493
6,2025-04-08,13.285714285714286,0.07401527044384183,0.07413221698935987,2.385814005654588,28.668452070540955,42.850457571525,514.2054908583,64.4704501847359,0.15453149840671054,0.0008609014465231572,0.0008622616989359171,0.01287762486722588
6,2025-04-09,13.571428571428571,0.06381118881118877,0.08050976800976803,2.3171490095770113,28.674122866071603,42.850457571525,514.2054908583,64.7344807969808,0.1578547564369624,0.0007422136597284484,0.0009364415656826098,0.013154563036413533
6,2025-04-10,12.571428571428571,0.06381118881118877,0.04876373626373628,2.233417166107679,28.573010046974264,42.850457571525,514.2054908583,65.55987762237763,0.14622335333108097,0.0007422136597284484,0.0005671906734324055,0.012185279444256746
6,2025-04-11,12.285714285714286,0.05615812758669898,0.04876373626373628,2.2021688189524604,28.54008524178841,42.850457571525,514.2054908583,66.1313061938062,0.14290009530082912,0.0006531978196324171,0.0005671906734324055,0.011908341275069094
6,2025-04-12,12.857142857142858,0.05615812758669898,0.04876373626373628,2.1814254390882044,28.524067080625976,42.850457571525,514.2054908583,66.3455919080919,0.1495466113613328,0.0006531978196324171,0.0005671906734324055,0.0124622176134444
6,2025-04-13,12.571428571428571,0.07491714634571775,0.04876373626373628,2.1917105940920836,28.55940353739595,42.850457571525,514.2054908583,66.30807387057386,0.14622335333108097,0.0008713915286893561,0.0005671906734324055,0.012185279444256748
6,2025-04-14,12.571428571428571,0.06392813535670674,0.03777472527472529,2.1838626972934163,28.52660998732472,42.850457571525,514.2054908583,66.17620573870573,0.14622335333108097,0.0007435739121412084,0.00043937305688425773,0.012185279444256746
6,2025-04-15,12.142857142857142,0.06392813535670674,0.0267857142857143,2.2529910294203956,28.52901793520852,42.850457571525,514.2054908583,65.69268925518926,0.1412384662857032,0.0007435739121412084,0.00031155544033611,0.011769872190475265
6,2025-04-16,12.0,0.07345194488051628,0.019047619047619063,2.341555479782689,28.595097023157898,42.850457571525,514.2054908583,64.92661782661783,0.13957683727057726,0.0008543491798162696,0.00022155053535012273,0.01163140310588144
6,2025-04-17,12.428571428571429,0.07345194488051628,0.029251700680272125,2.3817870317835146,28.67436735124857,42.850457571525,514.2054908583,64.4776382347811,0.14456172431595501,0.0008543491798162696,0.0003402383221448313,0.012046810359662919
6,2025-04-18,12.571428571428571,0.06324786324786322,0.029251700680272125,2.432364452226473,28.71961612181666,42.850457571525,514.2054908583,64.11573347287633,0.14622335333108097,0.0007356613930215611,0.0003402383221448313,0.012185279444256746
6,2025-04-19,12.285714285714286,0.09181929181929178,0.057823129251700696,2.381971939801468,28.694757426031078,42.850457571525,514.2054908583,64.41573347287633,0.14290009530082912,0.0010679871960467453,0.0006725641251700153,0.011908341275069092
6,2025-04-20,13.714285714285714,0.06759205706574124,0.07286072323666311,2.3984063708115437,28.62797236540288,42.850457571525,514.2054908583,64.97546613787215,0.1595163854520883,0.0007861904624873786,0.000847472442551691,0.013293032121007357
6,2025-04-21,14.142857142857142,0.06347117794486212,0.10857500895094882,2.4197266509413375,28.679564258265014,42.850457571525,514.2054908583,65.12107053347655,0.16450127249746607,0.000738258856281823,0.0012628796963331712,0.013708439374788838
6,2025-04-22,14.428571428571429,0.06347117794486212,0.13238453276047263,2.3414124365876128,28.68988509043507,42.850457571525,514.2054908583,65.38297529538131,0.1678245305277179,0.000738258856281823,0.0015398178655208242,0.013985377543976493
6,2025-04-23,13.857142857142858,0.0539473684210526,0.12632392669986656,2.244848488574513,28.596688757881022,42.850457571525,514.2054908583,66.17258568499169,0.1611780144672142,0.0006274835886067619,0.0014693245133639672,0.013431501205601186
6,2025-04-24,13.428571428571429,0.07992139439507857,0.1161198450672135,2.232223104770141,28.57424126273856,42.850457571525,514.2054908583,66.25792891319207,0.15619312742183647,0.0009295979549932928,0.0013506367265692586,0.013016093951819704
6,2025-04-25,13.428571428571429,0.07992139439507857,0.1161198450672135,2.134310481689799,28.518916964891673,42.850457571525,514.2054908583,66.61030986557303,0.15619312742183647,0.0009295979549932928,0.0013506367265692586,0.013016093951819704
6,2025-04-26,15.857142857142858,0.06193197640566058,0.1087124376598061,2.150005541762666,28.514661241427735,42.850457571525,514.2054908583,66.50872256398573,0.1844408206789771,0.0007203557827181768,0.0012644781850442107,0.015370068389914757
6,2025-04-27,14.857142857142858,0.05441317941317938,0.1174843674843675,2.303055864382162,28.75561939684329,42.850457571525,514.2054908583,65.22676767676766,0.17280941757309567,0.000632901624027339,0.0013665080368501885,0.014400784797757972
6,2025-04-28,15.571428571428571,0.05016147873290727,0.08857280285851717,2.246127296411459,28.71792106592385,42.850457571525,514.2054908583,65.5175840032983,0.18111756264872528,0.0005834483795295437,0.0010302259742651807,0.015093130220727105
6,2025-04-29,15.428571428571429,0.06314849171992025,0.06476327904899336,2.194838059998328,28.65561167492631,42.850457571525,514.2054908583,65.98295196866626,0.17945593363359932,0.0007345055627228092,0.0007532878050775275,0.01495466113613328
6,2025-04-30,15.857142857142858,0.07335257335257331,0.07218442932728648,2.224417024755959,28.740770565307475,42.850457571525,514.2054908583,65.55252525252526,0.1844408206789771,0.0008531933495175177,0.0008396061954736792,0.015370068389914757
6,2025-05-01,16.142857142857142,0.06935656935656932,0.07218442932728648,2.232530983954092,28.780361428887932,42.850457571525,514.2054908583,65.32275502275502,0.18776407870922895,0.0008067142162272823,0.0008396061954736791,0.015647006559102415
6,2025-05-02,15.714285714285714,0.08126133126133124,0.09599395313681029,2.324658689373822,28.835736301260123,42.850457571525,514.2054908583,65.07037407037407,0.1827791916638512,0.000945183300821109,0.0011165443646613325,0.015231599305320932
6,2025-05-03,13.142857142857142,0.08655233655233652,0.090702947845805,2.2837230780340776,28.84737055353392,42.850457571525,514.2054908583,64.84815184815184,0.15286986939158465,0.001006725116196143,0.0010550025492862985,0.012739155782632055
6,2025-05-04,12.571428571428571,0.12226662226662223,0.0668934240362812,2.118993568864784,28.59371990179142,42.850457571525,514.2054908583,65.91958041958041,0.14622335333108097,0.001422132369977623,0.0007780643800986451,0.012185279444256748
6,2025-05-05,11.714285714285714,0.11818498961356101,0.06009070294784581,2.102613936592593,28.62245954391297,42.850457571525,514.2054908583,66.12638314066885,0.13625357924032544,0.0013746572552597394,0.0006989391889021728,0.011354464936693785
6,2025-05-06,11.428571428571429,0.12107099249956389,0.06009070294784581,2.172712820825182,28.70977477155976,42.850457571525,514.2054908583,65.4626024768882,0.1329303212100736,0.0014082255181915766,0.0006989391889021728,0.011077526767506132
6,2025-05-07,11.571428571428571,0.12039072039072037,0.0396825396825397,2.1763510855948724,28.643178678547745,42.850457571525,514.2054908583,65.84627594627594,0.1345919502251995,0.0014003129990719288,0.0004615636153127556,0.011215995852099961
6,2025-05-08,11.428571428571429,0.11031746031746027,0.0396825396825397,2.205673071393517,28.641734748253636,42.850457571525,514.2054908583,65.82063492063493,0.1329303212100736,0.0012831468505694603,0.0004615636153127556,0.011077526767506132
6,2025-05-09,11.428571428571429,0.09841269841269837,0.01587301587301589,2.1712019343876996,28.54833694036001,42.850457571525,514.2054908583,66.03492063492064,0.1329303212100736,0.0011446777659756336,0.0001846254461251023,0.011077526767506132
7,2025-01-01,7.714285714285714,0.05520669806384095,0.0680272108843538,1.7230060577664246,25.323813313522,44.44293571435714,311.1005500005,88.06449502878074,0.08029223581116665,0.0005746052691682325,0.0007080444075058787,0.011470319401595238
7,2025-01-02,7.285714285714286,0.055206698063840945,0.0680272108843538,1.6160747949025212,25.15933266184049,44.44293571435714,311.1005500005,89.31449502878074,0.07583155604387962,0.0005746052691682325,0.0007080444075058787,0.010833079434839948
7,2025-01-03,7.571428571428571,0.08377812663526951,0.020408163265306183,1.8318875847432936,25.300935035419986,44.44293571435714,311.1005500005,87.48592360020932,0.0788053425554043,0.0008719839203207016,0.0002124133222517635,0.011257906079343476
7,2025-01-04,8.0,0.09194139194139198,0.03469387755102047,1.8921458587586877,25.382074181907097,44.44293571435714,311.1005500005,86.80837257980116,0.08326602232269134,0.0009569492492214071,0.00036110264782799803,0.011895146046098764
7,2025-01-05,7.857142857142857,0.06813186813186817,0.03469387755102047,1.831467043138024,25.18777049014117,44.44293571435714,311.1005500005,86.76075353218211,0.081779129066929,0.0007091337065943495,0.00036110264782799803,0.011682732723847003
7,2025-01-06,7.142857142857143,0.06813186813186817,0.03469387755102047,1.8296161606027563,25.063297439888153,44.44293571435714,311.1005500005,86.61789638932497,0.07434466278811727,0.0007091337065943495,0.00036110264782799803,0.010620666112588184
7,2025-01-07,6.571428571428571,0.06813186813186817,0.06190476190476197,1.8039987443811134,24.898861602035726,44.44293571435714,311.1005500005,87.2029304029304,0.06839708976506789,0.0007091337065943495,0.0006443204108303498,0.00977101282358113
7,2025-01-08,5.428571428571429,0.057142857142857176,0.09047619047619053,1.825311251207712,24.76169258595556,44.44293571435714,311.1005500005,87.0952380952381,0.05650194371896912,0.0005947573023049384,0.0009416990619828188,0.00807170624556702
7,2025-01-09,5.571428571428571,0.057142857142857176,0.09047619047619053,1.908818855975513,24.94821338328347,44.44293571435714,311.1005500005,86.5,0.05798883697473147,0.0005947573023049384,0.0009416990619828188,0.008284119567818783
7,2025-01-10,7.285714285714286,0.03697478991596642,0.09887955182072836,1.8260667160970265,24.811842035429436,44.44293571435714,311.1005500005,87.80756302521009,0.07583155604387962,0.0003848429603149601,0.0010291633711453096,0.010833079434839948
7,2025-01-11,6.285714285714286,0.008403361344537846,0.08459383753501407,1.7411263084360082,24.75480382446548,44.44293571435714,311.1005500005,88.65518207282913,0.0654233032535432,8.746430916249097e-05,0.0008804740455690751,0.009346186179077601
7,2025-01-12,7.285714285714286,0.020308123249299752,0.09649859943977598,1.7523430543454241,24.827238587121826,44.44293571435714,311.1005500005,88.25042016806722,0.07583155604387962,0.00021137208047601976,0.0010043818168826038,0.010833079434839948
7,2025-01-13,7.714285714285714,0.03816526610644261,0.09649859943977598,1.803378652630417,24.933073015691996,44.44293571435714,311.1005500005,87.91113445378151,0.08029223581116665,0.00039723373744631293,0.0010043818168826038,0.01147031940159524
7,2025-01-14,8.428571428571429,0.03816526610644261,0.0667366946778712,1.7529140452077716,24.90674220077936,44.44293571435714,311.1005500005,89.15518207282913,0.08772670208997838,0.00039723373744631293,0.000694612388598782,0.012532386012854056
7,2025-01-15,8.428571428571429,0.03816526610644261,0.03816526610644263,1.7069201487168026,24.98144604066813,44.44293571435714,311.1005500005,89.52661064425772,0.08772670208997838,0.00039723373744631293,0.00039723373744631277,0.012532386012854058
7,2025-01-16,8.142857142857142,0.03816526610644261,0.07387955182072835,1.628346723900313,25.062908018411203,44.44293571435714,311.1005500005,90.19327731092437,0.08475291557845369,0.00039723373744631293,0.0007689570513868991,0.012107559368350531
7,2025-01-17,6.571428571428571,0.02976190476190479,0.06547619047619054,1.6326689573186264,24.909984902635532,44.44293571435714,311.1005500005,90.40476190476191,0.06839708976506789,0.00030976942828382203,0.0006814927422244083,0.00977101282358113
7,2025-01-18,7.142857142857143,0.02976190476190479,0.06547619047619054,1.74602707725648,24.940832320247818,44.44293571435714,311.1005500005,90.33673469387755,0.07434466278811727,0.00030976942828382203,0.0006814927422244083,0.010620666112588186
7,2025-01-19,6.571428571428571,0.03571428571428575,0.0714285714285715,1.7678311222353855,24.90507484873441,44.44293571435714,311.1005500005,90.2593537414966,0.06839708976506789,0.0003717233139405864,0.0007434466278811727,0.00977101282358113
7,2025-01-20,6.428571428571429,0.05867346938775513,0.0714285714285715,1.610239648273409,24.842547098045475,44.44293571435714,311.1005500005,90.51700680272108,0.06691019650930555,0.0006106883014738205,0.0007434466278811727,0.009558599501329364
7,2025-01-21,6.571428571428571,0.074546485260771,0.0694444444444445,1.6030197539384936,24.91512731244628,44.44293571435714,311.1005500005,90.0031179138322,0.06839708976506789,0.0007758986632251922,0.0007227953326622511,0.00977101282358113
7,2025-01-22,6.285714285714286,0.074546485260771,0.0694444444444445,1.6361654568755597,24.780818467111708,44.44293571435714,311.1005500005,88.86026077097506,0.0654233032535432,0.0007758986632251922,0.0007227953326622511,0.009346186179077603
7,2025-01-23,6.857142857142857,0.074546485260771,0.033730158730158784,1.738753519711921,24.762476515566185,44.44293571435714,311.1005500005,87.94954648526077,0.07137087627659258,0.0007758986632251922,0.00035107201872166475,0.010195839468084656
7,2025-01-24,7.142857142857143,0.074546485260771,0.05158730158730164,1.7320133655799754,24.943426783564178,44.44293571435714,311.1005500005,88.20549886621315,0.07434466278811727,0.0007758986632251922,0.000536933675691958,0.010620666112588184
7,2025-01-25,6.571428571428571,0.074546485260771,0.05158730158730164,1.5488343713068191,24.96757962880678,44.44293571435714,311.1005500005,88.03543083900227,0.06839708976506789,0.0007758986632251922,0.000536933675691958,0.009771012823581128
7,2025-01-26,6.714285714285714,0.08843537414965989,0.049603174603174656,1.5424286777867697,24.933997486900626,44.44293571435714,311.1005500005,88.40646258503402,0.06988398302083024,0.0009204577297576424,0.0005162823804730365,0.009983426145832893
7,2025-01-27,7.714285714285714,0.04761904761904765,0.049603174603174656,1.6630867462920844,24.987468475288146,44.44293571435714,311.1005500005,88.14115646258504,0.08029223581116665,0.0004956310852541151,0.0005162823804730365,0.011470319401595238
7,2025-01-28,7.428571428571429,0.03174603174603178,0.05413832199546491,1.7438901454188074,25.000602096543133,44.44293571435714,311.1005500005,88.54024943310658,0.07731844929964196,0.0003304207235027435,0.0005634853409734283,0.011045492757091711
7,2025-01-29,9.142857142857142,0.0412698412698413,0.06366213151927443,1.6818002101404748,25.00620642574481,44.44293571435714,311.1005500005,89.65453514739228,0.0951611683687901,0.00042954694055356656,0.0006626115580242514,0.013594452624112876
7,2025-01-30,8.857142857142858,0.08888888888888892,0.11128117913832204,1.6734712440759012,24.976442370176134,44.44293571435714,311.1005500005,90.01763038548754,0.09218738185726542,0.0009251780258076816,0.0011582426432783666,0.013169625979609348
7,2025-01-31,9.0,0.10476190476190479,0.09342403628117919,1.5872804044788285,24.843243537016065,44.44293571435714,311.1005500005,90.46802721088434,0.09367427511302776,0.0010903883875590533,0.0009723809863080735,0.013382039301861109
7,2025-02-01,9.714285714285714,0.12261904761904764,0.09342403628117919,1.666824058177496,24.785341025192846,44.44293571435714,311.1005500005,89.90850340136055,0.10110874139183948,0.0012762500445293466,0.0009723809863080735,0.014444105913119929
7,2025-02-02,9.428571428571429,0.13168934240362815,0.07755102040816331,1.6173118413522798,24.854427803074703,44.44293571435714,311.1005500005,89.99920634920635,0.09813495488031479,0.0013706559655301304,0.0008071706245567017,0.014019279268616403
7,2025-02-03,8.142857142857142,0.16026077097505673,0.07755102040816331,1.6256281377503201,24.92139103475414,44.44293571435714,311.1005500005,90.4890022675737,0.08475291557845369,0.0016680346166825996,0.0008071706245567017,0.012107559368350531
7,2025-02-04,7.857142857142857,0.18883219954648528,0.0571428571428572,1.5619695490080436,24.955252012634325,44.44293571435714,311.1005500005,90.55022675736961,0.081779129066929,0.001965413267835069,0.0005947573023049381,0.011682732723847001
7,2025-02-05,6.428571428571429,0.17930839002267576,0.07619047619047624,1.6151077137739551,24.970108331658874,44.44293571435714,311.1005500005,90.06451247165533,0.06691019650930555,0.0018662870507842456,0.0007930097364065842,0.009558599501329366
7,2025-02-06,6.142857142857143,0.13168934240362815,0.02857142857142863,1.534252042039731,24.96928996947528,44.44293571435714,311.1005500005,90.43356009070294,0.06393640999778086,0.0013706559655301304,0.00029737865115246896,0.009133772856825836
7,2025-02-07,6.428571428571429,0.11581632653061227,0.02857142857142863,1.6574857822827365,25.098877994115746,44.44293571435714,311.1005500005,89.89387755102041,0.06691019650930553,0.0012054456037787586,0.00029737865115246896,0.009558599501329366
7,2025-02-08,6.142857142857143,0.12176870748299322,0.02857142857142863,1.7264171733087323,25.135424113964785,44.44293571435714,311.1005500005,90.69149659863946,0.06393640999778086,0.0012673994894355234,0.00029737865115246896,0.00913377285682584
7,2025-02-09,6.714285714285714,0.10692640692640697,0.04155844155844162,1.7317836452217998,25.063655446916755,44.44293571435714,311.1005500005,90.73787878787878,0.06988398302083024,0.0011129170732524225,0.0004325507653126822,0.009983426145832894
7,2025-02-10,7.714285714285714,0.0783549783549784,0.04155844155844162,1.6950016824012388,24.977935130047147,44.44293571435714,311.1005500005,90.78549783549784,0.08029223581116665,0.0008155384220999533,0.0004325507653126822,0.01147031940159524
7,2025-02-11,8.0,0.07019171304885594,0.04155844155844162,1.7093203786734,24.97754164915397,44.44293571435714,311.1005500005,90.15284477427335,0.08326602232269134,0.0007305730931992478,0.0004325507653126822,0.011895146046098768
7,2025-02-12,8.0,0.09876314162028452,0.04155844155844162,1.6842116551633068,24.95762457663623,44.44293571435714,311.1005500005,90.0099876314162,0.08326602232269135,0.0010279517443517168,0.0004325507653126822,0.011895146046098764
7,2025-02-13,8.571428571428571,0.11662028447742737,0.04155844155844162,1.6735181338185232,24.961014701823007,44.44293571435714,311.1005500005,89.68855905998763,0.08921359534574073,0.00121381340132201,0.0004325507653126822,0.012744799335105821
7,2025-02-14,7.714285714285714,0.11662028447742737,0.04155844155844162,1.5779845986679575,24.9643855719872,44.44293571435714,311.1005500005,89.97427334570192,0.08029223581116665,0.00121381340132201,0.0004325507653126822,0.011470319401595238
7,2025-02-15,7.714285714285714,0.11662028447742737,0.06536796536796542,1.4753220452537155,24.90838353359327,44.44293571435714,311.1005500005,89.61713048855906,0.08029223581116665,0.0012138134013220101,0.0006803663079397397,0.01147031940159524
7,2025-02-16,7.142857142857143,0.1110544217687075,0.05238095238095243,1.5950781951635808,24.98828086368949,44.44293571435714,311.1005500005,89.10136054421768,0.07434466278811727,0.0011558824952533472,0.0005451941937795266,0.010620666112588184
7,2025-02-17,6.0,0.1110544217687075,0.05238095238095243,1.5180555656827885,24.951272874418482,44.44293571435714,311.1005500005,88.80374149659863,0.062449516742018506,0.0011558824952533472,0.0005451941937795266,0.008921359534574074
7,2025-02-18,6.142857142857143,0.09064625850340138,0.08809523809523814,1.4754519971110904,24.912397217183333,44.44293571435714,311.1005500005,88.04353741496598,0.06393640999778086,0.0009434691730015836,0.000916917507720113,0.00913377285682584
7,2025-02-19,6.714285714285714,0.09382086167800455,0.05952380952380958,1.4667458394264106,24.983882341276587,44.44293571435714,311.1005500005,88.44671201814059,0.06988398302083024,0.0009765112453518579,0.0006195388565676437,0.009983426145832893
7,2025-02-20,6.0,0.0759637188208617,0.05952380952380958,1.5042092688479674,24.98150982142816,44.44293571435714,311.1005500005,89.06575963718821,0.062449516742018506,0.0007906495883815648,0.0006195388565676437,0.008921359534574074
7,2025-02-21,5.714285714285714,0.0759637188208617,0.05952380952380958,1.4819677963893667,25.02194378884438,44.44293571435714,311.1005500005,88.92290249433107,0.059475730230493816,0.0007906495883815648,0.0006195388565676437,0.008496532890070546
7,2025-02-22,5.857142857142857,0.11337868480725626,0.05612244897959189,1.5732904891571238,25.114636156375575,44.44293571435714,311.1005500005,89.3140589569161,0.060962623486256154,0.001180074012509798,0.0005841366361923497,0.008708946212322311
7,2025-02-23,5.428571428571429,0.09297052154195014,0.09183673469387761,1.5606325164838373,25.15944194936696,44.44293571435714,311.1005500005,88.9109977324263,0.056501943718969126,0.0009676606902580344,0.0009558599501329363,0.00807170624556702
7,2025-02-24,5.714285714285714,0.11678004535147393,0.09183673469387761,1.7147592155593743,25.35698898346032,44.44293571435714,311.1005500005,88.8514739229025,0.059475730230493816,0.001215476232885092,0.0009558599501329363,0.008496532890070546
7,2025-02-25,6.142857142857143,0.11678004535147395,0.05612244897959189,1.749488620785962,25.37912479589841,44.44293571435714,311.1005500005,89.9975778190064,0.06393640999778086,0.001215476232885092,0.0005841366361923497,0.009133772856825836
7,2025-02-26,6.142857142857143,0.08503401360544219,0.05612244897959189,1.7865002669257073,25.344036308564576,44.44293571435714,311.1005500005,90.07694289837147,0.06393640999778086,0.0008850555093823486,0.0005841366361923497,0.009133772856825836
7,2025-02-27,6.714285714285714,0.08503401360544219,0.05612244897959189,1.806677105930946,25.27404655477456,44.44293571435714,311.1005500005,90.21299732014018,0.06988398302083024,0.0008850555093823486,0.0005841366361923497,0.009983426145832893
7,2025-02-28,7.857142857142857,0.08503401360544219,0.06910946196660488,1.8360495640017078,25.183638308987344,44.44293571435714,311.1005500005,90.5376726448155,0.081779129066929,0.0008850555093823486,0.0007193087503525631,0.011682732723847003
7,2025-03-01,8.0,0.02380952380952384,0.04870129870129875,1.8869165260180516,25.110651052648098,44.44293571435714,311.1005500005,90.06318284889713,0.08326602232269134,0.00024781554262705773,0.0005068954281007994,0.011895146046098764
7,2025-03-02,9.0,0.03679653679653683,0.012987012987013043,1.8491515067782966,25.10385625122783,44.44293571435714,311.1005500005,90.683312719027,0.09367427511302776,0.00038298765678727094,0.0001351721141602131,0.013382039301861113
7,2025-03-03,9.285714285714286,0.030844155844155875,0.012987012987013043,1.7708526844577952,25.007724600874234,44.44293571435714,311.1005500005,90.74283652855081,0.09664806162455244,0.0003210337711305065,0.0001351721141602131,0.01380686594636464
7,2025-03-04,8.571428571428571,0.030844155844155875,0.012987012987013043,1.833211614691352,25.020018526329263,44.44293571435714,311.1005500005,90.34673263244692,0.08921359534574072,0.0003210337711305065,0.0001351721141602131,0.012744799335105821
7,2025-03-05,8.857142857142858,0.06980519480519484,0.012987012987013043,1.7783903623170805,25.03407697635719,44.44293571435714,311.1005500005,90.26159554730985,0.09218738185726541,0.0007265501136111462,0.0001351721141602131,0.013169625979609348
7,2025-03-06,8.428571428571429,0.06980519480519484,0.012987012987013043,1.7115137313270783,25.075383905419837,44.44293571435714,311.1005500005,90.18506493506493,0.08772670208997839,0.0007265501136111462,0.0001351721141602131,0.012532386012854058
7,2025-03-07,8.571428571428571,0.06980519480519484,0.023809523809523864,1.7592190656973439,25.05840497716838,44.44293571435714,311.1005500005,90.21753246753246,0.08921359534574072,0.0007265501136111462,0.00024781554262705746,0.012744799335105821
7,2025-03-08,8.714285714285714,0.06980519480519484,0.023809523809523864,1.6970118145834234,25.09861932616987,44.44293571435714,311.1005500005,90.21356421356423,0.09070048860150307,0.0007265501136111462,0.00024781554262705746,0.012957212657357584
7,2025-03-09,8.857142857142858,0.056818181818181844,0.07142857142857148,1.6865010593801593,25.116330156513158,44.44293571435714,311.1005500005,89.96248196248197,0.09218738185726542,0.000591377999450933,0.0007434466278811727,0.013169625979609348
7,2025-03-10,8.142857142857142,0.03896103896103899,0.0714285714285715,1.6459664247724033,25.00709367508647,44.44293571435714,311.1005500005,90.26010101010101,0.08475291557845369,0.0004055163424806398,0.0007434466278811727,0.012107559368350531
7,2025-03-11,8.142857142857142,0.0865800865800866,0.0714285714285715,1.562449354523448,24.916845031920758,44.44293571435714,311.1005500005,90.80772005772006,0.0847529155784537,0.0009011474277347551,0.0007434466278811727,0.01210755936835053
7,2025-03-12,7.428571428571429,0.04761904761904765,0.0714285714285715,1.6071728110160055,24.916760365531818,44.44293571435714,311.1005500005,90.59126984126983,0.07731844929964196,0.0004956310852541154,0.0007434466278811727,0.011045492757091711
7,2025-03-13,8.0,0.06547619047619051,0.0714285714285715,1.7123664968935324,24.929446650168213,44.44293571435714,311.1005500005,89.68055555555556,0.08326602232269135,0.0006814927422244085,0.0007434466278811727,0.011895146046098764
7,2025-03-14,7.714285714285714,0.06547619047619051,0.04761904761904768,1.7301399943009166,24.969733143017436,44.44293571435714,311.1005500005,89.68055555555556,0.08029223581116665,0.0006814927422244085,0.000495631085254115,0.011470319401595238
7,2025-03-15,7.285714285714286,0.08928571428571432,0.04761904761904767,1.7899468660579545,25.085385999857774,44.44293571435714,311.1005500005,89.33928571428571,0.07583155604387962,0.0009293082848514662,0.000495631085254115,0.010833079434839948
7,2025-03-16,6.428571428571429,0.08928571428571432,0.0,1.7531556380918147,24.897661754963305,44.44293571435714,311.1005500005,89.125,0.06691019650930555,0.0009293082848514662,0.0,0.009558599501329364
7,2025-03-17,7.285714285714286,0.10515873015873019,0.0,1.813251170474329,24.992874373147327,44.44293571435714,311.1005500005,88.60119047619048,0.07583155604387962,0.001094518646602838,0.0,0.010833079434839948
7,2025-03-18,7.857142857142857,0.07182539682539686,0.028571428571428636,1.8126566311436254,25.06421731373491,44.44293571435714,311.1005500005,87.35357142857143,0.081779129066929,0.0007475768869249572,0.00029737865115246896,0.011682732723847003
7,2025-03-19,8.0,0.07182539682539686,0.04897959183673476,1.7974495243264585,25.153593324865064,44.44293571435714,311.1005500005,87.58486394557823,0.08326602232269135,0.0007475768869249571,0.0005097919734042327,0.011895146046098764
7,2025-03-20,9.142857142857142,0.06289682539682542,0.04897959183673476,1.7500679567229018,25.19529094658467,44.44293571435714,311.1005500005,88.11164965986394,0.0951611683687901,0.0006546460584398105,0.0005097919734042327,0.013594452624112876
7,2025-03-21,9.428571428571429,0.06289682539682542,0.06088435374149666,1.719025869449872,25.215104039923016,44.44293571435714,311.1005500005,87.38545918367348,0.0981349548803148,0.0006546460584398105,0.0006336997447177614,0.014019279268616403
7,2025-03-22,10.142857142857142,0.0650613275613276,0.07387136672850965,1.6934471007728535,25.152120968513856,44.44293571435714,311.1005500005,87.78589208410638,0.10556942115912653,0.0006771747441331796,0.0007688718588779747,0.01508134587987522
7,2025-03-23,10.857142857142858,0.09103535353535357,0.07387136672850965,1.7547674010030916,25.31466747186051,44.44293571435714,311.1005500005,87.95255875077305,0.11300388743793824,0.000947518972453606,0.0007688718588779747,0.01614341249113404
7,2025-03-24,10.857142857142858,0.09103535353535357,0.07387136672850965,1.7785046649218652,25.292903454323216,44.44293571435714,311.1005500005,87.5081143063286,0.11300388743793825,0.000947518972453606,0.0007688718588779747,0.01614341249113404
7,2025-03-25,11.142857142857142,0.11246392496392499,0.045299938157081075,1.7911455978914976,25.338719374435133,44.44293571435714,311.1005500005,87.69620954442382,0.11597767394946294,0.0011705529608179578,0.0004714932077255055,0.016568239135637566
7,2025-03-26,11.142857142857142,0.1328720882292311,0.0657081014223872,1.7418262331443721,25.161263323330385,44.44293571435714,311.1005500005,87.96151566687283,0.11597767394946293,0.0013829662830697213,0.0006839065299772692,0.016568239135637566
7,2025-03-27,9.857142857142858,0.12394351680065967,0.0657081014223872,1.713168545375742,25.112721894817692,44.44293571435714,311.1005500005,88.21789321789322,0.10259563464760184,0.0012900354545845748,0.0006839065299772692,0.014656519235371692
7,2025-03-28,9.285714285714286,0.14180065965780253,0.053803339517625295,1.7083463686388751,25.053541497056646,44.44293571435714,311.1005500005,88.62265512265512,0.09664806162455244,0.0014758971115548679,0.0005599987586637403,0.01380686594636464
7,2025-03-29,9.285714285714286,0.11582663368377658,0.053803339517625295,1.7260261153983498,25.07947417791077,44.44293571435714,311.1005500005,87.76551226551226,0.09664806162455244,0.0012055528832344415,0.0005599987586637403,0.01380686594636464
7,2025-03-30,9.142857142857142,0.10413832199546488,0.06808905380333959,1.7216438458217644,25.0689799972188,44.44293571435714,311.1005500005,87.53694083694084,0.09516116836879011,0.0010838979804902497,0.0007086880842399749,0.013594452624112876
7,2025-03-31,8.285714285714286,0.08826530612244901,0.06808905380333959,1.661906672780505,25.012836252032923,44.44293571435714,311.1005500005,88.5051948051948,0.08623980883421603,0.000918687618738878,0.0007086880842399749,0.012319972690602293
7,2025-04-01,8.857142857142858,0.0525510204081633,0.06808905380333959,1.659573492895629,24.947043820030835,44.44293571435714,311.1005500005,89.195670995671,0.09218738185726541,0.0005469643047982915,0.0007086880842399749,0.013169625979609346
7,2025-04-02,8.857142857142858,0.0525510204081633,0.027272727272727337,1.7116456993618105,25.050934350155444,44.44293571435714,311.1005500005,89.39975262832404,0.09218738185726542,0.0005469643047982915,0.0002838614397364476,0.013169625979609348
7,2025-04-03,9.428571428571429,0.07852504638218927,0.04025974025974033,1.7655386691676616,25.113649985531232,44.44293571435714,311.1005500005,89.08249845392704,0.09813495488031479,0.0008173085331187179,0.0004190335538966608,0.014019279268616403
7,2025-04-04,9.142857142857142,0.08447742733457021,0.04025974025974033,1.7830406649915844,25.13496473781198,44.44293571435714,311.1005500005,88.97535559678418,0.0951611683687901,0.0008792624187754823,0.0004190335538966608,0.013594452624112876
7,2025-04-05,8.714285714285714,0.10233457019171308,0.045129870129870193,1.7955439204295034,25.082184131267606,44.44293571435714,311.1005500005,89.1880179344465,0.09070048860150308,0.0010651240757457755,0.0004697230967067408,0.012957212657357584
7,2025-04-06,8.285714285714286,0.10845701917130492,0.030844155844155906,1.794220564360565,25.073747949486478,44.44293571435714,311.1005500005,89.49822201607915,0.08623980883421603,0.0011288480724213046,0.0003210337711305062,0.012319972690602294
7,2025-04-07,8.428571428571429,0.14417130488559063,0.030844155844155906,1.8761850076442628,25.156636629531302,44.44293571435714,311.1005500005,88.37917439703155,0.08772670208997838,0.001500571386361891,0.0003210337711305062,0.012532386012854058
7,2025-04-08,7.285714285714286,0.17988559059987635,0.048701298701298766,1.8469128620218584,25.19628192297543,44.44293571435714,311.1005500005,88.80774582560298,0.07583155604387962,0.0018722947003024773,0.0005068954281007993,0.01083307943483995
7,2025-04-09,7.142857142857143,0.15947742733457024,0.048701298701298766,1.865247605338655,25.183921346856664,44.44293571435714,311.1005500005,87.9880179344465,0.07434466278811727,0.0016598813780507138,0.0005068954281007993,0.010620666112588184
7,2025-04-10,6.285714285714286,0.1620748299319728,0.035714285714285775,1.879932195305474,25.109194197573856,44.44293571435714,311.1005500005,88.468537414966,0.0654233032535432,0.0016869158008827564,0.00037172331394058617,0.009346186179077603
7,2025-04-11,7.0,0.138265306122449,0.04870129870129876,1.9034531297794375,25.185512479694854,44.44293571435714,311.1005500005,88.0724335188621,0.07285776953235493,0.0014391002582556987,0.0005068954281007993,0.01040825279033642
7,2025-04-12,6.285714285714286,0.12040816326530614,0.030844155844155906,1.9581938635269058,25.18320816924891,44.44293571435714,311.1005500005,86.67362399505258,0.0654233032535432,0.0012532386012854056,0.0003210337711305062,0.009346186179077603
7,2025-04-13,6.142857142857143,0.14761904761904768,0.030844155844155906,1.8877193067311744,25.15712616567199,44.44293571435714,311.1005500005,87.09199134199135,0.06393640999778086,0.0015364563642877571,0.0003210337711305062,0.00913377285682584
7,2025-04-14,7.571428571428571,0.122108843537415,0.04104823747680897,1.8552186240398574,25.155991897240995,44.44293571435714,311.1005500005,87.95933828076684,0.0788053425554043,0.0012709397114730528,0.00042724043225638803,0.011257906079343474
7,2025-04-15,8.142857142857142,0.11020408163265308,0.023191094619666112,1.8794634281217206,25.172967796241863,44.44293571435714,311.1005500005,87.89981447124303,0.08475291557845369,0.001147031940159524,0.00024137877528609486,0.01210755936835053
7,2025-04-16,8.857142857142858,0.12319109461966607,0.023191094619666112,1.858806229968092,25.154613795490047,44.44293571435714,311.1005500005,88.10544217687075,0.09218738185726542,0.001282204054319737,0.00024137877528609486,0.013169625979609348
7,2025-04-17,9.142857142857142,0.09461966604823749,0.023191094619666112,1.8982582183738732,25.158665700207962,44.44293571435714,311.1005500005,86.53401360544218,0.09516116836879011,0.000984825403167268,0.00024137877528609486,0.013594452624112876
7,2025-04-18,10.0,0.09461966604823749,0.027010804321728754,1.8639493870256183,25.079595576669117,44.44293571435714,311.1005500005,87.27045363599986,0.10408252790336417,0.000984825403167268,0.00028113527945086345,0.014868932557623457
7,2025-04-19,10.0,0.1422387136672851,0.027010804321728754,1.8303304328147674,25.0974930581859,44.44293571435714,311.1005500005,88.60378696933319,0.10408252790336418,0.001480456488421383,0.00028113527945086345,0.014868932557623457
7,2025-04-20,10.428571428571429,0.11049268192125337,0.0587568360677605,1.915217766803369,25.09256548079029,44.44293571435714,311.1005500005,87.75458062012683,0.10854320767065122,0.0011500357649186397,0.0006115560029536068,0.015506172524378749
7,2025-04-21,9.142857142857142,0.10028860028860032,0.04855275443510744,1.9346992143141724,25.132313997413746,44.44293571435714,311.1005500005,87.30151939563703,0.0951611683687901,0.0010438291037927578,0.0005053493418277251,0.013594452624112876
7,2025-04-22,8.285714285714286,0.10028860028860032,0.04855275443510744,1.9195573516583184,25.04416051969503,44.44293571435714,311.1005500005,86.51580510992275,0.08623980883421603,0.0010438291037927576,0.0005053493418277251,0.012319972690602294
7,2025-04-23,7.714285714285714,0.1281179138321996,0.06896091770041356,1.8877799120003282,25.092437167926644,44.44293571435714,311.1005500005,85.88500733626783,0.08029223581116665,0.0013334836341360719,0.0007177626640794886,0.011470319401595238
7,2025-04-24,7.285714285714286,0.1638321995464853,0.06896091770041356,1.8789405507143482,25.230566910633893,44.44293571435714,311.1005500005,86.59929305055356,0.07583155604387962,0.001705206948076658,0.0007177626640794886,0.010833079434839948
7,2025-04-25,6.714285714285714,0.18581022152450727,0.05215419501133793,1.9028429528154287,25.284832320502865,44.44293571435714,311.1005500005,86.31939647653932,0.06988398302083024,0.0019339597566554805,0.0005428340457545069,0.009983426145832893
7,2025-04-26,7.142857142857143,0.13819117390545965,0.05215419501133793,1.8923157109174678,25.34139105778852,44.44293571435714,311.1005500005,86.20034885749172,0.07434466278811727,0.0014383286714013655,0.0005428340457545069,0.010620666112588184
7,2025-04-27,6.571428571428571,0.1223181580324438,0.020408163265306183,1.897571364507846,25.49131038131163,44.44293571435714,311.1005500005,86.97812663526949,0.06839708976506789,0.0012731183096499935,0.00021241332225176344,0.00977101282358113
7,2025-04-28,7.857142857142857,0.13252223966509685,0.020408163265306183,1.8872758640013367,25.449111025828106,44.44293571435714,311.1005500005,87.22710622710623,0.081779129066929,0.0013793249707758754,0.00021241332225176344,0.011682732723847003
7,2025-04-29,7.428571428571429,0.15633176347462063,0.020408163265306183,1.8793317067669588,25.471152878945183,44.44293571435714,311.1005500005,88.01282051282051,0.07731844929964196,0.0016271405134029328,0.00021241332225176344,0.011045492757091713
7,2025-04-30,8.142857142857142,0.12742019884877032,0.011904761904761968,1.9160453078079314,25.40955693558586,44.44293571435714,311.1005500005,88.55703819989535,0.08475291557845369,0.0013262216402129348,0.00012390777131352862,0.012107559368350531
7,2025-05-01,9.0,0.12027734170591317,0.011904761904761968,1.7986340398625953,25.142799056893324,44.44293571435714,311.1005500005,89.27132391418105,0.09367427511302777,0.0012518769774248174,0.00012390777131352862,0.013382039301861113
7,2025-05-02,8.428571428571429,0.11417233560090707,0.02777777777777784,1.7505188046098448,25.105219280748525,44.44293571435714,311.1005500005,89.67913832199545,0.08772670208997838,0.001188334530597367,0.00028911813306490034,0.012532386012854058
7,2025-05-03,8.857142857142858,0.1459183673469388,0.02777777777777784,1.6378218189969114,24.9666301572901,44.44293571435714,311.1005500005,90.52834467120182,0.09218738185726541,0.0015187552541001102,0.0002891181330649003,0.013169625979609348
7,2025-05-04,9.142857142857142,0.1459183673469388,0.02777777777777784,1.5839690387444814,24.81342164985737,44.44293571435714,311.1005500005,89.97732426303855,0.09516116836879011,0.0015187552541001102,0.0002891181330649003,0.013594452624112876
7,2025-05-05,8.142857142857142,0.15612244897959185,0.02777777777777784,1.531617183782735,24.7633917461339,44.44293571435714,311.1005500005,89.58956916099773,0.08475291557845369,0.001624961915225992,0.0002891181330649003,0.012107559368350531
7,2025-05-06,8.428571428571429,0.10850340136054425,0.02777777777777784,1.5657335340914653,24.664704324096792,44.44293571435714,311.1005500005,88.74195011337869,0.08772670208997838,0.0011293308299718768,0.0002891181330649003,0.012532386012854056
7,2025-05-07,8.0,0.09659863945578233,0.015873015873015935,1.5811627571574045,24.748804680737866,44.44293571435714,311.1005500005,88.88480725623582,0.08326602232269134,0.001005423058658348,0.00016521036175137153,0.011895146046098764
7,2025-05-08,7.428571428571429,0.06802721088435378,0.015873015873015935,1.6519797223298702,24.80880330492883,44.44293571435714,311.1005500005,88.93242630385487,0.07731844929964196,0.0007080444075058789,0.0001652103617513715,0.011045492757091711
7,2025-05-09,7.0,0.052154195011337896,0.0,1.6650285229047541,24.722574015793267,44.44293571435714,311.1005500005,88.10702947845805,0.07285776953235493,0.0005428340457545072,0.0,0.010408252790336418
8,2025-01-01,15.857142857142858,0.06259426847662142,0.08164188752424044,3.224690635376164,24.776816323593746,42.17229131885834,506.0674958263,56.631034567673225,0.18089479579831114,0.0007140616387347894,0.0009313526847387672,0.015074566316525928
8,2025-01-02,18.0,0.06752037685100565,0.08164188752424044,3.1870865293178308,24.79499221391952,42.17229131885834,506.06749582629993,56.854116904056056,0.20534003847375862,0.0007702575989082319,0.0009313526847387672,0.017111669872813217
8,2025-01-03,18.857142857142858,0.053061151865464874,0.06718266253869966,3.2767965708866944,24.75133962207281,42.172291318858335,506.0674958263,57.79685837311331,0.21511813554393755,0.0006053099425286946,0.0007664050283592296,0.017926511295328133
8,2025-01-04,18.714285714285715,0.04518300060496067,0.05930451127819546,3.1235171715089725,24.599743460908847,42.172291318858335,506.0674958263,60.597278541180536,0.21348845269890773,0.0005154377268101377,0.0006765328126406728,0.017790704391575644
8,2025-01-05,17.571428571428573,0.04518300060496067,0.07611123396727108,3.005012531964107,24.563509344624503,42.172291318858335,506.0674958263,62.52971551597046,0.20045098993866908,0.0005154377268101378,0.000868260206173594,0.016704249161555756
8,2025-01-06,18.285714285714285,0.052325857747817825,0.06420647206250919,3.099995975533781,24.644737423989998,42.172291318858335,506.0674958263,61.41066789692284,0.20859940416381823,0.0005969218690616292,0.0007324533024211081,0.017383283680318187
8,2025-01-07,18.857142857142858,0.05843086385282392,0.07031147816751529,3.1764078071239803,24.831944067690692,42.172291318858335,506.06749582629993,59.4692759555309,0.21511813554393758,0.0006665664350885451,0.000802097868448024,0.01792651129532813
8,2025-01-08,18.857142857142858,0.05049435591631598,0.062374970231007354,3.2687716150881854,24.98277179619897,42.17229131885834,506.0674958263,59.50102198727693,0.21511813554393755,0.0005760284992535545,0.0007115599326130334,0.017926511295328133
8,2025-01-09,16.428571428571427,0.04556824754193175,0.08618449404053116,3.2320257182379764,24.68321708642743,42.17229131885834,506.06749582629993,60.03304169171042,0.18741352717843046,0.0005198325390801121,0.000983173740118005,0.01561779393153587
8,2025-01-10,16.428571428571427,0.03804945054945056,0.07866569704804996,3.0363580920678777,24.470301732354073,42.172291318858335,506.06749582629993,62.025522894717945,0.18741352717843046,0.00043405975776275265,0.0008974009588006456,0.015617793931535872
8,2025-01-11,17.428571428571427,0.03533205924510273,0.07594830574370214,3.005202329030315,24.49387600792297,42.172291318858335,506.0674958263,60.704094323289375,0.1988213070936393,0.0004030603558192504,0.0008664015568571433,0.01656844225780327
8,2025-01-12,17.428571428571427,0.03533205924510273,0.08435166708823995,2.9717469592472385,24.545247100806872,42.17229131885834,506.06749582629993,61.58644726446584,0.19882130709363927,0.0004030603558192504,0.0009622652536236041,0.016568442257803274
8,2025-01-13,17.857142857142858,0.02818920210224558,0.0772088099453828,2.9272450147293094,24.561642168117846,42.17229131885834,506.0674958263,61.061602543968945,0.20371035562872875,0.0003215762135677589,0.0008807811113721126,0.016975862969060732
8,2025-01-14,17.857142857142858,0.006211180124223602,0.06621979895637183,2.8270554191050303,24.477484132285248,42.172291318858335,506.0674958263,62.622042104408514,0.20371035562872875,7.0855775870862e-05,0.000755420892523664,0.01697586296906073
8,2025-01-15,18.0,0.02124877410918601,0.07373859594885303,2.811194810804623,24.315293048476935,42.17229131885834,506.06749582629993,62.14543391727401,0.20534003847375856,0.00024240133850558093,0.0008411936738410235,0.017111669872813217
8,2025-01-16,18.571428571428573,0.02124877410918601,0.04992907213932923,2.8313068139189923,24.44038310305059,42.17229131885834,506.0674958263,61.42221963155972,0.21185876985387792,0.0002424013385055809,0.0005695798663360519,0.01765489748782316
8,2025-01-17,19.0,0.027742280602692498,0.06291608512634221,2.8563327366915665,24.569326763260978,42.172291318858335,506.06749582629993,59.57191204441002,0.21674781838896737,0.0003164778314614823,0.0007177328522478545,0.018062318199080614
8,2025-01-18,18.428571428571427,0.0215311004784689,0.071742498987081,2.8232345607643348,24.594973290247648,42.172291318858335,506.06749582629993,60.7824383601995,0.21022908700884807,0.00024562205559062013,0.0008184226390117115,0.017519090584070675
8,2025-01-19,18.571428571428573,0.029467608414976833,0.0544689228899755,2.7628721748729275,24.559238671105113,42.17229131885834,506.0674958263,60.347330983915654,0.2118587698538779,0.0003361599914256107,0.0006213694845473201,0.01765489748782316
8,2025-01-20,19.0,0.029467608414976833,0.0544689228899755,2.69873337601991,24.5695218904898,42.17229131885834,506.06749582629993,61.74580207803892,0.21674781838896742,0.0003361599914256107,0.0006213694845473201,0.018062318199080614
8,2025-01-21,18.428571428571427,0.029467608414976833,0.05935292777398038,2.772100643861957,24.58064696979465,42.172291318858335,506.0674958263,61.55532588756273,0.21022908700884807,0.0003361599914256107,0.0006770851373688527,0.017519090584070675
8,2025-01-22,16.428571428571427,0.01443001443001443,0.05183413078149917,2.7991129588662704,24.76531532762501,42.17229131885834,506.0674958263,61.290664233427385,0.18741352717843046,0.0001646144287908917,0.0005913123560514933,0.015617793931535872
8,2025-01-23,17.0,0.021572871572871574,0.058976987924356315,2.695779896195212,24.7718013161211,42.17229131885834,506.06749582629993,62.35673566199882,0.19393225855854976,0.0002460985710423832,0.0006727964983029847,0.016161021546545813
8,2025-01-24,16.714285714285715,0.01507936507936508,0.060275689223057614,2.6901304441438496,24.783357665975466,42.172291318858335,506.0674958263,62.91193046719362,0.19067289286849012,0.00017202207808648183,0.0006876117968941652,0.015889407739040844
8,2025-01-25,17.0,0.021882086167800456,0.06564625850340133,2.775121391342407,24.731432763636104,42.172291318858335,506.0674958263,61.12317285888714,0.19393225855854976,0.00024962602308790233,0.0007488780692637075,0.016161021546545817
8,2025-01-26,16.285714285714285,0.013945578231292517,0.09067678353392636,2.7486306920058063,24.770449866893937,42.17229131885834,506.06749582629993,61.69338042909472,0.18578384433340062,0.00015908808725291173,0.0010344207899740626,0.015481987027783386
8,2025-01-27,15.285714285714286,0.02898317221625492,0.11323317451136997,2.8071748172112843,24.737046356034266,42.172291318858335,506.0674958263,61.425017213363084,0.1743760644181918,0.0003306336498876307,0.0012917391339261409,0.014531338701515985
8,2025-01-28,17.142857142857142,0.035476678709761414,0.1103471716253671,2.8019633643620483,24.613786248804505,42.172291318858335,506.06749582629993,61.089519377865244,0.1955619414035796,0.00040471014284353205,0.0012588162481679626,0.0162968284502983
8,2025-01-29,19.714285714285715,0.035476678709761414,0.1103471716253671,2.712289188007134,24.519958287569374,42.17229131885834,506.06749582629993,62.90566844618822,0.22489623261411656,0.00040471014284353205,0.0012588162481679626,0.018741352717843045
8,2025-01-30,19.428571428571427,0.028333821566904276,0.11114082241901789,2.8093688809260113,24.63492710322122,42.17229131885834,506.0674958263,61.20566844618822,0.22163686692405687,0.00032322600059204055,0.0012678700417514614,0.018469738910338075
8,2025-01-31,19.142857142857142,0.03627032950341221,0.10479161606981154,2.8611949564955523,24.71190472882941,42.172291318858335,506.06749582629993,61.14614463666441,0.21837750123399724,0.0004137639364270311,0.001195439693083469,0.018198125102833102
8,2025-02-01,19.285714285714285,0.04245462140198982,0.09737046579151841,2.8102597130579747,24.707077663921286,42.172291318858335,506.0674958263,62.80879151359701,0.22000718407902703,0.0004843129773374134,0.0011107808439910106,0.018333932006585587
8,2025-02-02,19.714285714285715,0.04245462140198982,0.08226057568162828,2.859564459075288,24.742056264735517,42.172291318858335,506.0674958263,62.029258546564044,0.22489623261411656,0.0004843129773374134,0.0009384105430743936,0.018741352717843048
8,2025-02-03,19.428571428571427,0.02741702741702742,0.05970418470418468,2.838248868683887,24.628546596623117,42.172291318858335,506.06749582629993,63.20130631303905,0.22163686692405687,0.0003127674147026944,0.0006810921991223153,0.01846973891033807
8,2025-02-04,19.142857142857142,0.028066378066378066,0.05386002886002884,2.74259147597952,24.835220703880292,42.172291318858335,506.0674958263,63.79870891044165,0.21837750123399724,0.00032017506399828466,0.000614423355462004,0.018198125102833102
8,2025-02-05,18.0,0.028066378066378066,0.07290764790764788,2.7935650883444767,24.758228365937324,42.172291318858335,506.0674958263,62.47779793735676,0.20534003847375856,0.00032017506399828466,0.0008317144014659813,0.017111669872813217
8,2025-02-06,18.0,0.036002886002886,0.0729076479076479,2.7337745579086374,24.690885128620835,42.172291318858335,506.0674958263,64.38255984211867,0.20534003847375856,0.0004107129998332752,0.0008317144014659816,0.017111669872813217
8,2025-02-07,18.571428571428573,0.047546897546897546,0.07795815295815293,2.6684472145177778,24.60087997536973,42.172291318858335,506.0674958263,65.37390183346066,0.2118587698538779,0.0005424045428659887,0.0008893294515427936,0.01765489748782316
8,2025-02-08,16.857142857142858,0.03455988455988456,0.06497113997113994,2.629654542173769,24.710222574573297,42.172291318858335,506.06749582629993,65.27520053475936,0.19230257571351994,0.000394251556954186,0.0007411764656309909,0.01602521464279333
8,2025-02-09,15.571428571428571,0.03455988455988456,0.047113997113997094,2.3581882894455375,24.667440791563255,42.172291318858335,506.0674958263,67.43463931026956,0.17763543010825145,0.000394251556954186,0.0005374661100022621,0.014802952509020957
8,2025-02-10,16.0,0.0417027417027417,0.047113997113997094,2.3444468042166546,24.692897522033206,42.172291318858335,506.06749582629993,67.4430426716141,0.18252447864334095,0.0004757356992056775,0.0005374661100022621,0.015210373220278415
8,2025-02-11,14.428571428571429,0.03455988455988456,0.0717171717171717,2.451798882438081,24.536418620179717,42.172291318858335,506.0674958263,66.16526489383632,0.16459796734801282,0.000394251556954186,0.0008181337110907328,0.013716497279001068
8,2025-02-12,14.714285714285714,0.03455988455988456,0.08628299804770391,2.42406776565313,24.630397924904347,42.172291318858335,506.0674958263,66.35574108431251,0.16785733303807251,0.000394251556954186,0.000984297452152598,0.013988111086506041
8,2025-02-13,15.0,0.026623376623376622,0.0854893472540531,2.4306219091894667,24.705068848644014,42.172291318858335,506.06749582629993,66.27955060812204,0.17111669872813215,0.0003037136211191954,0.0009752436585690987,0.014259724894011014
8,2025-02-14,15.142857142857142,0.0071428571428571435,0.07871351439126371,2.567399162644201,24.750175012121513,42.172291318858335,506.0674958263,64.65363304742188,0.17274638157316197,8.148414225149132e-05,0.0008979464485281582,0.014395531797763499
8,2025-02-15,16.0,0.016071428571428573,0.09657065724840656,2.5552746416044534,24.584459837448538,42.172291318858335,506.06749582629993,64.65006161885044,0.18252447864334095,0.0001833393200658557,0.001101656804156887,0.015210373220278415
8,2025-02-16,16.714285714285715,0.016071428571428573,0.13228494296269228,2.9541026931972145,24.551347975909884,42.172291318858335,506.0674958263,62.30312284334023,0.19067289286849012,0.0001833393200658557,0.0015090775154143444,0.015889407739040844
8,2025-02-17,15.285714285714286,0.023214285714285715,0.13228494296269228,3.004884545499213,24.423401136213403,42.172291318858335,506.0674958263,62.68883712905451,0.17437606441819178,0.0002648234623173472,0.0015090775154143444,0.014531338701515985
8,2025-02-18,18.142857142857142,0.03306650246305419,0.11531723633981328,3.0217853906811625,24.686859668666305,42.172291318858335,506.0674958263,62.54543264082245,0.2069697213187884,0.00037721538266423203,0.0013155136525947095,0.017247476776565702
8,2025-02-19,18.428571428571427,0.03306650246305419,0.0892225879541432,3.114903708508073,24.471341598497492,42.172291318858335,506.0674958263,63.47024467089763,0.21022908700884807,0.00037721538266423203,0.0010178316468462266,0.017519090584070675
8,2025-02-20,17.571428571428573,0.04327058409570724,0.10248789407659219,3.204576397637638,24.44173556401035,42.172291318858335,506.0674958263,62.32534671171396,0.20045098993866908,0.0004936213001663628,0.0011691593395989964,0.016704249161555756
8,2025-02-21,17.857142857142858,0.06041344123856439,0.11341957109522571,3.1233384674218203,24.40043225181555,42.172291318858335,506.0674958263,62.35516037631023,0.20371035562872875,0.0006891832415699423,0.001293865505131714,0.016975862969060732
8,2025-02-22,18.285714285714285,0.05148486980999296,0.09556242823808285,3.1081057461146058,24.411753995041266,42.172291318858335,506.0674958263,63.29031075225008,0.20859940416381823,0.000587328063755578,0.001090155149502985,0.017383283680318187
8,2025-02-23,19.428571428571427,0.05862772695285011,0.0669909996666543,2.945627298063095,24.440720405923287,42.172291318858335,506.0674958263,63.9545964665358,0.2216368669240569,0.0006688122060070696,0.0007642185804970193,0.01846973891033807
8,2025-02-24,20.571428571428573,0.044342012667135826,0.0669909996666543,2.9825508782616343,24.631783299071362,42.172291318858335,506.0674958263,61.49745360939294,0.23467432968429552,0.0005058439215040864,0.0007642185804970193,0.019556194140357964
8,2025-02-25,19.0,0.04242630385487528,0.0760221983530254,2.9270427015592992,24.52505506329323,42.172291318858335,506.0674958263,62.94244539921232,0.21674781838896737,0.0004839899369921922,0.0008672445074816637,0.018062318199080617
8,2025-02-26,18.857142857142858,0.05036281179138322,0.0685034013605442,2.9116386558808367,24.674304660534144,42.172291318858335,506.0674958263,60.890649242153,0.21511813554393755,0.0005745278728271827,0.0007814717261643041,0.01792651129532813
8,2025-02-27,20.428571428571427,0.05158730158730158,0.06523809523809522,2.871657405462734,24.649323637576277,42.172291318858335,506.0674958263,61.1641186299081,0.2330446468392657,0.0005884965829274384,0.0007442218325636223,0.019420387236605476
8,2025-02-28,19.714285714285715,0.048730158730158735,0.05523809523809521,2.976111014061906,24.836979594989327,42.172291318858335,506.06749582629993,59.90697577276524,0.22489623261411656,0.0005559029260268418,0.0006301440334115343,0.018741352717843048
8,2025-03-01,19.428571428571427,0.06553688141923436,0.06364145658263302,3.060219944229053,24.942970547553873,42.172291318858335,506.0674958263,58.51069094304389,0.2216368669240569,0.000747630319559763,0.0007260077301779949,0.018469738910338075
8,2025-03-02,18.714285714285715,0.07744164332399626,0.06602240896358541,3.1124772881172857,25.105861529931303,42.172291318858335,506.0674958263,58.39878618113913,0.21348845269890776,0.0008834372233122487,0.0007531691109284919,0.017790704391575644
8,2025-03-03,19.857142857142858,0.07744164332399626,0.06602240896358541,2.98394824887938,25.05383269891228,42.172291318858335,506.06749582629993,60.80537958773253,0.22652591545914638,0.0008834372233122487,0.0007531691109284919,0.01887715962159553
8,2025-03-04,18.571428571428573,0.06950513538748833,0.07395891690009335,3.1074312178524215,25.183562199973245,42.172291318858335,506.0674958263,57.821252603605544,0.2118587698538779,0.0007928992874772582,0.0008437070467634826,0.01765489748782316
8,2025-03-05,19.285714285714285,0.0615686274509804,0.09259245727276415,2.9954913680761193,25.143624392302353,42.17229131885834,506.06749582629993,59.73705660636607,0.22000718407902703,0.0007023613516422677,0.001056274374376069,0.018333932006585587
8,2025-03-06,18.142857142857142,0.05014005602240896,0.08385296147444483,3.0005892208468734,25.27931115225733,42.17229131885834,506.0674958263,59.372350724013124,0.2069697213187884,0.0005719867240398812,0.0009565761297389502,0.017247476776565702
8,2025-03-07,18.142857142857142,0.035854341736694675,0.0981386757601591,2.8355497017225475,25.191061756716387,42.172291318858335,506.06749582629993,61.629493581155984,0.2069697213187884,0.0004090184395368983,0.001119544414241933,0.017247476776565702
8,2025-03-08,19.285714285714285,0.030476190476190473,0.095449600129907,2.7725512363938343,25.154963774503322,42.172291318858335,506.06749582629993,62.34277089208035,0.22000718407902703,0.00034766567360636355,0.0010888680312766657,0.01833393200658559
8,2025-03-09,19.428571428571427,0.011428571428571429,0.0948543620346689,2.7783654351433498,25.02017614252632,42.17229131885834,506.0674958263,61.960032796842256,0.22163686692405687,0.0001303746276023862,0.0010820776860890416,0.018469738910338075
8,2025-03-10,17.428571428571427,0.011428571428571429,0.11866388584419273,2.904295072963499,24.97077139831807,42.172291318858335,506.06749582629993,60.065344152153614,0.19882130709363927,0.0001303746276023862,0.001353691493594013,0.016568442257803274
8,2025-03-11,19.428571428571427,0.023850931677018634,0.0993402143466082,2.755884471326797,24.80860449589641,42.172291318858335,506.0674958263,62.44491627085616,0.22163686692405687,0.0002720861793441106,0.0011332513019957752,0.018469738910338075
8,2025-03-12,18.714285714285715,0.03178743961352657,0.08864318191044532,2.9020374865878855,24.926202242261493,42.172291318858335,506.0674958263,60.283080522063905,0.21348845269890773,0.00036262411517910115,0.0010112219102181791,0.017790704391575644
8,2025-03-13,19.714285714285715,0.04369220151828847,0.0802398205659075,2.8862033441778485,24.80780284559444,42.172291318858335,506.06749582629993,60.470405452035884,0.22489623261411654,0.000498431018931587,0.0009153582134517186,0.018741352717843048
8,2025-03-14,18.571428571428573,0.05559696342305038,0.07071601104209797,3.0443312186735136,24.703385870668093,42.172291318858335,506.0674958263,59.884691166321595,0.2118587698538779,0.0006342379226840728,0.00080671269044973,0.017654897487823163
8,2025-03-15,17.142857142857142,0.04416839199447895,0.08404934437543131,3.1126189427515447,24.69111267287605,42.172291318858335,506.06749582629993,59.4694530710835,0.1955619414035796,0.0005038632950816864,0.0009588164226525141,0.0162968284502983
8,2025-03-16,17.714285714285715,0.05131124913733609,0.08226363008971703,3.042263147424152,24.66225856056328,42.172291318858335,506.0674958263,60.206953071083504,0.20208067278369893,0.000585347437333178,0.0009384453870896411,0.016840056065308244
8,2025-03-17,17.857142857142858,0.05131124913733609,0.0694431172692042,2.872371293359383,24.70311642508659,42.17229131885834,506.0674958263,61.38186149599193,0.20371035562872875,0.000585347437333178,0.0007921917984331179,0.01697586296906073
8,2025-03-18,18.285714285714285,0.03888888888888888,0.07899877899877897,2.8914438072610444,24.654806001709236,42.172291318858335,506.06749582629993,61.034035409035404,0.20859940416381823,0.0004436358855914535,0.0009012006843882906,0.01738328368031819
8,2025-03-19,18.285714285714285,0.030952380952380953,0.11074481074481071,2.8027314328509862,24.5541725330604,42.17229131885834,506.0674958263,62.16101953601953,0.20859940416381823,0.00035309794975646295,0.001263352427728253,0.017383283680318187
8,2025-03-20,18.857142857142858,0.019047619047619046,0.12094889237746377,2.7907099866691953,24.47844190944387,42.17229131885834,506.06749582629993,62.677175998604575,0.21511813554393758,0.00021729104600397715,0.0013797583452303838,0.017926511295328133
8,2025-03-21,20.571428571428573,0.013095238095238096,0.11499651142508284,2.67025792454189,24.54733273395015,42.17229131885834,506.06749582629993,62.98669980812838,0.23467432968429552,0.00014938759412773425,0.0013118548933541408,0.019556194140357964
8,2025-03-22,20.571428571428573,0.013095238095238096,0.10547270190127331,2.5490510125199353,24.63280976952336,42.172291318858335,506.0674958263,63.84384266527123,0.2346743296842955,0.00014938759412773425,0.001203209370352152,0.019556194140357964
8,2025-03-23,19.571428571428573,0.016941391941391944,0.09832984475841618,2.6212267769086575,24.84824098064161,42.17229131885834,506.06749582629993,62.83779870922728,0.22326654976908672,0.00019326367072469122,0.0011217252281006604,0.018605545814090563
8,2025-03-24,20.285714285714285,0.016941391941391944,0.08734083376940517,2.758557731010112,24.959705771358703,42.17229131885834,506.06749582629993,60.92876330019187,0.23141496399423586,0.00019326367072469122,0.0009963650092522122,0.01928458033285299
8,2025-03-25,17.714285714285715,0.016941391941391944,0.06536281179138319,2.754876550931987,25.09374441527589,42.172291318858335,506.0674958263,60.1073347287633,0.20208067278369893,0.00019326367072469122,0.0007456445715553152,0.016840056065308244
8,2025-03-26,17.428571428571427,0.016941391941391944,0.052465986394557795,2.7770556179592183,25.248805319514172,42.17229131885834,506.06749582629993,59.56765218908077,0.19882130709363927,0.00019326367072469122,0.0005985204258234553,0.016568442257803274
8,2025-03-27,16.428571428571427,0.016941391941391944,0.06267006802721087,2.7257371296166952,25.263242787461742,42.17229131885834,506.06749582629993,60.17989708703994,0.18741352717843043,0.00019326367072469122,0.0007149263433255861,0.015617793931535872
8,2025-03-28,15.428571428571429,0.02779573367808662,0.10713785514205679,2.780512915253579,25.368508697581653,42.172291318858335,506.0674958263,59.66449092457496,0.17600574726322166,0.00031708761238136943,0.001222205072048107,0.01466714560526847
8,2025-03-29,15.714285714285714,0.03619909502262443,0.10601740696278508,2.8901219473938995,25.31887672154451,42.172291318858335,506.06749582629993,57.29922481813238,0.17926511295328132,0.00041295130914783005,0.0012094232458125787,0.014938759412773442
8,2025-03-30,16.857142857142858,0.032012805122048814,0.11282012805122046,3.0159660480609785,25.15337128344501,42.172291318858335,506.06749582629993,55.60220754968655,0.1923025757135199,0.00036519503530080207,0.0012870271908139992,0.016025214642793332
8,2025-03-31,17.142857142857142,0.032012805122048814,0.1485344137655062,3.0313137069426985,25.003085321443432,42.172291318858335,506.0674958263,57.210144057623054,0.1955619414035796,0.00036519503530080207,0.0016944479020714568,0.0162968284502983
8,2025-04-01,18.571428571428573,0.047885820995064686,0.1802804455115379,2.999536814052806,24.798084274490872,42.172291318858335,506.06749582629993,59.40458850206749,0.21185876985387792,0.0005462709069707832,0.002056599645411419,0.017654897487823163
8,2025-04-02,19.142857142857142,0.05502867813792183,0.16063758836868078,3.0900968805852607,24.848449560163235,42.172291318858335,506.0674958263,58.14744564492464,0.2183775012339972,0.0006277550492222746,0.001832518254219817,0.018198125102833106
8,2025-04-03,18.714285714285715,0.05502867813792183,0.1481659330398826,3.10408660214602,24.777787917393223,42.172291318858335,506.06749582629993,58.47737761771376,0.21348845269890773,0.0006277550492222746,0.0016902443550505465,0.017790704391575644
8,2025-04-04,18.571428571428573,0.04715052687741762,0.10667433640122713,2.986064424563924,24.685470209678385,42.172291318858335,506.0674958263,59.531474256369215,0.2118587698538779,0.0005378828335037179,0.0012169173522661471,0.01765489748782316
8,2025-04-05,18.142857142857142,0.059155328798185934,0.11867913832199543,2.892606156412944,24.640770779231595,42.172291318858335,506.0674958263,61.62871315192744,0.2069697213187884,0.0006748309717415186,0.001353865490503948,0.017247476776565702
8,2025-04-06,17.285714285714285,0.05235260770975057,0.13092403628117913,2.8235366727967244,24.872993443533524,42.172291318858335,506.06749582629993,62.624631519274374,0.19719162424860942,0.0005972270267400983,0.001493552591506505,0.016432635354050786
8,2025-04-07,16.285714285714285,0.05235260770975057,0.0952097505668934,2.8613722432955524,25.06386912786811,42.17229131885834,506.0674958263,60.67298316762602,0.18578384433340062,0.0005972270267400983,0.0010861318802490474,0.015481987027783386
8,2025-04-08,15.857142857142858,0.04600340136054422,0.08251133786848071,2.928172329230819,25.323181851675688,42.172291318858335,506.0674958263,58.96663396127683,0.1808947957983111,0.0005247966780721057,0.0009412711829130624,0.01507456631652593
8,2025-04-09,15.0,0.04906462585034014,0.08557256235827661,2.8745481225139398,25.156045134333073,42.172291318858335,506.06749582629993,61.40745028780743,0.17111669872813215,0.000559718453322745,0.0009761929581637017,0.014259724894011014
8,2025-04-10,14.571428571428571,0.05858843537414966,0.0871598639455782,3.002223063588995,25.41172835070689,42.17229131885834,506.0674958263,59.36459314495029,0.16622765019304267,0.0006683639763247337,0.0009943005453306997,0.013852304182753556
8,2025-04-11,15.428571428571429,0.05615337043908473,0.08472479901051329,3.0753655737383068,25.288021892392926,42.17229131885834,506.06749582629993,59.17871652157367,0.17600574726322163,0.0006405852914662707,0.0009665218604722368,0.01466714560526847
8,2025-04-12,16.142857142857142,0.035745207173778604,0.07183543273768835,3.194659578596873,25.208007742428965,42.172291318858335,506.06749582629993,59.860778820177316,0.1841541614883708,0.00040777345646200925,0.0008194828067853348,0.0153461801240309
8,2025-04-13,15.571428571428571,0.048732220160791595,0.0527878136900693,3.13191421095338,25.019182016924454,42.172291318858335,506.0674958263,61.41402557342407,0.17763543010825145,0.0005559264423738119,0.0006021917607813575,0.014802952509020957
8,2025-04-14,16.142857142857142,0.048732220160791595,0.06119117503460712,2.949511297478351,24.96707755203272,42.172291318858335,506.0674958263,64.12701846288755,0.1841541614883708,0.0005559264423738119,0.000698055457547818,0.0153461801240309
8,2025-04-15,16.571428571428573,0.055081426509997936,0.04214355598698807,2.9397727103592985,24.858868912148854,42.172291318858335,506.0674958263,64.59527243114151,0.18904321002346028,0.0006283567910418044,0.00048076441154384084,0.015753600835288355
8,2025-04-16,17.857142857142858,0.044877344877344884,0.03815065447855861,2.884925198649629,24.892769336202885,42.172291318858335,506.0674958263,63.80600889964195,0.20371035562872875,0.0005119508735396737,0.00043521426991257223,0.016975862969060732
8,2025-04-17,17.857142857142858,0.0544011544011544,0.02862684495474909,2.7797400751178647,24.727174448082412,42.172291318858335,506.06749582629993,65.16791366154672,0.20371035562872875,0.0006205963965416624,0.0003265687469105836,0.01697586296906073
8,2025-04-18,17.142857142857142,0.05631100925218572,0.03053669980578041,2.823951965524991,24.840787014351797,42.172291318858335,506.0674958263,64.74507179752838,0.1955619414035796,0.0006423836003522216,0.0003483559507211428,0.0162968284502983
8,2025-04-19,16.285714285714285,0.05631100925218572,0.02301790281329921,2.756617040997237,25.15515073832509,42.172291318858335,506.06749582629993,62.599901178673555,0.18578384433340062,0.0006423836003522216,0.00026258316940378336,0.015481987027783388
8,2025-04-20,16.142857142857142,0.0718954248366013,0.05158933138472778,2.7494829317778917,25.115205974020025,42.172291318858335,506.06749582629993,61.86094013971252,0.1841541614883708,0.0008201671834463848,0.0005885197384097494,0.0153461801240309
8,2025-04-21,17.285714285714285,0.07760971055088703,0.05461454146876139,2.852148007296229,25.029160025917886,42.17229131885834,506.0674958263,61.63102417332596,0.19719162424860942,0.000885354497247578,0.0006230306692456752,0.016432635354050786
8,2025-04-22,16.857142857142858,0.06173669467787114,0.05461454146876139,2.957866025054495,24.960667066723886,42.17229131885834,506.06749582629993,60.41038925269105,0.19230257571351994,0.0007042786255775968,0.0006230306692456752,0.01602521464279333
8,2025-04-23,15.285714285714286,0.06173669467787114,0.0484033613445378,3.0037116763044507,24.987743970578144,42.172291318858335,506.0674958263,61.36121741004094,0.1743760644181918,0.0007042786255775968,0.000552174893374813,0.014531338701515985
8,2025-04-24,16.571428571428573,0.042689075630252094,0.0603081232492997,2.9548019394120466,24.890071896956435,42.172291318858335,506.06749582629993,62.5481221719457,0.18904321002346025,0.00048698757957361954,0.0006879817971272988,0.01575360083528836
8,2025-04-25,16.285714285714285,0.03428571428571428,0.0614285714285714,3.038705354751826,25.037762676197694,42.17229131885834,506.06749582629993,61.20862637362637,0.18578384433340062,0.00039112388280715903,0.0007007636233628268,0.015481987027783386
8,2025-04-26,16.285714285714285,0.03428571428571429,0.07241758241758241,3.078384416225077,24.841142026002007,42.172291318858335,506.0674958263,61.845989010989015,0.1857838443334006,0.00039112388280715903,0.0008261238422112753,0.015481987027783386
8,2025-04-27,17.142857142857142,0.005714285714285711,0.061703296703296676,3.133319333360539,24.80742599121934,42.172291318858335,506.06749582629993,61.8942032967033,0.1955619414035796,6.518731380119302e-05,0.0007038976288340381,0.0162968284502983
8,2025-04-28,16.571428571428573,0.0068027210884353696,0.063880167451596,3.135168632432797,24.92229941079044,42.17229131885834,506.06749582629993,59.96685635792778,0.18904321002346028,7.760394500142029e-05,0.0007287308912344927,0.015753600835288355
8,2025-04-29,16.428571428571427,0.027210884353741492,0.10469649398220825,2.981152009616814,24.968186858465835,42.17229131885834,506.0674958263,61.49134615384616,0.18741352717843046,0.0003104157800056817,0.0011943545612430155,0.015617793931535872
8,2025-04-30,17.142857142857142,0.04401760704281712,0.12990657801582167,2.8933925701776415,25.00525772126765,42.172291318858335,506.06749582629993,60.97383915104503,0.1955619414035796,0.0005021431735386029,0.0014819456515423972,0.0162968284502983
8,2025-05-01,15.571428571428571,0.05500661803182811,0.11800181611105977,2.950307677857663,25.003542569701946,42.17229131885834,506.06749582629993,60.96056076276665,0.17763543010825145,0.0006275033923870514,0.0013461387477899116,0.014802952509020957
8,2025-05-02,15.714285714285714,0.06393518946039954,0.13526372087296454,2.880498622408374,24.833939614558414,42.17229131885834,506.0674958263,62.99806076276665,0.17926511295328132,0.0007293585702014158,0.001543058758231016,0.014938759412773445
8,2025-05-03,16.428571428571427,0.07187169739690748,0.1639572495664932,2.979420758492959,24.937320521657483,42.172291318858335,506.06749582629993,61.23310349780938,0.18741352717843046,0.0008198965060364062,0.0018703882185575203,0.01561779393153587
8,2025-05-04,16.428571428571427,0.0808002688254789,0.14610010670935036,2.9721858812189406,24.972550520566852,42.172291318858335,506.06749582629993,60.286674926380805,0.18741352717843046,0.0009217516838507707,0.0016666778629287917,0.01561779393153587
8,2025-05-05,16.857142857142858,0.07994992868942448,0.1384470454848606,3.0582346270393637,24.903920480583434,42.17229131885834,506.0674958263,60.92783138896584,0.19230257571351994,0.0009120511907255931,0.0015793734248021937,0.016025214642793332
8,2025-05-06,17.285714285714285,0.06794512676865617,0.10603408029878615,3.161222074798495,25.01734374550605,42.17229131885834,506.06749582629993,59.39661890397184,0.1971916242486094,0.0007751030524877923,0.0012096134515601313,0.016432635354050786
8,2025-05-07,16.428571428571427,0.05113840407958054,0.10679802223919868,3.177315101685399,25.120459160888565,42.172291318858335,506.0674958263,59.99096573361279,0.18741352717843046,0.0005833756589548712,0.0012183283330843549,0.01561779393153587
8,2025-05-08,16.285714285714285,0.040149393090569564,0.10679802223919868,3.260854733331716,25.161951203485522,42.172291318858335,506.0674958263,58.29591078855784,0.18578384433340062,0.00045801544010642264,0.0012183283330843549,0.015481987027783388
8,2025-05-09,16.571428571428573,0.03915732959850606,0.0800123079534844,3.2227524788656723,25.215125720245243,42.172291318858335,506.06749582629993,56.92190285204991,0.18904321002346025,0.00044669819812704877,0.0009127627996412616,0.015753600835288355
9,2025-01-01,11.571428571428571,0.009523809523809516,0.0658127586699015,3.283561749980621,20.351459507946714,37.9739152689,569.6087290335,78.61830193615909,0.15629192762236555,0.00012863533137643255,0.0008889138321314966,0.010419461841491036
9,2025-01-02,11.428571428571429,0.009523809523809516,0.05390799676513959,3.2453411963235212,20.22224425209674,37.9739152689,569.6087290335,77.29037985823699,0.15436239765171905,0.00012863533137643255,0.000728119667910956,0.010290826510114605
9,2025-01-03,11.571428571428571,0.008928571428571421,0.04438418724133007,3.3540645081159046,20.262525826751098,37.9739152689,569.6087290335,78.41776081061796,0.15629192762236555,0.00012059562316540551,0.0005994843365345234,0.010419461841491036
9,2025-01-04,11.714285714285714,0.008928571428571421,0.07613021898736182,3.3466118409115,20.24618227229933,37.9739152689,569.6087290335,79.01498303284018,0.15822145759301204,0.00012059562316540551,0.0010282687744559652,0.010548097172867471
9,2025-01-05,11.857142857142858,0.008928571428571421,0.0652458652458652,3.3763726790957223,20.346344869584733,37.9739152689,569.6087290335,79.01362248862249,0.1601509875636585,0.00012059562316540551,0.0008812569671686137,0.010676732504243901
9,2025-01-06,12.0,0.020833333333333322,0.052258852258852226,3.187128448871015,20.284115727936634,37.9739152689,569.6087290335,77.35886058386059,0.162080517534305,0.0002813897873859462,0.0007058451516552966,0.010805367835620333
9,2025-01-07,12.571428571428571,0.020833333333333322,0.049673202614379054,3.1799380747273034,20.234086210847245,37.9739152689,569.6087290335,76.60837577455224,0.16979863741689097,0.0002813897873859462,0.0006709215322770795,0.011319909161126065
9,2025-01-08,15.142857142857142,0.020833333333333322,0.049673202614379054,3.1055703705020767,20.261155362740684,37.9739152689,569.6087290335,76.30892522510169,0.20453017688852773,0.0002813897873859462,0.0006709215322770795,0.013635345125901852
9,2025-01-09,15.0,0.020833333333333322,0.049673202614379054,3.109156628998762,20.34054854924876,37.9739152689,569.6087290335,78.12970444588093,0.20260064691788124,0.0002813897873859462,0.0006709215322770795,0.01350670979452542
9,2025-01-10,14.142857142857142,0.011904761904761895,0.049673202614379054,3.0739786745923015,20.311938838242927,37.9739152689,569.6087290335,77.51184730302377,0.19102346709400234,0.0001607941642205407,0.0006709215322770795,0.012734897806266823
9,2025-01-11,14.714285714285714,0.011904761904761895,0.039905192846369286,3.1075967516948806,20.37222977085779,37.9739152689,569.6087290335,78.28962508080156,0.1987415869765883,0.0001607941642205407,0.0005389878590704821,0.013249439131772553
9,2025-01-12,14.142857142857142,0.024891774891774885,0.030381383322559765,3.0595912036820656,20.260866933120756,37.9739152689,569.6087290335,77.94590213707862,0.19102346709400234,0.0003362059797338578,0.00041035252769404954,0.012734897806266824
9,2025-01-13,14.285714285714286,0.02397602397602397,0.030381383322559765,3.1129086650853557,20.217105093044175,37.9739152689,569.6087290335,78.04022448140095,0.19295299706464883,0.0003238371978707393,0.00041035252769404954,0.012863533137643254
9,2025-01-14,13.0,0.02397602397602397,0.02197802197802195,3.1270969797029657,20.165435074353013,37.9739152689,569.6087290335,77.56543456543457,0.17558722732883042,0.0003238371978707393,0.0002968507647148444,0.011705815155255362
9,2025-01-15,11.428571428571429,0.02397602397602397,0.031501831501831466,3.290234217370078,20.256198956370344,37.9739152689,569.6087290335,78.22917082917083,0.15436239765171905,0.0003238371978707393,0.0004254860960912769,0.010290826510114605
9,2025-01-16,12.285714285714286,0.02397602397602397,0.0404304029304029,3.120310757308539,20.118861568380673,37.9739152689,569.6087290335,75.92381368631368,0.165939577475598,0.0003238371978707393,0.0005460817192566824,0.0110626384983732
9,2025-01-17,12.571428571428571,0.02397602397602397,0.0642399267399267,3.078477938516637,20.136414890118083,37.9739152689,569.6087290335,76.44048035298034,0.16979863741689097,0.0003238371978707393,0.0008676700476977639,0.011319909161126065
9,2025-01-18,12.142857142857142,0.03826173826173825,0.05654761904761902,3.0270930661015973,20.03467187568761,37.9739152689,569.6087290335,76.0976232101232,0.16401004750495152,0.0005167901949353881,0.0007637722800475684,0.010934003166996767
9,2025-01-19,11.857142857142858,0.025274725274725268,0.05654761904761902,3.076847334526469,20.08690528648545,37.9739152689,569.6087290335,76.73975885225886,0.1601509875636585,0.00034137837942207095,0.0007637722800475684,0.010676732504243901
9,2025-01-20,11.142857142857142,0.014285714285714278,0.05654761904761902,3.1086172333694457,20.158529246346067,37.9739152689,569.6087290335,77.4609126984127,0.1505033377104261,0.00019295299706464884,0.0007637722800475684,0.01003355584736174
9,2025-01-21,12.142857142857142,0.014285714285714278,0.06607142857142854,3.1400226566107565,20.203969685937828,37.9739152689,569.6087290335,78.11329365079366,0.1640100475049515,0.00019295299706464884,0.000892407611424001,0.010934003166996767
9,2025-01-22,10.857142857142858,0.014285714285714278,0.10416666666666664,3.0252361026217187,20.220259723674957,37.9739152689,569.6087290335,77.92757936507937,0.1466442777691331,0.00019295299706464884,0.0014069489369297312,0.009776285184608876
9,2025-01-23,10.142857142857142,0.014285714285714278,0.1082251082251082,3.054265375475457,20.21760621780327,37.9739152689,569.6087290335,77.94462481962482,0.13699662791590067,0.00019295299706464884,0.0014617651292776427,0.009133108527726712
9,2025-01-24,10.0,0.014285714285714278,0.09740259740259737,3.085001935489985,20.236268810519608,37.9739152689,569.6087290335,78.2682178932179,0.13506709794525418,0.00019295299706464884,0.0013155886163498786,0.009004473196350279
9,2025-01-25,9.857142857142858,0.0,0.09898989898989896,2.9711375427451236,20.127623216562913,37.9739152689,569.6087290335,76.30948773448775,0.13313756797460768,0.0,0.0013370278382459505,0.008875837864973845
9,2025-01-26,10.285714285714286,0.0,0.11089466089466085,2.9129114953009894,20.068697259849454,37.9739152689,569.6087290335,76.0277417027417,0.13892615788654714,0.0,0.0014978220024664912,0.009261743859103144
9,2025-01-27,11.0,0.0,0.13287268287268283,2.935090417021473,20.11267921456176,37.9739152689,569.6087290335,74.97691752691753,0.1485738077397796,0.0,0.0017946727671813354,0.009904920515985306
9,2025-01-28,9.857142857142858,0.020408163265306114,0.12334887334887332,2.870595118340845,20.084309378782983,37.9739152689,569.6087290335,74.43678147249577,0.13313756797460768,0.0002756471386637841,0.001666037435804903,0.008875837864973845
9,2025-01-29,11.0,0.030612244897959173,0.0961379889951318,2.825677329216117,19.92118477139757,37.9739152689,569.6087290335,73.97759779902638,0.1485738077397796,0.00041347070799567607,0.0012985079175865243,0.009904920515985308
9,2025-01-30,11.428571428571429,0.0510204081632653,0.08315097600811883,2.9503136802206837,20.036756916252767,37.9739152689,569.6087290335,75.9414196914197,0.15436239765171905,0.0006891178466594601,0.001123096102073207,0.010290826510114605
9,2025-01-31,12.428571428571429,0.0510204081632653,0.09397348683062966,2.9989022282697753,20.01028184406302,37.9739152689,569.6087290335,75.55036630036629,0.16786910744624448,0.0006891178466594601,0.0012692726150009715,0.011191273829749632
9,2025-02-01,13.857142857142858,0.0510204081632653,0.07810047095761379,3.1413781704332737,20.14205681002664,37.9739152689,569.6087290335,77.38578818841977,0.18716440715270938,0.0006891178466594601,0.0010548803960402505,0.01247762714351396
9,2025-02-02,13.857142857142858,0.0510204081632653,0.06619570905285188,3.1243008985394214,20.14102113796445,37.9739152689,569.6087290335,77.04055009318166,0.18716440715270938,0.0006891178466594601,0.0008940862318197098,0.012477627143513957
9,2025-02-03,13.571428571428571,0.0510204081632653,0.044217687074829905,3.0666286234217774,20.026165851072157,37.9739152689,569.6087290335,78.60598465861624,0.1833053472114164,0.0006891178466594601,0.0005972354671048655,0.012220356480761094
9,2025-02-04,14.428571428571429,0.030612244897959173,0.05520669806384088,3.1919023439530565,20.178673791046958,37.9739152689,569.6087290335,80.13659690351419,0.19488252703529532,0.00041347070799567607,0.0007456608494622876,0.012992168469019688
9,2025-02-05,13.571428571428571,0.020408163265306114,0.08836996336996335,3.31076926965331,20.29853225043973,37.9739152689,569.6087290335,81.02435200555502,0.18330534721141636,0.0002756471386637841,0.0011935874497909366,0.01222035648076109
9,2025-02-06,13.857142857142858,0.008928571428571421,0.1062271062271062,3.3117952906626185,20.203972924481057,37.9739152689,569.6087290335,80.47205608718767,0.18716440715270938,0.00012059562316540551,0.0014347786961217478,0.012477627143513957
9,2025-02-07,13.285714285714286,0.01913265306122448,0.09262166405023545,3.38026700000742,20.2985236648066,37.9739152689,569.6087290335,81.45958443185886,0.1794462872701234,0.00025841919249729753,0.0012510139370125583,0.011963085818008227
9,2025-02-08,12.428571428571429,0.01913265306122448,0.11459968602825743,3.337943452660359,20.22508340402369,37.9739152689,569.6087290335,80.89278281242568,0.16786910744624445,0.00025841919249729753,0.0015478647017274029,0.011191273829749632
9,2025-02-09,12.428571428571429,0.031037414965986387,0.12650444793301932,3.4354235422246755,20.353111483207016,37.9739152689,569.6087290335,81.80944947909234,0.16786910744624448,0.00041921335671783825,0.0017086588659479434,0.011191273829749632
9,2025-02-10,12.571428571428571,0.031037414965986387,0.15031397174254316,3.5011634094036492,20.52171494600413,37.9739152689,569.6087290335,81.03888670852957,0.16979863741689097,0.00041921335671783825,0.002030247194389025,0.011319909161126063
9,2025-02-11,13.0,0.031037414965986387,0.157182103610675,3.411180013100039,20.39221527521044,37.9739152689,569.6087290335,80.14602956567242,0.17558722732883045,0.00041921335671783825,0.0021230130583624134,0.011705815155255362
9,2025-02-12,12.142857142857142,0.031037414965986387,0.10361067503924641,3.1936907039778903,20.299671760372416,37.9739152689,569.6087290335,79.64602956567242,0.16401004750495152,0.00041921335671783825,0.0013994393193699805,0.010934003166996767
9,2025-02-13,11.285714285714286,0.02210884353741496,0.11432496075353214,3.197943766859989,20.391216054637646,37.9739152689,569.6087290335,79.10852956567241,0.1524328676810726,0.00029861773355243276,0.0015441540671684672,0.010162191178738173
9,2025-02-14,10.714285714285714,0.011904761904761895,0.11840659340659336,3.1302458477935216,20.379861814597113,37.9739152689,569.6087290335,78.5003663003663,0.14471474779848664,0.0001607941642205407,0.0015992834949012241,0.00964764985323244
9,2025-02-15,10.0,0.02976190476190475,0.09642857142857139,3.136245677715986,20.438282034436007,37.9739152689,569.6087290335,78.01547619047619,0.13506709794525418,0.00040198541055135175,0.0013024327301863797,0.009004473196350279
9,2025-02-16,9.571428571428571,0.03373015873015872,0.10039682539682536,3.156297291430004,20.420306331341305,37.9739152689,569.6087290335,77.4718253968254,0.12927850803331473,0.000455583465291532,0.00135603078492656,0.008618567202220982
9,2025-02-17,9.285714285714286,0.03373015873015872,0.07658730158730155,3.1559454675408056,20.42410581443266,37.9739152689,569.6087290335,78.13849206349207,0.12541944809202174,0.000455583465291532,0.0010344424564854783,0.008361296539468117
9,2025-02-18,7.857142857142857,0.03373015873015872,0.058730158730158695,3.091946733639298,20.4003009417578,37.9739152689,569.6087290335,77.15039682539683,0.10612414838555685,0.000455583465291532,0.0007932512101546673,0.007074943225703791
9,2025-02-19,9.0,0.03373015873015872,0.08730158730158726,3.225865654387701,20.48933949263788,37.9739152689,569.6087290335,78.03611111111111,0.12156038815072875,0.000455583465291532,0.0011791572042839649,0.008104025876715252
9,2025-02-20,10.0,0.03373015873015872,0.07553688141923431,3.1552590665040006,20.450007645753264,37.9739152689,569.6087290335,78.6235060690943,0.13506709794525418,0.000455583465291532,0.0010202547361130778,0.009004473196350279
9,2025-02-21,10.142857142857142,0.03373015873015872,0.10021220609455901,3.1056919974542447,20.42795699413905,37.9739152689,569.6087290335,78.31051905610728,0.13699662791590067,0.000455583465291532,0.0013535371855883803,0.00913310852772671
9,2025-02-22,10.142857142857142,0.015873015873015865,0.11806934895170186,3.096338006211678,20.37367281554096,37.9739152689,569.6087290335,78.45337619896442,0.13699662791590067,0.0002143922189607209,0.0015947284319191913,0.00913310852772671
9,2025-02-23,9.571428571428571,0.0,0.13076776165011456,2.985506989184983,20.318288427257297,37.9739152689,569.6087290335,77.90416984975809,0.12927850803331473,0.0,0.0017662422070877683,0.00861856720222098
9,2025-02-24,9.0,0.0,0.15457728545963836,2.9299030651860924,20.286012105191553,37.9739152689,569.6087290335,77.6184555640438,0.12156038815072877,0.0,0.0020878305355288497,0.008104025876715252
9,2025-02-25,9.285714285714286,0.01785714285714285,0.1902915711739241,3.0490392178223975,20.332266598706244,37.9739152689,569.6087290335,79.07083651642475,0.12541944809202174,0.00024119124633081103,0.0025702130281904717,0.008361296539468115
9,2025-02-26,10.0,0.01785714285714285,0.17124395212630503,3.0422381732147925,20.22775434641369,37.9739152689,569.6087290335,78.11845556404378,0.13506709794525418,0.00024119124633081103,0.0023129423654376065,0.009004473196350279
9,2025-02-27,9.285714285714286,0.01785714285714285,0.1663419913419913,3.1676462297833576,20.383657046959744,37.9739152689,569.6087290335,78.34534632034631,0.12541944809202174,0.00024119124633081103,0.0022467330036997366,0.008361296539468117
9,2025-02-28,9.285714285714286,0.030844155844155837,0.17932900432900428,3.03984529001712,20.2285326039235,37.9739152689,569.6087290335,77.47521645021644,0.12541944809202174,0.00041660306184412816,0.002422144819213054,0.008361296539468115
9,2025-03-01,10.857142857142858,0.030844155844155837,0.1614718614718614,3.136171826467097,20.346432963138362,37.9739152689,569.6087290335,78.06074276600592,0.1466442777691331,0.00041660306184412816,0.002180953572882243,0.009776285184608874
9,2025-03-02,11.857142857142858,0.030844155844155837,0.13290043290043288,3.2048567223488575,20.382658778944577,37.9739152689,569.6087290335,79.68931419457736,0.1601509875636585,0.00041660306184412816,0.0017950475787529454,0.010676732504243901
9,2025-03-03,12.714285714285714,0.030844155844155837,0.12099567099567096,3.2658555974922763,20.293920856324036,37.9739152689,569.6087290335,79.65359990886307,0.1717281673875375,0.00041660306184412816,0.0016342534145324047,0.011448544492502497
9,2025-03-04,13.714285714285714,0.01298701298701298,0.09480519480519477,3.2133183015834503,20.252112732450282,37.9739152689,569.6087290335,79.31074276600592,0.18523487718206288,0.00017541181551331713,0.0012805062532472151,0.012348991812137526
9,2025-03-05,13.571428571428571,0.01298701298701298,0.11589363017934441,3.284737626429099,20.37527177244591,37.9739152689,569.6087290335,80.14271555512157,0.1833053472114164,0.00017541181551331713,0.0015653416298664585,0.01222035648076109
9,2025-03-06,13.285714285714286,0.04155844155844156,0.10398886827458252,3.2219228661677604,20.238880059624545,37.9739152689,569.6087290335,79.68557269797871,0.17944628727012343,0.0005613178096426148,0.001404547465645918,0.011963085818008227
9,2025-03-07,13.857142857142858,0.028571428571428564,0.08061224489795915,3.416958476143084,20.35608073193427,37.9739152689,569.6087290335,79.91154672395274,0.18716440715270938,0.0003859059941292977,0.001088806197721947,0.012477627143513957
9,2025-03-08,12.428571428571429,0.028571428571428564,0.08061224489795915,3.395128530067198,20.393211498762984,37.9739152689,569.6087290335,79.85975056689342,0.16786910744624448,0.00038590599412929773,0.001088806197721947,0.011191273829749632
9,2025-03-09,12.285714285714286,0.04155844155844156,0.09359925788497213,3.280632211388821,20.281356306888444,37.9739152689,569.6087290335,78.8337765409194,0.165939577475598,0.0005613178096426149,0.0012642180132352641,0.0110626384983732
9,2025-03-10,12.0,0.05584415584415584,0.08169449598021021,3.355989541170607,20.388207260732674,37.9739152689,569.6087290335,79.36949082663368,0.162080517534305,0.0007542708067072637,0.0011034238490147234,0.010805367835620335
9,2025-03-11,11.285714285714286,0.05584415584415584,0.08645640074211498,3.3507088902522804,20.374901559952157,37.9739152689,569.6087290335,79.6980622552051,0.1524328676810726,0.0007542708067072637,0.0011677415147029397,0.010162191178738173
9,2025-03-12,11.571428571428571,0.05584415584415584,0.07370129870129867,3.2051190591101224,20.216641533034117,37.9739152689,569.6087290335,78.32561327561328,0.15629192762236555,0.0007542708067072637,0.0009954620530380747,0.010419461841491036
9,2025-03-13,12.285714285714286,0.027272727272727264,0.08322510822510819,3.0521517739200243,20.04353807638921,37.9739152689,569.6087290335,77.48751803751804,0.165939577475598,0.00036836481257796595,0.001124097384414507,0.0110626384983732
9,2025-03-14,13.0,0.027272727272727264,0.08322510822510819,3.0150867367728176,19.961038473332227,37.9739152689,569.6087290335,77.88751803751803,0.17558722732883042,0.00036836481257796595,0.001124097384414507,0.011705815155255362
9,2025-03-15,13.571428571428571,0.027272727272727264,0.08322510822510819,2.8933599245765085,19.72926900637872,37.9739152689,569.6087290335,77.14637029637029,0.18330534721141636,0.00036836481257796595,0.001124097384414507,0.012220356480761094
9,2025-03-16,13.714285714285714,0.026190476190476184,0.0702380952380952,2.9371752022924746,19.772779620629006,37.9739152689,569.6087290335,77.3628205128205,0.18523487718206288,0.00035374716128518954,0.0009486855689011902,0.012348991812137526
9,2025-03-17,14.0,0.011904761904761895,0.0702380952380952,2.705615652717049,19.5429614818025,37.9739152689,569.6087290335,76.07710622710623,0.18909393712335584,0.0001607941642205407,0.0009486855689011902,0.012606262474890393
9,2025-03-18,13.857142857142858,0.011904761904761895,0.05595238095238091,2.6265742218026804,19.49178826805629,37.9739152689,569.6087290335,74.82155067155067,0.18716440715270938,0.0001607941642205407,0.0007557325718365412,0.012477627143513957
9,2025-03-19,12.714285714285714,0.011904761904761895,0.03809523809523806,2.699620223187669,19.573786703197065,37.9739152689,569.6087290335,74.6251221001221,0.17172816738753743,0.0001607941642205407,0.0005145413255057302,0.011448544492502499
9,2025-03-20,12.714285714285714,0.011904761904761895,0.03809523809523806,2.8866355168315456,19.730093456936107,37.9739152689,569.6087290335,75.6251221001221,0.17172816738753746,0.0001607941642205407,0.0005145413255057302,0.011448544492502497
9,2025-03-21,11.857142857142858,0.02210884353741496,0.009523809523809485,2.945453655851643,19.92399930656215,37.9739152689,569.6087290335,76.98430577359149,0.1601509875636585,0.00029861773355243276,0.00012863533137643255,0.010676732504243903
9,2025-03-22,12.142857142857142,0.041156462585034005,0.028571428571428532,3.036084886653447,20.08198656727235,37.9739152689,569.6087290335,77.70958049886622,0.16401004750495152,0.0005558883963052979,0.0003859059941292976,0.010934003166996767
9,2025-03-23,11.285714285714286,0.0292517006802721,0.02857142857142853,3.0325529347223794,20.124880411546776,37.9739152689,569.6087290335,77.3048185941043,0.1524328676810726,0.00039509423208475714,0.0003859059941292976,0.010162191178738173
9,2025-03-24,11.285714285714286,0.0292517006802721,0.040476190476190436,3.0977227151724627,20.189772593883596,37.9739152689,569.6087290335,77.62624716553287,0.1524328676810726,0.00039509423208475714,0.0005467001583498383,0.010162191178738173
9,2025-03-25,11.0,0.04965986394557822,0.060884353741496554,3.0885290704000257,20.149948152239183,37.9739152689,569.6087290335,79.32465986394558,0.1485738077397796,0.0006707413707485412,0.0008223472970136223,0.009904920515985308
9,2025-03-26,11.0,0.06751700680272107,0.09659863945578227,3.072367571012546,20.20626401326917,37.9739152689,569.6087290335,79.48537414965986,0.1485738077397796,0.0009119326170793522,0.0013047297896752444,0.009904920515985306
9,2025-03-27,9.857142857142858,0.06751700680272107,0.08707482993197276,3.0328713494397905,20.20327168915088,37.9739152689,569.6087290335,78.67857142857143,0.13313756797460768,0.0009119326170793522,0.0011760944582988122,0.008875837864973845
9,2025-03-28,9.428571428571429,0.057312925170068016,0.08707482993197276,2.9535641287001013,20.106178543508783,37.9739152689,569.6087290335,77.69341372912801,0.12734897806266823,0.0007741090477474602,0.0011760944582988122,0.008489931870844548
9,2025-03-29,8.428571428571429,0.038265306122448974,0.08588435374149654,2.804712630147317,20.03118151518353,37.9739152689,569.6087290335,77.55055658627087,0.11384226826814281,0.0005168383849945951,0.0011600150418767578,0.007589484551209521
9,2025-03-30,9.571428571428571,0.048469387755102025,0.08588435374149654,2.827011846646296,20.030510005528388,37.9739152689,569.6087290335,78.24443413729128,0.12927850803331473,0.000654661954326487,0.0011600150418767578,0.008618567202220982
9,2025-03-31,9.571428571428571,0.060374149659863936,0.08588435374149654,2.8664709363436636,20.138570936342443,37.9739152689,569.6087290335,79.22062461348176,0.12927850803331473,0.0008154561185470279,0.0011600150418767578,0.008618567202220982
9,2025-04-01,10.0,0.054251700680272096,0.06547619047619044,2.8706383363722843,20.131901502439018,37.9739152689,569.6087290335,77.13491032776747,0.13506709794525418,0.0007327619769478926,0.0008843679032129739,0.009004473196350279
9,2025-04-02,10.142857142857142,0.05226757369614511,0.04563492063492059,2.9376900095305087,20.120983136336303,37.9739152689,569.6087290335,77.87300556586271,0.13699662791590067,0.0007059629495778025,0.0006163776295120726,0.009133108527726712
9,2025-04-03,10.571428571428571,0.05226757369614511,0.04563492063492059,2.8488817415418777,20.038321358041014,37.9739152689,569.6087290335,77.47504638218923,0.14278521782784012,0.0007059629495778025,0.0006163776295120726,0.009519014521856009
9,2025-04-04,10.857142857142858,0.05226757369614511,0.05662393162393158,2.7994058805898914,19.991990678880995,37.9739152689,569.6087290335,77.42409733124019,0.14664427776913308,0.0007059629495778025,0.0007648030118694949,0.009776285184608876
9,2025-04-05,11.285714285714286,0.05226757369614511,0.07772782772782769,2.9076540392661423,19.971682277714137,37.9739152689,569.6087290335,76.99552590266876,0.1524328676810726,0.0007059629495778025,0.001049847212078635,0.010162191178738173
9,2025-04-06,10.714285714285714,0.04206349206349206,0.07772782772782769,2.9286328392995586,20.01939244797098,37.9739152689,569.6087290335,76.21593406593408,0.14471474779848664,0.0005681393802459106,0.001049847212078635,0.00964764985323244
9,2025-04-07,10.857142857142858,0.04114774114774113,0.07681207681207677,2.973761231812683,20.017507793019966,37.9739152689,569.6087290335,76.23150183150184,0.1466442777691331,0.0005557705983827919,0.0010374784302155165,0.009776285184608874
9,2025-04-08,11.428571428571429,0.026862026862026853,0.09722024007738288,3.1241936245989663,20.115028273419693,37.9739152689,569.6087290335,77.28660387231817,0.15436239765171905,0.0003628176013181431,0.0013131255688793007,0.010290826510114605
9,2025-04-09,12.428571428571429,0.010989010989010981,0.12599008134722414,3.067738625032837,20.128121829506618,37.9739152689,569.6087290335,76.88779434850865,0.16786910744624448,0.0001484253823574222,0.0017017114657456073,0.011191273829749633
9,2025-04-10,12.0,0.010989010989010981,0.12599008134722414,3.1763453274622813,20.350205846483153,37.9739152689,569.6087290335,78.63269230769231,0.16208051753430502,0.0001484253823574222,0.0017017114657456073,0.010805367835620335
9,2025-04-11,11.571428571428571,0.010989010989010981,0.11500107035821316,3.3306470588043244,20.489404540804475,37.9739152689,569.6087290335,79.4239010989011,0.15629192762236555,0.0001484253823574222,0.001553286083388185,0.010419461841491038
9,2025-04-12,11.142857142857142,0.010989010989010981,0.09389717425431707,3.2797297789152515,20.519057515105494,37.9739152689,569.6087290335,78.95961538461539,0.1505033377104261,0.0001484253823574222,0.001268241883179045,0.01003355584736174
9,2025-04-13,11.571428571428571,0.010989010989010981,0.10488618524332806,3.2533629806130064,20.36699452002205,37.9739152689,569.6087290335,78.23763736263736,0.15629192762236555,0.0001484253823574222,0.001416667265536467,0.010419461841491038
9,2025-04-14,11.857142857142858,0.0,0.10342098377812659,3.1647311849756172,20.32257487124405,37.9739152689,569.6087290335,76.71968864468863,0.16015098756365856,0.0,0.0013968772145554775,0.010676732504243903
9,2025-04-15,10.285714285714286,0.0,0.08301282051282047,2.97843333368992,20.147983230058145,37.9739152689,569.6087290335,75.27411041339612,0.13892615788654714,0.0,0.0011212300758916935,0.009261743859103144
9,2025-04-16,9.857142857142858,0.0,0.049358974358974315,3.05059058954179,20.16548991957169,37.9739152689,569.6087290335,76.7315279958137,0.13313756797460768,0.0,0.0006666773424220879,0.008875837864973845
9,2025-04-17,9.714285714285714,0.0,0.049358974358974315,3.19894415393127,20.163284639283855,37.9739152689,569.6087290335,77.41520146520146,0.13120803800396122,0.0,0.0006666773424220879,0.008747202533597414
9,2025-04-18,9.857142857142858,0.0,0.049358974358974315,3.085650691086445,20.029323215672083,37.9739152689,569.6087290335,76.70091575091575,0.13313756797460768,0.0,0.0006666773424220879,0.008875837864973845
9,2025-04-19,9.857142857142858,0.0,0.03150183150183146,3.097492106508057,20.04405441776542,37.9739152689,569.6087290335,76.45091575091575,0.13313756797460768,0.0,0.00042548609609127696,0.008875837864973845
9,2025-04-20,9.428571428571429,0.014285714285714278,0.04908424908424904,3.2784223507800028,20.260859837260437,37.9739152689,569.6087290335,78.33003663003663,0.12734897806266823,0.00019295299706464884,0.0006629667078631525,0.008489931870844548
9,2025-04-21,8.857142857142858,0.014285714285714278,0.05254745254745251,3.3052606008977627,20.229401099784802,37.9739152689,569.6087290335,79.51531801531802,0.11963085818008226,0.00019295299706464884,0.000709743192000037,0.007975390545338818
9,2025-04-22,9.142857142857142,0.014285714285714278,0.08111888111888109,3.4826959391141004,20.371133434467115,37.9739152689,569.6087290335,81.90579420579421,0.12348991812137525,0.00019295299706464884,0.0010956491861293346,0.008232661208091683
9,2025-04-23,8.428571428571429,0.014285714285714278,0.07012987012987008,3.489432416878482,20.348403890375728,37.9739152689,569.6087290335,81.53766233766234,0.1138422682681428,0.00019295299706464884,0.0009472238037719125,0.00758948455120952
9,2025-04-24,8.857142857142858,0.014285714285714278,0.08600288600288597,3.3662215926496057,20.24954140215443,37.9739152689,569.6087290335,81.4186147186147,0.11963085818008226,0.00019295299706464884,0.0011616160227326336,0.007975390545338818
9,2025-04-25,8.714285714285714,0.014285714285714278,0.08600288600288597,3.336715674725476,20.161860546591523,37.9739152689,569.6087290335,80.59004329004328,0.11770132820943578,0.00019295299706464884,0.0011616160227326336,0.007846755213962385
9,2025-04-26,9.285714285714286,0.014285714285714278,0.10981240981240978,3.4866036977901373,20.226018773423657,37.9739152689,569.6087290335,82.66147186147187,0.1254194480920217,0.00019295299706464884,0.0014832043511737148,0.008361296539468117
9,2025-04-27,9.571428571428571,0.011904761904761895,0.08124098124098121,3.37590075423268,20.159394222785796,37.9739152689,569.6087290335,82.35194805194806,0.1292785080333147,0.0001607941642205407,0.001097298357044417,0.008618567202220982
9,2025-04-28,9.0,0.011904761904761895,0.06825396825396822,3.4514143445304435,20.227141700878402,37.9739152689,569.6087290335,82.42244897959185,0.12156038815072875,0.0001607941642205407,0.0009218865415310999,0.008104025876715252
9,2025-04-29,9.857142857142858,0.011904761904761895,0.05266955266955263,3.3914406194659383,20.262130235662607,37.9739152689,569.6087290335,81.85881261595547,0.13313756797460768,0.0001607941642205407,0.0007113923629151194,0.008875837864973845
9,2025-04-30,10.714285714285714,0.02210884353741496,0.06287363430220569,3.3054476151545065,20.19837653210387,37.9739152689,569.6087290335,81.17513914656772,0.14471474779848664,0.00029861773355243276,0.0008492159322470115,0.00964764985323244
9,2025-05-01,11.285714285714286,0.02210884353741496,0.0689786404072118,3.2507464432077486,20.19080050463565,37.9739152689,569.6087290335,79.31067028209885,0.1524328676810726,0.00029861773355243276,0.0009316744780011348,0.010162191178738173
9,2025-05-02,11.0,0.03996598639455782,0.0689786404072118,3.2527712451144697,20.291319746972086,37.9739152689,569.6087290335,79.24638456781314,0.1485738077397796,0.0005398089798832438,0.0009316744780011348,0.009904920515985308
9,2025-05-03,10.428571428571429,0.057823129251700675,0.045169116597687985,3.219103551194165,20.261140634055646,37.9739152689,569.6087290335,77.94281313924171,0.14085568785719366,0.0007810002262140548,0.0006100861495600536,0.009390379190479577
9,2025-05-04,10.714285714285714,0.04591836734693877,0.045169116597687985,3.116894076770057,20.076199614950205,37.9739152689,569.6087290335,76.0176430712145,0.14471474779848664,0.0006202060619935142,0.0006100861495600536,0.00964764985323244
9,2025-05-05,11.285714285714286,0.058905380333951755,0.045169116597687985,3.0067813359426983,19.948267438824153,37.9739152689,569.6087290335,74.68740188383046,0.1524328676810726,0.0007956178775068313,0.0006100861495600536,0.010162191178738173
9,2025-05-06,11.571428571428571,0.06989439132296274,0.032182103610675,2.9352475678104524,19.975348730999013,37.9739152689,569.6087290335,74.05103824746682,0.15629192762236555,0.0009440432598642535,0.0004346743340467364,0.010419461841491036
9,2025-05-07,12.0,0.05969030969030968,0.03878474466709757,2.8918503863874463,19.955438014827365,37.9739152689,569.6087290335,73.30193860761088,0.162080517534305,0.0008062196905323614,0.0005238542906732547,0.010805367835620335
9,2025-05-08,12.714285714285714,0.06762681762681762,0.01680672268907559,2.84520039474704,19.86490257705521,37.9739152689,569.6087290335,73.34894715461942,0.17172816738753746,0.0009134158000127218,0.00022700352595841038,0.011448544492502499
9,2025-05-09,12.714285714285714,0.04976967476967476,0.03466386554621845,2.836887571203654,19.841121878851407,37.9739152689,569.6087290335,73.545375726048,0.17172816738753746,0.0006722245536819109,0.00046819477228922146,0.011448544492502497
