district,date,ASLT_RollAvg7,ASLT_RollDRate7,ASLT_RollARate7,ASLT_RollAvgDist7,ASLT_RollAvgMaxDist7,ASLT_RollAvgCMLen7,ASLT_RollAvgLen7,ASLT_RollAvgHardship7,ASLT_RollAvgCountCMArea7,ASLT_RollAvgDRateCMArea7,ASLT_RollAvgARateCMArea7,ASLT_RollAvgDensity7
1,2025-01-01,14.285714285714286,0.23916475681181565,0.2648141074611663,1.9056822958545576,20.44688015956637,42.9976602922,300.9836220454,8.465851795263559,0.20550966971915785,0.003440546912660126,0.0038095301832922505,0.02935852424559398
1,2025-01-02,14.0,0.2963076139546728,0.23148077412783294,1.8687207145161835,20.38990657795237,42.9976602922,300.9836220454,8.05632798573975,0.20139947632477467,0.004262585591536757,0.0033300076206142152,0.0287713537606821
1,2025-01-03,13.857142857142858,0.2701171377641966,0.2612426788897377,1.7558777504190695,20.259152389054602,42.9976602922,300.9836220454,8.26585179526356,0.1993443796275831,0.003885817863718301,0.0037581527658624605,0.02847776851822616
1,2025-01-04,13.714285714285714,0.23656735421441305,0.23959765724471604,1.7697770379649846,20.33369427329177,42.9976602922,300.9836220454,7.179271708683474,0.19728928293039152,0.0034031815181657338,0.003446774478409191,0.02818418327577022
1,2025-01-05,14.714285714285714,0.21639928698752228,0.25556404379933795,1.8643708263349306,20.420306185020955,42.9976602922,300.9836220454,6.870028011204481,0.2116749598107326,0.0031130502197386873,0.0036764617563306025,0.0302392799729618
1,2025-01-06,14.428571428571429,0.21928528987352516,0.34070112893642307,1.8767449955976847,20.43524493322235,42.9976602922,300.9836220454,6.633375774552245,0.2075647664163494,0.0031545673247324563,0.004901216353646797,0.02965210948804992
1,2025-01-07,14.285714285714286,0.18672226466344113,0.3438523894406247,1.9105816412915186,20.453657517363894,42.9976602922,300.9836220454,7.44219930396401,0.20550966971915785,0.0026861261658137877,0.004946549369026022,0.02935852424559398
1,2025-01-08,12.285714285714286,0.15263135557253205,0.36495628554452086,1.9238022455454609,20.485718597649594,42.9976602922,300.9836220454,6.981160342925049,0.17673831595847575,0.0021957053630748883,0.00525014319929296,0.025248330851210827
1,2025-01-09,12.285714285714286,0.10977421271538919,0.3649562855445208,2.0134261457107856,20.59052377514784,42.9976602922,300.9836220454,7.609731771496477,0.17673831595847575,0.0015791763539174143,0.00525014319929296,0.02524833085121082
1,2025-01-10,11.571428571428571,0.11453611747729395,0.3887658093540446,2.087660649795758,20.63587449114224,42.9976602922,300.9836220454,7.74306510482981,0.16646283247251786,0.0016476795771571337,0.005592659315491556,0.02378040463893113
1,2025-01-11,11.571428571428571,0.12752313046430694,0.38876580935404464,2.0723224715489956,20.582099872796938,42.9976602922,300.9836220454,7.4313767931414985,0.1664628324725179,0.0018345065496290956,0.005592659315491556,0.023780404638931125
1,2025-01-12,11.0,0.1410977910977911,0.3848873348873349,2.0208419840425997,20.552837117188442,42.9976602922,300.9836220454,7.661499611499612,0.15824244568375154,0.0020297872312626847,0.0055368648350248165,0.022606063669107366
1,2025-01-13,11.285714285714286,0.15119880119880122,0.3516983016983017,1.931247779465887,20.412173758097186,42.9976602922,300.9836220454,8.937112887112887,0.1623526390781347,0.002175097098740877,0.00505941812759647,0.023193234154019245
1,2025-01-14,10.714285714285714,0.13334165834165834,0.34574592074592075,1.9159117144169826,20.420937218717228,42.9976602922,300.9836220454,8.234731934731935,0.1541322522893684,0.0019182100115919293,0.004973789098546821,0.022018893184195483
1,2025-01-15,11.857142857142858,0.11548451548451548,0.3636030636030636,1.8666131215965804,20.375519606163113,42.9976602922,300.9836220454,8.341874791874792,0.170573025866901,0.0016613229244429822,0.005230676185695768,0.024367575123843
1,2025-01-16,11.857142857142858,0.11548451548451548,0.43503163503163506,1.816559282651261,20.33264818528438,42.9976602922,300.9836220454,7.770446220446222,0.170573025866901,0.0016613229244429822,0.006258224534291558,0.024367575123843004
1,2025-01-17,12.0,0.12717282717282719,0.4545121545121545,1.8056965520050627,20.353380109897564,42.9976602922,300.9836220454,7.609407259407258,0.1726281225640926,0.0018294671996677478,0.0065384649929995,0.024661160366298944
1,2025-01-18,12.571428571428571,0.10725940725940727,0.49520479520479516,1.7883490201191736,20.365208737976253,42.9976602922,300.9836220454,7.664818514818515,0.1808485093528589,0.0015429991752107398,0.007123856173411647,0.025835501336122703
1,2025-01-19,12.857142857142858,0.08528138528138528,0.5069264069264069,1.8046269131291728,20.379863666644148,42.9976602922,300.9836220454,7.324891774891776,0.18495870274724208,0.0012268304525658816,0.007292479492155572,0.026422671821034582
1,2025-01-20,13.428571428571429,0.08787878787878789,0.46709956709956707,1.8415024354121248,20.375271364403172,42.9976602922,300.9836220454,7.0651515151515145,0.19317908953600837,0.0012641958470602738,0.006719543443241556,0.027597012790858345
1,2025-01-21,12.857142857142858,0.1235930735930736,0.473051948051948,1.8224400994190801,20.31031081527309,42.9976602922,300.9836220454,6.8032467532467535,0.18495870274724208,0.0017779700213581685,0.006805172472291204,0.026422671821034582
1,2025-01-22,12.714285714285714,0.13311688311688313,0.4492424242424242,1.8334595048970275,20.29522015568701,42.9976602922,300.9836220454,7.262770562770562,0.18290360605005046,0.0019149764678376073,0.006462656356092609,0.026129086578578646
1,2025-01-23,13.571428571428571,0.12775974025974027,0.4081709956709957,1.8037034666081333,20.212924004647437,42.9976602922,300.9836220454,8.377056277056278,0.19523418623319994,0.0018379103416929228,0.005871816055650029,0.02789059803331428
1,2025-01-24,13.0,0.1221938775510204,0.3988945578231292,1.8327072245726401,20.23018609776509,42.9976602922,300.9836220454,8.80748299319728,0.18701379944443364,0.001757841639204939,0.005738368218170057,0.026716257063490522
1,2025-01-25,12.571428571428571,0.15076530612244898,0.35603741496598634,1.8500925993181376,20.205896109020124,42.9976602922,300.9836220454,10.483673469387755,0.1808485093528589,0.002168860978643255,0.005121839209012583,0.0258355013361227
1,2025-01-26,11.428571428571429,0.1711734693877551,0.330187074829932,1.8272837627137253,20.105485430950015,42.9976602922,300.9836220454,11.376190476190475,0.16440773577532627,0.0024624462210991946,0.004749964568568392,0.023486819396475185
1,2025-01-27,11.0,0.14260204081632652,0.3159013605442177,1.9057436670515024,20.271955988332824,42.9976602922,300.9836220454,10.519047619047617,0.15824244568375154,0.002051426881660879,0.0045444548988492345,0.022606063669107366
1,2025-01-28,11.571428571428571,0.15450680272108844,0.2623299319727891,1.8970326476358077,20.255478260373376,42.9976602922,300.9836220454,12.20952380952381,0.16646283247251786,0.0022226849397601776,0.0037737936374023923,0.023780404638931125
1,2025-01-29,11.857142857142858,0.15338635454181673,0.26513105242096835,1.8954877391765055,20.27290771114241,42.9976602922,300.9836220454,12.016806722689074,0.170573025866901,0.002206566534292008,0.0038140896510728156,0.024367575123843
1,2025-01-30,11.142857142857142,0.18341882207428425,0.23347520826512422,1.895746735534176,20.30127562744838,42.9976602922,300.9836220454,11.95187165775401,0.16029754238094313,0.0026386039081334194,0.003358698905672409,0.022899648911563302
1,2025-01-31,12.428571428571429,0.18086780166612096,0.1964854123467569,1.8904991328861855,20.267837158083076,42.9976602922,300.9836220454,12.018198188366256,0.17879341265566734,0.0026019057528264273,0.0028265756537210187,0.025541916093666763
1,2025-02-01,13.428571428571429,0.15580514502451698,0.20275107650715787,1.9193767089834028,20.313052352302773,42.9976602922,300.9836220454,11.306418739744702,0.1931790895360084,0.0022413624726173786,0.0029167114737732804,0.027597012790858338
1,2025-02-02,15.285714285714286,0.1639684103306394,0.2047918928336885,1.9882335075128872,20.43540454928267,42.9976602922,300.9836220454,11.0329493519896,0.21989534659949891,0.002358796569599754,0.0029460699980188745,0.03141362094278556
1,2025-02-03,16.0,0.18077513301971507,0.2314025370913916,1.9581379782182329,20.367551592440925,42.9976602922,300.9836220454,11.217823301569434,0.2301708300854568,0.002600572651622293,0.003328882127887894,0.032881547155065256
1,2025-02-04,15.571428571428571,0.13315608540066745,0.29489460058345507,2.0129959645000044,20.43009117633673,42.9976602922,300.9836220454,10.328934412680542,0.22400553999388206,0.0019155404192250998,0.004242258437750818,0.03200079142769744
1,2025-02-05,15.285714285714286,0.12475272405612962,0.28256967061146626,2.0417318910611226,20.436653980212213,42.9976602922,300.9836220454,10.674032451896228,0.2198953465994989,0.0017946523782138306,0.004064955977600956,0.03141362094278556
1,2025-02-06,15.714285714285714,0.1061998483603968,0.33080714742037165,2.034607971532571,20.42766086700588,42.9976602922,300.9836220454,10.187947108668029,0.22606063669107365,0.0015277567032538854,0.004758884732496814,0.032294376670153384
1,2025-02-07,16.0,0.09627921343976187,0.36552936964259386,1.9864563636774404,20.38677597757879,42.9976602922,300.9836220454,10.017312188033108,0.2301708300854568,0.0013850416548378034,0.005258387401953101,0.03288154715506526
1,2025-02-08,15.142857142857142,0.07372282246231825,0.40138824760673497,1.9281929200829833,20.361986974186816,42.9976602922,300.9836220454,8.941545849108874,0.2178402499023073,0.0010605527026496594,0.005774241633636817,0.03112003570032962
1,2025-02-09,13.571428571428571,0.06102440976390556,0.35853110474959216,1.860624418458649,20.284803527463303,42.9976602922,300.9836220454,8.462180769743794,0.19523418623319994,0.0008778774406770747,0.005157712624479342,0.027890598033314284
1,2025-02-10,12.142857142857142,0.06462585034013606,0.34892726321297746,1.8187071098087118,20.27816414888475,42.9976602922,300.9836220454,8.154857840572125,0.17468321926128416,0.0009296866011104756,0.005019554863323607,0.024954745608754884
1,2025-02-11,12.571428571428571,0.06462585034013604,0.30924472353043786,1.8958484526747246,20.403901247180308,42.9976602922,300.9836220454,7.3294610151753,0.1808485093528589,0.0009296866011104756,0.004448694669659279,0.025835501336122703
1,2025-02-12,11.571428571428571,0.10034013605442176,0.3247209140066283,1.8638150931727846,20.37738996073883,42.9976602922,300.9836220454,7.681841967556252,0.1664628324725179,0.0014434607754083703,0.004671330145188367,0.02378040463893113
1,2025-02-13,10.428571428571429,0.07993197278911565,0.26349642421070996,1.953990799278705,20.525378002363514,42.9976602922,300.9836220454,6.756671899529043,0.1500220588949852,0.0011498755329524305,0.0037905744178205474,0.02143172269928361
1,2025-02-14,8.714285714285714,0.0719954648526077,0.3031789638932496,2.0136474482981677,20.607919834988824,42.9976602922,300.9836220454,6.058259201116344,0.1253608985286863,0.001035703494219565,0.004361434611484875,0.01790869978981233
1,2025-02-15,9.0,0.09104308390022675,0.26581632653061227,2.0791424007094954,20.646364831710944,42.9976602922,300.9836220454,6.398185941043083,0.12947109192306946,0.0013097163871784424,0.003823947782988616,0.01849587027472421
1,2025-02-16,9.714285714285714,0.08537414965986392,0.3066326530612245,2.1321255517666673,20.726879674961314,42.9976602922,300.9836220454,6.0081632653061225,0.13974657540902732,0.001228164930940681,0.0044111182679004955,0.01996379648700391
1,2025-02-17,9.857142857142858,0.11853741496598638,0.2836734693877551,2.0381361045237005,20.549463034318027,42.9976602922,300.9836220454,6.630612244897959,0.14180167210621894,0.0017052409499315835,0.004080834870137564,0.020257381729459845
1,2025-02-18,9.857142857142858,0.11853741496598638,0.29557823129251704,2.05226806191406,20.506364716399542,42.9976602922,300.9836220454,8.297278911564625,0.1418016721062189,0.0017052409499315835,0.004252092928236861,0.020257381729459848
1,2025-02-19,11.0,0.0917517006802721,0.29557823129251704,2.0857598578300136,20.566628416187136,42.9976602922,300.9836220454,7.01156462585034,0.15824244568375154,0.0013199103192081624,0.004252092928236861,0.022606063669107366
1,2025-02-20,13.142857142857142,0.10535714285714286,0.35000000000000003,2.093522489298629,20.545534502397178,42.9976602922,300.9836220454,7.3789115646258505,0.1890688961416252,0.001515633814178789,0.005034986908119368,0.027009842305946465
1,2025-02-21,13.857142857142858,0.13133116883116883,0.2569264069264069,2.01773734287506,20.4661993111406,42.9976602922,300.9836220454,7.5953617810760665,0.1993443796275831,0.0018892877591227123,0.0036960602720703087,0.028477768518226164
1,2025-02-22,14.142857142857142,0.12909027247262542,0.2703717850776674,1.93437911770372,20.352059434945698,42.9976602922,300.9836220454,8.32589399396122,0.2034545730219663,0.0018570509481863739,0.0038894811376883397,0.02906493900313804
1,2025-02-23,13.714285714285714,0.14486021681399833,0.26851649750809414,1.9292929716051592,20.2856587131862,42.9976602922,300.9836220454,9.275801229582742,0.19728928293039155,0.0020839122719023277,0.003862791570192345,0.02818418327577022
1,2025-02-24,13.285714285714286,0.11986021681399832,0.30780221179380846,1.9687309053215072,20.401261745235484,42.9976602922,300.9836220454,9.061515515297028,0.19112399283881681,0.0017242703498938014,0.00442794316192003,0.0273034275484024
1,2025-02-25,12.857142857142858,0.11986021681399832,0.30383395782555445,1.8855917397068107,20.38756176803523,42.9976602922,300.9836220454,7.4583409121224244,0.18495870274724208,0.0017242703498938014,0.004370857142553596,0.026422671821034582
1,2025-02-26,12.0,0.15378878824256972,0.30740538639698306,1.874821456014475,20.34247649345543,42.9976602922,300.9836220454,8.086912340693853,0.1726281225640926,0.002212355815476801,0.004422234559983386,0.024661160366298944
1,2025-02-27,10.428571428571429,0.1687547746371276,0.3101264748323572,1.7689319190378412,20.22322751352893,42.9976602922,300.9836220454,9.152898735251677,0.1500220588949852,0.0024276516599444904,0.004461379258977512,0.021431722699283607
1,2025-02-28,10.857142857142858,0.18359707519371385,0.3249687753889435,1.747589834966617,20.164504447297414,42.9976602922,300.9836220454,10.147332872542957,0.15618734898655995,0.0026411681999124466,0.004674895798945468,0.022312478426651426
1,2025-03-01,9.428571428571429,0.20760667903525046,0.3033601319315605,1.7518318685816752,20.14107585332866,42.9976602922,300.9836220454,10.728365285508144,0.13563638201464417,0.002986562602801787,0.0043640408363450605,0.01937662600209203
1,2025-03-02,9.714285714285714,0.20361067503924643,0.26439909297052155,1.6953333026153936,20.16271370127789,42.9976602922,300.9836220454,10.01707657421943,0.13974657540902732,0.002929077380502722,0.003803559918929176,0.01996379648700391
1,2025-03-03,10.714285714285714,0.17503924646781788,0.2310657596371882,1.7570240753864186,20.202126736737306,42.9976602922,300.9836220454,10.25517181231467,0.1541322522893684,0.0025180580410644063,0.0033240373562511407,0.022018893184195486
1,2025-03-04,11.571428571428571,0.1940868655154369,0.2469387755102041,1.814037316761007,20.232161820187418,42.9976602922,300.9836220454,10.915489272632131,0.16646283247251786,0.0027920709340232834,0.0035523814337168717,0.02378040463893113
1,2025-03-05,12.857142857142858,0.16626731664325647,0.24242749731471536,1.852656072741395,20.314731962966555,42.9976602922,300.9836220454,10.121504310226115,0.18495870274724208,0.0023918678929912393,0.003487483643279243,0.026422671821034582
1,2025-03-06,13.142857142857142,0.1615054118813517,0.1971894020766201,1.9220659952752857,20.341545112478208,42.9976602922,300.9836220454,10.640551929273732,0.18906889614162523,0.00232336466975152,0.002836703022501909,0.027009842305946465
1,2025-03-07,13.714285714285714,0.1444986091602633,0.17224609141902375,1.9712776347553516,20.3950101975783,42.9976602922,300.9836220454,10.76300090886557,0.19728928293039155,0.002078710301038237,0.0024778766150557606,0.028184183275770224
1,2025-03-08,14.142857142857142,0.11796799691536533,0.1946950710108605,1.9037050847014236,20.349445354488797,42.9976602922,300.9836220454,11.018102949681898,0.20345457302196626,0.0016970494858455152,0.002800820381757295,0.02906493900313804
1,2025-03-09,14.0,0.09598997493734338,0.25421888053467,1.974083759427702,20.415500452374026,42.9976602922,300.9836220454,11.058395989974937,0.20139947632477467,0.0013808807632006569,0.0036571106722537855,0.028771353760682104
1,2025-03-10,13.857142857142858,0.10897698792435635,0.2563833826991722,1.9507917324487296,20.37635322759806,42.9976602922,300.9836220454,11.39172932330827,0.1993443796275831,0.0015677077356726187,0.0036882485009991127,0.028477768518226164
1,2025-03-11,15.285714285714286,0.095643654591023,0.2659071922229817,1.8520281339506421,20.283536341700177,42.9976602922,300.9836220454,10.9803007518797,0.2198953465994989,0.0013758987106014045,0.003825254947478551,0.03141362094278556
1,2025-03-12,14.285714285714286,0.0925108225108225,0.2370851370851371,1.8731839817164737,20.27570326146975,42.9976602922,300.9836220454,11.383809523809523,0.20550966971915785,0.0013308308005752733,0.003410630175238145,0.029358524245593983
1,2025-03-13,15.142857142857142,0.10044733044733044,0.26486291486291486,1.877814532127142,20.325165987436566,42.9976602922,300.9836220454,10.256825396825397,0.2178402499023073,0.0014450028393081392,0.003810232310803174,0.031120035700329618
1,2025-03-14,14.285714285714286,0.07663780663780664,0.29660894660894666,1.9364666569087263,20.399296311182578,42.9976602922,300.9836220454,10.304444444444444,0.20550966971915785,0.0011024867231095427,0.004266920465734636,0.02935852424559398
1,2025-03-15,17.714285714285715,0.07915881504116798,0.29156692980222393,2.098360243281953,20.620679795972755,42.9976602922,300.9836220454,8.62797385620915,0.25483199045175575,0.0011387531354129232,0.004194387641127875,0.03640457006453653
1,2025-03-16,18.428571428571427,0.10436889907478143,0.2572532043120278,2.0447379818803135,20.535338073495616,42.9976602922,300.9836220454,8.507525676937442,0.2651074739377136,0.0015014172584467311,0.003700761473665191,0.03787249627681623
1,2025-03-17,19.714285714285715,0.09138188608776843,0.25270774976657334,2.098851731890581,20.62191759104012,42.9976602922,300.9836220454,8.050382819794583,0.2836033442124378,0.0013145902859747695,0.003635372033300005,0.04051476345891969
1,2025-03-18,17.571428571428573,0.09995331465919702,0.238422035480859,2.1636119362720954,20.689084387583012,42.9976602922,300.9836220454,7.661811391223156,0.25277689375456414,0.0014378960878062644,0.0034298623635808474,0.0361109848220806
1,2025-03-19,17.428571428571427,0.11402257872846108,0.2665605636193871,2.1570838625715707,20.711355633197183,42.9976602922,300.9836220454,7.293846023257787,0.2507217970573726,0.0016402919746508896,0.003834654137270097,0.035817399579624654
1,2025-03-20,17.0,0.11084797555385792,0.28402088107970463,2.1534748497300376,20.674898094591136,42.9976602922,300.9836220454,8.239877769289533,0.2445565069657978,0.0015946231591577435,0.004085832622482402,0.03493664385225683
1,2025-03-21,17.0,0.12275273745861981,0.3078304048892284,2.08811062475151,20.60908861824336,42.9976602922,300.9836220454,6.954163483575249,0.24455650696579784,0.0017658812172570415,0.004428348738680998,0.03493664385225684
1,2025-03-22,14.714285714285714,0.11388252270605212,0.2938248026483321,1.9950664389966797,20.50204093316271,42.9976602922,300.9836220454,7.019522960699431,0.2116749598107326,0.0016382771739673683,0.004226868670328883,0.0302392799729618
1,2025-03-23,13.571428571428571,0.12041847041847042,0.3003607503607504,2.1395757610044184,20.694519695384532,42.9976602922,300.9836220454,6.806637806637807,0.19523418623319994,0.0017323012058650222,0.004320892702226536,0.02789059803331428
1,2025-03-24,12.428571428571429,0.14422799422799423,0.3146464646464646,2.1115032932097653,20.64245905604912,42.9976602922,300.9836220454,7.347113997113998,0.17879341265566734,0.002074817322063619,0.004526402371945694,0.025541916093666763
1,2025-03-25,12.571428571428571,0.1429292929292929,0.3367243867243867,2.0898659652789933,20.633038434397143,42.9976602922,300.9836220454,7.648412698412698,0.1808485093528589,0.002056134624816423,0.004844008225148029,0.025835501336122703
1,2025-03-26,13.142857142857142,0.12647907647907647,0.30382395382395383,1.9969516866262549,20.4937101568245,42.9976602922,300.9836220454,8.178282828282828,0.1890688961416252,0.0018194871263519377,0.004370713228219059,0.027009842305946465
1,2025-03-27,12.571428571428571,0.0979076479076479,0.3116161616161616,2.0555858524885493,20.630961030935374,42.9976602922,300.9836220454,6.363564213564213,0.1808485093528589,0.0014084677869136218,0.0044828094117022365,0.025835501336122703
1,2025-03-28,12.857142857142858,0.09620696763553906,0.3014120799835086,2.0836210624189837,20.672173798591746,42.9976602922,300.9836220454,7.071047206761492,0.18495870274724208,0.0013840023500422936,0.004336016790474267,0.026422671821034582
1,2025-03-29,12.285714285714286,0.13929086786229644,0.30821480107194393,2.1444841237379793,20.74066563610827,42.9976602922,300.9836220454,7.120933828076685,0.17673831595847572,0.0020037934174492776,0.004433878537959579,0.02524833085121082
1,2025-03-30,12.285714285714286,0.12341785198928057,0.32408781694495975,2.0370524946543442,20.607011439560306,42.9976602922,300.9836220454,7.56537827252113,0.17673831595847575,0.0017754493399835466,0.00466222261542531,0.025248330851210827
1,2025-03-31,12.142857142857142,0.1385693671407957,0.340321583178726,2.0241949383398534,20.58548797134153,42.9976602922,300.9836220454,6.702824159967017,0.17468321926128416,0.0019934141412008355,0.004895756331015262,0.024954745608754884
1,2025-04-01,12.857142857142858,0.13451092558235417,0.3200293753865182,2.0146469589933345,20.55424849342473,42.9976602922,300.9836220454,7.671168315811173,0.18495870274724208,0.0019350307123033475,0.004603839186527822,0.026422671821034582
1,2025-04-02,12.571428571428571,0.12498711605854464,0.4108718662290091,2.0380041721410347,20.60582220344498,42.9976602922,300.9836220454,7.732706777349634,0.1808485093528589,0.0017980242658239087,0.005910669906793237,0.025835501336122703
1,2025-04-03,12.857142857142858,0.1579541490255776,0.4228598782170211,1.8669535410863887,20.373896228492434,42.9976602922,300.9836220454,8.603835648478507,0.18495870274724208,0.002272277349791196,0.006083125573690431,0.026422671821034582
1,2025-04-04,12.285714285714286,0.14775006739292454,0.41877824556395987,1.8757322800626213,20.404273061269215,42.9976602922,300.9836220454,8.048733607662179,0.17673831595847572,0.002125484728563226,0.0060244085251992445,0.025248330851210827
1,2025-04-05,12.428571428571429,0.14434870684870685,0.4072136197136197,1.8104648340086473,20.296716794213616,42.9976602922,300.9836220454,7.890910478410478,0.17879341265566734,0.00207655385482057,0.005858043554474212,0.025541916093666763
1,2025-04-06,13.0,0.17243173493173494,0.40355061605061604,1.7791450345049262,20.22382886170732,42.9976602922,300.9836220454,8.179066766566766,0.18701379944443364,0.002480547222644555,0.005805348767366735,0.026716257063490522
1,2025-04-07,13.285714285714286,0.14445970695970695,0.41753663003663005,1.7447680495283908,20.21330591182322,42.9976602922,300.9836220454,8.694551282051282,0.19112399283881681,0.0020781506665510994,0.006006547045413464,0.0273034275484024
1,2025-04-08,13.142857142857142,0.1641025641025641,0.4395604395604396,1.7617220440375987,20.202074668514626,42.9976602922,300.9836220454,7.9963369963369955,0.18906889614162523,0.0023607264624149415,0.006323374452897165,0.027009842305946465
1,2025-04-09,12.285714285714286,0.1845107273678702,0.390894819466248,1.8541609191689723,20.26515601083243,42.9976602922,300.9836220454,8.228676085818943,0.17673831595847575,0.002654311704870881,0.005623286567040693,0.025248330851210827
1,2025-04-10,12.714285714285714,0.16047226582940866,0.394328885400314,1.9588683686747435,20.379572510831146,42.9976602922,300.9836220454,7.698456305599163,0.1829036060500505,0.0023085021644780675,0.005672687929953952,0.026129086578578646
1,2025-04-11,13.428571428571429,0.1699960753532182,0.37528126635269493,1.9255322691935235,20.331248535377878,42.9976602922,300.9836220454,7.812742019884878,0.19317908953600837,0.0024455086109575063,0.005398675036995075,0.027597012790858338
1,2025-04-12,12.285714285714286,0.1427851909994767,0.39704997383568813,1.9269964538426163,20.38206588822994,42.9976602922,300.9836220454,7.888932496075354,0.17673831595847575,0.002054061621016253,0.005711832628948077,0.02524833085121082
1,2025-04-13,12.285714285714286,0.09882914704343275,0.39704997383568813,1.930654921142305,20.398521814492565,42.9976602922,300.9836220454,7.493328100470957,0.17673831595847572,0.0014217241757265367,0.005711832628948077,0.025248330851210827
1,2025-04-14,12.571428571428571,0.11641156462585034,0.38825876504447937,1.933687001744501,20.389213581283347,42.9976602922,300.9836220454,7.338016745159602,0.1808485093528589,0.0016746591538424232,0.005585365139890134,0.025835501336122703
1,2025-04-15,12.0,0.08784013605442177,0.36055313733885164,1.9569039373278507,20.433913683897604,42.9976602922,300.9836220454,7.327627134769992,0.1726281225640926,0.0012636398144041073,0.005186800931949948,0.024661160366298944
1,2025-04-16,12.428571428571429,0.06743197278911564,0.3279000761143619,1.875234900494624,20.37753252752443,42.9976602922,300.9836220454,6.919463869463869,0.17879341265566734,0.0009700545719481676,0.004717064544020446,0.025541916093666763
1,2025-04-17,11.857142857142858,0.08231292517006802,0.3189715046857904,1.8715966169754854,20.409969940462705,42.9976602922,300.9836220454,6.717082917082918,0.17057302586690098,0.0011841271445722902,0.004588621000445972,0.024367575123843004
1,2025-04-18,12.285714285714286,0.07278911564625849,0.3443683300826158,1.919468004082529,20.446587857865513,42.9976602922,300.9836220454,7.371051171051171,0.17673831595847572,0.0010471206980928517,0.004953971524391141,0.025248330851210827
1,2025-04-19,12.857142857142858,0.07835497835497836,0.34251304251304254,1.948145221060315,20.415980790132817,42.9976602922,300.9836220454,8.358064158064158,0.18495870274724208,0.0011271894005808352,0.004927281956895147,0.026422671821034586
1,2025-04-20,13.714285714285714,0.10091136933242197,0.33615098351940453,1.870555144240619,20.319862647983705,42.9976602922,300.9836220454,8.672696893749526,0.19728928293039155,0.0014516783527689793,0.004835759431919003,0.02818418327577022
1,2025-04-21,13.428571428571429,0.07233994076099338,0.30098614835456944,1.857267350285619,20.286544654938528,42.9976602922,300.9836220454,9.179656600709233,0.19317908953600837,0.0010406590133306636,0.004329889475687231,0.027597012790858345
1,2025-04-22,14.571428571428571,0.07985873775347459,0.3221754853333801,1.8702363345522208,20.30066583107589,42.9976602922,300.9836220454,8.95545974493343,0.20961986311354103,0.0011488219973933781,0.004634712430773063,0.029945694730505866
1,2025-04-23,15.0,0.09084774874248558,0.32657108972898446,1.915539982700278,20.323914480782367,42.9976602922,300.9836220454,9.614800404274089,0.21578515320511577,0.0013069063587158073,0.004697946175302034,0.03082645045787368
1,2025-04-24,16.142857142857142,0.10275251064724748,0.305142518300413,1.8810479488003786,20.20852431132811,42.9976602922,300.9836220454,11.16718135665504,0.23222592678264836,0.0014781644168151053,0.0043896816707232975,0.0331751323975212
1,2025-04-25,15.0,0.13132393921867605,0.2845075976654924,1.8363253004939366,20.1415403506136,42.9976602922,300.9836220454,11.541784531258216,0.21578515320511577,0.0018891837562534212,0.004092834370017847,0.03082645045787368
1,2025-04-26,15.285714285714286,0.12732793522267208,0.27851359167148637,1.8705662241856804,20.193498400698676,42.9976602922,300.9836220454,10.90641989589358,0.2198953465994989,0.001831698533954356,0.004006606536569249,0.03141362094278556
1,2025-04-27,14.142857142857142,0.1567195961932804,0.27988064567011933,1.9831404451120063,20.35666060065591,42.9976602922,300.9836220454,10.73963930806036,0.2034545730219663,0.0022545174716540584,0.004026272533671561,0.02906493900313804
1,2025-04-28,13.571428571428571,0.1567195961932804,0.2896486554381291,2.0466849906124915,20.40624714792571,42.9976602922,300.9836220454,11.794584363005415,0.19523418623319996,0.0022545174716540584,0.004166791965958165,0.027890598033314284
1,2025-04-29,11.857142857142858,0.16960896246610532,0.27031460602889174,2.0079479269344658,20.370205913733372,42.9976602922,300.9836220454,12.323048380191237,0.170573025866901,0.0024399397300472843,0.0038886585783683273,0.024367575123843004
1,2025-04-30,10.857142857142858,0.15861995147709435,0.3087761444904302,1.9603653648867283,20.318035479333854,42.9976602922,300.9836220454,11.758945816088673,0.15618734898655998,0.002281855368724855,0.00444195384299683,0.02231247842665143
1,2025-05-01,9.571428571428571,0.1488796917368346,0.29773718345146916,1.965352724686291,20.353570677418407,42.9976602922,300.9836220454,11.730374387517246,0.13769147871183576,0.002141735139370884,0.004283150916395662,0.01967021124454797
1,2025-05-02,9.285714285714286,0.15602254887969175,0.29059432630861204,1.9434816248132787,20.336592404476654,42.9976602922,300.9836220454,11.458945816088674,0.13358128531745259,0.0022444899742304625,0.004180396081536083,0.01908304075963609
1,2025-05-03,9.428571428571429,0.17486085343228197,0.2678313749742321,1.8673560017985884,20.310172661726654,42.9976602922,300.9836220454,10.94403215831787,0.13563638201464417,0.0025154917364974836,0.0038529356187967656,0.01937662600209203
1,2025-05-04,9.428571428571429,0.161873840445269,0.2938054009482581,1.85338900740281,20.276547543744563,42.9976602922,300.9836220454,11.255720470006183,0.13563638201464417,0.002328664764025522,0.004226589563740689,0.01937662600209203
1,2025-05-05,9.714285714285714,0.174860853432282,0.26205936920222633,1.8588375589341146,20.31037432057924,42.9976602922,300.9836220454,9.905071119356833,0.13974657540902732,0.0025154917364974836,0.0037699014088092265,0.01996379648700391
1,2025-05-06,10.428571428571429,0.17826221397649963,0.28076685219542363,1.8803166591286242,20.281031741114198,42.9976602922,300.9836220454,10.973098330241186,0.15002205889498524,0.0025644226102401403,0.004039021214393838,0.02143172269928361
1,2025-05-07,11.571428571428571,0.17826221397649963,0.27056277056277056,1.87863237954817,20.299454761013354,42.9976602922,300.9836220454,10.959492888064316,0.16646283247251786,0.0025644226102401403,0.003892228593165868,0.02378040463893113
1,2025-05-08,11.714285714285714,0.17609771181199751,0.2673160173160173,1.9068398824650308,20.3213887940935,42.9976602922,300.9836220454,10.388064316635745,0.16851792916970945,0.0025332847814948135,0.0038455218500478778,0.024073989881387068
1,2025-05-09,12.285714285714286,0.17609771181199751,0.2435064935064935,2.0142622706180373,20.477463107691356,42.9976602922,300.9836220454,9.602350030921459,0.17673831595847575,0.0025332847814948135,0.0035030057338492813,0.02524833085121082
10,2025-01-01,17.0,0.35604451570838125,0.33879565812338924,1.4008775830334321,20.36826580712714,54.40056556736668,326.4033934042,89.06091807352311,0.13166830722113057,0.0027576340399229292,0.0026240382822926784,0.02194471787018843
10,2025-01-02,17.142857142857142,0.33171170566128555,0.3442901636178947,1.4146716418931695,20.32569304147433,54.40056556736666,326.4033934042,88.92041571873506,0.13277476358433335,0.002569171692344434,0.0026665942962620162,0.02212912726405556
10,2025-01-03,17.285714285714285,0.377166251115831,0.3020823714101025,1.3846398305106689,20.340747151790712,54.40056556736668,326.4033934042,89.15309970141902,0.13388121994753613,0.002921225989727136,0.0023396867344066498,0.02231353665792269
10,2025-01-04,16.285714285714285,0.38388894019146125,0.30544371594791764,1.3810652064541684,20.45637130483805,54.40056556736666,326.4033934042,88.75225936528457,0.12613602540511668,0.0029732945244660904,0.002365721001776127,0.02102267090085278
10,2025-01-05,15.857142857142858,0.4163564726589937,0.3471876862633165,1.354556152749667,20.42503259215911,54.40056556736668,326.4033934042,88.84687903133282,0.12281665631550835,0.003224761879739449,0.0026890361728418737,0.020469442719251395
10,2025-01-06,14.571428571428571,0.42996191483586443,0.3131740808211397,1.3786220717015791,20.410448726243533,54.40056556736666,326.4033934042,88.62408991568655,0.11285854904668337,0.003330138676234952,0.0024255941816031176,0.018809758174447227
10,2025-01-07,14.142857142857142,0.39154654868940586,0.3239784025498311,1.3308989713199602,20.43186373813698,54.40056556736668,326.4033934042,88.91340564197706,0.10953917995707503,0.003032604192012356,0.002509275755290722,0.018256529992845837
10,2025-01-08,11.571428571428571,0.3668212739641312,0.385791589363018,1.3578036442326662,20.44364571868108,54.40056556736666,326.4033934042,88.69087816944959,0.08962296541942502,0.0028411021291503366,0.0029880309124457704,0.014937160903237504
10,2025-01-09,11.428571428571429,0.35818705104419396,0.3802970838685124,1.3692029182652423,20.392137203154277,54.40056556736668,326.4033934042,88.58962228247943,0.08851650905622224,0.002774228392912806,0.0029454748984764326,0.014752751509370374
10,2025-01-10,11.142857142857142,0.3153299081870511,0.3874399410113695,1.358811049351478,20.380596585878923,54.40056556736666,326.4033934042,87.64914609200324,0.08630359632981668,0.0024422914839519728,0.003000797716636572,0.014383932721636114
10,2025-01-11,11.571428571428571,0.269176062033205,0.413813567384996,1.4151153186883574,20.255598867677712,54.40056556736668,326.4033934042,87.8942010370582,0.08962296541942502,0.0020848209666095366,0.0032050665836893923,0.014937160903237504
10,2025-01-12,11.571428571428571,0.217228010085153,0.4527746063460349,1.459710401014213,20.365096625603176,54.40056556736666,326.4033934042,87.9201750630322,0.08962296541942502,0.0016824731981721628,0.003506827410017423,0.014937160903237504
10,2025-01-13,12.0,0.17913277198991492,0.4622984158698445,1.4567482250890968,20.37813579146572,54.40056556736668,326.4033934042,88.17969887255602,0.09294233450903334,0.0013874181679847555,0.0035805911675642747,0.015490389084838891
10,2025-01-14,11.714285714285714,0.20634365634365642,0.4367882117882118,1.4444261478730973,20.35593114067794,54.40056556736666,326.4033934042,88.0997668997669,0.0907294217826278,0.001598171760975761,0.0033830096741352066,0.015121570297104635
10,2025-01-15,12.571428571428571,0.23185386042528908,0.4087269872984159,1.3820344379015537,20.347327812600746,54.40056556736668,326.4033934042,88.23752200180772,0.09736815996184447,0.0017957532544048283,0.003165670031363233,0.01622802666030741
10,2025-01-16,12.714285714285714,0.25069216497787933,0.38360924789496215,1.3438715102666332,20.435878617210907,54.40056556736666,326.4033934042,88.45102278673707,0.09847461632504725,0.0019416595880139861,0.0029711282532176894,0.01641243605417454
10,2025-01-17,13.142857142857142,0.2550877693734837,0.4286641929499072,1.3183923863607725,20.46513032347089,54.40056556736666,326.4033934042,89.5883854240997,0.10179398541465558,0.0019757043991894562,0.003320087567766258,0.01696566423577593
10,2025-01-18,12.428571428571429,0.333384472670187,0.37371913800485235,1.2447890971281448,20.528211071374837,54.40056556736666,326.4033934042,89.69690190761618,0.0962617035986417,0.002582127598252517,0.0028945274280728814,0.01604361726644028
10,2025-01-19,12.0,0.33500784929356364,0.33638147566718996,1.2626126709221945,20.502848493883285,54.40056556736666,326.4033934042,89.19365515436944,0.09294233450903334,0.002594700966016185,0.0026053399695085194,0.015490389084838893
10,2025-01-20,11.142857142857142,0.37310308738880177,0.32685766614338047,1.2736019651824348,20.59379424947496,54.40056556736666,326.4033934042,88.99365515436943,0.08630359632981668,0.002889755996203592,0.002531576211961667,0.014383932721636114
10,2025-01-21,10.857142857142858,0.38262689691261126,0.3340005232862376,1.2605967865802543,20.566104052404114,54.40056556736668,326.4033934042,89.26746467817895,0.08409068360341111,0.0029635197537504444,0.0025868990301218067,0.014015113933901854
10,2025-01-22,10.142857142857142,0.3531484388627247,0.3362680969823827,1.3088476006023215,20.560450831219736,54.40056556736666,326.4033934042,89.37970957613814,0.07855840178739724,0.002735203361343522,0.0026044618295377234,0.013093066964566207
10,2025-01-23,9.857142857142858,0.3480463980463981,0.3668803418803419,1.3549563546802506,20.550235434110316,54.40056556736668,326.4033934042,88.85760073260074,0.07634548906099169,0.0026956870626577084,0.0028415596216526044,0.012724248176831947
10,2025-01-24,9.857142857142858,0.3810134310134311,0.32292429792429794,1.3724010309908017,20.64160658002211,54.40056556736668,326.4033934042,88.56089743589745,0.07634548906099169,0.002951023146473734,0.0025011115098979033,0.012724248176831947
10,2025-01-25,11.714285714285714,0.3529522065236351,0.39095150880865165,1.425380929001983,20.5747342321525,54.40056556736668,326.4033934042,88.69099947671377,0.09072942178262779,0.00273368350370176,0.003027995492375417,0.015121570297104635
10,2025-01-26,12.285714285714286,0.33509506366649233,0.3969038897610326,1.3960084189056798,20.514381600590607,54.40056556736668,326.4033934042,88.78623757195187,0.09515524723543892,0.002595376458301412,0.0030740978408421993,0.015859207872573153
10,2025-01-27,13.0,0.3180882609454039,0.40030525030525027,1.4261531959773848,20.394854781982136,54.40056556736666,326.4033934042,88.36787022501309,0.10068752905145281,0.002463655462682034,0.0031004420399660744,0.0167812548419088
10,2025-01-28,13.142857142857142,0.2999064427635857,0.44835719835719834,1.446945311751213,20.35294414536188,54.40056556736666,326.4033934042,88.0756624328053,0.10179398541465558,0.0023228337437289533,0.0034726137257706452,0.01696566423577593
10,2025-01-29,13.714285714285714,0.3231054659626089,0.4617882117882118,1.4388638719855174,20.32346265791574,54.40056556736666,326.4033934042,87.778959136102,0.1062198108674667,0.0025025146915994903,0.003576639537695693,0.017703301811244448
10,2025-01-30,13.571428571428571,0.35232624518338806,0.42932067932067935,1.3756572877944298,20.27352704334734,54.40056556736666,326.4033934042,88.6350197421626,0.10511335450426391,0.002728835311345513,0.0033251721824223346,0.017518892417377318
10,2025-01-31,14.285714285714286,0.3181382109953539,0.4409201909201909,1.418758163820134,20.13553168398661,54.40056556736666,326.4033934042,89.06420167134453,0.11064563632027781,0.0024640423355363006,0.0034150126563576026,0.018440939386712967
10,2025-02-01,14.428571428571429,0.32184878613450046,0.3988670060098632,1.3810726047133255,20.162022731341647,54.40056556736666,326.4033934042,88.80260612403468,0.11175209268348059,0.002492781461853256,0.0030893025580987768,0.018625348780580094
10,2025-02-02,14.857142857142858,0.38137259565831005,0.3679146250574822,1.3824522000370798,20.166553154740964,54.40056556736666,326.4033934042,89.42879660022517,0.1150714617730889,0.0029538049465210802,0.002849570346071508,0.019178576962181483
10,2025-02-03,15.0,0.37933177933177936,0.35498945498945494,1.3197531943997294,20.175821160957042,54.40056556736667,326.4033934042,90.04716394716395,0.11617791813629168,0.0029379984270467554,0.0027494623894007805,0.019362986356048613
10,2025-02-04,15.142857142857142,0.36418026418026417,0.2997946497946498,1.3625695781225537,20.23306651572161,54.40056556736667,326.4033934042,90.17270507270507,0.11728437449949447,0.0028206469945858542,0.0023219678854360707,0.019547395749915743
10,2025-02-05,15.285714285714286,0.33984745413316847,0.29430014430014434,1.3441127183567392,20.224448219115917,54.40056556736666,326.4033934042,90.63267367553081,0.11839083086269724,0.0026321846470073592,0.0022794118714667333,0.019731805143782873
10,2025-02-06,15.142857142857142,0.3034838177695321,0.31248196248196247,1.3904576697195847,20.234973562582184,54.40056556736666,326.4033934042,90.31708925994641,0.11728437449949447,0.002350541209101197,0.002420233590419814,0.019547395749915743
10,2025-02-07,14.857142857142858,0.30745207173778605,0.2747835497835498,1.4102155599910098,20.242377024697536,54.40056556736666,326.4033934042,90.23474799010513,0.11507146177308891,0.002381276108079052,0.002128252050130192,0.019178576962181483
10,2025-02-08,14.142857142857142,0.30974389755902365,0.28242296918767507,1.4552547261489257,20.247300335348648,54.40056556736666,326.4033934042,90.16981292517006,0.10953917995707503,0.0023990267449218775,0.0021874208396062762,0.018256529992845834
10,2025-02-09,14.142857142857142,0.2811724689875951,0.28242296918767507,1.425082618395061,20.278281115663326,54.40056556736666,326.4033934042,89.99838435374149,0.109539179957075,0.0021777354722813218,0.0021874208396062762,0.018256529992845837
10,2025-02-10,14.285714285714286,0.32402961184473794,0.28897058823529415,1.436536955840658,20.275429531831218,54.40056556736666,326.4033934042,90.1376700680272,0.1106456363202778,0.0025096723812421556,0.0022381334229197368,0.018440939386712967
10,2025-02-11,15.0,0.34223689475790325,0.3120798319327731,1.3911131030145134,20.299698474135337,54.40056556736666,326.4033934042,90.40097539015606,0.1161779181362917,0.0026506913294934895,0.0024171190110848922,0.019362986356048613
10,2025-02-12,13.714285714285714,0.3687675070028012,0.3263655462184874,1.399992328617974,20.323709367906154,54.40056556736668,326.4033934042,90.43771008403361,0.1062198108674667,0.0028561760826597204,0.00252776464740517,0.017703301811244448
10,2025-02-13,13.714285714285714,0.3544817927170869,0.3549369747899159,1.3256263631802767,20.422186136625367,54.40056556736668,326.4033934042,90.05199579831933,0.10621981086746668,0.002745530446339442,0.002749055920045725,0.017703301811244448
10,2025-02-14,13.571428571428571,0.3568627450980393,0.4132703081232493,1.2434532846860196,20.489265457083516,54.40056556736668,326.4033934042,89.8502100840336,0.10511335450426389,0.0027639713857261555,0.0032008589350201937,0.017518892417377318
10,2025-02-15,13.428571428571429,0.3432072829131654,0.39751400560224087,1.2197363968694803,20.487520687187352,54.40056556736668,326.4033934042,90.04663865546217,0.10400689814106112,0.0026582071745376544,0.003078823306725769,0.017334483023510188
10,2025-02-16,13.285714285714286,0.3173569427771109,0.43016706682673067,1.1979166509359511,20.523403824617876,54.40056556736668,326.4033934042,89.71602641056424,0.10290044177785836,0.0024579912611961997,0.003331727618314975,0.017150073629643058
10,2025-02-17,12.857142857142858,0.3008734262935944,0.45145827561793944,1.142740000108281,20.583011312302766,54.40056556736668,326.4033934042,89.33278465232249,0.09958107268825002,0.0023303232192881866,0.003496632172446159,0.01659684544804167
10,2025-02-18,12.571428571428571,0.27790423861852437,0.44025379382522234,1.1507594692435832,20.575085753551537,54.40056556736668,326.4033934042,89.56471742543171,0.09736815996184447,0.0021524223922634264,0.0034098512812145683,0.01622802666030741
10,2025-02-19,14.0,0.2969518576661434,0.3926347462061747,1.1847067379491985,20.547982832794435,54.40056556736666,326.4033934042,89.20281266352696,0.10843272359387224,0.00229994990735713,0.003041032493480309,0.018072120598978707
10,2025-02-20,14.285714285714286,0.30647566718995295,0.4140633176347462,1.2469261920169632,20.49761303970779,54.40056556736668,326.4033934042,89.63138409209839,0.1106456363202778,0.002373713664903982,0.003207000947960726,0.018440939386712964
10,2025-02-21,13.571428571428571,0.31123757195185775,0.42358712715855573,1.2650741040390912,20.51211046644633,54.40056556736666,326.4033934042,89.5456698063841,0.10511335450426391,0.0024105955436774075,0.0032807647055075775,0.017518892417377318
10,2025-02-22,13.428571428571429,0.27671376242804824,0.49144427001569857,1.265415410525558,20.525558339870088,54.40056556736668,326.4033934042,89.30162218733646,0.10400689814106114,0.0021432019225700698,0.0038063314780288973,0.017334483023510188
10,2025-02-23,13.571428571428571,0.25494505494505504,0.5064102564102564,1.3116575019462398,20.520153210817533,54.40056556736666,326.4033934042,89.46080586080586,0.10511335450426391,0.0019745990481772656,0.00392224595417395,0.017518892417377314
10,2025-02-24,13.857142857142858,0.22857142857142865,0.5071428571428571,1.3468866607076257,20.479577706643227,54.40056556736668,326.4033934042,89.7047619047619,0.10732626723066947,0.0017703301811244447,0.003927920089369862,0.017887711205111574
10,2025-02-25,14.0,0.2720238095238096,0.5130952380952382,1.3251949053199206,20.462624488076862,54.40056556736666,326.4033934042,89.4029761904762,0.10843272359387224,0.0021068773249319564,0.003974022437836644,0.018072120598978704
10,2025-02-26,13.857142857142858,0.2162414965986395,0.5056122448979592,1.3174306418452872,20.466875656301045,54.40056556736668,326.4033934042,89.13630952380952,0.10732626723066947,0.0016748324593003955,0.003916065199764117,0.017887711205111578
10,2025-02-27,14.0,0.21440999476713768,0.43143642072213506,1.3162013902180565,20.415957397689628,54.40056556736666,326.4033934042,89.40004578754578,0.10843272359387225,0.0016606471213106166,0.00334155901117806,0.018072120598978704
10,2025-02-28,14.285714285714286,0.20726713762428053,0.40524594453165885,1.3476005673952496,20.325353175615515,54.40056556736668,326.4033934042,89.44052197802198,0.1106456363202778,0.0016053243031504774,0.0031387086779242172,0.018440939386712964
10,2025-03-01,14.285714285714286,0.22631475667189957,0.3671507064364207,1.3693737108545487,20.336041090465756,54.40056556736666,326.4033934042,89.63099816849818,0.11064563632027781,0.0017528518182441811,0.0028436536477368097,0.018440939386712967
10,2025-03-02,14.571428571428571,0.232477221657894,0.38339720503586056,1.3866926453282196,20.275505300375727,54.40056556736668,326.4033934042,89.96881329454858,0.11285854904668335,0.001800581308421556,0.002969485940022616,0.018809758174447227
10,2025-03-03,14.571428571428571,0.251524840705513,0.38339720503586056,1.4030042549071822,20.235948320662537,54.40056556736666,326.4033934042,90.03547996121526,0.11285854904668335,0.0019481088235152595,0.002969485940022616,0.018809758174447227
10,2025-03-04,14.857142857142858,0.2445803962610686,0.3695083161469716,1.4184473535550648,20.214701717638402,54.40056556736668,326.4033934042,89.99282123105652,0.11507146177308891,0.0018943227503040135,0.0028619137936001238,0.019178576962181483
10,2025-03-05,15.0,0.26226747109100057,0.4055627379156791,1.4098067500656035,20.222788829208106,54.40056556736667,326.4033934042,90.069011707247,0.1161779181362917,0.002031312585748167,0.003141162304313206,0.019362986356048613
10,2025-03-06,16.0,0.26886087768440714,0.4583099906629319,1.414314853210551,20.24854172269776,54.40056556736668,326.4033934042,89.60527544351075,0.12392311267871113,0.002082379802511372,0.003549700038418847,0.020653852113118522
10,2025-03-07,17.285714285714285,0.2739629185007337,0.44640522875816996,1.4389220437504966,20.23509030584959,54.40056556736666,326.4033934042,89.6954114979325,0.13388121994753613,0.0021218961011971855,0.003457495341485282,0.02231353665792269
10,2025-03-08,17.714285714285715,0.2834867280245432,0.45434173669467787,1.390020542546092,20.170148836169858,54.40056556736668,326.4033934042,89.83826864078965,0.13720058903714447,0.0021956598587440372,0.003518965139440992,0.02286676483952408
10,2025-03-09,17.428571428571427,0.2963718820861678,0.41904761904761906,1.3427336015003408,20.24197911147987,54.40056556736666,326.4033934042,89.50045351473922,0.1349876763107389,0.0022954578836603665,0.003245605332061482,0.022497946051789817
10,2025-03-10,18.0,0.2637904284520826,0.4426065162907268,1.3049979089693513,20.274069978798245,54.40056556736668,326.4033934042,89.36160639694474,0.13941350176355002,0.0020431081867895574,0.0034280735744142213,0.023235583627258336
10,2025-03-11,17.0,0.286156950818605,0.40292397660818713,1.3415561873290556,20.292502522564387,54.40056556736666,326.4033934042,89.2281287634671,0.1316683072211306,0.002216341253755649,0.0031207245846356715,0.02194471787018843
10,2025-03-12,18.428571428571427,0.27091885558050977,0.4105430242272347,1.2984077789986748,20.305620237453134,54.40056556736668,326.4033934042,89.35765257299092,0.14273287085315836,0.002098319241680686,0.0031797355906731527,0.02378881180885973
10,2025-03-13,17.0,0.28520456986622406,0.35340016708437766,1.3673445805811586,20.27580655266387,54.40056556736666,326.4033934042,89.35765257299092,0.1316683072211306,0.002208964878000964,0.002737153045392042,0.02194471787018843
10,2025-03-14,17.142857142857142,0.28334928229665074,0.35772917141338195,1.3186619707382616,20.362019780876533,54.40056556736668,326.4033934042,89.49587149692412,0.13277476358433335,0.002194595314842486,0.0027706820260951564,0.022129127264055557
10,2025-03-15,16.857142857142858,0.2803730918204603,0.3468164730006835,1.3464121568746616,20.36846927374804,54.40056556736666,326.4033934042,89.38872863978126,0.1305618508579278,0.002171544140609095,0.0026861610539060557,0.0217603084763213
10,2025-03-16,17.571428571428573,0.3065635680109365,0.3111021872863978,1.334889969975461,20.28527346126231,54.40056556736668,326.4033934042,89.4815857826384,0.1360941326739417,0.0023743944738629373,0.002409546963105361,0.02268235544565695
10,2025-03-17,17.142857142857142,0.3272402597402598,0.27444805194805194,1.4020013915134277,20.29259296146065,54.40056556736666,326.4033934042,89.6126948051948,0.13277476358433335,0.002534539473800182,0.0021256535541257005,0.02212912726405556
10,2025-03-18,17.714285714285715,0.27788961038961046,0.31254329004329007,1.3512241342166427,20.234152610070474,54.40056556736668,326.4033934042,89.98585497835498,0.13720058903714447,0.0021523090937846765,0.002420708584313108,0.02286676483952408
10,2025-03-19,16.142857142857142,0.27544063079777376,0.30968614718614723,1.3957352634533962,20.286237070327168,54.40056556736666,326.4033934042,89.89238559059989,0.1250295690419139,0.0021333412704154864,0.0023985794570490523,0.02083826150698565
10,2025-03-20,16.285714285714285,0.2585575139146568,0.34604978354978355,1.325772061629921,20.28871553515292,54.40056556736668,326.4033934042,89.87160636982064,0.12613602540511668,0.00200257824567334,0.002680222894955214,0.021022670900852778
10,2025-03-21,14.857142857142858,0.2672155225726655,0.35362554112554107,1.3195135874715318,20.298316225951858,54.40056556736666,326.4033934042,89.77420377241806,0.11507146177308893,0.002069636207079569,0.002738898611185664,0.019178576962181487
10,2025-03-22,14.857142857142858,0.2404298082869512,0.34469696969696967,1.3195647649996052,20.30634230842522,54.40056556736668,326.4033934042,89.95277520098948,0.11507146177308891,0.0018621756389790476,0.002669745088485491,0.019178576962181483
10,2025-03-23,13.142857142857142,0.2297155225726655,0.3411255411255411,1.3499101755668053,20.36649988996353,54.40056556736666,326.4033934042,89.67777520098947,0.10179398541465558,0.0017791914117388393,0.0026420836794054216,0.01696566423577593
10,2025-03-24,13.142857142857142,0.22078695114409408,0.3411255411255411,1.3285336974497832,20.377737503902583,54.40056556736666,326.4033934042,89.67777520098947,0.10179398541465558,0.0017100378890386656,0.002642083679405421,0.01696566423577593
10,2025-03-25,13.428571428571429,0.21742560660627894,0.38706391647568117,1.3134363643136482,20.44645484215758,54.40056556736666,326.4033934042,89.4749740805413,0.10400689814106114,0.0016840036216691887,0.002997885333454942,0.017334483023510188
10,2025-03-26,12.714285714285714,0.21289045921398866,0.3791274085391732,1.2443206557939968,20.393968274027248,54.40056556736667,326.4033934042,89.79130061115355,0.09847461632504724,0.0016488780228373545,0.002936415535499232,0.016412436054174542
10,2025-03-27,13.285714285714286,0.2250116713352008,0.38085901027077496,1.272882410680251,20.433511004441844,54.40056556736667,326.4033934042,90.01207983193277,0.10290044177785836,0.001742759168806075,0.0029498271277804784,0.017150073629643058
10,2025-03-28,14.0,0.22781279178338007,0.3801587301587302,1.3362085540618456,20.33261862450169,54.40056556736667,326.4033934042,90.00367647058825,0.10843272359387224,0.0017644543916139725,0.002944403322078504,0.018072120598978707
10,2025-03-29,14.714285714285714,0.27798285981059095,0.39206349206349206,1.3303836715916935,20.322681591288838,54.40056556736667,326.4033934042,89.63973089235695,0.11396500540988612,0.0021530313286911387,0.003036608019012069,0.018994167568314353
10,2025-03-30,16.142857142857142,0.27996698679471793,0.42976190476190473,1.331583000156485,20.317514663698734,54.40056556736667,326.4033934042,89.83615946378552,0.1250295690419139,0.002168398778180066,0.0033285895593016908,0.02083826150698565
10,2025-03-31,16.142857142857142,0.30675270108043223,0.49226190476190473,1.336488842617539,20.255880360789625,54.40056556736667,326.4033934042,90.07723089235695,0.1250295690419139,0.0023758593462805872,0.003812664218202906,0.02083826150698565
10,2025-04-01,15.857142857142858,0.2910664265706283,0.48441876750700275,1.401123420525478,20.23940808274175,54.40056556736667,326.4033934042,89.64193677470988,0.12281665631550835,0.0022543660985563604,0.0037519175943407923,0.020469442719251392
10,2025-04-02,17.428571428571427,0.32519341069761243,0.45664098972922496,1.4825715933941699,20.270204369104004,54.40056556736666,326.4033934042,88.79907963185273,0.1349876763107389,0.002518686229765913,0.003536773301495808,0.02249794605178982
10,2025-04-03,18.0,0.347248548542224,0.4275683080249644,1.4966408332575096,20.249729825897383,54.40056556736668,326.4033934042,88.91186158673996,0.13941350176355002,0.002689507563032307,0.0033115997258264707,0.023235583627258336
10,2025-04-04,18.142857142857142,0.32063790428452094,0.4004908103592314,1.495530250894939,20.286398277855884,54.40056556736666,326.4033934042,88.7297887576083,0.14051995812675283,0.0024834029463572794,0.0031018792386834602,0.02341999302112547
10,2025-04-05,17.571428571428573,0.3198375841564696,0.38648520811833503,1.5032777107404507,20.27112381024667,54.40056556736668,326.4033934042,88.96348223499925,0.1360941326739417,0.0024772043112693087,0.002993403124643972,0.02268235544565695
10,2025-04-06,18.285714285714285,0.3077602894704793,0.3868302736807919,1.5132568243461926,20.208181334061884,54.40056556736668,326.4033934042,88.5814946573595,0.14162641448995558,0.0023836633143801854,0.0029960757245550904,0.0236044024149926
10,2025-04-07,18.428571428571427,0.287802306277202,0.3547924585547415,1.542618408791718,20.192221116034368,54.40056556736668,326.4033934042,88.37561230441834,0.14273287085315836,0.0022290848518739144,0.0027479366136897616,0.023788811808859726
10,2025-04-08,19.142857142857142,0.2997070681819639,0.3286019823642653,1.507609792889485,20.218912495037507,54.40056556736668,326.4033934042,88.38989801870403,0.14826515266917226,0.0023212895488074793,0.0025450862804359186,0.024710858778195375
10,2025-04-09,17.857142857142858,0.3016551201300159,0.3708097745720575,1.4382553515819971,20.183532140599407,54.40056556736668,326.4033934042,89.24574217454821,0.13830704540034724,0.002336377590123881,0.002871993842291285,0.02305117423339121
10,2025-04-10,17.0,0.3294168321022542,0.3442048005986625,1.3712193074095278,20.118719887962982,54.40056556736668,326.4033934042,88.85823494493572,0.13166830722113057,0.0025513974501794813,0.002665933143071335,0.02194471787018843
10,2025-04-11,15.428571428571429,0.3260154715580365,0.4144995851791613,1.41138413413317,20.152116925342366,54.40056556736668,326.4033934042,87.7017723599017,0.11949728722590003,0.0025250532510556058,0.0032103799249647647,0.019916214537650002
10,2025-04-12,15.142857142857142,0.3159314379445911,0.4189813778962482,1.4240509295254467,20.098085169363507,54.40056556736668,326.4033934042,87.94154827026584,0.11728437449949447,0.0024469504489471744,0.003245092281457401,0.019547395749915743
10,2025-04-13,14.428571428571429,0.32800873263058145,0.38689028058775954,1.424645566976451,20.195439632914127,54.40056556736666,326.4033934042,88.09337711774687,0.11175209268348059,0.002540491445836298,0.0029965404897234434,0.018625348780580094
10,2025-04-14,14.285714285714286,0.34796671582385874,0.3474995242852386,1.4601760849259198,20.23800382901919,54.40056556736668,326.4033934042,87.86175947068804,0.1106456363202778,0.0026950699083425687,0.0026914514189873835,0.018440939386712967
10,2025-04-15,14.0,0.366220684077827,0.34511857190428624,1.4521929067188064,20.235729893904868,54.40056556736666,326.4033934042,88.24588645481504,0.10843272359387224,0.0028364504436407013,0.0026730104796006708,0.018072120598978707
10,2025-04-16,13.571428571428571,0.3321297749869179,0.28505363683935114,1.5376827502472528,20.155949595576732,54.40056556736668,326.4033934042,88.78647087039944,0.10511335450426391,0.0025724097206036747,0.0022077958723449574,0.017518892417377318
10,2025-04-17,14.0,0.27993197278911575,0.3187074829931973,1.545470943397371,20.21185519485012,54.40056556736666,326.4033934042,89.11476757369614,0.10843272359387224,0.0021681275878949672,0.00246845145790715,0.018072120598978707
10,2025-04-18,15.285714285714286,0.30416666666666675,0.2702380952380952,1.503945781049806,20.13042782238552,54.40056556736667,326.4033934042,90.91706349206349,0.11839083086269724,0.0023558300066525814,0.0020930466203919217,0.019731805143782873
10,2025-04-19,15.714285714285714,0.2946428571428572,0.2876984126984127,1.4856987191488877,20.26988092469633,54.40056556736667,326.4033934042,90.5218253968254,0.12171019995230557,0.0022820662491057292,0.0022282801758944835,0.020285033325384266
10,2025-04-20,15.857142857142858,0.2992376775271513,0.3240392648287385,1.4870594351946071,20.217467626586433,54.40056556736667,326.4033934042,90.7858187134503,0.12281665631550835,0.0023176540268695614,0.002509747145481155,0.020469442719251395
10,2025-04-21,15.142857142857142,0.29761430090377466,0.3573184856079593,1.4148670590845176,20.195503569817458,54.40056556736667,326.4033934042,90.67137066150224,0.11728437449949447,0.0023050806591058937,0.0027675011846363473,0.019547395749915746
10,2025-04-22,15.0,0.2831418452548484,0.34331288336706295,1.420220476088555,20.18008266052394,54.40056556736667,326.4033934042,90.78388233283745,0.11617791813629168,0.002192988674598423,0.0026590250705968597,0.019362986356048616
10,2025-04-23,16.428571428571427,0.2732212103342135,0.4048208198749994,1.3883112464145195,20.264239293597182,54.40056556736667,326.4033934042,89.98427915823426,0.12724248176831948,0.0021161514271537856,0.0031354160047536114,0.02120708029471991
10,2025-04-24,15.571428571428571,0.2660783531913563,0.4316065341607137,1.3878878988207493,20.287319148186082,54.40056556736668,326.4033934042,90.01642201537712,0.1206037435891028,0.0020608286089936465,0.0033428765728541325,0.020100623931517132
10,2025-04-25,15.857142857142858,0.25318152779453096,0.4256541532083328,1.321866886145878,20.347260449954,54.40056556736666,326.4033934042,89.63249344394855,0.12281665631550835,0.0019609401873156183,0.00329677422438735,0.020469442719251392
10,2025-04-26,15.142857142857142,0.26050753512053826,0.4360326635868431,1.2854929758066687,20.279027256582108,54.40056556736668,326.4033934042,90.06655937801449,0.11728437449949447,0.002017681539274735,0.003377157806329432,0.019547395749915746
10,2025-04-27,15.857142857142858,0.24797620679973625,0.44731085907556495,1.2921120544388314,20.26666866131615,54.40056556736666,326.4033934042,90.19939145821499,0.12281665631550835,0.0019206239635551927,0.0034645096244770193,0.020469442719251392
10,2025-04-28,16.285714285714285,0.26745672628025574,0.4102051076840993,1.307762908685826,20.27960319297842,54.40056556736668,326.4033934042,90.36358440812224,0.12613602540511668,0.002071504376719208,0.0031771183613074666,0.021022670900852785
10,2025-04-29,16.285714285714285,0.28426344896933137,0.40180174633956145,1.3164159474594577,20.28760840864032,54.40056556736666,326.4033934042,90.51484491232391,0.1261360254051167,0.0022016757135665936,0.0031120326928837745,0.02102267090085278
10,2025-04-30,15.857142857142858,0.3334697981756806,0.3891033336411488,1.2440502405374914,20.321903033514296,54.40056556736668,326.4033934042,90.36087665835565,0.12281665631550835,0.0025827884608919946,0.003013681016154638,0.020469442719251392
10,2025-05-01,16.142857142857142,0.3287078934137758,0.3414842860221011,1.2422080077521538,20.312762108560946,54.40056556736666,326.4033934042,89.92992427740327,0.12502956904191392,0.002545906582118569,0.002644862228420379,0.020838261506985655
10,2025-05-02,15.714285714285714,0.3636285283344108,0.36053190506972016,1.2451535523132973,20.271797069247775,54.40056556736668,326.4033934042,90.02992427740325,0.12171019995230559,0.002816373693123692,0.002792389743514083,0.020285033325384262
10,2025-05-03,16.714285714285715,0.3658263305322129,0.3374549819927971,1.304176883814737,20.303545733300275,54.40056556736666,326.4033934042,89.61014405762305,0.129455394494725,0.0028333960987114272,0.002613654484842864,0.02157589908245417
10,2025-05-04,15.857142857142858,0.34201680672268914,0.32158196611978124,1.2642097212685235,20.2827591003869,54.40056556736668,326.4033934042,89.49903294651195,0.12281665631550835,0.002648986704844298,0.0024907148889314447,0.020469442719251392
10,2025-05-05,16.142857142857142,0.31523109243697484,0.3343370681605976,1.2712011402809504,20.314987606292487,54.40056556736666,326.4033934042,89.64571661998131,0.12502956904191392,0.0024415261367437776,0.0025895056356459788,0.02083826150698565
10,2025-05-06,15.857142857142858,0.32083333333333336,0.3376984126984127,1.3444325867082074,20.260162169045948,54.40056556736668,326.4033934042,89.51686507936508,0.12281665631550838,0.0024849165823595727,0.0026155399030154554,0.020469442719251392
10,2025-05-07,15.857142857142858,0.3208333333333334,0.2996031746031746,1.4126533728517443,20.26010911198529,54.40056556736666,326.4033934042,89.77400793650794,0.12281665631550835,0.002484916582359572,0.0023204848728280484,0.020469442719251392
10,2025-05-08,16.428571428571427,0.33273809523809533,0.32936507936507936,1.4555347103637393,20.23556061338925,54.40056556736668,326.4033934042,89.47638888888889,0.12724248176831948,0.0025771212792931367,0.0025509966151619603,0.02120708029471991
10,2025-05-09,16.142857142857142,0.28804945054945064,0.3176434676434677,1.4821442892577088,20.29188465764489,54.40056556736666,326.4033934042,89.46979548229548,0.12502956904191392,0.0022309990323425245,0.002460210452027374,0.02083826150698565
10,2025-05-10,13.571428571428571,0.23090659340659347,0.3462148962148962,1.5575479297805395,20.266676633990528,54.40056556736667,326.4033934042,88.31265262515262,0.10511335450426389,0.0017884164870614133,0.002681501724667929,0.017518892417377318
11,2025-01-01,22.0,0.26193459840076383,0.33792815371762736,1.9703540162516633,23.224758929164615,47.81849692594285,334.7294784816,84.34628237259815,0.20124038752870677,0.0023959918222429947,0.0030911269368634415,0.02874862678981525
11,2025-01-02,23.857142857142858,0.26253483849680226,0.36753999845552254,1.9650821168456496,23.218404936612107,47.81849692594285,334.7294784816,84.07457368912478,0.21822821244996124,0.0024014823926764963,0.003361995078249529,0.03117545892142303
11,2025-01-03,25.285714285714285,0.2585665845285483,0.3862474814487199,1.963077181110192,23.206756471708612,47.81849692594285,334.7294784816,83.57230611542863,0.2312957700816954,0.0023651836214772346,0.0035331178567603342,0.03304225286881363
11,2025-01-04,25.142857142857142,0.26817393624116315,0.3975256769374416,2.0242431142670045,23.255072353049236,47.81849692594285,334.7294784816,83.6545951714019,0.229989014318522,0.0024530648570122893,0.00363628278543192,0.03285557347407457
11,2025-01-05,24.571428571428573,0.23376017073496067,0.42393624116313194,2.0574317412875565,23.33180653074026,47.81849692594285,334.7294784816,83.91629985327464,0.2247619912658283,0.002138272152158188,0.0038778678845059976,0.032108855895118325
11,2025-01-06,24.142857142857142,0.22922502334267042,0.4477457649726558,2.135881378981464,23.40404962425933,47.81849692594285,334.7294784816,84.28251300520209,0.22084172397630805,0.0020967878422161745,0.0040956605117015675,0.03154881771090115
11,2025-01-07,24.0,0.2563025210084034,0.4598839535814326,2.123008946494847,23.364342409585834,47.81849692594285,334.7294784816,84.51500600240095,0.21953496821313465,0.0023444735751052543,0.004206692047134603,0.03136213831616209
11,2025-01-08,20.857142857142858,0.23532746431906099,0.5075030012004802,2.04523562117427,23.255000773098338,47.81849692594285,334.7294784816,84.03314659197012,0.19078634142331938,0.0021526086416234426,0.004642277301525744,0.02725519163190277
11,2025-01-09,19.142857142857142,0.22730607394472943,0.488404452690167,2.062362964413954,23.28435524867287,47.81849692594285,334.7294784816,83.80701977760802,0.17510527226523834,0.0020792346549211916,0.00446757733318705,0.025015038895034047
11,2025-01-10,17.714285714285715,0.2154013120399675,0.5252525252525252,2.094884247831772,23.28325408919761,47.81849692594285,334.7294784816,84.12674766876447,0.16203771463350414,0.0019703383413234065,0.00480463735146591,0.023148244947643445
11,2025-01-11,18.571428571428573,0.19952829616695164,0.5371572871572872,2.044237476436655,23.23540544264741,47.818496925942846,334.7294784816,84.32516036717718,0.16987824921254466,0.00182514325652636,0.0049135336650636945,0.024268321316077805
11,2025-01-12,19.285714285714285,0.19838238325633287,0.5348654613360496,1.9671355300132052,23.13440270003149,47.81849692594285,334.7294784816,84.45770429383876,0.17641202802841174,0.0018146612584260381,0.004892569668863052,0.02520171828977311
11,2025-01-13,21.285714285714285,0.19590222452617415,0.5393297470503352,1.9227666448794505,23.081166092747846,47.81849692594285,334.7294784816,84.27218842082289,0.19470660871283965,0.0017919745264264998,0.004933405786462221,0.027815229816119946
11,2025-01-14,22.0,0.1630527210884354,0.5351280663780663,1.862866784770929,23.029422791572667,47.81849692594285,334.7294784816,83.97043135435992,0.20124038752870677,0.0014914905808839484,0.004894971793427709,0.02874862678981525
11,2025-01-15,23.142857142857142,0.14542748917748918,0.5675955988455988,1.8878505958987957,23.07222666959589,47.818496925942846,334.7294784816,84.09009740259741,0.21169443363409407,0.0013302674672456692,0.005191961739603485,0.030242061947727727
11,2025-01-16,24.0,0.16815476190476192,0.5944972686044114,1.8740697336771124,23.019640343544392,47.81849692594285,334.7294784816,84.50289888682745,0.21953496821313462,0.0015381604295687137,0.0054380391235777014,0.031362138316162094
11,2025-01-17,24.571428571428573,0.1768127705627706,0.5627512368583797,1.8348996170250402,23.01563027925473,47.81849692594285,334.7294784816,84.60895949288806,0.2247619912658283,0.0016173577485489208,0.005147648953983608,0.03210885589511833
11,2025-01-18,24.285714285714285,0.17897727272727276,0.5573399814471244,1.9083068146098996,23.09570141251677,47.81849692594285,334.7294784816,84.1327690166976,0.22214847973948146,0.0016371570782939724,0.005098150629620978,0.03173549710564021
11,2025-01-19,24.857142857142858,0.17947677322677327,0.5473499714571143,1.924421612060532,23.11532532548375,47.81849692594285,334.7294784816,83.27462715855573,0.22737550279217517,0.0016417261543889845,0.005006769107720738,0.03248221468459645
11,2025-01-20,23.571428571428573,0.20956217695348137,0.5584136360533877,1.891793040512465,23.027838754542554,47.81849692594285,334.7294784816,83.5529656678725,0.21561470092361437,0.0019169260773399088,0.005107971660031725,0.030802100131944916
11,2025-01-21,23.142857142857142,0.22118213594186137,0.554654237557147,1.9430420392977692,23.08097847012657,47.81849692594285,334.7294784816,83.85781870956764,0.2116944336340941,0.00202321721597124,0.005073583350474529,0.030242061947727734
11,2025-01-22,23.142857142857142,0.24066265542238083,0.5156931985961081,1.967044239119207,23.082117839829518,47.81849692594285,334.7294784816,83.8188576706066,0.2116944336340941,0.0022014111836767066,0.004717195415063596,0.030242061947727734
11,2025-01-23,22.428571428571427,0.23600427032921317,0.4983906253929137,2.0488045907636336,23.20282500492044,47.81849692594285,334.7294784816,83.52293930325968,0.205160654818227,0.00215879958270366,0.004558923754306567,0.02930866497403243
11,2025-01-24,23.0,0.2694708037957466,0.4819071089093972,2.0611202247177407,23.2176251201635,47.81849692594285,334.7294784816,83.41504719536756,0.2103876778709207,0.0024649276810694612,0.0044081442431711726,0.030055382552988674
11,2025-01-25,22.428571428571427,0.27524280956775243,0.47541360241589076,2.0038987054375754,23.187513561692572,47.81849692594285,334.7294784816,83.73250751282788,0.205160654818227,0.002517725893722933,0.004348746253936017,0.02930866497403243
11,2025-01-26,21.857142857142858,0.3007173350422779,0.46592309292538125,2.047370770344517,23.197879007153777,47.81849692594285,334.7294784816,84.20103898135935,0.1999336317655333,0.002750748774568543,0.00426193380813079,0.02856194739507619
11,2025-01-27,20.857142857142858,0.2750962170298555,0.4682522854719651,2.1249526815253543,23.279592682208694,47.81849692594285,334.7294784816,84.04770047204258,0.19078634142331938,0.002516384969216788,0.004283239608617312,0.027255191631902768
11,2025-01-28,20.857142857142858,0.2600586230448931,0.4983274734418899,2.1442118490968904,23.311890291040857,47.81849692594285,334.7294784816,84.47627190061401,0.19078634142331935,0.0023788317309880068,0.004558346085074875,0.027255191631902768
11,2025-01-29,21.142857142857142,0.2573529953392654,0.49291621803063457,2.1635426697667532,23.375967865691248,47.81849692594285,334.7294784816,84.62941042875254,0.19339985294966625,0.0023540825688066922,0.004508847760712246,0.027628550421380887
11,2025-01-30,20.857142857142858,0.28071886342563035,0.5068174306896112,2.1146741477068334,23.34786684818595,47.81849692594285,334.7294784816,84.87430838793621,0.19078634142331938,0.002567816948290544,0.004636006189012764,0.027255191631902768
11,2025-01-31,20.428571428571427,0.25205187823690606,0.5077729968625687,2.102037097664336,23.30975046205439,47.81849692594285,334.7294784816,84.4361812976352,0.1868660741337991,0.002305591711533335,0.004644747030238005,0.02669515344768559
11,2025-02-01,22.571428571428573,0.2635958897809176,0.4926214817110534,2.0899046410542343,23.247745686622075,47.81849692594285,334.7294784816,83.56027942173331,0.20646741058140042,0.002411188136840278,0.004506151722022642,0.02949534436877149
11,2025-02-02,22.428571428571427,0.23236521569310062,0.5356023104061679,2.0971431335849102,23.303002438420897,47.81849692594285,334.7294784816,83.31074324362571,0.20516065481822704,0.0021255120933759593,0.004899309841245814,0.02930866497403243
11,2025-02-03,23.428571428571427,0.23314161320862858,0.5394842979838076,2.076889505750732,23.31973892884443,47.81849692594285,334.7294784816,83.48271529331517,0.21430794516044097,0.002132614026871467,0.0049348195087233525,0.030615420737205853
11,2025-02-04,24.428571428571427,0.22157423322019598,0.5076740030156179,2.0509610090556722,23.274983524197644,47.81849692594285,334.7294784816,83.5529871267449,0.22345523550265492,0.0020268038436185585,0.004643841504777854,0.03192217650037927
11,2025-02-05,24.714285714285715,0.22477936142532418,0.5360622814038963,2.021924839167806,23.240474890617683,47.81849692594285,334.7294784816,83.74849994725771,0.22606874702900176,0.002056122081894885,0.004903517329511034,0.032295535289857395
11,2025-02-06,24.714285714285715,0.17716031380627656,0.5564704446692025,2.0753616981185674,23.283265277539538,47.81849692594285,334.7294784816,83.23829586562506,0.22606874702900173,0.001620536827503745,0.005090196724250095,0.032295535289857395
11,2025-02-07,26.0,0.1488218044895064,0.5987841092654758,2.114051495774722,23.325872804937035,47.81849692594285,334.7294784816,83.63658779109089,0.23782954889756253,0.0013613162549177132,0.005477252099755266,0.033975649842508934
11,2025-02-08,24.285714285714285,0.12593992446476923,0.6309424271380794,2.1869723437541038,23.411239387630854,47.81849692594285,334.7294784816,84.34468921347805,0.22214847973948149,0.001152009054755737,0.005771413570253177,0.03173549710564021
11,2025-02-09,24.142857142857142,0.14872904011102772,0.6425070529884194,2.1551332863358894,23.340145012023033,47.81849692594285,334.7294784816,83.91305656041682,0.22084172397630808,0.0013604677122143539,0.0058771985606053114,0.03154881771090116
11,2025-02-10,24.285714285714285,0.1658097854526426,0.6267203035060177,2.1304797595025446,23.320868417415046,47.81849692594285,334.7294784816,83.9166797488226,0.22214847973948149,0.0015167102491155239,0.005732792579529988,0.03173549710564021
11,2025-02-11,24.0,0.19053506017791738,0.6441195709052853,2.0955820213464404,23.264788822472678,47.81849692594285,334.7294784816,82.83700941915228,0.21953496821313465,0.0017428795158186158,0.005891948730172904,0.03136213831616209
11,2025-02-12,22.714285714285715,0.1827781112444978,0.6570478191276511,2.1520873242266148,23.290700375868134,47.81849692594285,334.7294784816,82.84702881152461,0.20777416634457382,0.0016719244517549006,0.0060102071702790956,0.029682023763510552
11,2025-02-13,23.428571428571427,0.19795341213408443,0.625127358635762,2.0773360795565865,23.18942187706124,47.81849692594285,334.7294784816,83.21673053836919,0.21430794516044097,0.0018107373350224067,0.005718221450302617,0.03061542073720585
11,2025-02-14,23.0,0.2284337077005869,0.6057308069116241,2.074002303895703,23.187525748131446,47.81849692594285,334.7294784816,82.74690295216229,0.2103876778709207,0.002089549448285701,0.005540795560044158,0.030055382552988674
11,2025-02-15,23.142857142857142,0.24049307690281324,0.6146980301645615,2.0441770192300797,23.17088098045591,47.81849692594285,334.7294784816,82.96087945185309,0.2116944336340941,0.0021998599997224183,0.00562282135470223,0.030242061947727734
11,2025-02-16,23.857142857142858,0.2190645054742418,0.5832694587359902,2.0271671221726772,23.177121671928774,47.81849692594285,334.7294784816,83.85373659471023,0.2182282124499612,0.0020038466352464055,0.005335335086804076,0.03117545892142303
11,2025-02-17,23.571428571428573,0.21581775222748853,0.6032911037576352,2.0481720748678884,23.19935248893966,47.81849692594285,334.7294784816,83.85265434362798,0.21561470092361437,0.0019741476406288276,0.005518478886945806,0.03080210013194491
11,2025-02-18,24.0,0.1959764823862187,0.6046138550803866,2.1404461551642635,23.331902064898763,47.818496925942846,334.7294784816,84.18731042828406,0.21953496821313462,0.001792653784632519,0.00553057847734556,0.031362138316162094
11,2025-02-19,25.142857142857142,0.19362354120974817,0.5837735189459327,2.064354971371195,23.246171035651376,47.818496925942846,334.7294784816,84.14058773920843,0.22998901431852198,0.001771130748533192,0.005339945871894379,0.03285557347407458
11,2025-02-20,23.0,0.17164551923172616,0.5847725199449337,2.056539342709172,23.270987184352748,47.81849692594285,334.7294784816,83.89333499195568,0.21038767787092066,0.0015700914003526658,0.0053490840240844025,0.03005538255298867
11,2025-02-21,22.142857142857142,0.17571491310621748,0.5867001275696928,2.025491061190899,23.277159999766784,47.81849692594285,334.7294784816,84.11393897567811,0.20254714329188017,0.0016073153276394653,0.005366716410693939,0.02893530618455431
11,2025-02-22,22.428571428571427,0.17896166635297073,0.5726308635004287,1.9757474870761984,23.24592341636023,47.818496925942846,334.7294784816,83.9526835644227,0.20516065481822698,0.0016370143222570429,0.005238020767351101,0.02930866497403243
11,2025-02-23,23.571428571428573,0.19368028107158544,0.5776525085220737,2.0053015542591965,23.286081111613733,47.81849692594285,334.7294784816,83.2496532613924,0.21561470092361437,0.001771649764523395,0.005283955212359623,0.03080210013194491
11,2025-02-24,23.428571428571427,0.20202907513466523,0.5550798430922654,1.9627077505683694,23.24525170642745,47.81849692594285,334.7294784816,82.74223211111409,0.21430794516044097,0.001848018607825738,0.005077476487875511,0.030615420737205853
11,2025-02-25,22.571428571428573,0.21336694361539085,0.5384509693205345,1.8977487244039186,23.1759981978658,47.81849692594285,334.7294784816,83.52832432577775,0.20646741058140045,0.0019517293826807715,0.004925367351421461,0.02949534436877149
11,2025-02-26,22.285714285714285,0.221565701379366,0.5081404103143233,1.8807922795730505,23.2009568250379,47.81849692594285,334.7294784816,83.14720631335538,0.2038538990550536,0.002026725800393333,0.00464810786775684,0.02912198557929337
11,2025-02-27,24.285714285714285,0.24442284423650887,0.5102183323922455,1.9272357506667563,23.22259576356203,47.81849692594285,334.7294784816,83.20434917049825,0.22214847973948149,0.00223580672250108,0.00466711522431209,0.03173549710564021
11,2025-02-28,25.142857142857142,0.250205667110786,0.5082907247674864,1.9164046040586817,23.19186758344435,47.81849692594285,334.7294784816,83.27931168923887,0.22998901431852198,0.0022887038823296894,0.004649482837702554,0.03285557347407457
11,2025-03-01,24.714285714285715,0.2485049868386772,0.49978732340694215,1.8979900014252222,23.146477543420968,47.81849692594285,334.7294784816,82.94767903617765,0.22606874702900173,0.002273147266101435,0.004571699756561278,0.032295535289857395
11,2025-03-02,24.285714285714285,0.262357800691491,0.5023847260043448,1.8618336089309182,23.09519383459397,47.81849692594285,334.7294784816,83.51261410111272,0.22214847973948149,0.0023998629764697657,0.004595458952255341,0.03173549710564021
11,2025-03-03,25.142857142857142,0.2532875059069105,0.5122108786876404,1.8743465327586646,23.078301678480035,47.818496925942846,334.7294784816,84.03037676173251,0.22998901431852198,0.0023168943565857396,0.00468534162379637,0.03285557347407458
11,2025-03-04,25.142857142857142,0.2600902269953459,0.525816320864511,1.8786684932078315,23.078777945444006,47.81849692594285,334.7294784816,83.83990057125632,0.22998901431852198,0.0023791208214987594,0.00480979455362241,0.03285557347407457
11,2025-03-05,24.0,0.267129564469466,0.5523173560611985,1.9425427013576946,23.183316839278152,47.81849692594285,334.7294784816,84.32768525034534,0.21953496821313462,0.002443511685191362,0.005052207216935741,0.031362138316162094
11,2025-03-06,22.142857142857142,0.26808194542184693,0.5794602132040555,1.9355432459017836,23.169275345433455,47.818496925942846,334.7294784816,84.58006620272631,0.20254714329188014,0.002452223390279185,0.00530049081193869,0.02893530618455431
11,2025-03-07,21.714285714285715,0.27376591662305955,0.5610820396534683,1.9527018286393445,23.164728143607107,47.81849692594285,334.7294784816,83.93152508866795,0.1986268760023599,0.00250421632515346,0.00513238032251187,0.02837526800033713
11,2025-03-08,22.0,0.27080821180200065,0.5607862691713622,1.9840425786159968,23.222052480419677,47.81849692594285,334.7294784816,83.83096312475195,0.20124038752870674,0.002477161340408668,0.005129674824037392,0.02874862678981525
11,2025-03-09,22.857142857142858,0.24144313243692128,0.5520561104412035,2.01988949901837,23.279508385913253,47.81849692594285,334.7294784816,83.72778852157735,0.20908092210774726,0.002208550433534132,0.005049817527399016,0.029868703158249608
11,2025-03-10,23.0,0.2556154680378283,0.5541347196626699,2.0809487297740383,23.373257566409688,47.81849692594285,334.7294784816,83.50084218748815,0.2103876778709207,0.0023381889021029238,0.005068831169455772,0.030055382552988667
11,2025-03-11,23.142857142857142,0.26056290155669043,0.5244501185494974,2.0812975729199144,23.398304677379713,47.81849692594285,334.7294784816,83.09329735137189,0.21169443363409415,0.002383444512948756,0.004797297504380775,0.030242061947727734
11,2025-03-12,24.285714285714285,0.24110120383412315,0.5165826237254809,2.0766670030411607,23.339702880869055,47.81849692594285,334.7294784816,83.16451888346297,0.22214847973948149,0.0022054227133280297,0.00472533124495963,0.03173549710564021
11,2025-03-13,25.857142857142858,0.23592522039727012,0.47155156782485974,2.07028621438283,23.318091962590504,47.81849692594285,334.7294784816,82.50095780685842,0.23652279313438912,0.0021580764900246447,0.004313419102220183,0.03378897044776987
11,2025-03-14,25.142857142857142,0.22179649198282742,0.44512561282747615,2.096127359854598,23.340459206502494,47.81849692594285,334.7294784816,83.06950830398036,0.229989014318522,0.002028836909051449,0.004071693219288836,0.03285557347407457
11,2025-03-15,26.714285714285715,0.22855571741212957,0.4252133000762888,2.112928494661613,23.33090642714153,47.81849692594285,334.7294784816,83.67327154840856,0.2443633277134296,0.002090665506541752,0.0038895495131687557,0.03490904681620423
11,2025-03-16,24.428571428571427,0.2364922253486375,0.4291815540445428,2.1396611503727105,23.38525887511499,47.81849692594285,334.7294784816,83.9145413896784,0.2234552355026549,0.002163263048940275,0.003925848284368017,0.03192217650037927
11,2025-03-17,23.714285714285715,0.24026329899548757,0.3921363011607805,2.092188657842847,23.316709459629116,47.81849692594285,334.7294784816,84.33357422020192,0.21692145668678778,0.002197758154489884,0.003586984600439506,0.030988779526683972
11,2025-03-18,24.285714285714285,0.25075280948499806,0.39513330415778347,2.055243159452525,23.224730421656936,47.81849692594285,334.7294784816,84.85205573868345,0.22214847973948146,0.002293708752485135,0.003614399057009578,0.03173549710564021
11,2025-03-19,24.857142857142858,0.2850293220223801,0.3797203757013768,2.043702419652056,23.214943690254614,47.818496925942846,334.7294784816,84.72369134944948,0.22737550279217514,0.002607245964583106,0.0034734125253950547,0.03248221468459645
11,2025-03-20,24.0,0.2916058656833228,0.36802874252636764,2.0112424507050912,23.170252497206636,47.81849692594285,334.7294784816,85.30461937283276,0.21953496821313465,0.002667403518897995,0.0033664657621685847,0.03136213831616209
11,2025-03-21,24.0,0.27119770241801666,0.4088450690569799,2.0302487998255843,23.201857526071908,47.81849692594285,334.7294784816,85.55632005310486,0.21953496821313465,0.0024807241241589346,0.0037398245516467054,0.031362138316162094
11,2025-03-22,22.857142857142858,0.2663496093346295,0.4256517917460555,2.0328723281964396,23.20866992482286,47.818496925942846,334.7294784816,85.4516012425037,0.20908092210774726,0.002436377209119112,0.0038935605237847546,0.029868703158249608
11,2025-03-23,22.714285714285715,0.27574810557523094,0.4294111902422961,2.039891854204357,23.17682323550706,47.818496925942846,334.7294784816,85.1643831973909,0.20777416634457385,0.002522347983012101,0.00392794883334195,0.029682023763510552
11,2025-03-24,23.285714285714285,0.2578046963274739,0.46966883919559727,2.024813715601776,23.152179144459613,47.81849692594285,334.7294784816,84.36383109249098,0.21300118939726756,0.0023582144088937,0.00429619723681272,0.03042874134246679
11,2025-03-25,23.571428571428573,0.23896639177488363,0.4861523556791138,2.0669224103171646,23.21764237642794,47.81849692594285,334.7294784816,84.00629577066994,0.2156147009236144,0.002185894967596106,0.004446976747948115,0.03080210013194491
11,2025-03-26,22.714285714285715,0.23367538648387834,0.5148749558302853,2.027786198136772,23.176010788526092,47.81849692594285,334.7294784816,83.69337060060192,0.20777416634457385,0.0021374966059970906,0.0047097107109142,0.029682023763510555
11,2025-03-27,23.428571428571427,0.24742634141130385,0.5164028397111105,2.031289836960668,23.16834154718747,47.818496925942846,334.7294784816,83.62881750663705,0.21430794516044097,0.0022632805832009492,0.004723686708381295,0.030615420737205853
11,2025-03-28,22.714285714285715,0.2448753210031406,0.48621576488117846,1.9898719724634917,23.139843125853282,47.81849692594285,334.7294784816,83.7920828127595,0.20777416634457385,0.0022399456588585664,0.004447556770329769,0.029682023763510552
11,2025-03-29,23.0,0.2629286961993729,0.45050147916689276,2.024571133491013,23.19344813453268,47.81849692594285,334.7294784816,83.7830561251614,0.2103876778709207,0.0024050851234354276,0.004120867829536414,0.03005538255298867
11,2025-03-30,24.0,0.2617719582005297,0.4302585641871356,1.9771383990558427,23.1497797109924,47.81849692594285,334.7294784816,83.96148296148296,0.21953496821313465,0.0023945041051101367,0.0039357000088438236,0.031362138316162094
11,2025-03-31,23.428571428571427,0.2735041873240631,0.4148456357307288,1.9966034297485218,23.17586220421359,47.81849692594285,334.7294784816,84.02911581172451,0.21430794516044097,0.0025018222112644754,0.0037947134772293,0.030615420737205853
11,2025-04-01,22.0,0.2746379741721357,0.4465916674767606,1.9012000372536686,23.036926150078898,47.81849692594285,334.7294784816,82.833537580432,0.20124038752870677,0.002512193288749979,0.004085103646823393,0.028748626789815247
11,2025-04-02,22.142857142857142,0.2724734720076335,0.4234005728570946,1.9461247413823308,23.08424943429231,47.81849692594285,334.7294784816,82.45382205785931,0.20254714329188014,0.002492393959004927,0.0038729679709835524,0.02893530618455431
11,2025-04-03,22.428571428571427,0.2692267187608803,0.41907156852809024,1.9728383675242285,23.160685252878427,47.81849692594285,334.7294784816,82.25577010980737,0.205160654818227,0.0024626949643873496,0.0038333693114934488,0.02930866497403243
11,2025-04-04,23.857142857142858,0.30631463084879235,0.44585728281380455,1.978667772761417,23.153492415241693,47.818496925942846,334.7294784816,82.2777481317854,0.21822821244996124,0.0028019488644419875,0.004078386017088465,0.03117545892142303
11,2025-04-05,22.714285714285715,0.31243707982838426,0.45300013995666166,1.9607964742298147,23.110853054158554,47.81849692594285,334.7294784816,81.94611547872418,0.20777416634457385,0.0028579526828637057,0.004143723805247136,0.029682023763510552
11,2025-04-06,21.142857142857142,0.2970524644437688,0.4932931802497019,1.9308737145816335,23.116856282765372,47.81849692594285,334.7294784816,82.12157335418205,0.19339985294966625,0.0027172251391373373,0.0045122959435781014,0.027628550421380887
11,2025-04-07,21.142857142857142,0.27841892407109803,0.4808708200012548,1.9511935380651606,23.179768662278473,47.81849692594285,334.7294784816,82.52530006225659,0.1933998529496662,0.0025467787352451516,0.004398665007649977,0.027628550421380887
11,2025-04-08,22.428571428571427,0.2837099293621033,0.4358972750277098,2.0285070879481752,23.2980593972734,47.818496925942846,334.7294784816,83.97503551199203,0.20516065481822698,0.002595177096844168,0.003987278934058345,0.029308664974032433
11,2025-04-09,23.0,0.2767169223690963,0.4433897825202173,1.9629379384069086,23.21476499896074,47.81849692594285,334.7294784816,84.57243810939462,0.2103876778709207,0.0025312100315139996,0.004055815075483525,0.03005538255298867
11,2025-04-10,23.857142857142858,0.29338358903576295,0.44338978252021727,1.9524522534330184,23.186112056453585,47.81849692594285,334.7294784816,85.05100953796605,0.21822821244996124,0.002683664870550899,0.004055815075483524,0.03117545892142303
11,2025-04-11,24.285714285714285,0.26799518433701347,0.44092672833302515,1.9521957808224424,23.21082306234374,47.81849692594285,334.7294784816,85.01917929923925,0.22214847973948146,0.002451429761445808,0.004033284803704672,0.03173549710564021
11,2025-04-12,24.428571428571427,0.25166865372476854,0.4660967963602361,1.932582713578912,23.204308475327814,47.818496925942846,334.7294784816,85.4511520883549,0.2234552355026549,0.00230208624565456,0.0042635227238828465,0.03192217650037927
11,2025-04-13,25.571428571428573,0.2603643058986816,0.4267593222401532,2.0169955344199475,23.23132885140937,47.81849692594285,334.7294784816,85.16460964529074,0.23390928160804222,0.0023816279008042466,0.0039036914267771223,0.03341561165829175
11,2025-04-14,26.0,0.2465085963907982,0.4086035649539612,1.9531723991196854,23.131207410298114,47.81849692594285,334.7294784816,85.28787768160225,0.23782954889756253,0.0022548857030382625,0.003737615443497557,0.033975649842508934
11,2025-04-15,26.285714285714285,0.2735109682207562,0.39473748212236115,1.929303677171087,23.12192458167633,47.81849692594285,334.7294784816,85.36359379180112,0.24044306042390937,0.0025018842380953076,0.0036107783579277233,0.03434900863198705
11,2025-04-16,26.428571428571427,0.27208646679625476,0.3658404532253322,1.9479069776318478,23.14252301884115,47.818496925942846,334.7294784816,85.52761495582227,0.24174981618708277,0.002488853909972496,0.003346448844579253,0.034535688026726116
11,2025-04-17,27.0,0.24911727912118478,0.4022550190516628,1.9482687325603565,23.143353825759213,47.818496925942846,334.7294784816,84.84946369531806,0.24697683923977648,0.002278748081383828,0.0036795434508783607,0.03528240560568235
11,2025-04-18,27.428571428571427,0.2329534860177365,0.41364664466742634,1.9714245912107944,23.15402668000043,47.81849692594285,334.7294784816,84.8102087692097,0.2508971065292967,0.0021308931728351113,0.003783745957855551,0.03584244378989953
11,2025-04-19,28.285714285714285,0.24504721239717714,0.3932384814021202,1.9318724177894355,23.105898264299412,47.81849692594285,334.7294784816,85.01051111236919,0.25873764110833725,0.0022415179993471473,0.003597066563116491,0.03696252015833389
11,2025-04-20,28.285714285714285,0.24504721239717714,0.3870273012778966,1.8537634223764552,23.04924574356045,47.818496925942846,334.7294784816,85.40802664031949,0.25873764110833725,0.0022415179993471473,0.0035402510951524292,0.03696252015833389
11,2025-04-21,27.428571428571427,0.2554867728367376,0.42164268589328113,1.8938758575745334,23.071681522428456,47.818496925942846,334.7294784816,85.15308158537445,0.2508971065292967,0.0023370116897328966,0.0038568880685367585,0.03584244378989953
11,2025-04-22,26.142857142857142,0.2200187925411711,0.42730771052382305,1.8991179007422356,23.079342378481922,47.81849692594285,334.7294784816,85.1395347873449,0.23913630466073593,0.002012575776117427,0.0039087076936281185,0.03416232923724799
11,2025-04-23,25.428571428571427,0.221942794465173,0.45520573842185097,1.9044605855078547,23.101329847884,47.81849692594285,334.7294784816,84.68330583111593,0.23260252584486882,0.002030175180335251,0.004163899054786564,0.03322893226355269
11,2025-04-24,24.0,0.22824531547357638,0.40093402973837755,1.896984157382025,23.085842001164146,47.81849692594285,334.7294784816,85.18645709162013,0.21953496821313462,0.0020878261698870195,0.003667459978090779,0.031362138316162094
11,2025-04-25,22.571428571428573,0.27329401677227766,0.3595379258422736,1.8952276296102808,23.064249732176513,47.818496925942846,334.7294784816,85.39140839032143,0.20646741058140042,0.002499899720205911,0.0032887977967166622,0.02949534436877149
11,2025-04-26,22.428571428571427,0.2808235243017852,0.3284023947067425,1.9434438123687239,23.08228952830357,47.81849692594285,334.7294784816,85.29759479650784,0.205160654818227,0.002568774311712202,0.003003992053460917,0.029308664974032426
11,2025-04-27,23.857142857142858,0.2998334998334999,0.33066100566100565,1.9876039369314449,23.15449168640976,47.81849692594285,334.7294784816,84.77190309690309,0.2182282124499612,0.002742664077299179,0.003024652223629667,0.03117545892142303
11,2025-04-28,24.571428571428573,0.2898334998334998,0.3035181485181485,2.018450417775511,23.202553551526147,47.81849692594285,334.7294784816,84.91476023976024,0.2247619912658283,0.0026511911738770393,0.002776368628626717,0.032108855895118325
11,2025-04-29,24.571428571428573,0.31126207126207134,0.3035181485181485,2.067805822803788,23.247023275861782,47.818496925942846,334.7294784816,84.9219030969031,0.2247619912658283,0.0028472045383530526,0.002776368628626717,0.03210885589511833
11,2025-04-30,25.428571428571427,0.31821939964797114,0.2793994101136958,2.1017810366179215,23.30113347872964,47.81849692594285,334.7294784816,85.37737619523332,0.23260252584486887,0.002910845241105005,0.002555747525753282,0.03322893226355269
11,2025-05-01,25.142857142857142,0.30847913990771136,0.2821050378193235,2.1589892469645116,23.382430480946958,47.81849692594285,334.7294784816,85.17445411731126,0.229989014318522,0.0028217482572522714,0.002580496687934597,0.03285557347407457
11,2025-05-02,25.428571428571427,0.3036090100375815,0.30862018933447505,2.156817113738094,23.38318187431735,47.81849692594285,334.7294784816,83.91741948527662,0.23260252584486882,0.0027771997653259052,0.002823038477311482,0.03322893226355269
11,2025-05-03,24.857142857142858,0.27563698206555354,0.324604205318491,2.1275396374326796,23.365834327401483,47.81849692594285,334.7294784816,83.36597093382807,0.22737550279217514,0.002521331504005235,0.002969248912351865,0.03248221468459645
11,2025-05-04,22.714285714285715,0.251105957534529,0.32027520098948664,2.135052342836231,23.346617637498174,47.81849692594285,334.7294784816,84.00449907235621,0.20777416634457382,0.002296939100227981,0.002929650252861761,0.029682023763510552
11,2025-05-05,22.714285714285715,0.25110595753452897,0.3317037724180581,2.067740689609464,23.292554690528473,47.81849692594285,334.7294784816,84.3244990723562,0.20777416634457385,0.002296939100227981,0.0030341907139156345,0.029682023763510552
11,2025-05-06,24.0,0.2405148245296029,0.340817072910669,2.0612455198282222,23.274343033096013,47.81849692594285,334.7294784816,83.90233158467149,0.21953496821313465,0.0022000589315789173,0.0031175527194973874,0.03136213831616209
11,2025-05-07,22.857142857142858,0.25173931432552127,0.36428646066577103,2.0683360836054274,23.255632601255254,47.81849692594285,334.7294784816,83.93906627854903,0.20908092210774726,0.0023027325986854003,0.003332234023447306,0.02986870315824961
11,2025-05-08,22.857142857142858,0.25173931432552127,0.39675399313330345,1.9970173582226864,23.167274039807406,47.81849692594285,334.7294784816,83.82867666815943,0.20908092210774723,0.0023027325986854008,0.003629223969623084,0.029868703158249608
11,2025-05-09,22.714285714285715,0.2230126062509871,0.3809672436509018,2.0188653681477184,23.214256526362526,47.81849692594285,334.7294784816,84.73110938037475,0.20777416634457385,0.0020399610593516146,0.00348481798854776,0.029682023763510552
11,2025-05-10,19.714285714285715,0.33340221664059744,0.3484997111833693,2.1729814878433076,23.318087327742372,47.81849692594285,334.7294784816,83.38695353621891,0.18033229531793202,0.0030497268763492575,0.0031878280423719824,0.02576175647399029
12,2025-01-01,18.285714285714285,0.2621564734346689,0.14490691013247403,2.2983685606336124,20.94779301113476,43.79906948444,437.9906948444,36.36517511310745,0.23418933553691162,0.0033574980643949685,0.0018558560233626362,0.02341893355369117
12,2025-01-02,17.571428571428573,0.28936735778841044,0.1562447786131997,2.403323464137177,21.021619567215843,43.79906948444,437.9906948444,37.06812295891243,0.22504131461750104,0.003705994099420135,0.002001062704623122,0.022504131461750104
12,2025-01-03,17.571428571428573,0.28936735778841044,0.18221880458722567,2.40682137232388,21.06120848206317,43.79906948444,437.9906948444,34.57461646540594,0.22504131461750104,0.003705994099420135,0.002333718010783508,0.022504131461750104
12,2025-01-04,17.428571428571427,0.31644485545414336,0.17661656369086712,2.2975375176304413,20.97099506596618,43.79906948444,437.9906948444,32.62923831414543,0.2232117104336189,0.004052781820548119,0.0022619688271018562,0.022321171043361895
12,2025-01-05,15.571428571428571,0.29588208489137285,0.18473344680775022,2.2191127766413623,20.83663706507637,43.79906948444,437.9906948444,34.883026192933315,0.19942685604315133,0.003789429703171147,0.0023659236102769768,0.019942685604315134
12,2025-01-06,14.285714285714286,0.30189712248535777,0.1757108904167728,2.1704956797028205,20.787003409077034,43.79906948444,437.9906948444,33.980018674136325,0.18296041838821223,0.003866465668808289,0.002250369661821264,0.018296041838821223
12,2025-01-07,13.428571428571429,0.28972179781003315,0.21142517613105852,2.1611673748372637,20.809223723759963,43.79906948444,437.9906948444,33.79495373907139,0.17198279328491953,0.003710533494045608,0.0027077707077917948,0.01719827932849195
12,2025-01-08,12.571428571428571,0.26012996107533926,0.18999660470248708,2.23630585308011,20.957850710970643,43.79906948444,437.9906948444,31.11740271866322,0.16100516818162675,0.0033315440559557397,0.0024333300802094763,0.016100516818162675
12,2025-01-09,12.714285714285714,0.2410823420277202,0.17253628724216963,2.331184024963062,21.055911928890122,43.79906948444,437.9906948444,32.72057732183782,0.1628347723655089,0.003087596831438124,0.0022097117910683277,0.016283477236550888
12,2025-01-10,12.714285714285714,0.2151083160536942,0.19851031321619558,2.3306085511324843,21.06449725911444,43.79906948444,437.9906948444,33.382914984175486,0.1628347723655089,0.002754941525277738,0.002542367097228714,0.01628347723655089
12,2025-01-11,13.0,0.19387877160433556,0.2091250854408749,2.326649255414757,21.005737069905987,43.79906948444,437.9906948444,35.520022458744265,0.16649398073327312,0.0024830498818525304,0.002678312918941317,0.016649398073327312
12,2025-01-12,13.428571428571429,0.19573405917390882,0.18315105946684893,2.4876383318559685,21.230578075855266,43.79906948444,437.9906948444,31.87252709696319,0.17198279328491953,0.0025068109751497014,0.002345657612780931,0.01719827932849195
12,2025-01-13,13.0,0.16716263060248027,0.15457963089542037,2.6508852265262,21.47043714133534,43.79906948444,437.9906948444,29.22558832145298,0.16649398073327312,0.0021408901383732767,0.0019797367760045065,0.016649398073327316
12,2025-01-14,12.857142857142858,0.15942453536438503,0.14743677375256325,2.6420333576246264,21.44084237164177,43.79906948444,437.9906948444,29.375588321452984,0.16466437654939098,0.0020417865784129953,0.0018882565668104005,0.0164664376549391
12,2025-01-15,12.285714285714286,0.16758780067050746,0.16172248803827752,2.6693891711968685,21.399290936249674,43.79906948444,437.9906948444,31.13885362757543,0.1573459598138625,0.0021463353889205447,0.0020712169851986127,0.01573459598138625
12,2025-01-16,11.857142857142858,0.15942453536438503,0.1882531002831755,2.5834411908669197,21.36788541752611,43.79906948444,437.9906948444,28.689874035738693,0.15185714726221614,0.002041786578412995,0.0024110006193481495,0.015185714726221615
12,2025-01-17,11.857142857142858,0.19838557432542397,0.14929206132213652,2.5732186609860177,21.315897449477127,43.79906948444,437.9906948444,28.754809100673764,0.15185714726221614,0.0025407695376535736,0.001912017660107571,0.015185714726221615
12,2025-01-18,11.714285714285714,0.2163471449185735,0.12840651412079984,2.663902564141433,21.443030654168517,43.79906948444,437.9906948444,28.626571840857558,0.15002754307833402,0.0027708074905978173,0.0016445316683119389,0.015002754307833403
12,2025-01-19,11.571428571428571,0.20849785135499424,0.15038453609882182,2.6693936063056496,21.429282502337937,43.79906948444,437.9906948444,30.970370898942324,0.1481979388944519,0.0026702797881867114,0.0019260092350630348,0.01481979388944519
12,2025-01-20,11.857142857142858,0.2878629307200736,0.15038453609882182,2.6189784474290727,21.38557324241545,43.79906948444,437.9906948444,29.87286523000809,0.15185714726221614,0.003686726557010113,0.0019260092350630348,0.015185714726221614
12,2025-01-21,10.857142857142858,0.28667245452959744,0.12181310752739326,2.562455889934448,21.311468550356373,43.79906948444,437.9906948444,30.401436658579517,0.1390499179750413,0.0036714798554777625,0.0015600883982866101,0.013904991797504129
12,2025-01-22,11.0,0.28407505193219484,0.12051440622869196,2.4800899299242007,21.279212090243,43.79906948444,437.9906948444,29.437800294943152,0.1408795221589234,0.0036382143248617238,0.0015434556329785912,0.014087952215892343
12,2025-01-23,11.571428571428571,0.3026279276279276,0.07969807969807971,2.3372641197658726,21.076769561381777,43.79906948444,437.9906948444,31.484182484182487,0.1481979388944519,0.0038758252578334276,0.001020711580440842,0.01481979388944519
12,2025-01-24,11.285714285714286,0.28242590742590745,0.09845709845709846,2.4448888023985753,21.253450332140254,43.79906948444,437.9906948444,28.999333999334,0.14453873052668767,0.0036170933530420167,0.0012609626348900095,0.014453873052668764
12,2025-01-25,10.0,0.25861638361638367,0.09845709845709846,2.4032401480787158,21.30457735748337,43.79906948444,437.9906948444,24.84854034854035,0.12807229287174857,0.003312159322394996,0.0012609626348900095,0.012807229287174857
12,2025-01-26,10.0,0.23663836163836166,0.12043512043512046,2.4176959137604563,21.319046584866875,43.79906948444,437.9906948444,23.408979908979912,0.12807229287174857,0.0030306817556439007,0.0015424402016411052,0.012807229287174855
12,2025-01-27,10.285714285714286,0.20922133422133424,0.14640914640914643,2.339334360300529,21.2338489871121,43.79906948444,437.9906948444,24.230047730047726,0.1317315012395128,0.0026795455991412706,0.001875095507801491,0.01317315012395128
12,2025-01-28,10.571428571428571,0.21993561993561997,0.1606948606948607,2.4657436544136337,21.40123040334139,43.79906948444,437.9906948444,23.601476301476303,0.13539070960727706,0.0028167659129324295,0.0020580559261897035,0.013539070960727704
12,2025-01-29,10.857142857142858,0.193961593961594,0.1586968586968587,2.452170332981502,21.395321786021547,43.79906948444,437.9906948444,23.272804972804973,0.1390499179750413,0.002484110606772044,0.0020324670564850584,0.013904991797504129
12,2025-01-30,11.428571428571429,0.17404817404817408,0.16822066822066822,2.556541069784522,21.45670763104125,43.79906948444,437.9906948444,22.81825951825952,0.1463683347105698,0.002229074872049081,0.0021544406687438664,0.014636833471056978
12,2025-01-31,12.571428571428571,0.15070550364668017,0.17008808185278773,2.581884297275677,21.43531198865528,43.79906948444,437.9906948444,25.80425391601862,0.16100516818162675,0.001930119940042199,0.002178357063304417,0.01610051681816268
12,2025-02-01,13.428571428571429,0.17610232904350553,0.13834205010675601,2.5222177038897766,21.319392382194337,43.79906948444,437.9906948444,28.277269789034495,0.17198279328491947,0.002255382906065687,0.0017717783557750564,0.01719827932849195
12,2025-02-02,13.142857142857142,0.23004838298955949,0.09438600615071205,2.4196000219129403,21.185313240533414,43.79906948444,437.9906948444,29.397149908914617,0.16832358491715524,0.0029462823880911037,0.001208823222272865,0.016832358491715525
12,2025-02-03,12.714285714285714,0.23167175961293612,0.10412626589097178,2.552619811618023,21.3216653229212,43.79906948444,437.9906948444,29.859812246576954,0.16283477236550886,0.002967073344726128,0.0013335689620830096,0.016283477236550888
12,2025-02-04,13.142857142857142,0.24705637499755148,0.11181857358327948,2.443913569988183,21.190055980618123,43.79906948444,437.9906948444,30.252119938884643,0.1683235849171552,0.003164107641451895,0.001432086110445893,0.016832358491715525
12,2025-02-05,12.857142857142858,0.2860174139585904,0.11381657558128147,2.489352423801017,21.25688035979204,43.79906948444,437.9906948444,29.41196009872481,0.16466437654939098,0.0036630906006924735,0.0014576749801505382,0.0164664376549391
12,2025-02-06,11.857142857142858,0.33839836633954284,0.10429276605747195,2.52056102686845,21.313438054094938,43.79906948444,437.9906948444,30.001245813010517,0.15185714726221614,0.004333945468115919,0.0013357013678917302,0.015185714726221615
12,2025-02-07,11.0,0.355969030969031,0.08366633366633369,2.567637947865678,21.383008750132586,43.79906948444,437.9906948444,29.642957042957043,0.1408795221589234,0.004558976998753827,0.0010715339188820119,0.014087952215892341
12,2025-02-08,11.428571428571429,0.3543817293817294,0.09953934953934955,2.554791352281351,21.37946837816784,43.79906948444,437.9906948444,28.71756021756022,0.1463683347105698,0.004538648063377359,0.0012748232726466923,0.014636833471056978
12,2025-02-09,11.571428571428571,0.32516095016095026,0.13525363525363526,2.558928456503668,21.433733139648876,43.79906948444,437.9906948444,27.795482295482294,0.1481979388944519,0.004164410843946925,0.0017322243186172228,0.01481979388944519
12,2025-02-10,13.0,0.3033355533355534,0.11541236541236542,2.4581905914569586,21.31443997742932,43.79906948444,437.9906948444,29.043498168498168,0.16649398073327312,0.003884887982520489,0.0014781126264113726,0.016649398073327312
12,2025-02-11,12.428571428571429,0.30699855699855705,0.1251803751803752,2.5154765468099742,21.4197549048487,43.79906948444,437.9906948444,28.017857142857142,0.15917556399774463,0.003931800910312339,0.0016032137671896374,0.015917556399774463
12,2025-02-12,13.142857142857142,0.2858946608946609,0.1746933621933622,2.4843524012492755,21.310490940913645,43.79906948444,437.9906948444,30.094967532467532,0.16832358491715524,0.0036615184740570253,0.0022373379445578727,0.016832358491715525
12,2025-02-13,12.857142857142858,0.2858946608946609,0.24612193362193363,2.43653783264133,21.221604348985913,43.79906948444,437.9906948444,32.76758658008658,0.164664376549391,0.0036615184740570253,0.003152140036498934,0.0164664376549391
12,2025-02-14,12.285714285714286,0.25992063492063494,0.2739512471655329,2.362791051567945,21.099622229925565,43.79906948444,437.9906948444,32.663690476190474,0.15734595981386254,0.0033288631678966393,0.0035085564359564904,0.01573459598138625
12,2025-02-15,11.285714285714286,0.2563131313131314,0.31002628324056897,2.3117666159275028,21.0604308753143,43.79906948444,437.9906948444,32.72934704184704,0.14453873052668767,0.00328266104204103,0.003970577694512582,0.014453873052668766
12,2025-02-16,11.285714285714286,0.2563131313131314,0.31002628324056897,2.1910987087593017,20.924643977354908,43.79906948444,437.9906948444,33.43172799422799,0.14453873052668767,0.00328266104204103,0.003970577694512581,0.014453873052668766
12,2025-02-17,10.571428571428571,0.29050116550116556,0.2941532673675531,2.143952405268401,20.87509155356798,43.79906948444,437.9906948444,32.34442640692641,0.13539070960727706,0.0037205150347649576,0.003767288340747902,0.013539070960727706
12,2025-02-18,10.142857142857142,0.29050116550116556,0.2862167594310452,2.0409720881506463,20.73170243418386,43.79906948444,437.9906948444,34.05871212121212,0.12990189705563068,0.0037205150347649576,0.003665643663865562,0.012990189705563069
12,2025-02-19,9.428571428571429,0.2856310356310357,0.2756648113790971,2.0728447347802565,20.7561748700213,43.79906948444,437.9906948444,35.64393939393939,0.12075387613622006,0.003658142164859885,0.003530502445737905,0.012075387613622006
12,2025-02-20,9.714285714285714,0.24991674991674998,0.22209338280766855,2.1070633124432985,20.9188619402172,43.79906948444,437.9906948444,29.489177489177486,0.12441308450398432,0.0032007411188893537,0.0028444008767821087,0.01244130845039843
12,2025-02-21,11.142857142857142,0.3003369179839769,0.1980837789661319,2.1439346117217677,20.989868434815683,43.79906948444,437.9906948444,27.934555640437992,0.14270912634280555,0.0038464837720242205,0.0025369043752893152,0.014270912634280554
12,2025-02-22,11.571428571428571,0.258592947668578,0.1665438902833861,2.193189918115953,20.958626749192824,43.79906948444,437.9906948444,30.23511222670886,0.1481979388944519,0.0033118591728378863,0.002132965789237418,0.014819793889445192
12,2025-02-23,11.714285714285714,0.2558456949213252,0.19676367050316632,2.34440369417581,21.108733238052555,43.79906948444,437.9906948444,30.62064336224,0.15002754307833402,0.0032766744769939992,0.002519997443520175,0.015002754307833403
12,2025-02-24,11.571428571428571,0.21372115279678308,0.23247795621745201,2.3868280808851887,21.173002705095254,43.79906948444,437.9906948444,30.668262409859047,0.1481979388944519,0.0027371758073877323,0.002977398489490705,0.01481979388944519
12,2025-02-25,12.571428571428571,0.18808012715575748,0.2416354653749612,2.5122962999415432,21.300895875171978,43.79906948444,437.9906948444,32.24335398495062,0.16100516818162675,0.0024087853128447875,0.0030946808089703285,0.016100516818162675
12,2025-02-26,12.571428571428571,0.21405415312978343,0.21566143940093524,2.498382637650723,21.264508455535776,43.79906948444,437.9906948444,32.827769569366204,0.16100516818162675,0.0027414406190051734,0.002762025502809943,0.01610051681816268
12,2025-02-27,12.571428571428571,0.21405415312978343,0.19780429654379236,2.5229569831986405,21.25720457553233,43.79906948444,437.9906948444,33.91705528365192,0.16100516818162675,0.0027414406190051734,0.002533324979824677,0.016100516818162675
12,2025-02-28,11.142857142857142,0.18404214832786267,0.20140573712002285,2.457742722346134,21.21609663657085,43.79906948444,437.9906948444,35.71657509157509,0.14270912634280555,0.002357069992139181,0.002579449455048596,0.014270912634280554
12,2025-03-01,10.714285714285714,0.19981209266923555,0.20697159982874272,2.4817757190543075,21.304349348887445,43.79906948444,437.9906948444,34.36407045335617,0.13722031379115918,0.0025590392851651297,0.0026507327349401077,0.013722031379115917
12,2025-03-02,12.0,0.20580609866324157,0.17999857285571577,2.4634106802431104,21.3479241491421,43.79906948444,437.9906948444,31.91901550830122,0.15368675144609828,0.0026358058942790646,0.002305282993927399,0.015368675144609826
12,2025-03-03,12.428571428571429,0.2105680034251463,0.1728557157128586,2.4953752166743577,21.357682488004446,43.79906948444,437.9906948444,32.36663455592027,0.15917556399774463,0.0026967927004084686,0.002213802784733293,0.015917556399774463
12,2025-03-04,12.285714285714286,0.24811379097093386,0.13988868274582564,2.5084358328447647,21.432407729262504,43.79906948444,437.9906948444,27.76773345701917,0.1573459598138625,0.003177650210274924,0.0017915864346066495,0.01573459598138625
12,2025-03-05,12.142857142857142,0.2377241805813235,0.12820037105751395,2.4607172480324793,21.422699788393153,43.79906948444,437.9906948444,25.596304885590598,0.1555163556299804,0.00304458808781077,0.0016418915468344758,0.01555163556299804
12,2025-03-06,13.142857142857142,0.22105751391465683,0.12820037105751395,2.41756021488933,21.358329822566787,43.79906948444,437.9906948444,26.237971552257267,0.1683235849171552,0.0028311342663578554,0.0016418915468344754,0.016832358491715525
12,2025-03-07,14.285714285714286,0.2101731601731602,0.10779220779220784,2.497648001480239,21.421592294127397,43.79906948444,437.9906948444,25.2978354978355,0.18296041838821223,0.002691735852347789,0.001380519520565601,0.018296041838821223
12,2025-03-08,14.285714285714286,0.2231601731601732,0.08181818181818186,2.5148072136004775,21.43159286072935,43.79906948444,437.9906948444,25.16796536796537,0.18296041838821223,0.002858063505427982,0.0010478642144052153,0.018296041838821223
12,2025-03-09,12.857142857142858,0.19610389610389614,0.07857142857142861,2.4729753798517606,21.347078732912223,43.79906948444,437.9906948444,26.44177489177489,0.16466437654939098,0.0025115475615109135,0.0010062823011351672,0.0164664376549391
12,2025-03-10,12.857142857142858,0.20562770562770563,0.05000000000000003,2.508753913166705,21.39396454784808,43.79906948444,437.9906948444,26.27987012987013,0.16466437654939098,0.0026335211737697215,0.0006403614643587426,0.0164664376549391
12,2025-03-11,14.714285714285714,0.16324675324675328,0.07285714285714288,2.366595753307731,21.16586495175597,43.79906948444,437.9906948444,28.32272727272727,0.1884492309398586,0.002090738599218025,0.0009330981337798823,0.01884492309398586
12,2025-03-12,15.428571428571429,0.17277056277056282,0.0966666666666667,2.4981248960601232,21.342678854850934,43.79906948444,437.9906948444,27.465584415584413,0.19759725185926919,0.0022127122114768334,0.0012380321644269027,0.019759725185926922
12,2025-03-13,15.0,0.20134199134199138,0.10857142857142861,2.4972367377403115,21.318895238558657,43.79906948444,437.9906948444,27.972727272727273,0.19210843930762284,0.002578633048253257,0.0013904991797504128,0.019210843930762285
12,2025-03-14,15.428571428571429,0.22356421356421358,0.13238095238095243,2.424611892927874,21.279305450311305,43.79906948444,437.9906948444,27.84256854256854,0.1975972518592692,0.00286323814352381,0.0016954332103974333,0.01975972518592692
12,2025-03-15,18.142857142857142,0.2131746031746032,0.1561904761904762,2.447653789819178,21.289756769141878,43.79906948444,437.9906948444,28.684126984126983,0.2323597313530295,0.0027301760210596557,0.0020003672410444534,0.023235973135302956
12,2025-03-16,17.428571428571427,0.24208616780045353,0.12047619047619051,2.4489927931729842,21.282048882490614,43.79906948444,437.9906948444,29.01235827664399,0.2232117104336189,0.003100453058273895,0.0015429661950739227,0.022321171043361895
12,2025-03-17,17.571428571428573,0.23077664399092973,0.13833333333333336,2.377411880330503,21.14906152109719,43.79906948444,437.9906948444,30.73259637188209,0.22504131461750101,0.00295560939371656,0.0017716667180591881,0.022504131461750104
12,2025-03-18,16.285714285714285,0.23149092970521545,0.15119047619047624,2.447067819088699,21.236052836396482,43.79906948444,437.9906948444,30.457596371882087,0.20857487696256194,0.0029647574146359707,0.0019363310946085791,0.020857487696256196
12,2025-03-19,16.857142857142858,0.22347087957990217,0.13565162907268175,2.3503757589165244,21.161494509448413,43.79906948444,437.9906948444,29.644062537295618,0.21589329369809043,0.0028620427937864484,0.001737321516712629,0.021589329369809045
12,2025-03-20,16.714285714285715,0.20182585793488053,0.1497208931419458,2.3638532924308793,21.22833490901257,43.79906948444,437.9906948444,28.181941325174403,0.21406368951420832,0.0025848300386527934,0.0019175098075495047,0.021406368951420833
12,2025-03-21,18.142857142857142,0.21089615271946105,0.1565236142303812,2.4847517089020856,21.32285242325318,43.79906948444,437.9906948444,27.384889170979395,0.2323597313530295,0.0027009953836611817,0.0020046338163057964,0.023235973135302953
12,2025-03-22,16.0,0.22041996224327054,0.15176170946847642,2.4121550272213077,21.245659228133096,43.79906948444,437.9906948444,27.165841551931777,0.2049156685947977,0.00282296899591999,0.0019436470101763922,0.02049156685947977
12,2025-03-23,17.142857142857142,0.2176988738078964,0.20890456661133358,2.3840352527865485,21.248196351607614,43.79906948444,437.9906948444,26.58761025941477,0.21955250206585467,0.002788119392417473,0.002675488683729241,0.02195525020658547
12,2025-03-24,16.714285714285715,0.24585821446723705,0.2130254457322127,2.5079967001904246,21.4095145710256,43.79906948444,437.9906948444,25.654917951722464,0.21406368951420832,0.003148762524817315,0.0027282657274950717,0.021406368951420833
12,2025-03-25,16.571428571428573,0.24704869065771323,0.2154063981131651,2.605420913184218,21.547602240145313,43.79906948444,437.9906948444,24.60610842791294,0.21223408533032617,0.0031640092263496658,0.0027587591305597734,0.021223408533032617
12,2025-03-26,15.857142857142858,0.2577898292184007,0.19285000713572148,2.646567654605144,21.54054184194823,43.79906948444,437.9906948444,26.315560629846345,0.20308606441091556,0.003301573450701705,0.002469874259420491,0.02030860644109156
12,2025-03-27,16.714285714285715,0.27383260996706377,0.1752793425062333,2.6438123763477726,21.510462245467277,43.79906948444,437.9906948444,26.70135130975467,0.2140636895142083,0.003507037022153708,0.002244842728782583,0.021406368951420833
12,2025-03-28,14.571428571428571,0.25499430541447354,0.1776341305753071,2.541898626197519,21.397014905530114,43.79906948444,437.9906948444,28.499624465170687,0.18661962675597646,0.0032657705363670552,0.0022750010395059146,0.018661962675597644
12,2025-03-29,15.285714285714286,0.24547049589066403,0.18715794009911663,2.6330998730829775,21.514246821809813,43.79906948444,437.9906948444,27.647243512789732,0.19576764767538707,0.0031437969241082464,0.0023969746517647226,0.019576764767538706
12,2025-03-30,14.714285714285714,0.2073752577954259,0.16897612191729844,2.6848390898176513,21.54595478850594,43.79906948444,437.9906948444,28.175382040928262,0.1884492309398586,0.0026559024750730143,0.0021641159374524528,0.01884492309398586
12,2025-03-31,14.857142857142858,0.20345061101363626,0.16740626320458254,2.5967563514833962,21.47362384916293,43.79906948444,437.9906948444,27.605523328212403,0.19027883512374072,0.002605638623867461,0.002144010396970232,0.019027883512374073
12,2025-04-01,14.142857142857142,0.18440299196601723,0.15788245368077305,2.407780679702045,21.27175447246422,43.79906948444,437.9906948444,28.04361856630764,0.18113081420433014,0.002361691399349845,0.0020220367847114235,0.018113081420433014
12,2025-04-02,14.285714285714286,0.1721580940068336,0.1769300727283921,2.455603095747254,21.371699546912705,43.79906948444,437.9906948444,25.919128770389275,0.18296041838821223,0.0022048681835885203,0.00226598400922904,0.018296041838821223
12,2025-04-03,14.0,0.15871271585557306,0.20662194947909238,2.4016779638295094,21.350295049407674,43.79906948444,437.9906948444,25.53593549307835,0.179301210020448,0.0020326701427525557,0.0026462546827417943,0.0179301210020448
12,2025-04-04,15.142857142857142,0.16394557823129258,0.2076685219542363,2.345626324703697,21.32238318921111,43.79906948444,437.9906948444,24.230859616573902,0.19393804349150498,0.002099688611026626,0.0026596583763966084,0.019393804349150497
12,2025-04-05,15.0,0.1654493376297888,0.2166910783452137,2.296702865168016,21.25346828572632,43.79906948444,437.9906948444,23.93988217296488,0.19210843930762284,0.002118947602435912,0.0027752123248523217,0.01921084393076228
12,2025-04-06,15.857142857142858,0.20746614435247787,0.21134348476232603,2.3455764862144184,21.318361171689382,43.79906948444,437.9906948444,23.560203028579853,0.20308606441091556,0.0026570664800483,0.0027067244677016536,0.02030860644109156
12,2025-04-07,15.428571428571429,0.19540677515025154,0.20392233448403288,2.3774185459673935,21.3679748280573,43.79906948444,437.9906948444,22.983208594442562,0.19759725185926919,0.002502619373616693,0.0026116800945129724,0.019759725185926922
12,2025-04-08,17.0,0.21581493841555766,0.1889563480894751,2.4867959700684694,21.42842764618634,43.79906948444,437.99069484439997,24.43490927471467,0.21772289788197258,0.0027639913998855673,0.002420007275249131,0.021772289788197254
12,2025-04-09,16.714285714285715,0.24218856478918402,0.191886751019878,2.3727064743394473,21.270282520226495,43.79906948444,437.99069484439997,25.823920263725658,0.21406368951420832,0.003101764479986882,0.0024575376174826103,0.021406368951420833
12,2025-04-10,15.285714285714286,0.24218856478918402,0.21093437006749705,2.538359341445923,21.441858896715086,43.79906948444,437.9906948444,27.081063120868517,0.1957676476753871,0.0031017644799868826,0.0027014848420002266,0.019576764767538706
12,2025-04-11,13.714285714285714,0.22926339472115684,0.17692076462532016,2.565050919470721,21.437671561092504,43.79906948444,437.9906948444,26.65317196440593,0.17564200165268376,0.0029362288633499284,0.002265864798218769,0.017564200165268377
12,2025-04-12,12.571428571428571,0.23814924571227097,0.15231379264992714,2.4851762761510146,21.324098781482057,43.79906948444,437.9906948444,28.953240317105866,0.16100516818162677,0.003050031994404797,0.0019507176660668246,0.016100516818162675
12,2025-04-13,13.714285714285714,0.22470386756101046,0.11870034727177589,2.4186977432935604,21.215740205977745,43.79906948444,437.9906948444,29.389542838114266,0.17564200165268376,0.0028778339535688326,0.0015202225639769135,0.017564200165268374
12,2025-04-14,14.0,0.21870986156700448,0.11670234527377389,2.4146851333807264,21.215728481515526,43.79906948444,437.9906948444,29.404527853099285,0.179301210020448,0.0028010673444548973,0.0014946336942722684,0.0179301210020448
12,2025-04-15,13.571428571428571,0.21417471417471426,0.11103341103341109,2.375089154431625,21.20840923977548,43.79906948444,437.9906948444,29.48616050616051,0.17381239746880164,0.002742984671950703,0.0014220303536420253,0.01738123974688016
12,2025-04-16,13.571428571428571,0.17021867021867026,0.11103341103341109,2.4089153363105984,21.256732001756436,43.79906948444,437.9906948444,29.43121545121545,0.17381239746880164,0.002180029538448512,0.0014220303536420253,0.01738123974688016
12,2025-04-17,15.714285714285714,0.155932955932956,0.06817626817626822,2.2868546236328813,21.118999671066042,43.79906948444,437.9906948444,27.866929736929738,0.20125646022703347,0.0019970691200602996,0.0008731490984773887,0.020125646022703343
12,2025-04-18,16.571428571428573,0.1773615273615274,0.09496198246198251,2.25114975364136,21.08152619273705,43.79906948444,437.9906948444,29.87942973692974,0.2122340853303262,0.002271509747642618,0.0012161998829552866,0.02122340853303262
12,2025-04-19,18.571428571428573,0.14411477411477416,0.12197496947496952,2.4044246689902944,21.29481147253514,43.79906948444,437.9906948444,27.79319597069597,0.23784854390467594,0.001845710955757324,0.0015621614013620882,0.023784854390467593
12,2025-04-20,17.142857142857142,0.15363858363858368,0.14102258852258856,2.5655066331396603,21.484238115591072,43.79906948444,437.9906948444,26.89414835164835,0.21955250206585467,0.001967684568016132,0.0018061086258797042,0.02195525020658547
12,2025-04-21,17.428571428571427,0.13019536019536024,0.14908119658119665,2.474164881484383,21.357430786356037,43.79906948444,437.9906948444,27.981327838827838,0.22321171043361893,0.0016674418301482964,0.0019093170670217727,0.022321171043361895
12,2025-04-22,17.285714285714285,0.13112906701142,0.16635477267830215,2.559595967031512,21.472698315380104,43.79906948444,437.9906948444,27.026145765998706,0.22138210624973678,0.001679400027428572,0.002130543716706866,0.02213821062497368
12,2025-04-23,17.285714285714285,0.142118078000431,0.1443767507002802,2.6288431524315143,21.55626183027696,43.79906948444,437.9906948444,25.68548642533937,0.2213821062497368,0.0018201388108041196,0.0018490661499557701,0.022138210624973682
12,2025-04-24,16.571428571428573,0.13735617323852625,0.13009103641456587,2.5759711931374447,21.50093053610482,43.79906948444,437.9906948444,26.554534044386987,0.21223408533032617,0.0017591520046747154,0.001666105731567558,0.02122340853303262
12,2025-04-25,17.142857142857142,0.12307045895281196,0.11044817927170873,2.6866491172680074,21.615460942165903,43.79906948444,437.9906948444,25.306319758672696,0.21955250206585467,0.0015761915862865033,0.0014145351562837663,0.02195525020658547
12,2025-04-26,16.142857142857142,0.15703871292106591,0.09425770308123253,2.5848643432385487,21.50440961944479,43.79906948444,437.9906948444,25.118383250736194,0.2067452727786798,0.0020112308033429192,0.0012071800154437923,0.02067452727786798
12,2025-04-27,16.0,0.16996388298909312,0.12623049219687882,2.4697311059476124,21.368030258684932,43.79906948444,437.9906948444,26.704777808559324,0.2049156685947977,0.002176766419979873,0.0016166628565983626,0.02049156685947977
12,2025-04-28,15.428571428571429,0.1734270864522966,0.10718287314925977,2.4312888965985913,21.27534168513837,43.79906948444,437.9906948444,28.238976942758455,0.1975972518592692,0.002221120460801258,0.0013727156320807465,0.019759725185926922
12,2025-04-29,16.428571428571427,0.1685251256679829,0.10578231292517012,2.387619399826067,21.20314587711325,43.79906948444,437.9906948444,28.551301872730445,0.21040448114644406,0.0021583399250798127,0.0013547783361603331,0.021040448114644405
12,2025-04-30,17.0,0.15495046503449875,0.11418567426970794,2.27661335713647,21.106456973627484,43.79906948444,437.9906948444,28.68898771629864,0.21772289788197255,0.0019844861338511946,0.001462402111682811,0.021772289788197258
12,2025-05-01,17.142857142857142,0.1900695126535463,0.1409713885554222,2.343990434488131,21.13283001801247,43.79906948444,437.9906948444,31.973511525822452,0.2195525020658547,0.00243426382905555,0.001805452896160709,0.02195525020658547
12,2025-05-02,16.285714285714285,0.20945726775558712,0.13382853141256507,2.2688759442192663,21.076087765038874,43.79906948444,437.9906948444,31.766368668679597,0.20857487696256194,0.0026825672540109805,0.0017139726869666028,0.020857487696256196
12,2025-05-03,15.857142857142858,0.23644139473971412,0.11954281712685079,2.2992679573979067,21.08077820769052,43.79906948444,437.9906948444,31.588590890901816,0.2030860644109156,0.003028159155410937,0.0015310122685783906,0.02030860644109156
12,2025-05-04,15.714285714285714,0.2623440634995257,0.07951141995259647,2.2383267909971254,21.04497614245336,43.79906948444,437.9906948444,30.561903292785647,0.20125646022703345,0.0033599005733675855,0.0010183209862817519,0.020125646022703343
12,2025-05-05,16.285714285714285,0.2779284790839413,0.09855903900021552,2.391605652148286,21.23710556680482,43.79906948444,437.9906948444,28.332466063348416,0.20857487696256194,0.003559493757063817,0.0012622682107993682,0.020857487696256196
12,2025-05-06,14.428571428571429,0.2660237171791794,0.0877365281777047,2.3357581692008336,21.219748474733276,43.79906948444,437.9906948444,26.382249613131965,0.18479002257209434,0.0034070267417403064,0.0011236618332325407,0.018479002257209436
12,2025-05-07,14.285714285714286,0.3111917844060702,0.10611888111888117,2.4305669333303497,21.254906639554502,43.79906948444,437.9906948444,29.69580003330003,0.18296041838821223,0.003985504535173624,0.0013590888421879611,0.018296041838821223
12,2025-05-08,14.0,0.29716117216117216,0.0793331668331669,2.4168720911264647,21.24357375439639,43.79906948444,437.9906948444,26.963657176157174,0.179301210020448,0.0038058112671137735,0.001016038057710063,0.0179301210020448
12,2025-05-09,13.714285714285714,0.28015436944008376,0.0793331668331669,2.319992717610546,21.150761802390083,43.79906948444,437.9906948444,27.856514319014316,0.17564200165268376,0.0035880012452230445,0.001016038057710063,0.017564200165268374
14,2025-01-01,8.571428571428571,0.22823129251700683,0.28390022675736964,1.4233750624112438,26.27233127795546,46.48934295075714,325.4254006553,24.92687074829932,0.09910174057350453,0.0026387804732072033,0.003282417439101261,0.014157391510500647
14,2025-01-02,8.142857142857142,0.19965986394557828,0.25532879818594106,1.3407190716691093,26.315343887025783,46.48934295075714,325.4254006553,25.669727891156466,0.0941466535448293,0.0023084413379621882,0.0029520783038562465,0.013449521934975615
14,2025-01-03,7.714285714285714,0.1917233560090703,0.20770975056689345,1.3694341592748418,26.238850524529827,46.48934295075714,325.4254006553,24.876077097505668,0.08919156651615408,0.0022166804670607954,0.002401513078447888,0.012741652359450583
14,2025-01-04,6.142857142857143,0.21893424036281184,0.20770975056689345,1.4590900828797833,26.30139650766799,46.48934295075714,325.4254006553,24.998526077097505,0.07102291407767825,0.002531289167294143,0.002401513078447888,0.010146130582525463
14,2025-01-05,5.142857142857143,0.3459183673469388,0.26326530612244897,1.5579242397294164,26.04717055319605,46.48934295075714,325.4254006553,22.268367346938778,0.059461044344102716,0.003999463101716433,0.0030438391747576394,0.00849443490630039
14,2025-01-06,3.857142857142857,0.3642857142857143,0.27142857142857146,1.5095622570819152,26.22626997452222,46.48934295075714,325.4254006553,23.85,0.04459578325807704,0.004211823974373942,0.003138221784827644,0.0063708261797252915
14,2025-01-07,3.7142857142857144,0.27857142857142864,0.31428571428571433,1.4629337263958528,26.061094042271915,46.48934295075714,325.4254006553,28.107142857142858,0.04294408758185197,0.0032208065686388965,0.0036337304876951663,0.006134869654550281
14,2025-01-08,3.5714285714285716,0.3380952380952381,0.17142857142857143,1.5575364063906,25.954887594936213,46.48934295075714,325.4254006553,30.666666666666664,0.041292391905626884,0.003909013100399345,0.0019820348114700905,0.0058989131293752705
14,2025-01-09,4.0,0.3380952380952381,0.19999999999999998,1.6125576172017193,25.916927691643934,46.48934295075714,325.4254006553,29.55238095238095,0.04624747893430211,0.003909013100399345,0.0023123739467151056,0.0066067827049003025
14,2025-01-10,3.5714285714285716,0.4095238095238095,0.19999999999999998,1.5617825574490574,26.10782953174168,46.48934295075714,325.4254006553,32.55238095238095,0.041292391905626884,0.004734860938511882,0.0023123739467151056,0.0058989131293752705
14,2025-01-11,5.0,0.3838827838827839,0.221978021978022,1.5492802539760606,25.986734697547437,46.48934295075714,325.4254006553,32.09084249084249,0.057809348667877646,0.004438402740215074,0.0025664809738266564,0.008258478381125377
14,2025-01-12,4.857142857142857,0.24102564102564103,0.15054945054945054,1.4920208531989017,26.482525929066465,46.48934295075714,325.4254006553,33.947985347985345,0.05615765299165256,0.002786707063989999,0.0017406331357141182,0.008022521855950366
14,2025-01-13,4.714285714285714,0.24816849816849818,0.15769230769230771,1.4208333635674226,26.46972254582979,46.48934295075714,325.4254006553,33.447985347985345,0.0545059573154275,0.0028692918478012523,0.0018232179195253717,0.0077865653307753555
14,2025-01-14,5.142857142857143,0.26857666143380426,0.08626373626373628,1.4967032409652226,26.582423903794727,46.48934295075714,325.4254006553,28.876556776556775,0.059461044344102716,0.0031052483729762633,0.0009973700814128342,0.008494434906300388
14,2025-01-15,5.571428571428571,0.17333856619570906,0.13388278388278388,1.512369708510391,26.509790556363942,46.48934295075714,325.4254006553,27.971794871794874,0.06441613137277795,0.002004117922159546,0.0015479353068211924,0.00920230448182542
14,2025-01-16,6.142857142857143,0.18921158206872496,0.1211843711843712,1.6443050701321964,26.77980162294479,46.48934295075714,325.4254006553,31.673382173382176,0.07102291407767825,0.002187639663962332,0.0014011179133789635,0.010146130582525463
14,2025-01-17,6.571428571428571,0.09397348683062971,0.14499389499389498,1.7776122769745213,26.523068661619373,46.48934295075714,325.4254006553,28.054334554334556,0.07597800110635347,0.0010865092131456153,0.0016764005260831425,0.010854000158050495
14,2025-01-18,5.857142857142857,0.08985260770975059,0.12301587301587301,1.7591271257281065,26.52538531606634,46.48934295075714,325.4254006553,29.980158730158735,0.0677195227252281,0.0010388641455621997,0.0014222934989715926,0.009674217532175443
14,2025-01-19,6.428571428571429,0.11842403628117916,0.12301587301587302,1.7625521065466576,26.214842550978254,46.48934295075714,325.4254006553,34.92301587301588,0.0743263054301284,0.001369203280807215,0.0014222934989715926,0.010618043632875484
14,2025-01-20,6.285714285714286,0.08270975056689345,0.08730158730158731,1.796262544816445,26.20461857764622,46.48934295075714,325.4254006553,34.70873015873016,0.07267460975390332,0.000956279361750946,0.0010093695799153239,0.010382087107700473
14,2025-01-21,6.142857142857143,0.08611111111111114,0.08730158730158731,1.7202480010080676,26.267805347759843,46.48934295075714,325.4254006553,35.756349206349206,0.07102291407767825,0.0009956054492801145,0.0010093695799153239,0.010146130582525463
14,2025-01-22,5.714285714285714,0.18134920634920637,0.03968253968253969,1.614651507656681,26.37953849090808,46.48934295075714,325.4254006553,33.42301587301587,0.06606782704900302,0.0020967359000968314,0.00045880435450696533,0.009438261007000431
14,2025-01-23,5.428571428571429,0.18588435374149662,0.023809523809523808,1.5270828202861269,26.230762493538005,46.48934295075714,325.4254006553,32.2234693877551,0.06276443569655286,0.002149170683469056,0.00027528261270417923,0.008966347956650411
14,2025-01-24,5.285714285714286,0.21445578231292517,0.0,1.5204343594022671,26.2315469697703,46.48934295075714,325.4254006553,30.499659863945578,0.061112740020327794,0.002479509818714071,0.0,0.0087303914314754
14,2025-01-25,5.285714285714286,0.23231292517006802,0.017857142857142856,1.4870278795399703,26.439205629470937,46.48934295075714,325.4254006553,29.535374149659862,0.061112740020327794,0.0026859717782422056,0.00020646195952813445,0.0087303914314754
14,2025-01-26,5.714285714285714,0.25731292517006804,0.05357142857142857,1.4274215274915154,26.655534972173836,46.48934295075714,325.4254006553,26.71751700680272,0.06606782704900302,0.0029750185215815937,0.0006193858785844033,0.009438261007000431
14,2025-01-27,6.714285714285714,0.27159863945578233,0.09642857142857143,1.443559076624112,26.60908246104438,46.48934295075714,325.4254006553,27.31751700680272,0.07762969678257856,0.0031401880892041015,0.001114894581451926,0.011089956683225505
14,2025-01-28,6.428571428571429,0.28350340136054425,0.09642857142857143,1.439338318645264,26.557000338298586,46.48934295075714,325.4254006553,25.948469387755104,0.0743263054301284,0.003277829395556191,0.001114894581451926,0.010618043632875485
14,2025-01-29,6.428571428571429,0.2358843537414966,0.09642857142857143,1.4553231523458403,26.46844354193349,46.48934295075714,325.4254006553,25.329421768707483,0.0743263054301284,0.0027272641701478325,0.001114894581451926,0.010618043632875485
14,2025-01-30,7.142857142857143,0.22738095238095243,0.12023809523809524,1.4712089515071465,26.42988338971867,46.48934295075714,325.4254006553,24.441666666666666,0.08258478381125378,0.002628948951324911,0.0013901771941561053,0.011797826258750541
14,2025-01-31,7.571428571428571,0.23452380952380958,0.17380952380952383,1.3958306233566316,26.62962960339479,46.48934295075714,325.4254006553,28.58809523809524,0.087539870839929,0.0027115337351361654,0.0020095630727405083,0.012505695834275573
14,2025-02-01,7.428571428571429,0.21921768707482997,0.15595238095238098,1.492062065672801,26.50802071960882,46.48934295075714,325.4254006553,29.04727891156463,0.08588817516370394,0.002534566341254907,0.0018031011132123738,0.012269739309100561
14,2025-02-02,7.142857142857143,0.213265306122449,0.16785714285714287,1.5292719520090365,26.312080018821284,46.48934295075714,325.4254006553,25.993707482993198,0.08258478381125377,0.002465745688078862,0.0019407424195644638,0.011797826258750537
14,2025-02-03,7.285714285714286,0.25092764378478666,0.125,1.5243423728295593,26.28499237025486,46.48934295075714,325.4254006553,27.718382807668522,0.08423647948747884,0.002901192729992746,0.001445233716696941,0.012033782783925551
14,2025-02-04,7.285714285714286,0.28664192949907236,0.16071428571428573,1.6202101841238135,26.26372447079302,46.48934295075714,325.4254006553,30.611239950525665,0.08423647948747884,0.003314116649049015,0.0018581576357532099,0.012033782783925548
14,2025-02-05,7.0,0.2390228818800248,0.16071428571428573,1.7168359869617151,26.079006523216655,46.48934295075714,325.4254006553,29.373144712430424,0.08093308813502871,0.0027635514236406564,0.0018581576357532099,0.011561869733575527
14,2025-02-06,5.857142857142857,0.2628324056895486,0.1369047619047619,1.809090663822173,25.876221041788078,46.48934295075714,325.4254006553,27.48028756957328,0.06771952272522809,0.0030388340363448354,0.0015828750230490306,0.009674217532175441
14,2025-02-07,5.428571428571429,0.22711811997526285,0.08333333333333333,1.7710433666111594,25.84578140137032,46.48934295075714,325.4254006553,24.448144712430427,0.06276443569655286,0.0026259101172885664,0.0009634891444646274,0.00896634795665041
14,2025-02-08,4.857142857142857,0.25432900432900435,0.13095238095238096,1.7135819482882848,25.90915597755503,46.48934295075714,325.4254006553,23.488961038961037,0.056157652991652575,0.0029405188175219144,0.0015140543698729857,0.008022521855950367
14,2025-02-09,4.428571428571429,0.30194805194805197,0.08333333333333333,1.720011100347252,26.02523545032701,46.48934295075714,325.4254006553,27.369913419913416,0.051202565962977335,0.003491084042930273,0.0009634891444646273,0.0073146522804253345
14,2025-02-10,3.4285714285714284,0.35714285714285715,0.08333333333333333,1.742270762456713,26.062252090295697,46.48934295075714,325.4254006553,27.473809523809525,0.03964069622940181,0.004129239190562689,0.0009634891444646274,0.005662956604200259
14,2025-02-11,3.4285714285714284,0.35714285714285715,0.047619047619047616,1.7287295136257288,25.893676129161943,46.48934295075714,325.4254006553,28.545238095238094,0.03964069622940181,0.004129239190562689,0.0005505652254083585,0.005662956604200258
14,2025-02-12,3.7142857142857144,0.35714285714285715,0.047619047619047616,1.706794747156523,26.094071542556577,46.48934295075714,325.4254006553,37.21190476190476,0.04294408758185196,0.004129239190562689,0.0005505652254083585,0.006134869654550281
14,2025-02-13,4.428571428571429,0.36904761904761907,0.09523809523809523,1.648016841013911,26.157666966177917,46.48934295075714,325.4254006553,37.36666666666667,0.05120256596297734,0.004266880496914778,0.001101130450816717,0.0073146522804253345
14,2025-02-14,4.714285714285714,0.45068027210884354,0.09523809523809523,1.7518976487921296,26.050163382444932,46.48934295075714,325.4254006553,37.064625850340136,0.05450595731542749,0.005210706597614821,0.001101130450816717,0.0077865653307753555
14,2025-02-15,5.857142857142857,0.4679962894248609,0.12554112554112554,1.7519134146807147,25.87377094267699,46.48934295075714,325.4254006553,36.73995052566482,0.0677195227252281,0.005410912134126951,0.0014514901397129451,0.009674217532175441
14,2025-02-16,6.142857142857143,0.42990105132962275,0.1826839826839827,1.7066926407483523,25.755163889224587,46.48934295075714,325.4254006553,34.816141001855286,0.07102291407767825,0.0049704599538002645,0.0021121684102029755,0.010146130582525463
14,2025-02-17,6.571428571428571,0.4043908472479901,0.2030921459492888,1.827701169558809,25.639035072037732,46.48934295075714,325.4254006553,32.97940630797773,0.07597800110635347,0.004675514297331501,0.002348124935377986,0.010854000158050495
14,2025-02-18,6.285714285714286,0.3329622758194187,0.2030921459492888,1.8630608845285785,25.523556159385524,46.48934295075714,325.4254006553,27.622263450834883,0.07267460975390332,0.003849666459218963,0.002348124935377986,0.010382087107700473
14,2025-02-19,6.714285714285714,0.38058132343846635,0.2269016697588126,1.8489633768801923,25.53101972135264,46.48934295075714,325.4254006553,20.6460729746444,0.07762969678257856,0.004400231684627322,0.002623407548082165,0.011089956683225505
14,2025-02-20,6.571428571428571,0.3508194186765615,0.25071119356833643,1.8104664304263707,25.60234994481825,46.48934295075714,325.4254006553,20.723453927025353,0.07597800110635347,0.004056128418747098,0.0028986901607863445,0.010854000158050495
14,2025-02-21,7.142857142857143,0.308147804576376,0.28967223252937535,1.7227406922487265,25.66943739484494,46.48934295075714,325.4254006553,22.18913110698825,0.08258478381125378,0.003562764775199348,0.003349152617938638,0.011797826258750541
14,2025-02-22,6.285714285714286,0.3289270253555968,0.21175015460729746,1.6594177051727865,25.717127668289695,46.48934295075714,325.4254006553,23.25666357452072,0.07267460975390332,0.0038030114190139045,0.002448227703634051,0.010382087107700473
14,2025-02-23,6.714285714285714,0.2896413110698825,0.19032158317872602,1.7308452810334771,25.761479006260235,46.48934295075714,325.4254006553,22.978092145949287,0.07762969678257856,0.0033487951080520086,0.00220047335220029,0.011089956683225505
14,2025-02-24,6.714285714285714,0.22841682127396415,0.21072974644403214,1.6419331775978603,25.847345119803737,46.48934295075714,325.4254006553,24.774010513296226,0.07762969678257856,0.002640925532526976,0.002436429877375301,0.011089956683225505
14,2025-02-25,7.571428571428571,0.2641311069882499,0.22858688930117502,1.5658652556298143,26.11768998322321,46.48934295075714,325.4254006553,28.61329622758194,0.08753987083992901,0.003053849451583245,0.0026428918369034347,0.012505695834275571
14,2025-02-26,7.714285714285714,0.23692022263450838,0.2047773654916512,1.540448140333638,26.143155193739265,46.48934295075714,325.4254006553,28.637105751391466,0.08919156651615408,0.0027392407513498972,0.002367609224199256,0.012741652359450581
14,2025-02-27,7.714285714285714,0.2726345083487941,0.13334879406307978,1.5545734311123407,26.201981315922723,46.48934295075714,325.4254006553,31.994248608534324,0.08919156651615409,0.003152164670406166,0.001541761386086718,0.012741652359450581
14,2025-02-28,7.428571428571429,0.28129251700680274,0.14200680272108843,1.5422250436396614,26.27952978820164,46.48934295075714,325.4254006553,32.37664399092971,0.08588817516370392,0.0032522674386622316,0.0016418641543427834,0.012269739309100561
14,2025-03-01,7.285714285714286,0.23129251700680276,0.17772108843537415,1.6204740909136572,26.364196821460943,46.48934295075714,325.4254006553,33.776643990929706,0.08423647948747884,0.0026741739519834553,0.002054788073399052,0.012033782783925551
14,2025-03-02,7.428571428571429,0.22930839002267575,0.20549886621315192,1.6435029830026306,26.238161738448344,46.48934295075714,325.4254006553,34.16950113378685,0.08588817516370394,0.0026512337342581064,0.002375951121553928,0.012269739309100561
14,2025-03-03,7.571428571428571,0.24461451247165536,0.21825396825396823,1.579197024667461,26.269377756423477,46.48934295075714,325.4254006553,31.31746031746032,0.087539870839929,0.0028282011281393652,0.00252342394978831,0.012505695834275573
14,2025-03-04,7.714285714285714,0.25651927437641725,0.21626984126984125,1.619705374066474,26.20018411039077,46.48934295075714,325.4254006553,29.49404761904762,0.08919156651615408,0.0029658424344914543,0.0025004837320629614,0.012741652359450583
14,2025-03-05,7.0,0.23611111111111116,0.2876984126984127,1.6314922529383438,26.162773306109305,46.48934295075714,325.4254006553,28.708333333333336,0.08093308813502868,0.002729885909316444,0.0033263315701754998,0.011561869733575527
14,2025-03-06,6.714285714285714,0.253968253968254,0.31150793650793646,1.6033989725268174,26.211708048805725,46.48934295075714,325.4254006553,25.892857142857142,0.07762969678257856,0.0029363478688445785,0.003601614182879679,0.011089956683225507
14,2025-03-07,6.285714285714286,0.23015873015873017,0.2876984126984127,1.6625544555199723,26.086660105288807,46.48934295075714,325.4254006553,24.24206349206349,0.07267460975390332,0.0026610652561403986,0.0033263315701754993,0.010382087107700475
14,2025-03-08,7.0,0.21031746031746032,0.26785714285714285,1.6899241994031857,25.947841756348772,46.48934295075714,325.4254006553,22.75,0.08093308813502868,0.002431663078886916,0.0030969293929220165,0.011561869733575527
14,2025-03-09,6.428571428571429,0.22301587301587303,0.3186507936507937,1.637525775469186,25.91880296171942,46.48934295075714,325.4254006553,22.264285714285712,0.0743263054301284,0.002578480472329145,0.0036841989666909327,0.010618043632875484
14,2025-03-10,6.0,0.27301587301587305,0.2650793650793651,1.6188688196303223,25.98121398225166,46.48934295075714,325.4254006553,22.728571428571428,0.06937121840145317,0.0031565739590079214,0.003064813088106529,0.009910174057350453
14,2025-03-11,5.571428571428571,0.22539682539682543,0.2492063492063492,1.5972656368365956,25.95191197179728,46.48934295075714,325.4254006553,23.56984126984127,0.06441613137277795,0.002606008733599563,0.0028812913463037433,0.009202304481825421
14,2025-03-12,5.857142857142857,0.2968253968253968,0.21349206349206348,1.6260501880172489,25.98978702386126,46.48934295075714,325.4254006553,24.248412698412697,0.06771952272522809,0.003431856571712101,0.002468367427247474,0.009674217532175441
14,2025-03-13,5.857142857142857,0.24920634920634924,0.1896825396825397,1.6013382727207741,25.865058447990318,46.48934295075714,325.4254006553,28.986507936507937,0.06771952272522809,0.0028812913463037424,0.002193084814543295,0.009674217532175441
14,2025-03-14,6.0,0.24580498866213157,0.2066893424036281,1.5919770952729781,25.786913354082156,46.48934295075714,325.4254006553,28.136167800453517,0.06937121840145317,0.002841965258774574,0.0023897152521891373,0.009910174057350453
14,2025-03-15,6.142857142857143,0.2727891156462586,0.21938775510204084,1.6070485157292274,25.758387222557843,46.48934295075714,325.4254006553,27.056802721088438,0.07102291407767825,0.0031539522198393106,0.002536532645631366,0.010146130582525463
14,2025-03-16,6.428571428571429,0.2646258503401361,0.12551020408163266,1.6455757751604718,25.774007850554096,46.48934295075714,325.4254006553,26.726190476190478,0.0743263054301284,0.003059569609769306,0.0014511326298263165,0.010618043632875485
14,2025-03-17,7.0,0.1947845804988662,0.14138321995464853,1.7667183050304252,25.720704697771502,46.48934295075714,325.4254006553,27.107142857142858,0.08093308813502868,0.002252073945837047,0.0016346543716291024,0.011561869733575527
14,2025-03-18,6.714285714285714,0.1947845804988662,0.17709750566893426,1.7564187005520473,25.718533763798465,46.48934295075714,325.4254006553,25.642857142857142,0.07762969678257856,0.002252073945837047,0.0020475782906853716,0.011089956683225505
14,2025-03-19,7.0,0.14716553287981862,0.14138321995464853,1.760615015394176,25.66469296491856,46.48934295075714,325.4254006553,25.86904761904762,0.08093308813502871,0.001701508720428688,0.0016346543716291024,0.011561869733575527
14,2025-03-20,7.571428571428571,0.1519274376417234,0.16995464852607708,1.7304535108608101,25.73208169307218,46.48934295075714,325.4254006553,21.192857142857143,0.087539870839929,0.0017565652429695244,0.0019649935068741177,0.012505695834275573
14,2025-03-21,8.142857142857142,0.15749330035044323,0.14212533498247784,1.7442761431232279,25.811419727395105,46.48934295075714,325.4254006553,21.99990723562152,0.0941466535448293,0.0018209170225627089,0.0016432346089081938,0.013449521934975613
14,2025-03-22,7.714285714285714,0.1350443207586065,0.1339620696763554,1.5814778386949015,25.998599026820905,46.48934295075714,325.4254006553,22.2652133580705,0.08919156651615408,0.001561364844870197,0.0015488519988381896,0.012741652359450583
14,2025-03-23,7.428571428571429,0.14320758606472897,0.14212533498247784,1.528312578585926,26.109009278705233,46.48934295075714,325.4254006553,22.96725417439703,0.08588817516370392,0.0016557474549402016,0.0016432346089081938,0.012269739309100561
14,2025-03-24,7.285714285714286,0.1630488559059988,0.12625231910946197,1.4784823424860594,26.07316204610194,46.48934295075714,325.4254006553,24.56844465058751,0.08423647948747884,0.0018851496321936841,0.0014597128671054078,0.012033782783925548
14,2025-03-25,7.571428571428571,0.2106679035250464,0.09053803339517626,1.5044875214037248,26.13369250372674,46.48934295075714,325.4254006553,25.88987322201608,0.087539870839929,0.002435714857602043,0.0010467889480491389,0.012505695834275573
14,2025-03-26,8.0,0.2344774273345702,0.1857761286332715,1.515525999419689,26.150607352671994,46.48934295075714,325.4254006553,26.580349412492268,0.09249495786860422,0.002710997470306222,0.0021479193988658556,0.013213565409800605
14,2025-03-27,7.428571428571429,0.25352504638218926,0.1572047000618429,1.6247501462329812,26.07821891958961,46.48934295075714,325.4254006553,26.661301793444654,0.08588817516370392,0.0029312235604695655,0.0018175802636208407,0.012269739309100561
14,2025-03-28,7.142857142857143,0.2751700680272109,0.19183673469387758,1.553930931991421,26.094820486172654,46.48934295075714,325.4254006553,27.545861678004535,0.08258478381125377,0.003181480481109728,0.002217991336645101,0.011797826258750541
14,2025-03-29,7.571428571428571,0.2690476190476191,0.1857142857142857,1.6907949477388746,26.03179955821597,46.48934295075714,325.4254006553,27.923412698412697,0.08753987083992901,0.0031106935235572252,0.0021472043790925982,0.012505695834275573
14,2025-03-30,8.857142857142858,0.2608843537414966,0.2183673469387755,1.6796703055369957,26.0599851908562,46.48934295075714,325.4254006553,26.425453514739228,0.10240513192595468,0.0030163109134872207,0.002524734819372615,0.014629304560850667
14,2025-03-31,8.285714285714286,0.2251700680272109,0.2183673469387755,1.6752229922722732,25.97971446569699,46.48934295075714,325.4254006553,23.514739229024944,0.09579834922105437,0.0026033869944309513,0.002524734819372615,0.013685478460150627
14,2025-04-01,8.428571428571429,0.23877551020408166,0.2591836734693877,1.6050273158612725,25.94057237203027,46.48934295075714,325.4254006553,22.126984126984127,0.09745004489727946,0.0027606913445476253,0.0029966478697226366,0.013921434985325635
14,2025-04-02,7.571428571428571,0.19115646258503402,0.21156462585034014,1.5264559807427724,26.04934719946081,46.48934295075714,325.4254006553,21.460317460317462,0.08753987083992901,0.0022101261191392672,0.002446082644314278,0.012505695834275571
14,2025-04-03,7.857142857142857,0.16139455782312925,0.22942176870748301,1.4438376294051967,26.125209082674548,46.48934295075714,325.4254006553,21.918650793650794,0.09084326219237915,0.0018660228532590432,0.002652544603842413,0.012977608884625593
14,2025-04-04,7.714285714285714,0.11377551020408165,0.19965986394557822,1.561962118853631,26.050088899119114,46.48934295075714,325.4254006553,20.732142857142858,0.08919156651615408,0.0013154576278506848,0.0023084413379621887,0.012741652359450581
14,2025-04-05,7.714285714285714,0.14234693877551025,0.22823129251700683,1.4634950986769422,26.050998087173788,46.48934295075714,325.4254006553,21.446428571428573,0.08919156651615408,0.0016457967630956996,0.0026387804732072037,0.012741652359450581
14,2025-04-06,6.857142857142857,0.21122448979591837,0.18486394557823127,1.4749009974604366,26.114537954172075,46.48934295075714,325.4254006553,23.46938775510204,0.07928139245880363,0.002442150035561361,0.002137372857210306,0.011325913208400517
14,2025-04-07,6.857142857142857,0.2826530612244898,0.18486394557823127,1.4690381386320692,26.149746967196872,46.48934295075714,325.4254006553,23.46938775510204,0.07928139245880361,0.0032679978736738988,0.002137372857210306,0.011325913208400516
14,2025-04-08,6.857142857142857,0.2622448979591837,0.14404761904761904,1.5065556769885373,26.19399640546149,46.48934295075714,325.4254006553,25.0,0.07928139245880363,0.0030320413484988882,0.0016654598068602845,0.011325913208400516
14,2025-04-09,8.285714285714286,0.29521193092621667,0.09642857142857142,1.590334219538677,26.04169154526247,46.48934295075714,325.4254006553,26.076923076923077,0.09579834922105437,0.003413201889166213,0.001114894581451926,0.013685478460150625
14,2025-04-10,9.857142857142858,0.284873585061555,0.08609022556390977,1.5988788792019892,26.01202342205105,46.48934295075714,325.4254006553,26.260193753614804,0.1139670016595302,0.0032936712810183455,0.0009953639733040586,0.01628100023707574
14,2025-04-11,9.571428571428571,0.284873585061555,0.09204260651629072,1.4291571606108413,26.087289209916452,46.48934295075714,325.4254006553,26.772098515519566,0.11066361030708005,0.0032936712810183455,0.0010641846264801034,0.015809087186725725
14,2025-04-12,9.428571428571429,0.30550850569647564,0.08093149540517962,1.4752600932221684,26.081742236571507,46.48934295075714,325.4254006553,27.208606452027507,0.109011914630855,0.0035322495453619677,0.0009357194072181532,0.015573130661550711
14,2025-04-13,9.142857142857142,0.2876513628393328,0.08688387635756056,1.4908808473646435,26.056988741930873,46.48934295075714,325.4254006553,25.488368356789408,0.10570852327840483,0.0033257875858338335,0.001004540060394198,0.015101217611200689
14,2025-04-14,8.714285714285714,0.21622279141076137,0.08688387635756056,1.5093213017147562,26.363451366034877,46.48934295075714,325.4254006553,29.13122549964655,0.10075343624972961,0.0024999397477212955,0.001004540060394198,0.014393348035675657
14,2025-04-15,9.0,0.22302551249919675,0.11862990810359231,1.5319809703029637,26.326649119060672,46.48934295075714,325.4254006553,29.7820191504402,0.10405682760217976,0.0025785919227796325,0.0013715835439997704,0.014865261086025677
14,2025-04-16,7.571428571428571,0.2376775271512114,0.16624895572263992,1.515560107738596,26.23840775604225,46.48934295075714,325.4254006553,31.038429406850458,0.08753987083992901,0.0027479966075206657,0.0019221487694081288,0.012505695834275571
14,2025-04-17,6.285714285714286,0.24444444444444446,0.15873015873015875,1.5588307060160187,26.245138227264675,46.48934295075714,325.4254006553,30.401587301587305,0.07267460975390332,0.0028262348237629064,0.0018352174180278613,0.010382087107700475
14,2025-04-18,6.857142857142857,0.27301587301587305,0.1349206349206349,1.6992940764503521,26.266176558357564,46.48934295075714,325.4254006553,31.668253968253968,0.07928139245880361,0.0031565739590079214,0.0015599348053236823,0.011325913208400517
14,2025-04-19,6.857142857142857,0.20952380952380953,0.11904761904761904,1.7092644297874966,26.253592164273137,46.48934295075714,325.4254006553,32.55714285714286,0.07928139245880363,0.0024224869917967773,0.0013764130635208964,0.011325913208400517
14,2025-04-20,7.285714285714286,0.20158730158730162,0.11111111111111109,1.770598788151007,26.092998935385285,46.48934295075714,325.4254006553,31.787301587301588,0.08423647948747884,0.0023307261208953835,0.001284652192619503,0.012033782783925551
14,2025-04-21,8.285714285714286,0.2194444444444445,0.16468253968253968,1.7685595475506024,25.793835836753612,46.48934295075714,325.4254006553,31.162301587301588,0.09579834922105437,0.0025371880804235182,0.0019040380712039063,0.013685478460150625
14,2025-04-22,7.571428571428571,0.2075396825396826,0.20436507936507933,1.7159055821809515,25.853912245449948,46.48934295075714,325.4254006553,29.047222222222224,0.087539870839929,0.0023995467740714283,0.002362842425710872,0.012505695834275571
14,2025-04-23,8.285714285714286,0.21349206349206357,0.15674603174603177,1.7414316586526315,25.97330778526963,46.48934295075714,325.4254006553,27.696031746031746,0.09579834922105437,0.0024683674272474735,0.0018122772003025134,0.013685478460150625
14,2025-04-24,8.0,0.23492063492063497,0.17460317460317462,1.7452453008194688,26.105153431571676,46.48934295075714,325.4254006553,28.274603174603175,0.09249495786860422,0.002716121778681235,0.0020187391598306477,0.013213565409800603
14,2025-04-25,7.0,0.20634920634920642,0.17460317460317462,1.614069774042582,26.04431530926136,46.48934295075714,325.4254006553,26.07936507936508,0.08093308813502868,0.0023857826434362196,0.0020187391598306477,0.011561869733575527
14,2025-04-26,7.428571428571429,0.24206349206349212,0.18253968253968253,1.5749040519988295,26.106119398155688,46.48934295075714,325.4254006553,24.93253968253968,0.08588817516370392,0.002798706562492488,0.0021105000307320406,0.012269739309100561
14,2025-04-27,7.714285714285714,0.2045454545454546,0.17965367965367962,1.5391723129624484,26.23648219019484,46.48934295075714,325.4254006553,28.193722943722943,0.08919156651615409,0.00236492790004954,0.0020771324413133524,0.012741652359450583
14,2025-04-28,7.714285714285714,0.18668831168831174,0.16179653679653677,1.5455617538074058,26.204030483384887,46.48934295075714,325.4254006553,26.515151515151512,0.08919156651615408,0.002158465940521405,0.0018706704817852183,0.012741652359450583
14,2025-04-29,8.142857142857142,0.19179035250463825,0.11077612863327148,1.5152973049541012,26.152284733692515,46.48934295075714,325.4254006553,27.979437229437227,0.0941466535448293,0.0022174550718151577,0.001280779168847691,0.013449521934975615
14,2025-04-30,7.714285714285714,0.16679035250463828,0.13934755720470005,1.498113231397117,26.031078008076257,46.48934295075714,325.4254006553,25.511580086580086,0.08919156651615408,0.0019284083284757693,0.0016111183040927062,0.012741652359450583
14,2025-05-01,8.0,0.1882189239332097,0.13577612863327146,1.4601735553377277,25.8933831840055,46.48934295075714,325.4254006553,25.818722943722943,0.09249495786860422,0.0021761626799095307,0.0015698259121870795,0.013213565409800605
14,2025-05-02,8.0,0.23583797155225733,0.1357761286332715,1.5634835712458366,25.891427470546486,46.48934295075714,325.4254006553,26.437770562770567,0.09249495786860422,0.002726727905317889,0.0015698259121870793,0.013213565409800605
14,2025-05-03,7.714285714285714,0.24298082869511445,0.14053803339517626,1.6245852890349257,25.822770083847868,46.48934295075714,325.4254006553,26.5306277056277,0.08919156651615408,0.002809312689129143,0.0016248824347279156,0.012741652359450583
14,2025-05-04,7.142857142857143,0.2578231292517007,0.14795918367346936,1.6347704976203108,25.66213731438258,46.48934295075714,325.4254006553,22.879421768707484,0.08258478381125377,0.002980917434710969,0.0017106848075188281,0.011797826258750537
14,2025-05-05,7.0,0.2578231292517007,0.11224489795918366,1.550976828057837,25.756622281345393,46.48934295075714,325.4254006553,25.121768707482996,0.08093308813502871,0.002980917434710969,0.0012977608884625594,0.011561869733575527
14,2025-05-06,6.857142857142857,0.2646258503401361,0.11564625850340136,1.6502367062200929,25.670473293713606,46.48934295075714,325.4254006553,23.193197278911565,0.07928139245880361,0.0030595696097693065,0.0013370869759917279,0.011325913208400517
14,2025-05-07,6.857142857142857,0.26462585034013614,0.14421768707482993,1.539816322956143,25.82048686880597,46.48934295075714,325.4254006553,26.07891156462585,0.07928139245880361,0.003059569609769306,0.001667426111236743,0.011325913208400517
14,2025-05-08,6.857142857142857,0.23605442176870753,0.15850340136054422,1.5545859277751473,25.865856155250658,46.48934295075714,325.4254006553,27.33605442176871,0.07928139245880363,0.002729230474524291,0.0018325956788592505,0.011325913208400517
14,2025-05-09,7.857142857142857,0.2027210884353742,0.20136054421768707,1.4943318537667725,25.980366921027688,46.48934295075714,325.4254006553,29.012244897959185,0.09084326219237915,0.0023438348167384403,0.002328104381726773,0.012977608884625593
15,2025-01-01,14.428571428571429,0.4069470212327356,0.2574417645846217,1.42442175692344,25.268138259972563,75.2264749167,75.2264749167,73.0,0.07241288354480094,0.002042350998039683,0.0012920267686043557,0.07241288354480094
15,2025-01-02,15.428571428571429,0.3688517831374974,0.22410843125128838,1.416651793087428,25.301347781499427,75.2264749167,75.2264749167,73.0,0.07743159824592576,0.0018511618665682616,0.0011247362785668617,0.07743159824592576
15,2025-01-03,14.428571428571429,0.38328179756751185,0.2233869305297876,1.3961215704413834,25.27763793419344,75.2264749167,75.2264749167,73.0,0.07241288354480095,0.0019235819921256184,0.0011211152722889939,0.07241288354480095
15,2025-01-04,13.571428571428571,0.3674087816944959,0.2551329622758194,1.3981971041697492,25.348440956596807,75.2264749167,75.2264749167,73.0,0.06811112808669396,0.0018439198540125257,0.0012804395485151786,0.06811112808669396
15,2025-01-05,12.714285714285714,0.3582251082251081,0.27350030921459484,1.447548539692294,25.36419034342034,75.2264749167,75.2264749167,73.0,0.06380937262858698,0.0017978296169613797,0.0013726200226174712,0.06380937262858698
15,2025-01-06,12.714285714285714,0.37608225108225096,0.32707173778602344,1.4230829171575128,25.3141462027628,75.2264749167,75.2264749167,73.0,0.06380937262858698,0.0018874495223386086,0.001641479738749158,0.06380937262858698
15,2025-01-07,11.571428571428571,0.2981601731601731,0.3833487940630797,1.5245906543979895,25.33930564063609,75.2264749167,75.2264749167,73.0,0.058073698684444335,0.0014963808443288825,0.0019239182284228487,0.058073698684444335
15,2025-01-08,10.428571428571429,0.2986834593977451,0.42207197564340415,1.5208680121095093,25.28694861484606,75.2264749167,75.2264749167,73.0,0.05233802474030168,0.0014990070686622808,0.002118258829094349,0.05233802474030168
15,2025-01-09,10.285714285714286,0.27703843775272347,0.47618452975595826,1.5007886310559528,25.172359673456047,75.2264749167,75.2264749167,73.0,0.05162106549728385,0.0013903768803262462,0.002389834299934436,0.05162106549728385
15,2025-01-10,11.142857142857142,0.25793988924241024,0.47083693617307054,1.502414071469973,25.18398607675864,75.2264749167,75.2264749167,73.0,0.05592282095539084,0.0012945267141473917,0.002362996253404357,0.05592282095539084
15,2025-01-11,11.0,0.32503945634197734,0.47516594050207495,1.545695984827056,25.167560336071826,75.2264749167,75.2264749167,73.0,0.055205861712373,0.0016312802979891003,0.0023847222910715646,0.055205861712373
15,2025-01-12,11.428571428571429,0.334643297878592,0.48957170280699686,1.5148382521820338,25.12243159397863,75.2264749167,75.2264749167,73.0,0.057356739441426496,0.0016794792386961815,0.002457020702132186,0.057356739441426496
15,2025-01-13,11.857142857142858,0.35899394722924133,0.4652210534563475,1.5349242821283011,25.123869931693417,75.2264749167,75.2264749167,73.0,0.05950761717047999,0.0018016882005742207,0.0023348117402541466,0.05950761717047999
15,2025-01-14,13.428571428571429,0.4100143553925067,0.45161561127947675,1.4498333835440746,25.06191711153269,75.2264749167,75.2264749167,73.0,0.06739416884367613,0.002057745073080589,0.0022665299075857815,0.06739416884367613
15,2025-01-15,13.285714285714286,0.3907835861617374,0.4571101167739822,1.4773882506242189,25.130046652339527,75.2264749167,75.2264749167,73.0,0.0666772096006583,0.0019612313288281885,0.0022941052630864674,0.0666772096006583
15,2025-01-16,14.142857142857142,0.4068263669104005,0.4212048455745934,1.4974474719161546,25.185451990988128,75.2264749167,75.2264749167,73.0,0.07097896505876529,0.002041745468418426,0.002113906950670221,0.07097896505876529
15,2025-01-17,13.428571428571429,0.37181236130815964,0.43521044781548973,1.548882371120305,25.17840707854359,75.2264749167,75.2264749167,73.0,0.06739416884367613,0.0018660201637571933,0.0021841970725347145,0.06739416884367613
15,2025-01-18,13.857142857142858,0.3523318418276401,0.4240787223980501,1.4875756416674288,25.183125948047067,75.2264749167,75.2264749167,73.0,0.06954504657272963,0.0017682529942547617,0.002128330118533325,0.06954504657272963
15,2025-01-19,13.0,0.3278856997344392,0.3744224962712357,1.4413057128147424,25.17352287786505,75.2264749167,75.2264749167,73.0,0.06524329111462264,0.0016455647815458282,0.0018791196864683033,0.06524329111462264
15,2025-01-20,12.571428571428571,0.30353505038378986,0.34520171705045655,1.465391612722683,25.0992997626887,75.2264749167,75.2264749167,73.0,0.06309241338556915,0.0015233558196677886,0.001732468932214656,0.06309241338556915
15,2025-01-21,11.714285714285714,0.323943213649096,0.2992833497035177,1.4536621605691804,25.103883540825148,75.2264749167,75.2264749167,73.0,0.058790657927462166,0.001625778568670336,0.0015020177469589246,0.058790657927462166
15,2025-01-22,12.142857142857142,0.33584797555385787,0.2659500163701844,1.4145706872873547,25.14583746472753,75.2264749167,75.2264749167,73.0,0.06094153565651566,0.0016855251722551552,0.0013347272569214307,0.06094153565651566
15,2025-01-23,11.428571428571429,0.32954545454545453,0.30726654298082867,1.4257030081937583,25.19042009742427,75.2264749167,75.2264749167,73.0,0.057356739441426496,0.0016538946174161333,0.0015420831164216857,0.057356739441426496
15,2025-01-24,11.428571428571429,0.3771645021645021,0.2834570191713049,1.3972233532587368,25.235310442159992,75.2264749167,75.2264749167,73.0,0.057356739441426496,0.0018928810317554103,0.0014225899092520473,0.057356739441426496
15,2025-01-25,11.571428571428571,0.3438311688311688,0.2712121212121212,1.3348862461292874,25.167573255965017,75.2264749167,75.2264749167,73.0,0.05807369868444433,0.0017255905417179163,0.0013611362598505187,0.05807369868444433
15,2025-01-26,11.285714285714286,0.3972222222222222,0.2928571428571428,1.3367660812495217,25.14154191392828,75.2264749167,75.2264749167,73.0,0.056639780198408665,0.0019935450062801363,0.001469766448186554,0.056639780198408665
15,2025-01-27,11.857142857142858,0.37936507936507935,0.3166666666666666,1.3444188806987942,25.220537039074113,75.2264749167,75.2264749167,73.0,0.05950761717047998,0.0019039251009029072,0.0015892596553561925,0.05950761717047998
15,2025-01-28,11.857142857142858,0.3615079365079365,0.3345238095238095,1.3802317024121602,25.312626118132368,75.2264749167,75.2264749167,73.0,0.05950761717047998,0.0018143051955256783,0.0016788795607334212,0.05950761717047998
15,2025-01-29,11.714285714285714,0.35470521541950106,0.33724489795918366,1.4184202662145826,25.259196734678913,75.2264749167,75.2264749167,73.0,0.05879065792746215,0.0017801642791914958,0.0016925359272670943,0.05879065792746215
15,2025-01-30,11.571428571428571,0.3449649556792414,0.31884662956091525,1.4370696236968012,25.30276981325456,75.2264749167,75.2264749167,73.0,0.058073698684444335,0.00173128069444028,0.0016002002671814644,0.058073698684444335
15,2025-01-31,12.714285714285714,0.3592506699649557,0.3378942486085343,1.4467614742461694,25.299537634903977,75.2264749167,75.2264749167,73.0,0.06380937262858698,0.0018029766187420634,0.0016957948329171754,0.06380937262858698
15,2025-02-01,12.285714285714286,0.40448876520305094,0.3212275819418676,1.4875712578244804,25.36147421287264,75.2264749167,75.2264749167,73.0,0.06165849489953349,0.0020300137123643765,0.0016121495878984285,0.06165849489953349
15,2025-02-02,14.142857142857142,0.37707173778602343,0.33854359925788496,1.4925096664132256,25.437940863822302,75.2264749167,75.2264749167,73.0,0.07097896505876529,0.001892415473805399,0.0016990537385672565,0.07097896505876529
15,2025-02-03,14.857142857142858,0.41698770417257813,0.30422987376768884,1.429147222514802,25.42160587515019,75.2264749167,75.2264749167,73.0,0.07456376127385445,0.002092742321119205,0.001526842939999248,0.07456376127385445
15,2025-02-04,14.857142857142858,0.43484484702972104,0.3399441594819746,1.4309553059474405,25.3353215322315,75.2264749167,75.2264749167,73.0,0.07456376127385445,0.0021823622264964333,0.0017060827507537056,0.07456376127385445
15,2025-02-05,13.857142857142858,0.4756611735603332,0.3399441594819746,1.4419497423063456,25.41753601702876,75.2264749167,75.2264749167,73.0,0.06954504657272963,0.002387207724501528,0.0017060827507537058,0.06954504657272963
15,2025-02-06,13.571428571428571,0.5131792110783707,0.33850115803897307,1.4106800437766436,25.28826187077333,75.2264749167,75.2264749167,73.0,0.06811112808669396,0.0025755000509506553,0.00169884073819797,0.06811112808669396
15,2025-02-07,11.857142857142858,0.48103635393551364,0.3135011580389731,1.3661013987719015,25.293508508966863,75.2264749167,75.2264749167,73.0,0.05950761717047998,0.0024141842212716436,0.0015733728706698498,0.05950761717047998
15,2025-02-08,12.0,0.47462609752525714,0.3125854071232222,1.4053655322443075,25.294009538175242,75.2264749167,75.2264749167,73.0,0.06022457641349782,0.00238201297318751,0.001568776978086402,0.06022457641349782
15,2025-02-09,11.142857142857142,0.4762494741486338,0.283364627902443,1.430154539959683,25.237253085779294,75.2264749167,75.2264749167,73.0,0.05592282095539084,0.0023901602373127126,0.0014221262238327548,0.05592282095539084
15,2025-02-10,10.714285714285714,0.43123146694575265,0.29897087039944176,1.5093790376978888,25.275011018845394,75.2264749167,75.2264749167,73.0,0.05377194322633734,0.00216422770274827,0.0015004495024817615,0.05377194322633734
15,2025-02-11,11.571428571428571,0.39041514041514036,0.24029740101168667,1.4774178915936365,25.322764411412496,75.2264749167,75.2264749167,73.0,0.05807369868444433,0.0019593822047431755,0.0012059840990994379,0.05807369868444433
15,2025-02-12,12.285714285714286,0.3683062968777255,0.24710012210012205,1.485570471790874,25.227867601027867,75.2264749167,75.2264749167,73.0,0.06165849489953349,0.0018484242266570826,0.0012401250154336202,0.06165849489953349
15,2025-02-13,13.428571428571429,0.33842767876381324,0.23402822667528547,1.4536668913136737,25.219917615199755,75.2264749167,75.2264749167,73.0,0.06739416884367613,0.0016984719666794969,0.0011745209016934266,0.06739416884367613
15,2025-02-14,14.428571428571429,0.3419991073352418,0.2637901314371902,1.4547342235062914,25.182725365587938,75.2264749167,75.2264749167,73.0,0.07241288354480095,0.0017163959477549428,0.0013238874106554748,0.07241288354480095
15,2025-02-15,14.571428571428571,0.3160964385754302,0.27320928371348535,1.467030664949011,25.096528947837367,75.2264749167,75.2264749167,73.0,0.07312984278781878,0.0015863978432517096,0.0013711594486566505,0.07312984278781878
15,2025-02-16,13.857142857142858,0.30148604896504055,0.2764560369602386,1.4133414936082307,25.089713794522698,75.2264749167,75.2264749167,73.0,0.06954504657272963,0.001513072466124886,0.0013874539769070555,0.06954504657272963
15,2025-02-17,13.857142857142858,0.3218942122303467,0.26625195532758555,1.3635506967397093,25.047404766006796,75.2264749167,75.2264749167,73.0,0.06954504657272963,0.0016154952151274332,0.0013362426024057818,0.06954504657272963
15,2025-02-18,13.428571428571429,0.36920404525446543,0.2746007493906653,1.3800055007206338,25.08030265527702,75.2264749167,75.2264749167,73.0,0.06739416884367613,0.0018529297696333383,0.001378142817906824,0.06739416884367613
15,2025-02-19,13.0,0.34142626747668764,0.2904737652636812,1.346838113486319,25.13275284462276,75.2264749167,75.2264749167,73.0,0.06524329111462264,0.0017135210279354267,0.0014578049560199165,0.06524329111462264
15,2025-02-20,12.857142857142858,0.36138425066996493,0.25791074005359715,1.3736542705947248,25.21134417836762,75.2264749167,75.2264749167,73.0,0.06452633187160481,0.0018136844515923294,0.0012943804226849696,0.06452633187160481
15,2025-02-21,12.0,0.30424139352710783,0.2420377241805813,1.4765695310764986,25.17849678291837,75.2264749167,75.2264749167,73.0,0.06022457641349782,0.0015269007543851972,0.0012147182845718772,0.06022457641349782
15,2025-02-22,12.714285714285714,0.33592775228113575,0.25170474888519995,1.4467061994190245,25.218007741172492,75.2264749167,75.2264749167,73.0,0.06380937262858698,0.0016859255488891522,0.001263234323573084,0.06380937262858698
15,2025-02-23,14.0,0.34696671332009676,0.2484579956384467,1.5119099776693952,25.24737022737062,75.2264749167,75.2264749167,73.0,0.07026200581574746,0.00174132694494053,0.0012469397953226787,0.07026200581574746
15,2025-02-24,13.714285714285714,0.36737487658540285,0.25356003645477326,1.527751966045649,25.227418716508623,75.2264749167,75.2264749167,73.0,0.0688280873297118,0.0018437496939430773,0.0012725454825733157,0.0688280873297118
15,2025-02-25,13.857142857142858,0.3132623224728488,0.2622180451127819,1.5289168595910259,25.14162293314246,75.2264749167,75.2264749167,73.0,0.06954504657272963,0.0015721742231029896,0.0013159975579077295,0.06954504657272963
15,2025-02-26,13.571428571428571,0.30192445399212314,0.23954230815133065,1.5396282096867224,25.09424212049896,75.2264749167,75.2264749167,73.0,0.06811112808669396,0.0015152726958793522,0.0012021945034604547,0.06811112808669396
15,2025-02-27,12.857142857142858,0.28731406438173357,0.2606462042552268,1.5293450210708923,25.075869996625507,75.2264749167,75.2264749167,73.0,0.06452633187160481,0.0014419473187525286,0.0013081089370880889,0.06452633187160481
15,2025-02-28,13.428571428571429,0.3422591193267885,0.27285621646523894,1.5044643412392722,25.15311474422112,75.2264749167,75.2264749167,73.0,0.06739416884367613,0.0017177008737593868,0.0013693875048673906,0.06739416884367613
15,2025-03-01,12.142857142857142,0.345266638123781,0.3142095999238856,1.5092398463774483,25.122254264093424,75.2264749167,75.2264749167,73.0,0.06094153565651565,0.0017327947525597623,0.0015769283383725524,0.06094153565651565
15,2025-03-02,11.0,0.3428856857428286,0.3142095999238856,1.5028118783040096,25.23433632230904,75.2264749167,75.2264749167,73.0,0.055205861712373,0.0017208454318427982,0.0015769283383725524,0.055205861712373
15,2025-03-03,10.857142857142858,0.29743114028828316,0.33044336615765185,1.5276908631910402,25.237269038468984,75.2264749167,75.2264749167,73.0,0.054488902469355165,0.0014927220363371246,0.0016584009796245787,0.054488902469355165
15,2025-03-04,11.0,0.35054469340183625,0.34875838447267016,1.5032844988585101,25.29413252961088,75.2264749167,75.2264749167,73.0,0.05520586171237301,0.0017592838061770877,0.0017503188312935315,0.05520586171237301
15,2025-03-05,12.428571428571429,0.38055669820375704,0.3415555033202092,1.4631320797033667,25.3641380147742,75.2264749167,75.2264749167,73.0,0.062375454142551315,0.001909905495886716,0.0017141696257632205,0.062375454142551315
15,2025-03-06,12.142857142857142,0.37334169098874975,0.3819595437242495,1.4124935597869341,25.354131548826427,75.2264749167,75.2264749167,73.0,0.06094153565651565,0.0018736954331080378,0.0019169459773238193,0.06094153565651565
15,2025-03-07,12.142857142857142,0.38433070197776076,0.3929485547132606,1.379077540217177,25.357735002252127,75.2264749167,75.2264749167,73.0,0.06094153565651566,0.0019288461441094094,0.001972096688325191,0.06094153565651566
15,2025-03-08,13.285714285714286,0.35417197181903065,0.3612025229672288,1.4047472122786178,25.40599530750685,75.2264749167,75.2264749167,73.0,0.0666772096006583,0.001777488081694534,0.0018127724120990064,0.0666772096006583
15,2025-03-09,13.714285714285714,0.3827434003904592,0.34453585630056216,1.3757599585436713,25.28822217270431,75.2264749167,75.2264749167,73.0,0.0688280873297118,0.0019208799302981004,0.0017291271670802596,0.0688280873297118
15,2025-03-10,14.714285714285714,0.39645191409897296,0.324333836098542,1.316856103981198,25.295787525866587,75.2264749167,75.2264749167,73.0,0.07384680203083661,0.0019896790495775893,0.00162773899129996,0.07384680203083661
15,2025-03-11,14.0,0.4088145514616103,0.31197119873590456,1.3265183713582673,25.28541488105267,75.2264749167,75.2264749167,73.0,0.07026200581574746,0.0020517235994541323,0.0015656944414234168,0.07026200581574746
15,2025-03-12,13.571428571428571,0.3890066282923425,0.30896999825571253,1.3590189659093812,25.274407961021307,75.2264749167,75.2264749167,73.0,0.06811112808669396,0.0019523132842457773,0.0015506322724524542,0.06811112808669396
15,2025-03-13,14.0,0.4048796441653585,0.2772239665096808,1.4503387202222815,25.339122102971494,75.2264749167,75.2264749167,73.0,0.07026200581574746,0.0020319754223588698,0.0013913079962262693,0.07026200581574746
15,2025-03-14,14.714285714285714,0.3865646258503402,0.26196145124716547,1.4331280491850793,25.342230533309024,75.2264749167,75.2264749167,73.0,0.07384680203083661,0.001940057570689917,0.001314709786502142,0.07384680203083661
15,2025-03-15,14.428571428571429,0.37565192743764175,0.26692176870748296,1.3810249165247648,25.29424467443362,75.2264749167,75.2264749167,73.0,0.07241288354480095,0.001885289850737166,0.0013396042046624832,0.07241288354480095
15,2025-03-16,13.571428571428571,0.36295351473922904,0.2796201814058957,1.3325095979837684,25.253510960171468,75.2264749167,75.2264749167,73.0,0.06811112808669396,0.0018215601402466921,0.0014033339151529572,0.06811112808669396
15,2025-03-17,12.571428571428571,0.37521902700474125,0.2738481756338899,1.3682761467014983,25.24378433070077,75.2264749167,75.2264749167,73.0,0.06309241338556915,0.0018831172469704453,0.0013743658649300148,0.06309241338556915
15,2025-03-18,12.857142857142858,0.3430761698618841,0.2774196042053184,1.3805302279336884,25.183225393971302,75.2264749167,75.2264749167,73.0,0.06452633187160481,0.001721801417291433,0.0013922898460054602,0.06452633187160481
15,2025-03-19,13.142857142857142,0.3838924963924964,0.27359307359307355,1.3138738429597,25.126581018317733,75.2264749167,75.2264749167,73.0,0.06596025035764047,0.0019266469152965278,0.0013730855805674826,0.06596025035764047
15,2025-03-20,13.142857142857142,0.3719877344877345,0.27359307359307355,1.2736133539979235,24.986587871274647,75.2264749167,75.2264749167,73.0,0.06596025035764047,0.0018669003117117086,0.0013730855805674828,0.06596025035764047
15,2025-03-21,12.428571428571429,0.4232697857697857,0.25588855588855586,1.2767897455762731,24.931525757383334,75.2264749167,75.2264749167,73.0,0.062375454142551315,0.0021242702963847762,0.001284231657287495,0.062375454142551315
15,2025-03-22,12.0,0.4555500055500055,0.2332237207237207,1.2410996165679626,24.9599539295421,75.2264749167,75.2264749167,73.0,0.06022457641349782,0.002286275509951305,0.001170483315847166,0.06022457641349782
15,2025-03-23,12.571428571428571,0.457992007992008,0.22345571095571093,1.3072781188554907,25.006773992810707,75.2264749167,75.2264749167,73.0,0.06309241338556915,0.002298531223507166,0.0011214604616237246,0.06309241338556915
15,2025-03-24,12.428571428571429,0.4489010989010989,0.2689102564102564,1.3187117728332585,25.073383083697212,75.2264749167,75.2264749167,73.0,0.062375454142551315,0.002252906544406031,0.0013495838571293982,0.062375454142551315
15,2025-03-25,12.285714285714286,0.45525030525030524,0.25938644688644685,1.3094678565345856,25.1356038289462,75.2264749167,75.2264749167,73.0,0.06165849489953348,0.002284771399651268,0.0013017865742615427,0.06165849489953348
15,2025-03-26,11.428571428571429,0.440964590964591,0.30402930402930395,1.439896900516041,25.22917525133858,75.2264749167,75.2264749167,73.0,0.057356739441426496,0.0022130754753494847,0.001525836337704615,0.057356739441426496
15,2025-03-27,11.571428571428571,0.5041514041514041,0.2893772893772893,1.453718964543241,25.316141781686778,75.2264749167,75.2264749167,73.0,0.05807369868444433,0.0025301920636073712,0.0014523020563694529,0.05807369868444433
15,2025-03-28,12.714285714285714,0.4596720739577882,0.31501831501831495,1.4695870130548128,25.338475039191938,75.2264749167,75.2264749167,73.0,0.06380937262858698,0.002306962995268486,0.0015809870487059868,0.06380937262858698
15,2025-03-29,12.571428571428571,0.4422728065585208,0.34065934065934067,1.5780523576523777,25.341858059157193,75.2264749167,75.2264749167,73.0,0.06309241338556915,0.0022196410361829816,0.0017096720410425207,0.06309241338556915
15,2025-03-30,12.285714285714286,0.4412738055595198,0.35764235764235763,1.5703723605907045,25.36347246124389,75.2264749167,75.2264749167,73.0,0.06165849489953348,0.002214627335182857,0.0017949049580446403,0.06165849489953348
15,2025-03-31,12.0,0.46984523413094836,0.3219280719280719,1.6045199233423386,25.29340971822478,75.2264749167,75.2264749167,73.0,0.06022457641349782,0.002358019183786423,0.0016156651472901825,0.06022457641349782
15,2025-04-01,12.428571428571429,0.44206745635317063,0.33383283383283374,1.6098963503757762,25.237834857739188,75.2264749167,75.2264749167,73.0,0.062375454142551315,0.0022186104420885114,0.0016754117508750016,0.062375454142551315
15,2025-04-02,12.571428571428571,0.44985966414537837,0.3013653013653013,1.530843680893095,25.208473828512325,75.2264749167,75.2264749167,73.0,0.06309241338556915,0.002257717309889484,0.001512466468370949,0.06309241338556915
15,2025-04-03,12.714285714285714,0.3917748917748917,0.3092145949288806,1.5244545303912893,25.15240354652087,75.2264749167,75.2264749167,73.0,0.06380937262858698,0.0019662064088822344,0.001551859833371929,0.06380937262858698
15,2025-04-04,11.571428571428571,0.38130916702345274,0.294562580276866,1.5405225234779567,25.209635610720596,75.2264749167,75.2264749167,73.0,0.05807369868444433,0.0019136819222142609,0.0014783255520367665,0.05807369868444433
15,2025-04-05,11.142857142857142,0.353531389245675,0.2628165485308342,1.5125704312158543,25.24146576129869,75.2264749167,75.2264749167,73.0,0.05592282095539084,0.0017742731805163493,0.0013190012758105818,0.05592282095539084
15,2025-04-06,12.0,0.3306131310332991,0.2574689549479465,1.5004591652345798,25.16550982744608,75.2264749167,75.2264749167,73.0,0.06022457641349782,0.0016592529811017241,0.0012921632292805028,0.06022457641349782
15,2025-04-07,13.142857142857142,0.31275598817615624,0.2485403835193751,1.4643091124174,25.207934767204225,75.2264749167,75.2264749167,73.0,0.06596025035764047,0.001569633075724495,0.0012473532765918884,0.06596025035764047
15,2025-04-08,12.857142857142858,0.3056131310332991,0.260445145424137,1.448452558840577,25.19407274553578,75.2264749167,75.2264749167,73.0,0.06452633187160481,0.0015337851135736034,0.0013070998801767077,0.06452633187160481
15,2025-04-09,12.571428571428571,0.3200431454633135,0.26910315408214563,1.4495318452122645,25.181272398394015,75.2264749167,75.2264749167,73.0,0.06309241338556915,0.0016062052391309603,0.0013505519555111216,0.06309241338556915
15,2025-04-10,12.142857142857142,0.3052008449067273,0.28023487949958537,1.4485636377600677,25.190870682454452,75.2264749167,75.2264749167,73.0,0.06094153565651566,0.0015317159671291076,0.001406418909512511,0.06094153565651566
15,2025-04-11,12.142857142857142,0.34915688886277124,0.26924586851057436,1.4079035288445725,25.115086391617183,75.2264749167,75.2264749167,73.0,0.06094153565651565,0.0017523188111345943,0.0013512681985111395,0.06094153565651565
15,2025-04-12,13.571428571428571,0.4226740150114763,0.2984856345924457,1.3896486828261572,25.098264760862957,75.2264749167,75.2264749167,73.0,0.06811112808669396,0.0021212802929215483,0.0014980142424036778,0.06811112808669396
15,2025-04-13,13.714285714285714,0.4203397479713269,0.2966182209603262,1.4428848320288854,25.21340611460607,75.2264749167,75.2264749167,73.0,0.0688280873297118,0.0021095652726107993,0.001488642226155079,0.0688280873297118
15,2025-04-14,12.571428571428571,0.4203397479713269,0.30554679238889765,1.4203895346445825,25.18176234142069,75.2264749167,75.2264749167,73.0,0.06309241338556915,0.0021095652726107997,0.0015334521788436934,0.06309241338556915
15,2025-04-15,13.571428571428571,0.4421884874671252,0.2761350276830153,1.409277244469486,25.202656722838917,75.2264749167,75.2264749167,73.0,0.06811112808669396,0.002219217862719409,0.0013858429229282577,0.06811112808669396
15,2025-04-16,13.857142857142858,0.4407454860241238,0.2804640320120196,1.4176093662895628,25.226466720178756,75.2264749167,75.2264749167,73.0,0.06954504657272963,0.002211975850163673,0.0014075689605954646,0.06954504657272963
15,2025-04-17,13.571428571428571,0.46239050766914547,0.2761350276830153,1.4407124508241353,25.27384769391742,75.2264749167,75.2264749167,73.0,0.06811112808669396,0.0023206060384997084,0.0013858429229282577,0.06811112808669396
15,2025-04-18,12.857142857142858,0.46376413404277184,0.2541570057049933,1.4425182652885362,25.26911002404365,75.2264749167,75.2264749167,73.0,0.06452633187160481,0.00232749987737488,0.0012755415009255142,0.06452633187160481
15,2025-04-19,13.0,0.4227866904337493,0.2519013666072489,1.4210005448205532,25.284241710766544,75.2264749167,75.2264749167,73.0,0.06524329111462264,0.002121845778719765,0.0012642210918252328,0.06524329111462264
15,2025-04-20,12.285714285714286,0.5039832716303304,0.22015533486121716,1.4058293265982915,25.245454267702694,75.2264749167,75.2264749167,73.0,0.06165849489953349,0.002529348254452122,0.0011048968155990481,0.06165849489953349
15,2025-04-21,13.142857142857142,0.5116363328548202,0.1946451307795845,1.4081284184204834,25.291303636332312,75.2264749167,75.2264749167,73.0,0.06596025035764047,0.002567756785328077,0.0009768683793458638,0.06596025035764047
15,2025-04-22,12.142857142857142,0.5183590219304505,0.16691403834260973,1.3918365323712998,25.30668825863239,75.2264749167,75.2264749167,73.0,0.06094153565651566,0.0026014960438230338,0.0008376939380541673,0.06094153565651566
15,2025-04-23,13.285714285714286,0.4780309289707786,0.1450411743644826,1.4056076730201064,25.27692269418846,75.2264749167,75.2264749167,73.0,0.0666772096006583,0.0023991008508180006,0.0007279202740514371,0.0666772096006583
15,2025-04-24,14.0,0.5018404527803024,0.12803437164339418,1.3768044012731089,25.285153968180484,75.2264749167,75.2264749167,73.0,0.07026200581574746,0.002518594057987639,0.000642567983215981,0.07026200581574746
15,2025-04-25,14.714285714285714,0.5004668264066761,0.17199041559943812,1.3837416837256566,25.33280942481435,75.2264749167,75.2264749167,73.0,0.07384680203083661,0.0025117002191124673,0.0008631708272214676,0.07384680203083661
15,2025-04-26,13.285714285714286,0.4790382549781046,0.18627612988515244,1.3794257719123026,25.246427918179165,75.2264749167,75.2264749167,73.0,0.0666772096006583,0.0024041563326597927,0.0009348667515232505,0.0666772096006583
15,2025-04-27,13.714285714285714,0.44744484838469806,0.19520470131372386,1.3854580810598904,25.221318995019182,75.2264749167,75.2264749167,73.0,0.0688280873297118,0.0022455980385308496,0.000979676704211865,0.0688280873297118
15,2025-04-28,14.285714285714286,0.4497124220808431,0.20087363555408663,1.4001284734923805,25.25233089251181,75.2264749167,75.2264749167,73.0,0.0716959243017831,0.002256978343975577,0.0010081274678236838,0.0716959243017831
15,2025-04-29,15.714285714285714,0.442569564937986,0.2294450641255152,1.4113429851426982,25.27361764022177,75.2264749167,75.2264749167,73.0,0.07886551673196143,0.002221130381824685,0.0011515193164272502,0.07886551673196143
15,2025-04-30,14.714285714285714,0.44068986568986573,0.2350841618698761,1.3902545623178675,25.22918423857596,75.2264749167,75.2264749167,73.0,0.07384680203083661,0.0022116967075744504,0.001179820339177954,0.07384680203083661
15,2025-05-01,13.714285714285714,0.4304857840572126,0.2452882435025292,1.3509972153593726,25.288670665955642,75.2264749167,75.2264749167,73.0,0.0688280873297118,0.002160485333073177,0.0012310317136792275,0.0688280873297118
15,2025-05-02,14.571428571428571,0.3952052750924931,0.25396377849385365,1.34453665564994,25.332910365116668,75.2264749167,75.2264749167,73.0,0.07312984278781878,0.001983422524068773,0.0012745717486803104,0.07312984278781878
15,2025-05-03,15.428571428571429,0.388062417949636,0.22360663563671077,1.4026222005002442,25.37766265556146,75.2264749167,75.2264749167,73.0,0.07743159824592578,0.001947574561917882,0.0011222179095390211,0.07743159824592578
15,2025-05-04,14.285714285714286,0.3166338465210646,0.2682494927795679,1.3982778542806678,25.36387632739385,75.2264749167,75.2264749167,73.0,0.07169592430178313,0.0015890949404089663,0.0013462676729820934,0.07169592430178313
15,2025-05-05,13.714285714285714,0.2939581095596133,0.2931928034371643,1.3548563022039637,25.26469185778887,75.2264749167,75.2264749167,73.0,0.0688280873297118,0.0014752918859616913,0.0014714510328740957,0.0688280873297118
15,2025-05-06,12.714285714285714,0.27692514252664624,0.2723136825580434,1.3735349762328057,25.20728198500976,75.2264749167,75.2264749167,73.0,0.06380937262858698,0.0013898082839095653,0.0013666646819714898,0.06380937262858698
15,2025-05-07,12.428571428571429,0.2554965710980749,0.29374225398661485,1.3787233831511598,25.23781665789258,75.2264749167,75.2264749167,73.0,0.062375454142551315,0.0012822643974568905,0.0014742085684241644,0.062375454142551315
15,2025-05-08,13.428571428571429,0.22488432620011567,0.314150417251921,1.4254947113289007,25.181057311467235,75.2264749167,75.2264749167,73.0,0.06739416884367613,0.0011286302739530695,0.0015766313174267116,0.06739416884367613
15,2025-05-09,12.428571428571429,0.18415750915750917,0.2734236002093145,1.3951190365988428,25.142224452471503,75.2264749167,75.2264749167,73.0,0.06237545414255131,0.0009242339985313195,0.0013722350420049614,0.06237545414255131
16,2025-01-01,9.428571428571429,0.39148629148629144,0.17200577200577197,3.8298964666386377,34.51309908201164,57.9362290029,695.2347480348,26.988888888888887,0.09099917968723739,0.0037784018134599797,0.0016601013496661615,0.007583264973936451
16,2025-01-02,9.142857142857142,0.4413729128014842,0.18107606679035246,3.9112130082648724,34.480729726611706,57.93622900289999,695.2347480348,26.814285714285717,0.08824162878762414,0.0042598789546622945,0.0017476426480665822,0.007353469065635346
16,2025-01-03,9.0,0.41994434137291275,0.2525046382189239,4.16068418145589,34.47312624990726,57.93622900289999,695.2347480348,27.3,0.08686285333781751,0.0040530626371913,0.0024370303729698956,0.007238571111484794
16,2025-01-04,9.571428571428571,0.424025974025974,0.19128014842300553,4.011228208865618,34.309022781385714,57.9362290029,695.2347480348,27.342857142857145,0.09237795513704404,0.00409245622147149,0.0018461266087670557,0.007698162928087004
16,2025-01-05,8.714285714285714,0.3383116883116883,0.19842300556586268,4.2072673678571695,34.387161113497896,57.9362290029,695.2347480348,27.692857142857143,0.08410530243820427,0.0032651909515875135,0.0019150653812573873,0.0070087752031836896
16,2025-01-06,8.0,0.324025974025974,0.21270871985157694,3.7993928522704152,34.02871518109023,57.9362290029,695.2347480348,28.064285714285713,0.07721142518917114,0.003127313406606851,0.0020529429262380497,0.006434285432430928
16,2025-01-07,7.571428571428571,0.31266233766233764,0.2532931354359925,4.204119942915043,34.37056809388684,57.9362290029,695.2347480348,28.01396103896104,0.07307509883975126,0.0030176380867358694,0.0024446404972058417,0.006089591569979271
16,2025-01-08,7.0,0.2811224489795918,0.3015306122448979,4.2423056927757985,34.628712529137665,57.9362290029,695.2347480348,27.28112244897959,0.06755999704052475,0.0027132331172980426,0.0029102010386989887,0.005629999753377063
16,2025-01-09,7.285714285714286,0.2312358276643991,0.2607142857142857,4.250450042455175,34.728595940546434,57.9362290029,695.2347480348,26.614455782312923,0.07031754794013802,0.002231755976095728,0.0025162651958970947,0.005859795661678167
16,2025-01-10,8.428571428571429,0.2550453514739229,0.22499999999999995,4.022740494563523,34.535799930652466,57.9362290029,695.2347480348,26.543027210884354,0.08134775153859101,0.002461551884396833,0.002171571333445438,0.0067789792948825854
16,2025-01-11,7.142857142857143,0.19382086167800455,0.24336734693877546,4.434329320054845,34.627298940566156,57.9362290029,695.2347480348,26.785884353741494,0.06893877249033138,0.0018706481201939923,0.0023488424627062902,0.005744897707527614
16,2025-01-12,7.714285714285714,0.19382086167800455,0.2790816326530612,4.167847957434168,34.36540553581914,57.9362290029,695.2347480348,26.82159863945578,0.07445387428955788,0.0018706481201939923,0.0026935363251579477,0.006204489524129824
16,2025-01-13,7.714285714285714,0.19382086167800455,0.2790816326530612,5.056641370590035,35.03201986491893,57.9362290029,695.2347480348,26.364455782312923,0.07445387428955788,0.0018706481201939923,0.002693536325157947,0.006204489524129823
16,2025-01-14,7.285714285714286,0.14024943310657598,0.33979591836734685,4.60430634531003,34.827937178243914,57.93622900289999,695.2347480348,26.568027210884356,0.07031754794013799,0.001353607326516507,0.003279515891325764,0.005859795661678166
16,2025-01-15,7.714285714285714,0.19126984126984128,0.3071428571428571,4.684160205707082,34.68738611484694,57.93622900289999,695.2347480348,26.833333333333336,0.07445387428955787,0.0018460271300188738,0.0029643672170842485,0.0062044895241298225
16,2025-01-16,7.428571428571429,0.22074829931972786,0.32755102040816325,4.796311152455934,34.832587792079586,57.9362290029,695.2347480348,27.071428571428573,0.07169632338994461,0.0021305363498202415,0.003161335138485196,0.005974693615828718
16,2025-01-17,6.714285714285714,0.26326530612244897,0.31224489795918364,5.0534341363092725,35.05269201205158,57.9362290029,695.2347480348,26.632653061224488,0.06480244614091149,0.0025408861860722136,0.0030136091974344854,0.005400203845075958
16,2025-01-18,7.428571428571429,0.36326530612244895,0.29795918367346935,4.734685388404616,34.83168291959813,57.9362290029,695.2347480348,27.10408163265306,0.07169632338994462,0.003506029000936853,0.002875731652453823,0.005974693615828718
16,2025-01-19,7.571428571428571,0.4267573696145125,0.2582766439909297,4.723036993802458,34.79974410429755,57.9362290029,695.2347480348,27.15170068027211,0.07307509883975126,0.004118818089739798,0.002492738471951982,0.0060895915699792705
16,2025-01-20,7.714285714285714,0.4934240362811791,0.27732426303854874,4.0940468650146915,34.460803950182125,57.93622900289999,695.2347480348,27.199319727891158,0.07445387428955788,0.004762246632982891,0.0026765751985928653,0.006204489524129823
16,2025-01-21,7.571428571428571,0.4934240362811791,0.16303854875283444,4.246851068626266,34.57844849708067,57.9362290029,695.2347480348,26.477891156462587,0.07307509883975126,0.004762246632982891,0.0015735548387475638,0.006089591569979271
16,2025-01-22,7.285714285714286,0.4577097505668934,0.17018140589569158,4.36380975164771,34.600591212999326,57.9362290029,695.2347480348,26.942176870748302,0.070317547940138,0.004417552770531234,0.0016424936112378952,0.0058597956616781655
16,2025-01-23,7.142857142857143,0.4202947845804989,0.19739229024943308,4.433587608700422,34.49556542828029,57.9362290029,695.2347480348,27.299319727891156,0.06893877249033137,0.004056444914629498,0.0019051175064391573,0.005744897707527614
16,2025-01-24,6.857142857142857,0.3753968253968254,0.17698412698412694,4.192980429055247,34.27804086050974,57.9362290029,695.2347480348,27.35238095238095,0.06618122159071811,0.0036231154875474157,0.0017081495850382103,0.0055151017992265084
16,2025-01-25,6.714285714285714,0.32301587301587303,0.21031746031746026,4.277329328713534,34.58198075437767,57.9362290029,695.2347480348,26.75714285714286,0.06480244614091149,0.003117564489284986,0.0020298638566597573,0.005400203845075958
16,2025-01-26,6.571428571428571,0.2773809523809524,0.23214285714285707,4.42357418978706,34.90561956127292,57.9362290029,695.2347480348,26.20952380952381,0.06342367069110487,0.0026771223317078687,0.002240510105935769,0.005285305890925405
16,2025-01-27,7.142857142857143,0.1964285714285714,0.24166666666666664,4.527131742367858,34.841867759827394,57.9362290029,695.2347480348,26.247619047619047,0.06893877249033137,0.0018958162434841131,0.0023324284692562113,0.005744897707527614
16,2025-01-28,7.428571428571429,0.22023809523809526,0.2654761904761905,4.212354064823355,34.73702240408805,57.9362290029,695.2347480348,26.545238095238094,0.07169632338994461,0.002125612151785218,0.002562224377557316,0.005974693615828718
16,2025-01-29,7.571428571428571,0.20039682539682538,0.2932539682539682,4.060300481255067,34.59926644709707,57.9362290029,695.2347480348,26.858730158730157,0.07307509883975125,0.001934115561534297,0.0028303196039086045,0.006089591569979271
16,2025-01-30,8.142857142857142,0.1765873015873016,0.28849206349206347,3.9392400615304664,34.52832908241194,57.9362290029,695.2347480348,26.87301587301587,0.07859020063897774,0.0017043196532331925,0.002784360422248383,0.0065491833865814805
16,2025-01-31,8.714285714285714,0.18293650793650792,0.30436507936507934,4.116562622744895,34.67339580649827,57.9362290029,695.2347480348,27.09206349206349,0.08410530243820427,0.0017655985621134874,0.0029375576944491197,0.0070087752031836896
16,2025-02-01,8.857142857142858,0.19246031746031747,0.271031746031746,3.9905719268109836,34.48346523361563,57.93622900289999,695.2347480348,27.144444444444446,0.0854840778880109,0.001857516925433929,0.002615843422827574,0.007123673157334242
16,2025-02-02,9.0,0.17460317460317462,0.2333333333333333,3.9626565105731686,34.45846596652094,57.93622900289999,695.2347480348,27.2,0.08686285333781753,0.0016851699942081004,0.002251999901350825,0.0072385711114847946
16,2025-02-03,8.857142857142858,0.1761904761904762,0.2079365079365079,3.643224029991025,34.328152105764424,57.9362290029,695.2347480348,27.384126984126986,0.0854840778880109,0.001700489721428174,0.0020068842658296465,0.007123673157334242
16,2025-02-04,9.285714285714286,0.16825396825396827,0.26349206349206344,3.79798735246094,34.226112054003984,57.9362290029,695.2347480348,27.741269841269837,0.08962040423743078,0.0016238910853278062,0.002543074718532224,0.007468367019785899
16,2025-02-05,9.428571428571429,0.18095238095238095,0.21428571428571427,3.8882431811138845,34.4513810891767,57.9362290029,695.2347480348,27.04920634920635,0.09099917968723739,0.0017464489030883954,0.002068163174709941,0.007583264973936452
16,2025-02-06,9.142857142857142,0.23452380952380952,0.24285714285714283,3.990347117323376,34.49655170876004,57.9362290029,695.2347480348,27.463492063492065,0.08824162878762414,0.0022634896967658807,0.0023439182646712666,0.007353469065635346
16,2025-02-07,8.714285714285714,0.17103174603174606,0.29841269841269835,4.3115920071512,34.78215257648197,57.9362290029,695.2347480348,27.677777777777777,0.08410530243820426,0.001650700607962935,0.002880108717373844,0.007008775203183689
16,2025-02-08,8.142857142857142,0.13769841269841268,0.3079365079365079,4.291015620114125,34.82677279795615,57.9362290029,695.2347480348,27.625396825396823,0.07859020063897777,0.0013289863363413884,0.002972027080694286,0.0065491833865814805
16,2025-02-09,8.142857142857142,0.20119047619047617,0.292063492063492,4.350600669057846,34.870816775419925,57.9362290029,695.2347480348,27.657142857142855,0.07859020063897777,0.0019417754251443342,0.002818829808493549,0.0065491833865814805
16,2025-02-10,7.857142857142857,0.22613378684807253,0.34195011337868475,4.561877670039196,35.11051399792472,57.9362290029,695.2347480348,27.550566893424037,0.07583264973936452,0.0021825139957454913,0.003300306949695864,0.0063193874782803755
16,2025-02-11,6.714285714285714,0.21026077097505672,0.40544217687074824,4.3830037942650915,34.79171985993944,57.9362290029,695.2347480348,28.50294784580499,0.06480244614091149,0.0020293167235447547,0.003913096038498809,0.005400203845075958
16,2025-02-12,6.285714285714286,0.22250566893424034,0.4319727891156462,4.41485076509152,34.78486877726558,57.9362290029,695.2347480348,28.68253968253968,0.06066611979149161,0.002147497476385323,0.00416915433632004,0.005055509982624301
16,2025-02-13,5.714285714285714,0.2403628117913832,0.4319727891156462,4.364110621122693,34.85649836755545,57.9362290029,695.2347480348,27.96825396825397,0.05515101799226511,0.0023198444076111516,0.004169154336320041,0.004595918166022091
16,2025-02-14,5.571428571428571,0.2975056689342403,0.38911564625850337,4.020960640381589,34.76343939876033,57.9362290029,695.2347480348,27.134920634920636,0.05377224254245848,0.0028713545875338024,0.003755521701378052,0.004481020211871539
16,2025-02-15,6.0,0.36893424036281175,0.39705215419501133,4.080173087923913,34.70648444420741,57.9362290029,695.2347480348,26.91269841269841,0.057908568891878356,0.0035607423124371165,0.0038321203374784203,0.004825714074323196
16,2025-02-16,5.714285714285714,0.3258503401360544,0.4174603174603174,4.0765091320207905,34.675719130206765,57.9362290029,695.2347480348,27.243764172335602,0.05515101799226511,0.0031449211450351173,0.004029088258879367,0.004595918166022091
16,2025-02-17,5.571428571428571,0.3564625850340136,0.35963718820861673,4.169435615763583,34.616990894952565,57.9362290029,695.2347480348,26.985260770975056,0.05377224254245848,0.0034403730271365374,0.0034710124815766842,0.004481020211871538
16,2025-02-18,6.571428571428571,0.41003401360544217,0.2524943310657596,4.266159369677392,34.7678743410711,57.9362290029,695.2347480348,26.306689342403626,0.06342367069110487,0.0039574138208140226,0.002436930894221714,0.005285305890925405
16,2025-02-19,6.0,0.36921768707482994,0.25929705215419496,4.503872095491853,35.224110803547084,57.9362290029,695.2347480348,25.469954648526077,0.05790856889187835,0.003563477978012129,0.0025025868680220295,0.004825714074323195
16,2025-02-20,5.857142857142857,0.29778911564625854,0.18786848072562354,4.242850016709198,34.98732474835084,57.9362290029,695.2347480348,25.68424036281179,0.05652979344207172,0.0028740902531088153,0.0018131991431187156,0.004710816120172644
16,2025-02-21,6.428571428571429,0.25651927437641725,0.2069160997732426,4.322019784131446,35.05354553442137,57.9362290029,695.2347480348,25.25566893424036,0.06204489524129824,0.002475777345386901,0.0019970358697595993,0.005170407936774853
16,2025-02-22,7.0,0.19424821210535498,0.20813710099424382,4.655086250351935,35.46646879394302,57.9362290029,695.2347480348,24.551151229722656,0.06755999704052475,0.0018747726621378582,0.002008820275313502,0.005629999753377061
16,2025-02-23,7.857142857142857,0.18482905982905984,0.1987179487179487,4.685903590107039,35.49385927266291,57.9362290029,695.2347480348,24.391025641025642,0.07583264973936452,0.0017838643907220363,0.0019179120038976803,0.0063193874782803755
16,2025-02-24,8.428571428571429,0.14197191697191697,0.20347985347985345,4.701240569733473,35.58693200823621,57.9362290029,695.2347480348,24.314835164835163,0.08134775153859101,0.001370231755780048,0.0019638711855579014,0.0067789792948825854
16,2025-02-25,8.714285714285714,0.14554334554334555,0.21062271062271057,4.701160153709294,35.739775531937,57.9362290029,695.2347480348,24.00769230769231,0.08410530243820427,0.001404701142025214,0.0020328099580482328,0.007008775203183689
16,2025-02-26,9.571428571428571,0.19316239316239317,0.19474969474969472,4.415060827487261,35.0694936176722,57.9362290029,695.2347480348,25.023565323565325,0.09237795513704404,0.001864292958627423,0.001879612685847496,0.007698162928087004
16,2025-02-27,10.428571428571429,0.2407814407814408,0.2106227106227106,4.589637294193134,35.07766750732774,57.9362290029,695.2347480348,25.34102564102564,0.1006506078358838,0.0023238847752296322,0.0020328099580482323,0.008387550652990317
16,2025-02-28,10.714285714285714,0.25088245088245087,0.21495171495171492,4.594777213518159,35.063782808069895,57.9362290029,695.2347480348,25.80855810855811,0.10340815873549705,0.0024213739484482827,0.002074591032284797,0.008617346561291421
16,2025-03-01,10.714285714285714,0.2728604728604728,0.19297369297369293,4.294283287429143,34.64068113049953,57.9362290029,695.2347480348,27.160206460206464,0.10340815873549704,0.002633493248418533,0.0018624717323145466,0.008617346561291421
16,2025-03-02,10.428571428571429,0.3527805527805528,0.2079587079587079,4.147994264044507,34.1569075038942,57.9362290029,695.2347480348,27.895471195471195,0.1006506078358838,0.0034048361574012614,0.0020070985277488083,0.008387550652990317
16,2025-03-03,9.857142857142858,0.3718281718281719,0.20319680319680317,4.21909962150365,34.0699608704508,57.9362290029,695.2347480348,28.281185481185478,0.0951355060366573,0.0035886728840421457,0.0019611393460885877,0.007927958836388107
16,2025-03-04,9.285714285714286,0.3146853146853147,0.23176823176823172,4.7544090585225876,34.460627453152206,57.9362290029,695.2347480348,28.076423576423572,0.08962040423743078,0.003037162704119495,0.0022368944360499133,0.007468367019785899
16,2025-03-05,8.857142857142858,0.29087579087579085,0.2000222000222,4.479066201625959,34.42260667674578,57.9362290029,695.2347480348,28.179598179598177,0.0854840778880109,0.00280736679581839,0.0019304998916484402,0.007123673157334242
16,2025-03-06,8.285714285714286,0.2718281718281718,0.2698634698634698,4.7202555658784755,34.71442947207401,57.9362290029,695.2347480348,27.690709290709293,0.0799689760887844,0.0026235300691775064,0.0026045678893316803,0.0066640813407320325
16,2025-03-07,8.285714285714286,0.2718281718281718,0.24388944388944386,4.7367667064967325,34.67677819059218,57.9362290029,695.2347480348,28.184215784215784,0.0799689760887844,0.0026235300691775064,0.0023538814439122936,0.0066640813407320325
16,2025-03-08,7.285714285714286,0.2645021645021645,0.25670995670995667,4.760219665352278,34.42762041234696,57.9362290029,695.2347480348,28.568831168831167,0.07031754794013799,0.0025528236358540895,0.0024776177022282726,0.005859795661678167
16,2025-03-09,7.428571428571429,0.22121212121212122,0.2545454545454545,4.864300748738775,34.82453073419946,57.9362290029,695.2347480348,28.134848484848483,0.07169632338994462,0.0021350128934884446,0.0024567271651099905,0.005974693615828719
16,2025-03-10,7.0,0.2212121212121212,0.3259740259740259,5.155221034596361,34.92901134241499,57.9362290029,695.2347480348,28.206277056277056,0.06755999704052475,0.0021350128934884446,0.003146114890013304,0.005629999753377063
16,2025-03-11,7.428571428571429,0.3005772005772006,0.2545454545454545,4.671997828644612,34.448566943120724,57.9362290029,695.2347480348,28.3491341991342,0.07169632338994462,0.0029009992544921266,0.0024567271651099905,0.005974693615828718
16,2025-03-12,8.0,0.33391053391053394,0.28311688311688304,4.9416015146879255,34.85885995819713,57.9362290029,695.2347480348,27.10151515151515,0.07721142518917112,0.003222713526113673,0.002732482255071316,0.006434285432430928
16,2025-03-13,8.285714285714286,0.32574726860441144,0.21781076066790345,4.5845920043775985,34.40749241787286,57.9362290029,695.2347480348,27.844372294372295,0.0799689760887844,0.0031439263575532943,0.002102184906588286,0.006664081340732033
16,2025-03-14,8.428571428571429,0.3235827664399093,0.23945578231292514,4.419569340465137,34.17391672377761,57.9362290029,695.2347480348,28.407142857142855,0.08134775153859101,0.0031230358204350117,0.0023110902777711087,0.0067789792948825854
16,2025-03-15,9.142857142857142,0.30193774479488766,0.28058132343846626,4.176082495068993,34.2899421609971,57.9362290029,695.2347480348,27.93961038961039,0.08824162878762416,0.0029141304492521897,0.0027080104830184714,0.007353469065635346
16,2025-03-16,8.428571428571429,0.3155431869717584,0.2975881261595547,4.163665096526541,34.29282708870058,57.9362290029,695.2347480348,27.77804576376005,0.08134775153859101,0.0030454423968528208,0.00287215041751926,0.0067789792948825854
16,2025-03-17,9.857142857142858,0.2899021613307328,0.2572950858665144,3.642419883393018,34.01681795671262,57.9362290029,695.2347480348,27.789034774749062,0.09513550603665731,0.0027979698802208623,0.002483265034240468,0.007927958836388109
16,2025-03-18,10.428571428571429,0.2325151039436754,0.32322915180058037,4.03939730952146,34.396298441186694,57.9362290029,695.2347480348,27.693796679510964,0.10065060783588382,0.0022441028191874306,0.0031196229341512193,0.008387550652990317
16,2025-03-19,10.571428571428571,0.25329432472289615,0.29465772322915174,4.055859870217168,34.27895054697482,57.9362290029,695.2347480348,28.10808239379668,0.10202938328569044,0.00244465197552294,0.002843867844189894,0.00850244860714087
16,2025-03-20,10.285714285714286,0.29002901860044716,0.3028209885352742,3.8732819280404054,34.29222319489405,57.9362290029,695.2347480348,28.393796679510963,0.09927183238607717,0.002799194234044644,0.0029226550127502723,0.008272652698839766
16,2025-03-21,11.142857142857142,0.29002901860044716,0.28694797266225835,3.952278415338399,34.52087674835374,57.9362290029,695.2347480348,27.671574457288745,0.10754448508491694,0.002799194234044644,0.0027694577405495357,0.008962040423743078
16,2025-03-22,12.857142857142858,0.3013220733717628,0.228224087851417,4.254168767336045,34.970023520428754,57.9362290029,695.2347480348,26.86581499935537,0.12408979048259647,0.0029081883407487256,0.0022026883856883133,0.010340815873549705
16,2025-03-23,13.142857142857142,0.28771663119489205,0.2350268089398524,3.8884818304262976,34.74790376819674,57.9362290029,695.2347480348,26.983728831554917,0.1268473413822097,0.0027768763931480945,0.002268344359488629,0.010570611781850812
16,2025-03-24,12.0,0.35145289493115583,0.20865318256622603,3.8197129051323517,34.89077043609067,57.9362290029,695.2347480348,26.829882677708763,0.11581713778375669,0.0033920223630618204,0.002013801199524329,0.009651428148646392
16,2025-03-25,11.142857142857142,0.32947487295313377,0.1631272798974662,3.627436195527706,34.86290089380788,57.9362290029,695.2347480348,26.482943902198564,0.10754448508491692,0.0031799030630915693,0.0015744112210145243,0.008962040423743078
16,2025-03-26,11.0,0.29440993788819875,0.1774129941831805,3.3445981245449756,34.65009909021352,57.9362290029,695.2347480348,27.325801045055705,0.1061657096351103,0.0028414763617753973,0.0017122887659951872,0.008847142469592525
16,2025-03-27,11.285714285714286,0.29849157054125997,0.16924972887705803,3.670421581602457,35.141338838276134,57.9362290029,695.2347480348,25.795188800157746,0.10892326053472356,0.002880869946055587,0.0016335015974348083,0.00907693837789363
16,2025-03-28,9.857142857142858,0.3103963324460219,0.173217982845312,3.4945343786264864,34.82675509742757,57.9362290029,695.2347480348,26.6007443557133,0.0951355060366573,0.0029957679002061395,0.0016718009154849925,0.007927958836388107
16,2025-03-29,8.857142857142858,0.29991496598639455,0.220578231292517,3.7054848312369444,34.5946062426426,57.93622900289999,695.2347480348,27.472250566893425,0.0854840778880109,0.002894607744921414,0.0021288949504752333,0.007123673157334242
16,2025-03-30,8.428571428571429,0.29991496598639455,0.17295918367346935,3.8926539234161956,34.60068290260134,57.9362290029,695.2347480348,27.36113945578231,0.08134775153859101,0.0028946077449214136,0.001669303133873024,0.0067789792948825854
16,2025-03-31,8.285714285714286,0.24991496598639457,0.1801020408163265,4.42636663288648,34.94574047668822,57.9362290029,695.2347480348,27.21828231292517,0.0799689760887844,0.0024120363374890946,0.0017382419063633554,0.006664081340732033
16,2025-04-01,8.142857142857142,0.32134353741496596,0.15969387755102038,4.221024205046175,34.57445254413569,57.9362290029,695.2347480348,27.63664965986394,0.07859020063897777,0.0031014240623924083,0.0015412739849624084,0.006549183386581481
16,2025-04-02,8.714285714285714,0.33971088435374147,0.18622448979591835,4.338556167435455,34.523720833258544,57.9362290029,695.2347480348,27.58971088435374,0.08410530243820427,0.003278695191653261,0.0017973322827836392,0.0070087752031836896
16,2025-04-03,8.857142857142858,0.296343537414966,0.20153061224489793,4.689620162458216,34.80536368641544,57.9362290029,695.2347480348,27.763180272108844,0.0854840778880109,0.0028601383586762488,0.0019450582238343494,0.0071236731573342425
16,2025-04-04,8.571428571428571,0.3082482993197279,0.18962585034013602,4.636671192909255,34.62210526949419,57.9362290029,695.2347480348,27.132227891156464,0.08272652698839765,0.002975036312826801,0.0018301602696837972,0.006893877249033138
16,2025-04-05,7.428571428571429,0.3171768707482993,0.18962585034013602,4.3602098194756005,34.64612616107883,57.9362290029,695.2347480348,26.891156462585034,0.07169632338994462,0.003061209778439715,0.001830160269683797,0.005974693615828719
16,2025-04-06,8.142857142857142,0.3604669140383426,0.22858688930117496,4.526126574305443,34.771705390938955,57.9362290029,695.2347480348,27.01236858379716,0.07859020063897777,0.0034790205208053595,0.002206189937812877,0.006549183386581481
16,2025-04-07,9.285714285714286,0.3723716759431045,0.20477736549165115,4.201680671994842,34.662691499267915,57.9362290029,695.2347480348,26.4052257266543,0.08962040423743078,0.003593918474955912,0.0019763940295117726,0.007468367019785899
16,2025-04-08,9.857142857142858,0.31522881880024733,0.23334879406307976,4.278010729918668,34.805250316524585,57.9362290029,695.2347480348,26.27665429808287,0.0951355060366573,0.0030424082950332608,0.002252149119473098,0.007927958836388107
16,2025-04-09,8.857142857142858,0.29482065553494124,0.21294063079777364,4.543357651209684,35.09850015365617,57.9362290029,695.2347480348,26.154205318491034,0.08548407788801089,0.002845440373632314,0.0020551811980721512,0.007123673157334242
16,2025-04-10,8.142857142857142,0.37220160791589363,0.17722634508348792,4.100458738131981,34.531735151664044,57.9362290029,695.2347480348,26.79706246134818,0.07859020063897777,0.003592277075610904,0.0017104873356204944,0.0065491833865814805
16,2025-04-11,8.285714285714286,0.3449907235621521,0.17382498453927023,4.5850104764802575,35.17597131936061,57.9362290029,695.2347480348,26.80046382189239,0.0799689760887844,0.0033296531804096413,0.0016776593487203369,0.0066640813407320325
16,2025-04-12,8.428571428571429,0.4045145330859616,0.12025355596784164,4.378298508638584,35.09486383586219,57.9362290029,695.2347480348,26.681416202844776,0.08134775153859101,0.003904142951162403,0.0011606185550428517,0.006778979294882584
16,2025-04-13,7.714285714285714,0.36122448979591837,0.10510204081632649,4.20499254164453,34.90079519923071,57.9362290029,695.2347480348,26.822108843537418,0.07445387428955788,0.0034863322087967585,0.0010143847952148758,0.0062044895241298225
16,2025-04-14,8.0,0.3442176870748299,0.11360544217687071,4.066740600587646,34.63167103941824,57.9362290029,695.2347480348,27.612925170068024,0.07721142518917115,0.0033221922742959695,0.0010964547624652704,0.006434285432430928
16,2025-04-15,7.571428571428571,0.3707482993197279,0.10544217687074826,4.275658797521346,34.832017590125005,57.9362290029,695.2347480348,27.67006802721088,0.07307509883975127,0.0035782505721172002,0.0010176675939048917,0.006089591569979271
16,2025-04-16,7.142857142857143,0.3299319727891156,0.08503401360544213,3.9028243548373003,34.35759691748836,57.9362290029,695.2347480348,28.318027210884356,0.06893877249033138,0.0031843147293153067,0.000820699672503945,0.005744897707527613
16,2025-04-17,7.714285714285714,0.25510204081632654,0.1462585034013605,4.134384647665215,34.56969848060447,57.9362290029,695.2347480348,27.82823129251701,0.0744538742895579,0.002462099017511835,0.0014116034367067855,0.006204489524129823
16,2025-04-18,7.571428571428571,0.28231292517006806,0.1258503401360544,3.799525199117766,34.28419322277636,57.9362290029,695.2347480348,27.896258503401363,0.07307509883975127,0.0027247229127130975,0.0012146355153058385,0.006089591569979271
16,2025-04-19,7.571428571428571,0.21882086167800452,0.14172335600907027,4.291241876333061,34.62075114279176,57.9362290029,695.2347480348,27.880385487528343,0.07307509883975126,0.002111933823910152,0.001367832787506575,0.006089591569979271
16,2025-04-20,7.714285714285714,0.1712018140589569,0.11791383219954645,4.542115685427442,35.07285935715612,57.9362290029,695.2347480348,26.999433106575964,0.0744538742895579,0.001652342007307943,0.0011380368792054704,0.006204489524129824
16,2025-04-21,6.714285714285714,0.1405895691609977,0.13832199546485255,4.471885043716307,34.901025375194635,57.9362290029,695.2347480348,26.897392290249435,0.06480244614091149,0.0013568901252065228,0.0013350048006064172,0.005400203845075957
16,2025-04-22,7.285714285714286,0.11276025561739847,0.14388785817357244,4.22137392956827,34.47035117890448,57.9362290029,695.2347480348,27.416872809729956,0.07031754794013802,0.0010882975051143226,0.0013887233246248573,0.005859795661678166
16,2025-04-23,7.714285714285714,0.1535765821480107,0.14388785817357244,4.425775063490583,34.739760550913005,57.9362290029,695.2347480348,26.421974850546274,0.07445387428955788,0.0014822333479162161,0.0013887233246248573,0.006204489524129824
16,2025-04-24,8.0,0.1490414347557205,0.1144094001236858,4.257276369327554,34.62787675907797,57.9362290029,695.2347480348,26.65780251494537,0.07721142518917114,0.0014384626987160056,0.0011042141048234896,0.006434285432430928
16,2025-04-25,7.857142857142857,0.12999381570810142,0.1429808286951144,4.2423154080940755,34.58758554014346,57.9362290029,695.2347480348,26.895897753040607,0.07583264973936452,0.001254625972075122,0.001379969194784815,0.006319387478280376
16,2025-04-26,7.571428571428571,0.17988043702329418,0.16792413935271072,3.796102288606091,34.22128084466619,57.9362290029,695.2347480348,27.000206143063288,0.07307509883975127,0.0017361031132774364,0.0016207077653859721,0.006089591569979271
16,2025-04-27,7.857142857142857,0.2116264687693259,0.16792413935271072,3.641938772249279,33.82217358542447,57.9362290029,695.2347480348,27.762110904968047,0.07583264973936452,0.002042497657678909,0.0016207077653859721,0.0063193874782803755
16,2025-04-28,8.857142857142858,0.24223871366728508,0.1577200577200577,3.7738993058295542,34.31442504611234,57.9362290029,695.2347480348,27.119253762110905,0.08548407788801092,0.0023379495397803296,0.0015222238046854989,0.007123673157334242
16,2025-04-29,7.714285714285714,0.22925170068027212,0.1317460317460317,3.89989821861101,34.87831393597235,57.9362290029,695.2347480348,25.885487528344672,0.07445387428955788,0.002212606317070636,0.001271537359266112,0.006204489524129823
16,2025-04-30,7.571428571428571,0.23605442176870747,0.1555555555555555,3.5100580292963923,34.865810806495894,57.9362290029,695.2347480348,25.91609977324263,0.07307509883975126,0.0022782622908709515,0.0015013332675672165,0.006089591569979271
16,2025-05-01,7.0,0.24875283446712015,0.18095238095238092,3.542152446367236,34.73315719215616,57.9362290029,695.2347480348,26.25578231292517,0.06755999704052475,0.0024008201086315405,0.0017464489030883947,0.005629999753377061
16,2025-05-02,8.0,0.26780045351473925,0.18809523809523807,3.638048986794716,34.8125049114209,57.9362290029,695.2347480348,25.970068027210885,0.07721142518917114,0.0025846568352724244,0.0018153876755787261,0.006434285432430928
16,2025-05-03,8.0,0.24739229024943307,0.1472789115646258,3.752264414448885,34.949413407697485,57.9362290029,695.2347480348,26.072108843537414,0.07721142518917114,0.0023876889138714774,0.0014214518327768325,0.006434285432430928
16,2025-05-04,9.571428571428571,0.2870748299319728,0.16870748299319724,3.6554622884653583,34.97480169876676,57.9362290029,695.2347480348,26.081632653061227,0.09237795513704404,0.002770682094373318,0.0016282681502478265,0.007698162928087004
16,2025-05-05,8.857142857142858,0.27233560090702946,0.15396825396825392,3.866346189098386,34.981013640908614,57.9362290029,695.2347480348,26.436507936507933,0.08548407788801089,0.0026284274844726343,0.001486013540347143,0.007123673157334242
16,2025-05-06,10.0,0.3112966398680684,0.21890331890331888,3.716737421540741,34.56519182189692,57.9362290029,695.2347480348,27.124819624819622,0.0965142814864639,0.0030044571526017146,0.00211272965389561,0.00804285679053866
16,2025-05-07,9.857142857142858,0.34939187796330656,0.19509379509379504,3.927607374899997,34.44597412100842,57.9362290029,695.2347480348,27.73910533910534,0.09513550603665728,0.003372130605883482,0.0018829337455945055,0.007927958836388107
16,2025-05-08,10.285714285714286,0.3922490208204494,0.17366522366522363,3.8456979923008476,34.350086630349715,57.9362290029,695.2347480348,28.20696248196248,0.09927183238607716,0.0037857632408254704,0.0016761174281235112,0.008272652698839766
16,2025-05-09,10.142857142857142,0.3965780251494537,0.1379509379509379,3.689317593787756,34.123015933363256,57.9362290029,695.2347480348,28.37579365079365,0.09789305693627053,0.0038275443150620346,0.0013314235656718544,0.008157754744689213
16,2025-05-10,9.285714285714286,0.47821067821067814,0.1379509379509379,3.435048437827322,33.760524339927336,57.9362290029,695.2347480348,29.37579365079365,0.08962040423743078,0.004615416000665821,0.0013314235656718544,0.007468367019785899
17,2025-01-01,11.0,0.32906162464986,0.16554621848739498,1.7397678318343532,31.167032709027726,42.43711576781818,466.808273446,41.40126050420168,0.1446335621748358,0.004326668631649818,0.0021766853894914172,0.013148505652257798
17,2025-01-02,9.714285714285714,0.2814425770308123,0.17030812324929973,1.748381307707998,31.313841479744546,42.43711576781818,466.808273446,40.83459383753502,0.12772834062193292,0.003700549314875637,0.0022392973211688354,0.011611667329266625
17,2025-01-03,9.428571428571429,0.24572829131652663,0.11673669467787115,1.6298610429678824,31.57944972700892,42.43711576781818,466.808273446,41.26316526610645,0.12397162472128784,0.003230959827295002,0.0015349130897978817,0.011270147701935256
17,2025-01-04,9.714285714285714,0.30287114845938373,0.1453081232492997,1.738552249335158,31.610159604456737,42.43711576781818,466.808273446,40.11673669467787,0.12772834062193292,0.003982303007424018,0.0019105846798623905,0.011611667329266629
17,2025-01-05,7.857142857142857,0.27976190476190477,0.13690476190476192,1.7361990168574157,31.842513861820635,42.43711576781818,466.808273446,40.108333333333334,0.10330968726773988,0.0036784509860483127,0.0018000930357257702,0.009391789751612712
17,2025-01-06,8.142857142857142,0.25000000000000006,0.08928571428571429,1.8078877318143738,31.781031177317235,42.43711576781818,466.808273446,39.74523809523809,0.10706640316838494,0.00328712641306445,0.0011739737189515893,0.009733309378944085
17,2025-01-07,6.857142857142857,0.2357142857142857,0.09404761904761905,1.75448324041971,31.911068927689115,42.43711576781818,466.808273446,41.09761904761905,0.09016118161548206,0.0030992906180321955,0.0012365856506290074,0.008196471055952914
17,2025-01-08,5.857142857142857,0.18214285714285713,0.07619047619047618,1.664263288905723,32.036502749446086,42.43711576781818,466.808273446,43.365476190476194,0.07701267596322425,0.002394906386661242,0.0010017909068386894,0.007001152360293114
17,2025-01-09,5.714285714285714,0.13452380952380955,0.13809523809523808,1.7311118041857316,31.920451875916182,42.43711576781818,466.808273446,42.59880952380952,0.07513431801290171,0.0017687870698870612,0.0018157460186451248,0.0068303925466274285
17,2025-01-10,6.428571428571429,0.1994588744588745,0.1510822510822511,1.7561017432989274,31.820919901075065,42.43711576781818,466.808273446,43.03387445887446,0.08452610776451443,0.00262258613821549,0.0019865058323108105,0.007684191614955856
17,2025-01-11,6.571428571428571,0.23322510822510822,0.12251082251082253,1.7326814400703878,31.75101700271205,42.43711576781818,466.808273446,44.33127705627705,0.08640446571483697,0.0030665616537462726,0.0016108342422463018,0.007854951428621542
17,2025-01-12,6.857142857142857,0.24512987012987011,0.12251082251082253,1.7030584246965028,31.51004373625696,42.43711576781818,466.808273446,45.04556277056277,0.09016118161548205,0.003223091482939818,0.0016108342422463018,0.008196471055952914
17,2025-01-13,6.714285714285714,0.2680890538033395,0.16332714904143478,1.692038055394828,31.516893992046004,42.43711576781818,466.808273446,44.82362399505257,0.08828282366515951,0.0035249704392416553,0.0021475079423384567,0.008025711242287228
17,2025-01-14,6.714285714285714,0.3395176252319109,0.13951762523191094,1.7084858050934812,31.522861070282634,42.43711576781818,466.808273446,43.442671614100185,0.08828282366515951,0.004464149414402927,0.0018344482839513664,0.008025711242287228
17,2025-01-15,7.285714285714286,0.3680890538033395,0.22523191094619666,1.8002251143147934,31.36658799723101,42.43711576781818,466.808273446,41.24267161410018,0.09579625546644968,0.004839821004467435,0.002961463054144892,0.00870875049694997
17,2025-01-16,7.285714285714286,0.45380333951762525,0.13951762523191094,1.7224112772103164,31.40297463420679,42.43711576781818,466.808273446,41.7569573283859,0.09579625546644968,0.00596683577466096,0.0018344482839513664,0.00870875049694997
17,2025-01-17,6.142857142857143,0.43648732220160796,0.12653061224489795,1.7572737054837277,31.327714682836817,42.43711576781818,466.808273446,42.34570191713049,0.08076939186386935,0.005739156023106713,0.0016636884702856806,0.007342671987624485
17,2025-01-18,5.428571428571429,0.39319727891156464,0.17414965986394557,1.7749277048101872,31.3831023616104,42.43711576781818,466.808273446,41.81972789115646,0.07137760211225663,0.005169956644221095,0.0022898077870598618,0.0064888729192960565
17,2025-01-19,5.285714285714286,0.34557823129251697,0.17414965986394557,1.7713714402846041,31.409733679623887,42.43711576781818,466.808273446,41.70544217687075,0.06949924416193409,0.004543837327446913,0.0022898077870598618,0.006318113105630371
17,2025-01-20,5.0,0.30476190476190473,0.13333333333333333,1.6622770605800992,31.560089313400677,42.43711576781818,466.80827344600004,41.82380952380952,0.065742528261289,0.004007163627354758,0.0017531340869677066,0.005976593478299
17,2025-01-21,5.0,0.2571428571428572,0.1571428571428571,1.6786929489115596,31.366624129585126,42.43711576781818,466.80827344600004,41.60952380952381,0.065742528261289,0.003381044310580577,0.002066193745354797,0.005976593478299
17,2025-01-22,4.857142857142857,0.2642857142857143,0.07142857142857142,1.6780421971026196,31.35036218995906,42.43711576781818,466.808273446,43.02380952380952,0.06386417031096646,0.003474962208096704,0.0009391789751612714,0.005805833664633314
17,2025-01-23,4.714285714285714,0.21428571428571427,0.07142857142857142,1.7052042769810367,31.333830982171715,42.43711576781818,466.808273446,43.35952380952381,0.06198581236064392,0.002817536925483814,0.0009391789751612714,0.005635073850967628
17,2025-01-24,4.428571428571429,0.3095238095238096,0.07142857142857142,1.6788336445849825,31.258200795015796,42.43711576781818,466.808273446,41.55,0.05822909645999883,0.004069775559032177,0.0009391789751612714,0.005293554223636257
17,2025-01-25,4.285714285714286,0.3190476190476191,0.023809523809523808,1.6373820972127842,31.221279270047912,42.43711576781818,466.808273446,42.192857142857136,0.05635073850967628,0.004194999422387013,0.0003130596583870905,0.005122794409970571
17,2025-01-26,4.571428571428571,0.4006802721088435,0.08503401360544217,1.7132166912966387,31.195935688968767,42.43711576781818,466.808273446,41.22551020408163,0.06010745441032137,0.005268346822571322,0.001118070208525323,0.005464314037301943
17,2025-01-27,4.571428571428571,0.4006802721088435,0.14217687074829932,1.8355169566720788,31.034809884264718,42.43711576781818,466.808273446,40.3969387755102,0.06010745441032138,0.005268346822571322,0.0018694133886543402,0.005464314037301943
17,2025-01-28,5.0,0.40068027210884355,0.1659863945578231,1.8272041018312455,31.18098033177912,42.43711576781818,466.808273446,40.34138321995465,0.065742528261289,0.005268346822571323,0.002182473047041431,0.005976593478299
17,2025-01-29,6.0,0.40392702535559677,0.19196042053184909,1.769410387201145,31.21430554828459,42.43711576781818,466.808273446,39.67255205112348,0.07889103391354681,0.0053110367759877436,0.002523992674372802,0.0071719121739587995
17,2025-01-30,6.857142857142857,0.39678416821273965,0.22053184910327767,1.7886676155823047,31.13869347138185,42.43711576781818,466.808273446,39.62255205112348,0.09016118161548205,0.005217118878471617,0.0028996642644373107,0.008196471055952914
17,2025-01-31,8.0,0.2698000412286127,0.2522778808493094,1.8289115010154509,31.304167140991215,42.43711576781818,466.808273446,40.70191713048856,0.1051880452180624,0.003547467367073801,0.0033170771422867643,0.009562549565278399
17,2025-02-01,9.571428571428571,0.25730004122861266,0.2879921665635951,1.851558703925328,31.410852653324856,42.43711576781818,466.808273446,40.344774273345706,0.12584998267161038,0.003383111046420579,0.0037866666298674,0.011440907515600942
17,2025-02-02,9.142857142857142,0.2113816738816739,0.2624819624819625,1.7587564011944123,31.46115312996366,42.43711576781818,466.808273446,41.46212121212121,0.12021490882064274,0.0027793531338169038,0.0034512455673098032,0.010928628074603885
17,2025-02-03,9.571428571428571,0.24709595959595962,0.25891053391053387,1.731315343902447,31.447737643294406,42.43711576781818,466.808273446,42.55497835497835,0.12584998267161038,0.00324894262139754,0.00340428661855174,0.01144090751560094
17,2025-02-04,9.0,0.2566197691197691,0.2684343434343434,1.6925217984662058,31.334575532734306,42.43711576781818,466.808273446,43.28196248196248,0.11833655087032018,0.003374166484752376,0.0035295104819065763,0.0107578682609382
17,2025-02-05,8.857142857142858,0.26051587301587303,0.2424603174603175,1.692350657790047,31.374052695305846,42.43711576781818,466.808273446,43.093650793650795,0.11645819291999764,0.0034253944288520815,0.003187990854575205,0.010587108447272514
17,2025-02-06,8.571428571428571,0.2498015873015873,0.23174603174603176,1.6774384902382073,31.314300535348416,42.43711576781818,466.808273446,42.91150793650793,0.11270147701935256,0.0032845175825778907,0.003047114008301014,0.010245588819941143
17,2025-02-07,8.142857142857142,0.25773809523809527,0.22380952380952382,1.7372852387062305,31.155995853098975,42.43711576781818,466.808273446,42.73690476190477,0.10706640316838494,0.0033888708020402545,0.0029427607888386506,0.009733309378944085
17,2025-02-08,7.142857142857143,0.24484126984126983,0.20396825396825397,1.7220993207167292,31.0739708174172,42.43711576781818,466.808273446,42.570238095238096,0.09391789751612714,0.0032192968204139143,0.0026818777401827415,0.008537990683284286
17,2025-02-09,7.571428571428571,0.2907596371882086,0.20907029478458053,1.7154282639945786,31.071390816765128,42.43711576781818,466.808273446,42.06513605442177,0.09955297136709476,0.0038230547330175882,0.0027489619526942614,0.009050270124281343
17,2025-02-10,7.428571428571429,0.2958616780045351,0.19631519274376416,1.7501519348710992,31.110186192603997,42.43711576781818,466.808273446,40.88656462585034,0.09767461341677224,0.0038901389455291077,0.0025812514214154625,0.008879510310615657
17,2025-02-11,7.857142857142857,0.23871882086167798,0.139172335600907,1.7734511639258537,31.13117708115567,42.43711576781818,466.808273446,40.929421768707485,0.10330968726773986,0.0031387957654000903,0.0018299082412864453,0.009391789751612714
17,2025-02-12,7.142857142857143,0.2530045351473923,0.16774376417233558,1.7929709617258887,31.171043494988265,42.43711576781818,466.808273446,40.372278911564635,0.09391789751612714,0.003326631560432345,0.002205579831350954,0.008537990683284286
17,2025-02-13,6.428571428571429,0.23514739229024942,0.14988662131519273,1.74734063983034,31.27578024561806,42.43711576781818,466.808273446,40.16394557823129,0.08452610776451443,0.0030918368166420276,0.0019707850875606363,0.007684191614955856
17,2025-02-14,6.285714285714286,0.2113378684807256,0.12607709750566892,1.628746850483741,31.385986236562164,42.43711576781818,466.808273446,40.88775510204082,0.08264774981419187,0.002778777158254936,0.0016577254291735457,0.00751343180129017
17,2025-02-15,6.285714285714286,0.30657596371882084,0.12607709750566892,1.5755799611552492,31.280344423177258,42.43711576781818,466.808273446,41.157596371882086,0.08264774981419189,0.004031015791803298,0.0016577254291735457,0.0075134318012901715
17,2025-02-16,6.285714285714286,0.2657596371882086,0.10566893424036282,1.6705758641272175,31.195284569153273,42.43711576781818,466.808273446,39.95351473922902,0.08264774981419189,0.003494342091711143,0.001389388579127468,0.00751343180129017
17,2025-02-17,6.0,0.25351473922902495,0.06485260770975057,1.5779720931095151,31.427137719139807,42.43711576781818,466.808273446,41.95351473922902,0.07889103391354681,0.0033333399816834965,0.0008527148790353131,0.007171912173958799
17,2025-02-18,5.714285714285714,0.27732426303854874,0.136281179138322,1.5902549108298631,31.596507277350504,42.43711576781818,466.808273446,41.90589569160998,0.07513431801290171,0.0036463996400705875,0.0017918938541965845,0.006830392546627428
17,2025-02-19,5.714285714285714,0.27732426303854874,0.136281179138322,1.6103053098554256,31.68076711626005,42.43711576781818,466.80827344600004,41.877324263038545,0.07513431801290171,0.0036463996400705875,0.0017918938541965847,0.006830392546627428
17,2025-02-20,6.857142857142857,0.3682333539476397,0.18822923108637393,1.6596781198336725,31.61512390543325,42.43711576781818,466.80827344600004,41.9249433106576,0.09016118161548205,0.004841718335730387,0.0024749331088593273,0.008196471055952914
17,2025-02-21,7.428571428571429,0.39997938569367136,0.25172129457843745,1.6732196238158912,31.688878836658763,42.43711576781818,466.808273446,41.20113378684807,0.09767461341677222,0.0052591312135798415,0.0033097588645582357,0.008879510310615657
17,2025-02-22,7.142857142857143,0.2934034219748506,0.2970727685013399,1.6910801183045865,31.795707489459318,42.43711576781818,466.808273446,41.06734693877551,0.09391789751612714,0.0038578165522281027,0.003906062975771741,0.008537990683284286
17,2025-02-23,7.714285714285714,0.3175221603793033,0.3026386312100598,1.6705296191623964,31.859920010233374,42.43711576781818,466.808273446,41.89666048237477,0.10143132931741732,0.004174941920464376,0.0039792457530570344,0.009221029937947028
17,2025-02-24,8.571428571428571,0.36687280972995256,0.3156256441970728,1.6843815878389046,31.73745382492321,42.43711576781818,466.808273446,41.338218923933205,0.1127014770193526,0.004823829212393982,0.004150005566722721,0.010245588819941143
17,2025-02-25,8.428571428571429,0.40020614306328595,0.2441970727685013,1.7165680540669919,31.77618802965293,42.43711576781818,466.808273446,41.00012368583798,0.11082311906903002,0.0052621127341359085,0.003210826591561449,0.010074829006275456
17,2025-02-26,8.428571428571429,0.34306328592042884,0.2727685013399299,1.7127813572523116,31.611387745862995,42.43711576781818,466.808273446,41.6286951144094,0.11082311906903004,0.004510769554006892,0.003586498181625958,0.010074829006275456
17,2025-02-27,7.428571428571429,0.359297052154195,0.22082044939187798,1.7359234427286805,31.62796521584371,42.43711576781818,466.808273446,42.02155225726654,0.09767461341677222,0.004724219321088999,0.002903458926963215,0.008879510310615657
17,2025-02-28,6.857142857142857,0.3561224489795918,0.2144712430426716,1.8861534823079775,31.438225693151065,42.43711576781818,466.808273446,41.31679035250464,0.09016118161548206,0.004682478033304053,0.002819976351393324,0.008196471055952914
17,2025-03-01,7.714285714285714,0.4016483516483516,0.17522477522477525,1.885416613877918,31.498240024271194,42.43711576781818,466.808273446,41.63861138861139,0.10143132931741732,0.00528107562186838,0.0023039439474585597,0.009221029937947028
17,2025-03-02,7.285714285714286,0.3902847152847153,0.14925074925074927,1.8501716868798461,31.516207557030953,42.43711576781818,466.808273446,41.143481518481515,0.09579625546644968,0.005131660784910905,0.001962424320127188,0.008708750496949972
17,2025-03-03,6.714285714285714,0.33277080062794345,0.1566718995290424,1.9332452028003717,31.51060449490698,42.43711576781818,466.808273446,40.457025117739406,0.08828282366515951,0.004375438752962869,0.00206000135650758,0.008025711242287228
17,2025-03-04,6.571428571428571,0.31134222919937204,0.19238618524332812,1.8805695331035146,31.480303349635676,42.43711576781818,466.808273446,40.092739403453685,0.08640446571483697,0.004093685060414487,0.0025295908440882155,0.007854951428621542
17,2025-03-05,6.714285714285714,0.35896127681841966,0.15905285190999477,1.9545106056128194,31.35300081630096,42.43711576781818,466.808273446,39.16892987964417,0.08828282366515951,0.0047198043771886685,0.002091307322346289,0.008025711242287228
17,2025-03-06,7.571428571428571,0.2803898482469911,0.15905285190999477,1.8980356430479433,31.37005838906043,42.43711576781818,466.808273446,39.39035845107274,0.09955297136709476,0.0036867075045112696,0.002091307322346289,0.009050270124281343
17,2025-03-07,8.428571428571429,0.29077945863660154,0.15385804671518957,1.7582944272199768,31.50326876968754,42.43711576781818,466.808273446,40.64490390561819,0.11082311906903002,0.003823315355443818,0.0020230033968800147,0.010074829006275456
17,2025-03-08,7.714285714285714,0.26055967841682126,0.18545145330859616,1.782177468998704,31.357993935515342,42.43711576781818,466.808273446,40.80012368583797,0.10143132931741732,0.003425970404414049,0.0024384094820475003,0.00922102993794703
17,2025-03-09,7.857142857142857,0.23873428159142446,0.18545145330859616,1.9036452880662929,31.4613024689838,42.43711576781818,466.808273446,40.07591733663162,0.10330968726773986,0.00313899905089255,0.0024384094820475003,0.009391789751612712
17,2025-03-10,8.428571428571429,0.2702741702741703,0.17803030303030304,1.8121792709700624,31.415728926003077,42.43711576781818,466.808273446,41.50263347763348,0.11082311906903002,0.0035537014555092152,0.0023408324456671084,0.010074829006275456
17,2025-03-11,9.571428571428571,0.32979797979797976,0.15422077922077923,1.8432858861819181,31.30383857176297,42.43711576781818,466.808273446,42.32406204906205,0.12584998267161038,0.004336350601476941,0.0020277727872800183,0.01144090751560094
17,2025-03-12,10.0,0.34567099567099563,0.16215728715728717,1.8150353133992478,31.451746913231347,42.43711576781818,466.808273446,42.40342712842713,0.131485056522578,0.004545057040401668,0.0021321260067423816,0.011953186956598
17,2025-03-13,9.285714285714286,0.3456709956709957,0.19072871572871572,1.84138714815623,31.46839429060404,42.43711576781818,466.808273446,42.44628427128428,0.1220932667709653,0.004545057040401668,0.0025077975968068903,0.011099387888269571
17,2025-03-14,9.0,0.33845598845598845,0.2022727272727273,1.8294569692890297,31.50817694741053,42.43711576781818,466.808273446,41.69015151515151,0.11833655087032022,0.004450190477254065,0.002659584097843055,0.0107578682609382
17,2025-03-15,9.428571428571429,0.38066378066378065,0.18766233766233764,1.8665581110626104,31.445300306758178,42.43711576781818,466.808273446,41.15930735930736,0.12397162472128784,0.005005159871667544,0.0024674793074691585,0.011270147701935256
17,2025-03-16,9.714285714285714,0.42683982683982674,0.20064935064935066,1.7570888433524172,31.30420215940969,42.43711576781818,466.808273446,42.44357864357864,0.12772834062193292,0.005612305875812205,0.0026382391211348445,0.011611667329266629
17,2025-03-17,9.428571428571429,0.39076479076479076,0.23528138528138529,1.7042395336531269,31.295977505453788,42.43711576781818,466.808273446,41.32525252525253,0.12397162472128784,0.005137973060074188,0.0030935986242433397,0.011270147701935256
17,2025-03-18,8.571428571428571,0.29552669552669547,0.27099567099567096,1.6740925142851464,31.276405474575004,42.43711576781818,466.808273446,41.7062049062049,0.11270147701935258,0.003885734426525826,0.003563188111823975,0.010245588819941143
17,2025-03-19,8.571428571428571,0.24790764790764788,0.270995670995671,1.6806965265423786,31.302034919551012,42.43711576781818,466.808273446,41.65858585858585,0.11270147701935258,0.003259615109751645,0.003563188111823975,0.010245588819941143
17,2025-03-20,8.428571428571429,0.2907647907647907,0.27813852813852813,1.6189486028636948,31.40079934800642,42.43711576781818,466.808273446,42.00144300144301,0.11082311906903004,0.003823122494848408,0.0036571060093401023,0.010074829006275456
17,2025-03-21,7.571428571428571,0.25901875901875904,0.26226551226551226,1.6856191839208345,31.230628431860644,42.43711576781818,466.808273446,41.35064935064935,0.09955297136709476,0.003405709616998954,0.0034483995704153755,0.009050270124281343
17,2025-03-22,7.142857142857143,0.21681096681096682,0.2233044733044733,1.6293376557809798,31.342971476464818,42.43711576781818,466.808273446,42.32792207792208,0.09391789751612716,0.002850740222585475,0.002936120129418318,0.008537990683284284
17,2025-03-23,6.571428571428571,0.159297052154195,0.2103174603174603,1.6328290547764852,31.276395028820634,42.43711576781818,466.808273446,42.433673469387756,0.08640446571483698,0.0020945181906374386,0.0027653603157526325,0.007854951428621542
17,2025-03-24,6.0,0.22913832199546483,0.1626984126984127,1.7295450866812228,31.25744272525685,42.43711576781818,466.808273446,41.970181405895694,0.07889103391354681,0.003012826521906237,0.0021392409989784518,0.0071719121739587995
17,2025-03-25,5.857142857142857,0.2577097505668934,0.11507936507936509,1.7291936053468682,31.290413708443477,42.43711576781818,466.808273446,41.817800453514735,0.07701267596322427,0.003388498111970746,0.0015131216822042704,0.007001152360293113
17,2025-03-26,5.857142857142857,0.2894557823129252,0.08333333333333333,1.6644369120585778,31.331008531585503,42.43711576781818,466.808273446,42.16700680272108,0.07701267596322425,0.0038059109898202,0.0010957088043548166,0.007001152360293114
17,2025-03-27,5.571428571428571,0.2894557823129252,0.047619047619047616,1.7401970162298566,31.166501679306744,42.43711576781818,466.808273446,41.524149659863944,0.07325596006257917,0.0038059109898202,0.000626119316774181,0.006659632732961741
17,2025-03-28,6.285714285714286,0.3251700680272109,0.03571428571428571,1.6593676753408648,31.2862204602084,42.43711576781818,466.808273446,42.155102040816324,0.08264774981419189,0.004275500477400835,0.0004695894875806357,0.00751343180129017
17,2025-03-29,6.571428571428571,0.3465986394557823,0.049999999999999996,1.734467820448861,31.359707602079773,42.43711576781818,466.808273446,41.71938775510204,0.08640446571483697,0.004557254169949217,0.00065742528261289,0.007854951428621542
17,2025-03-30,6.714285714285714,0.34404761904761905,0.049999999999999996,1.791241342111155,31.3942949873406,42.43711576781818,466.808273446,41.07142857142857,0.08828282366515951,0.004523712063693458,0.00065742528261289,0.008025711242287228
17,2025-03-31,6.571428571428571,0.29404761904761906,0.08571428571428572,1.840096151949279,31.600599174534914,42.43711576781818,466.808273446,40.25714285714286,0.08640446571483697,0.0038662867810805674,0.0011270147701935257,0.007854951428621542
17,2025-04-01,7.571428571428571,0.31309523809523815,0.10952380952380951,1.9117570958720422,31.494201991109154,42.43711576781818,466.808273446,39.516666666666666,0.09955297136709476,0.004116734507790239,0.0014400744285806163,0.009050270124281343
17,2025-04-02,7.0,0.294047619047619,0.1380952380952381,1.9257112721702023,31.394582116530806,42.43711576781818,466.808273446,40.259523809523806,0.09203953956580459,0.0038662867810805674,0.0018157460186451248,0.0083672308696186
17,2025-04-03,7.857142857142857,0.2583333333333333,0.1380952380952381,1.9686756795087437,31.31232355004778,42.43711576781818,466.808273446,39.259523809523806,0.10330968726773986,0.003396697293499932,0.0018157460186451248,0.009391789751612714
17,2025-04-04,8.285714285714286,0.2615800865800866,0.11536796536796537,2.0775802753755683,31.28684560383553,42.43711576781818,466.808273446,39.061471861471865,0.10894476111870748,0.003439387246916353,0.0015169163447301746,0.009904069192609772
17,2025-04-05,8.142857142857142,0.25205627705627703,0.13282828282828282,2.0753447729346925,31.14365041119152,42.43711576781818,466.808273446,38.53290043290043,0.10706640316838494,0.003314163383561517,0.0017464934275473745,0.009733309378944085
17,2025-04-06,8.0,0.2750154607297464,0.17364460935889506,1.9841279365988687,31.145732383118713,42.43711576781818,466.808273446,39.56861471861472,0.1051880452180624,0.0036160423398633535,0.0022831671276395296,0.009562549565278399
17,2025-04-07,8.571428571428571,0.23930117501546072,0.17364460935889506,1.8861363474434185,31.030069241487244,42.43711576781818,466.808273446,40.62218614718615,0.11270147701935258,0.0031464528522827185,0.0022831671276395296,0.010245588819941143
17,2025-04-08,8.142857142857142,0.22342815914244488,0.181581117295403,1.9222594100788595,30.99716417449968,42.43711576781818,466.808273446,40.102344877344876,0.10706640316838494,0.0029377464133579917,0.002387520347101893,0.009733309378944083
17,2025-04-09,8.857142857142858,0.2662853019995877,0.19586683158111726,1.9875652654748994,31.143643884016374,42.43711576781818,466.808273446,38.502344877344875,0.11645819291999766,0.0035012537984547543,0.0025753561421341478,0.010587108447272512
17,2025-04-10,8.571428571428571,0.25438054009482575,0.2911049268192126,1.834929078092531,31.378814810160858,42.43711576781818,466.808273446,39.95472582972583,0.11270147701935258,0.003344723969261209,0.003827594775682509,0.010245588819941143
17,2025-04-11,9.142857142857142,0.272562358276644,0.3066893424036281,1.803445984875411,31.369335613585232,42.43711576781818,466.808273446,40.026587301587305,0.12021490882064274,0.003583787708393169,0.004032506552081332,0.010928628074603887
17,2025-04-12,9.142857142857142,0.24081632653061225,0.29081632653061223,1.735258658340296,31.484070085399612,42.43711576781818,466.808273446,40.47103174603175,0.12021490882064276,0.0031663748305437145,0.0038238001131566048,0.010928628074603885
17,2025-04-13,9.428571428571429,0.2634920634920635,0.25,1.7612759398047795,31.682466826614395,42.43711576781818,466.808273446,39.9313492063492,0.12397162472128784,0.0034645268861504676,0.0032871264130644494,0.011270147701935256
17,2025-04-14,9.142857142857142,0.31111111111111117,0.21428571428571427,1.8502239806889267,31.509238253822563,42.43711576781818,466.808273446,40.06825396825396,0.12021490882064274,0.004090646202924649,0.002817536925483814,0.010928628074603885
17,2025-04-15,8.0,0.27936507936507937,0.3253968253968254,1.8569841045667255,31.431131495961814,42.43711576781818,466.808273446,39.67142857142857,0.10518804521806242,0.0036732333250751948,0.0042784819979569035,0.009562549565278399
17,2025-04-16,7.428571428571429,0.23174603174603176,0.3063492063492063,1.799061570208529,31.39893787911087,42.43711576781818,466.808273446,40.86190476190477,0.09767461341677224,0.003047114008301014,0.004028034271247231,0.008879510310615657
17,2025-04-17,7.428571428571429,0.2555555555555556,0.23492063492063492,1.9354990359384239,31.262574467558245,42.43711576781818,466.808273446,39.67142857142858,0.09767461341677224,0.0033601736666881046,0.003088855296085959,0.008879510310615657
17,2025-04-18,6.285714285714286,0.21882086167800452,0.2471655328798186,1.9287653046795352,31.187008347643523,42.43711576781818,466.808273446,40.0578231292517,0.08264774981419189,0.0028771673366051647,0.003249857406113606,0.00751343180129017
17,2025-04-19,6.285714285714286,0.2346938775510204,0.2789115646258503,1.9696306516177213,31.075650396992597,42.43711576781818,466.808273446,40.12131519274377,0.08264774981419189,0.0030858737755298923,0.0036672702839630595,0.00751343180129017
17,2025-04-20,6.0,0.25283446712018137,0.3197278911564626,1.9713658748717229,31.073139856519578,42.43711576781818,466.808273446,40.17120181405896,0.0788910339135468,0.003324395420015294,0.004203943984055215,0.0071719121739587995
17,2025-04-21,6.428571428571429,0.23696145124716553,0.3356009070294785,1.9019244905355848,31.259914245950547,42.43711576781818,466.808273446,41.099773242630384,0.08452610776451443,0.003115688981090567,0.004412650422979942,0.007684191614955856
17,2025-04-22,7.142857142857143,0.23696145124716553,0.19274376417233557,1.838135968560059,31.38719995802378,42.43711576781818,466.808273446,42.456916099773245,0.09391789751612714,0.003115688981090567,0.002534292472657399,0.008537990683284284
17,2025-04-23,7.142857142857143,0.21315192743764172,0.19274376417233557,1.770211014265194,31.368277694967478,42.43711576781818,466.808273446,42.88548752834466,0.09391789751612714,0.0028026293227034764,0.002534292472657399,0.008537990683284286
17,2025-04-24,7.0,0.2798185941043084,0.19750566893424035,1.72043956452509,31.461179423125564,42.43711576781818,466.808273446,43.32358276643991,0.0920395395658046,0.00367919636618733,0.002596904404334817,0.0083672308696186
17,2025-04-25,8.0,0.2798185941043084,0.1566893424036281,1.6742032122361157,31.600615045674548,42.43711576781818,466.808273446,43.6092970521542,0.1051880452180624,0.0036791963661873296,0.0020602307042426617,0.009562549565278399
17,2025-04-26,8.285714285714286,0.3130076272933416,0.12205730777159349,1.6076650067266922,31.687612715122594,42.43711576781818,466.808273446,43.958503401360545,0.10894476111870748,0.004115582556666305,0.001604871201134167,0.009904069192609772
17,2025-04-27,8.428571428571429,0.24923211708925994,0.0990981240981241,1.6775173762388498,31.489536333867125,42.43711576781818,466.808273446,43.37687074829932,0.11082311906903004,0.0032770299002723123,0.0013029922448323295,0.010074829006275456
17,2025-04-28,8.428571428571429,0.23335910121624406,0.08322510822510822,1.704519506695187,31.458690063186165,42.43711576781818,466.808273446,41.599092970521546,0.11082311906903002,0.0030683234613475855,0.0010942858059076026,0.010074829006275456
17,2025-04-29,8.142857142857142,0.23335910121624406,0.08322510822510822,1.7312016674398794,31.701206736817007,42.43711576781818,466.808273446,40.88480725623583,0.10706640316838494,0.0030683234613475855,0.0010942858059076026,0.009733309378944085
17,2025-04-30,8.428571428571429,0.2690733869305298,0.07727272727272727,1.7806875706631273,31.752558466775906,42.43711576781818,466.808273446,40.53361678004535,0.11082311906903002,0.003537912948928221,0.00101602089131083,0.010074829006275456
17,2025-05-01,8.571428571428571,0.25002576788291075,0.07251082251082251,1.7521634379273219,31.7046235053496,42.43711576781818,466.808273446,41.47647392290249,0.11270147701935258,0.0032874652222185485,0.0009534089596334119,0.010245588819941141
17,2025-05-02,7.714285714285714,0.28318903318903316,0.09036796536796536,1.8263574633063375,31.564653364583616,42.43711576781818,466.808273446,41.41269841269842,0.1014313293174173,0.0037235126035434244,0.0011882037034237297,0.00922102993794703
17,2025-05-03,7.285714285714286,0.25396825396825395,0.07738095238095237,1.85694957233191,31.479878899828776,42.43711576781818,466.808273446,40.501984126984134,0.09579625546644968,0.0033393030227956318,0.0010174438897580442,0.00870875049694997
17,2025-05-04,7.571428571428571,0.3075396825396825,0.0880952380952381,1.801751932483773,31.45159826137722,42.43711576781818,466.808273446,41.45912698412699,0.09955297136709476,0.004043687254166586,0.0011583207360322347,0.009050270124281343
17,2025-05-05,7.714285714285714,0.3059523809523809,0.10238095238095238,1.7716925559281678,31.44911164999689,42.43711576781818,466.808273446,42.603571428571435,0.10143132931741732,0.004022816610274113,0.001346156531064489,0.009221029937947028
17,2025-05-06,8.571428571428571,0.3488095238095238,0.15952380952380954,1.7855817380481283,31.279992914203355,42.43711576781818,466.808273446,42.46071428571429,0.11270147701935256,0.004586323995370875,0.0020974997111935065,0.010245588819941143
17,2025-05-07,8.571428571428571,0.3845238095238095,0.1773809523809524,1.858143820572162,31.13222315534056,42.43711576781818,466.808273446,41.925000000000004,0.11270147701935256,0.005055913482951512,0.002332294454983824,0.010245588819941143
17,2025-05-08,8.571428571428571,0.3845238095238095,0.20119047619047617,1.8456666502702408,31.242558704092964,42.43711576781818,466.808273446,41.23452380952381,0.11270147701935256,0.005055913482951512,0.0026453541133709146,0.010245588819941143
17,2025-05-09,8.857142857142858,0.3880952380952381,0.2119047619047619,1.7730646937698924,31.44688592920581,42.43711576781818,466.808273446,41.68809523809524,0.11645819291999766,0.005102872431709575,0.002786230959645105,0.010587108447272514
18,2025-01-01,13.285714285714286,0.22008864151721294,0.25121386549957975,1.556839644819904,23.301510457652512,50.603499850700004,303.6209991042,1.0993641279355566,0.13342625034471775,0.0022103141426637785,0.0025228996640589063,0.022237708390786294
18,2025-01-02,12.714285714285714,0.22936507936507936,0.2864643293214721,1.4661577816267461,23.373621117484454,50.6034998507,303.6209991042,1.1271934414791558,0.12768748688903095,0.0023034758870742783,0.002876914292818805,0.0212812478148385
18,2025-01-03,13.142857142857142,0.1976190476190476,0.2944008372579801,1.4511458986350276,23.387236867825035,50.603499850700004,303.6209991042,1.1192569335426479,0.13199155948079605,0.001984655695091679,0.002956619340814455,0.021998593246799345
18,2025-01-04,11.857142857142858,0.2554112554112554,0.31777746063460344,1.4538198875460835,23.381893732639274,50.603499850700004,303.6209991042,1.1251010893868036,0.11907934170550079,0.002565053362769093,0.0031913869367289145,0.0198465569509168
18,2025-01-05,11.428571428571429,0.30303030303030304,0.3257139685711114,1.3539663962617223,23.535251336117685,50.6034998507,303.6209991042,1.1608153751010895,0.1147752691137357,0.003043283650742991,0.003271091984724564,0.01912921151895595
18,2025-01-06,11.857142857142858,0.24180581323438463,0.27265274408131546,1.3451056745192536,23.623574563112268,50.603499850700004,303.6209991042,1.2036725179582322,0.1190793417055008,0.0024284161376336927,0.0027382068066965056,0.0198465569509168
18,2025-01-07,11.428571428571429,0.2703772418058132,0.2605648319934034,1.3333914723705547,23.632831330654884,50.6034998507,303.6209991042,1.1959802102659245,0.11477526911373569,0.002715354310418032,0.002616809887441593,0.01912921151895595
18,2025-01-08,9.571428571428571,0.2202071737786023,0.29372809729952587,1.3123912716155897,23.705965779466876,50.6034998507,303.6209991042,1.2180890538033395,0.09612428788275364,0.0022115045427312458,0.00294986312370913,0.016020714647125612
18,2025-01-09,10.142857142857142,0.18495670995670996,0.24549062049062045,1.4016169931571003,23.59185173521326,50.6034998507,303.6209991042,1.2032467532467532,0.10186305133844044,0.0018574899139713469,0.002465422052774531,0.016977175223073408
18,2025-01-10,9.285714285714286,0.18495670995670996,0.24549062049062048,1.448865935225318,23.623110510479314,50.6034998507,303.6209991042,1.2270562770562772,0.09325490615491026,0.0018574899139713469,0.002465422052774531,0.015542484359151712
18,2025-01-11,8.857142857142858,0.13787878787878788,0.19354256854256852,1.4455561292596688,23.640329271758795,50.6034998507,303.6209991042,1.2319264069264069,0.08895083356314516,0.0013846940610880607,0.0019437162840757322,0.014825138927190864
18,2025-01-12,8.857142857142858,0.13787878787878788,0.20941558441558436,1.4943688833913724,23.55165291793286,50.6034998507,303.6209991042,1.1843073593073594,0.08895083356314516,0.0013846940610880607,0.002103126380067032,0.014825138927190864
18,2025-01-13,8.142857142857142,0.13787878787878788,0.20941558441558436,1.5557988042579134,23.473722681110832,50.6034998507,303.6209991042,1.1700216450216452,0.08177737924353667,0.0013846940610880607,0.0021031263800670315,0.013629563207256116
18,2025-01-14,7.714285714285714,0.10930735930735931,0.20737476808905372,1.4891224278698718,23.538470400631404,50.6034998507,303.6209991042,1.196552257266543,0.07747330665177159,0.0010977558883037213,0.002082630796296722,0.012912217775295267
18,2025-01-15,7.571428571428571,0.11185837971552257,0.21502782931354353,1.4665236427095483,23.462172259664577,50.6034998507,303.6209991042,1.1608379715522574,0.07603861578784989,0.001123375368016609,0.0021594892354353844,0.012673102631308318
18,2025-01-16,6.571428571428571,0.08588435374149658,0.23775510204081626,1.4887756662610483,23.562251834759333,50.6034998507,303.6209991042,1.170578231292517,0.06599577974039803,0.0008625224836672095,0.0023877355092411087,0.010999296623399673
18,2025-01-17,7.142857142857143,0.11445578231292516,0.24251700680272106,1.4205847810913983,23.470172200833158,50.6034998507,303.6209991042,1.1229591836734694,0.07173454319608481,0.0011494606564515489,0.0024355585380384987,0.01195575719934747
18,2025-01-18,8.571428571428571,0.1124716553287982,0.29013605442176865,1.4519201053172888,23.453241142468737,50.6034998507,303.6209991042,1.1130385487528345,0.08608145183530178,0.0011295343944526363,0.0029137888260123974,0.014346908639216964
18,2025-01-19,9.0,0.07675736961451247,0.2901360544217687,1.4469901403596785,23.43375406059126,50.6034998507,303.6209991042,1.1130385487528345,0.09038552442706686,0.0007708616784722124,0.0029137888260123974,0.015064254071177813
18,2025-01-20,9.571428571428571,0.07675736961451247,0.277437641723356,1.431435908592008,23.49292273915563,50.6034998507,303.6209991042,1.1162131519274376,0.09612428788275364,0.0007708616784722124,0.0027862607492193576,0.016020714647125612
18,2025-01-21,9.428571428571429,0.14818594104308389,0.2842403628117914,1.497977475147904,23.319364319535598,50.6034998507,303.6209991042,1.0753968253968256,0.09468959701883195,0.0014882071104330603,0.0028545793617870577,0.01578159950313866
18,2025-01-22,9.428571428571429,0.1481859410430839,0.26383219954648524,1.5397824676284462,23.376841960744223,50.6034998507,303.6209991042,1.0958049886621315,0.09468959701883195,0.0014882071104330603,0.002649623524083958,0.01578159950313866
18,2025-01-23,10.142857142857142,0.1481859410430839,0.2598639455782313,1.5482406037215788,23.274882944515515,50.6034998507,303.6209991042,1.0759637188208617,0.10186305133844044,0.0014882071104330603,0.0026097710000861332,0.016977175223073408
18,2025-01-24,10.142857142857142,0.17675736961451247,0.2598639455782312,1.601636524992281,23.236075148267986,50.6034998507,303.6209991042,1.0759637188208617,0.10186305133844044,0.0017751452832173997,0.002609771000086133,0.016977175223073408
18,2025-01-25,8.285714285714286,0.1608843537414966,0.2122448979591836,1.6182178671041647,23.297069112871775,50.6034998507,303.6209991042,1.0965986394557823,0.08321207010745837,0.0016157351872261,0.002131540712112234,0.013868678351243066
18,2025-01-26,8.142857142857142,0.1749536178107607,0.20358688930117497,1.6779407908284905,23.34607539358075,50.6034998507,303.6209991042,1.1225726654298083,0.08177737924353667,0.0017570304995820248,0.0020445897506624344,0.013629563207256116
18,2025-01-27,7.714285714285714,0.2463821892393321,0.2115233972376829,1.6560650151937708,23.362385523746404,50.6034998507,303.6209991042,1.1146361574933004,0.07747330665177159,0.0024743759315428724,0.002124294798658084,0.012912217775295267
18,2025-01-28,8.428571428571429,0.1749536178107607,0.18987837559266127,1.6261464521868518,23.441113844916458,50.6034998507,303.6209991042,1.1276231704803132,0.08464676097138006,0.0017570304995820248,0.001906917395033585,0.014107793495230015
18,2025-01-29,8.571428571428571,0.17240259740259742,0.18477633477633473,1.6310604545976237,23.381787755090166,50.6034998507,303.6209991042,1.1250721500721501,0.08608145183530178,0.0017314110198691373,0.0018556784356078102,0.014346908639216964
18,2025-01-30,9.285714285714286,0.1826066790352505,0.17343846629560913,1.5746248371809493,23.41734978445694,50.6034998507,303.6209991042,1.119403215831787,0.09325490615491025,0.001833888938720687,0.0017418140813283104,0.015542484359151712
18,2025-01-31,8.428571428571429,0.16117810760667903,0.18058132343846628,1.5226244509875717,23.425247499823943,50.6034998507,303.6209991042,1.119403215831787,0.08464676097138006,0.0016186853091324327,0.0018135486245243952,0.014107793495230015
18,2025-02-01,8.857142857142858,0.19689239332096475,0.19843846629560913,1.4929689115193285,23.454884127924654,50.6034998507,303.6209991042,1.1265460729746444,0.08895083356314516,0.0019773580251128565,0.0019928849825146073,0.014825138927190864
18,2025-02-02,9.285714285714286,0.20153061224489796,0.17988559059987627,1.4630172023832835,23.474020679471753,50.6034998507,303.6209991042,1.1209802102659245,0.09325490615491026,0.002023938897318107,0.0018065614936936078,0.015542484359151712
18,2025-02-03,9.142857142857142,0.13010204081632654,0.18464749536178102,1.4353072465700287,23.411258114691133,50.6034998507,303.6209991042,1.0971706864564008,0.09182021529098856,0.0013065934653572584,0.0018543845224909975,0.015303369215164762
18,2025-02-04,9.285714285714286,0.15391156462585034,0.17057823129251698,1.444744882473614,23.394952107102945,50.6034998507,303.6209991042,1.0960884353741496,0.09325490615491026,0.0015457086093442075,0.0017130892101350729,0.015542484359151712
18,2025-02-05,9.857142857142858,0.1598639455782313,0.17057823129251698,1.4401088824270825,23.42186539872102,50.6034998507,303.6209991042,1.1020408163265307,0.09899366961059705,0.0016054873953409452,0.001713089210135073,0.01649894493509951
18,2025-02-06,8.714285714285714,0.14965986394557823,0.15017006802721086,1.5005626120242594,23.3355967651428,50.6034998507,303.6209991042,1.0918367346938775,0.08751614269922346,0.0015030094764893955,0.0015081333724319735,0.014586023783203913
18,2025-02-07,9.142857142857142,0.13435374149659865,0.13486394557823125,1.5399967906275924,23.40161261578938,50.6034998507,303.6209991042,1.1326530612244896,0.09182021529098856,0.0013492925982120706,0.0013544164941546488,0.015303369215164762
18,2025-02-08,9.142857142857142,0.13435374149659865,0.1527210884353741,1.5284196853359757,23.27060615900869,50.6034998507,303.6209991042,1.096938775510204,0.09182021529098856,0.0013492925982120706,0.0015337528521448607,0.015303369215164762
18,2025-02-09,8.142857142857142,0.1649659863945578,0.19353741496598637,1.5970090444676557,23.145881237524783,50.6034998507,303.6209991042,1.0765306122448979,0.08177737924353667,0.00165672635476672,0.0019436645275510598,0.013629563207256116
18,2025-02-10,8.714285714285714,0.18083900226757368,0.19671201814058953,1.6354327623923752,23.20249034377286,50.6034998507,303.6209991042,1.092403628117914,0.08751614269922346,0.0018161364507580195,0.0019755465467493198,0.014586023783203913
18,2025-02-11,9.142857142857142,0.17607709750566894,0.20385487528344665,1.6093980191770716,23.299183870903704,50.6034998507,303.6209991042,1.1090702947845805,0.09182021529098854,0.0017683134219606297,0.0020472810899454046,0.015303369215164762
18,2025-02-12,8.714285714285714,0.19988662131519272,0.18401360544217682,1.6011225737282273,23.254680196102292,50.6034998507,303.6209991042,1.1011337868480726,0.08751614269922346,0.0020074285659475786,0.0018480184699562802,0.014586023783203913
18,2025-02-13,9.285714285714286,0.19988662131519272,0.24115646258503398,1.5634454198706984,23.35530957760555,50.6034998507,303.6209991042,1.1154195011337869,0.09325490615491026,0.002007428565947579,0.0024218948155249587,0.015542484359151712
18,2025-02-14,9.285714285714286,0.17947845804988663,0.26156462585034007,1.5591261431584011,23.351998429794882,50.6034998507,303.6209991042,1.0950113378684807,0.09325490615491025,0.0018024727282444795,0.002626850653228058,0.015542484359151712
18,2025-02-15,9.142857142857142,0.20498866213151928,0.2462585034013605,1.6044677691617253,23.483805642078135,50.6034998507,303.6209991042,1.135827664399093,0.09182021529098854,0.002058667525373354,0.0024731337749507335,0.015303369215164762
18,2025-02-16,10.285714285714286,0.181859410430839,0.23265306122448973,1.53710721242852,23.593999559879244,50.6034998507,303.6209991042,1.1453514739229025,0.10329774220236213,0.0018263842426431748,0.0023364965498153334,0.017216290367060356
18,2025-02-17,11.0,0.20680272108843537,0.24172335600907027,1.5280234391072962,23.585001333789798,50.6034998507,303.6209991042,1.1702947845804987,0.11047119652197061,0.002076885822058074,0.002427588033238934,0.018411866086995105
18,2025-02-18,9.857142857142858,0.20816326530612245,0.2226757369614512,1.6170530766734896,23.603242749730622,50.6034998507,303.6209991042,1.1825396825396826,0.09899366961059704,0.0020905495445716136,0.002236295918049374,0.01649894493509951
18,2025-02-19,9.714285714285714,0.19625850340136056,0.20680272108843534,1.5660789293877222,23.7943637964702,50.6034998507,303.6209991042,1.2023809523809526,0.09755897874667534,0.001970991972578139,0.0020768858220580745,0.01625982979111256
18,2025-02-20,9.714285714285714,0.19625850340136056,0.1496598639455782,1.549394141191556,23.8677217605595,50.6034998507,303.6209991042,1.230952380952381,0.09755897874667534,0.001970991972578139,0.001503009476489396,0.01625982979111256
18,2025-02-21,9.857142857142858,0.19625850340136056,0.18027210884353737,1.556337160338306,23.871207823245275,50.6034998507,303.6209991042,1.2462585034013607,0.09899366961059705,0.001970991972578139,0.0018104432330440453,0.01649894493509951
18,2025-02-22,10.285714285714286,0.14931972789115647,0.18843537414965983,1.5365775926637164,23.84217291776407,50.6034998507,303.6209991042,1.2482993197278913,0.10329774220236211,0.0014995935458610107,0.0018924255681252848,0.017216290367060356
18,2025-02-23,9.714285714285714,0.12421150278293136,0.1538033395176252,1.55473765552114,23.786070139799357,50.6034998507,303.6209991042,1.2517625231910947,0.09755897874667534,0.0012474357576565914,0.0015446217223260858,0.01625982979111256
18,2025-02-24,9.714285714285714,0.10380333951762523,0.1333951762523191,1.525202908963069,23.773565741635455,50.6034998507,303.6209991042,1.2313543599257883,0.09755897874667532,0.0010424799199534919,0.0013396658846229865,0.01625982979111256
18,2025-02-25,11.0,0.11910946196660481,0.15125231910946194,1.462362152211403,23.711654103050744,50.6034998507,303.6209991042,1.208395176252319,0.1104711965219706,0.0011961967982308164,0.0015190022426131986,0.018411866086995105
18,2025-02-26,10.285714285714286,0.0833951762523191,0.15125231910946194,1.5803514148052797,23.475124419408196,50.6034998507,303.6209991042,1.1726808905380335,0.10329774220236213,0.0008375240822503922,0.0015190022426131986,0.017216290367060356
18,2025-02-27,10.285714285714286,0.0833951762523191,0.1941094619666048,1.6017201868867643,23.389878628770354,50.6034998507,303.6209991042,1.144109461966605,0.10329774220236211,0.0008375240822503922,0.0019494095017897073,0.017216290367060356
18,2025-02-28,10.142857142857142,0.12421150278293135,0.1634972170686456,1.7130856510189025,23.418102169172876,50.6034998507,303.6209991042,1.1492115027829313,0.10186305133844042,0.0012474357576565912,0.001641975745235058,0.016977175223073408
18,2025-03-01,10.428571428571429,0.12183055040197897,0.18254483611626465,1.7592791284551963,23.340342727694583,50.6034998507,303.6209991042,1.1182591218305504,0.10473243306628384,0.0012235242432578962,0.0018332678604246176,0.017455405511047305
18,2025-03-02,10.0,0.18027210884353742,0.18741496598639448,1.6835292642388127,23.410592194334672,50.6034998507,303.6209991042,1.1052721088435375,0.10042836047451874,0.0018104432330440447,0.00188217777624013,0.01673806007908646
18,2025-03-03,9.428571428571429,0.17414965986394557,0.19557823129251695,1.734844282056928,23.387404024687804,50.6034998507,303.6209991042,1.0991496598639456,0.09468959701883195,0.0017489564817331148,0.0019641601113213696,0.01578159950313866
18,2025-03-04,8.857142857142858,0.1741496598639456,0.18962585034013602,1.7866204410739661,23.403078326792187,50.6034998507,303.6209991042,1.1289115646258503,0.08895083356314516,0.001748956481733115,0.0019043813253246322,0.014825138927190864
18,2025-03-05,9.857142857142858,0.18843537414965986,0.24676870748299315,1.6816901857569542,23.440168624913817,50.6034998507,303.6209991042,1.1289115646258503,0.09899366961059704,0.0018924255681252845,0.0024782576708933107,0.01649894493509951
18,2025-03-06,9.571428571428571,0.18843537414965986,0.23962585034013603,1.7123136652458957,23.392266890245526,50.6034998507,303.6209991042,1.114625850340136,0.09612428788275364,0.0018924255681252845,0.002406523127697226,0.016020714647125612
18,2025-03-07,9.857142857142858,0.17936507936507937,0.24642857142857139,1.5894919899102038,23.297314878084837,50.6034998507,303.6209991042,1.0896825396825396,0.09899366961059704,0.0018013340847016846,0.0024748417402649264,0.01649894493509951
18,2025-03-08,10.285714285714286,0.1865079365079365,0.2464285714285714,1.513479191026087,23.292373359416768,50.6034998507,303.6209991042,1.096825396825397,0.10329774220236211,0.0018730686278977695,0.0024748417402649264,0.017216290367060356
18,2025-03-09,12.428571428571429,0.15234644582470672,0.2720496894409938,1.5334965045517623,23.311523845436703,50.6034998507,303.6209991042,1.1154589371980677,0.12481810516118756,0.001529990377829538,0.0027321504278161,0.020803017526864597
18,2025-03-10,13.142857142857142,0.14758454106280192,0.26252587991718423,1.54225449000919,23.310589166144094,50.6034998507,303.6209991042,1.1202208419599722,0.13199155948079605,0.001482167349032148,0.0026365043702213198,0.021998593246799345
18,2025-03-11,12.714285714285714,0.1277432712215321,0.28236714975845406,1.4216436622795379,23.345470485482526,50.6034998507,303.6209991042,1.0884748102139405,0.12768748688903095,0.0012829047290430233,0.0028357669902104444,0.0212812478148385
18,2025-03-12,13.571428571428571,0.11345755693581781,0.2787957211870255,1.4812415247030608,23.382163879422446,50.6034998507,303.6209991042,1.1063319530710836,0.13629563207256115,0.0011394356426508538,0.0027998997186124024,0.022715938678760195
18,2025-03-13,14.857142857142858,0.14707100231396905,0.2682915195063532,1.4039719328495566,23.433563028948274,50.6034998507,303.6209991042,1.1147353144156213,0.1492078498478564,0.001477009963573606,0.002694407743324042,0.02486797497464274
18,2025-03-14,16.142857142857142,0.13119798644095318,0.23654548776032147,1.4398483277645726,23.52800134497077,50.6034998507,303.6209991042,1.138544838225145,0.16212006762315165,0.0013175998675823062,0.0023755875513414427,0.027020011270525283
18,2025-03-15,17.0,0.13255853065864026,0.21613732449501535,1.40459518886731,23.559349695618494,50.6034998507,303.6209991042,1.1262999402659613,0.17072821280668185,0.0013312635900958464,0.0021706317136383434,0.02845470213444698
18,2025-03-16,15.714285714285714,0.12590369481125782,0.22367947178871544,1.4281145623835712,23.502381151874953,50.6034998507,303.6209991042,1.1178704815259437,0.1578159950313866,0.001264430164757879,0.002246376262354706,0.026302665838564436
18,2025-03-17,14.714285714285714,0.13423702814459118,0.25820328131252496,1.3824831057479001,23.477485004531843,50.6034998507,303.6209991042,1.0988228624783247,0.1477731589839347,0.0013481204651533112,0.002593093221135783,0.02462885983065579
18,2025-03-18,14.285714285714286,0.1183640122715753,0.25026677337601705,1.4556808997637962,23.359312420777872,50.6034998507,303.6209991042,1.082949846605309,0.14346908639216963,0.0011887103691620119,0.002513388173140133,0.02391151439869494
18,2025-03-19,13.285714285714286,0.15011004401760702,0.24431439242363612,1.436848594441572,23.353369425782397,50.6034998507,303.6209991042,1.0809657196211817,0.13342625034471775,0.001507530561144611,0.0024536093871433957,0.022237708390786294
18,2025-03-20,11.857142857142858,0.11649659863945579,0.2599206349206349,1.4289470602575103,23.351657072080567,50.6034998507,303.6209991042,1.09297052154195,0.1190793417055008,0.001169956240221859,0.0026103403218575303,0.0198465569509168
18,2025-03-21,12.0,0.1156611767514023,0.2666040100250626,1.3753513881477504,23.31181928817943,50.6034998507,303.6209991042,1.075844372836854,0.12051403256942249,0.0011615662351696853,0.00267746036227492,0.02008567209490375
18,2025-03-22,11.0,0.13606934001670842,0.2802094522019334,1.4303277626660988,23.2734528654093,50.6034998507,303.6209991042,1.0690416517484187,0.1104711965219706,0.0013665220728727846,0.0028140975874103194,0.018411866086995105
18,2025-03-23,10.428571428571429,0.11974280940446354,0.24347475832438234,1.4363158164650354,23.31641149711914,50.6034998507,303.6209991042,1.087408998687194,0.10473243306628384,0.001202557402710305,0.002445177079544741,0.017455405511047305
18,2025-03-24,10.571428571428571,0.13363169829335242,0.20577634562596964,1.500307307449525,23.34387483509878,50.6034998507,303.6209991042,1.119155030433226,0.10616712393020553,0.0013420412367026921,0.002066578101565404,0.017694520655034258
18,2025-03-25,11.142857142857142,0.19077455543620955,0.18196682181644583,1.4981981170827063,23.333944226627967,50.6034998507,303.6209991042,1.119155030433226,0.11190588738589231,0.0019159175822713707,0.0018274629575784544,0.018650981230982053
18,2025-03-26,11.142857142857142,0.20664757130922545,0.1343477741973982,1.5289332617024676,23.44789591585292,50.6034998507,303.6209991042,1.1350280463062419,0.11190588738589231,0.00207532767826267,0.001349232669604556,0.018650981230982053
18,2025-03-27,11.285714285714286,0.260218999880654,0.14710287623821452,1.5659642142521004,23.456089509573815,50.6034998507,303.6209991042,1.1324770258980785,0.113340578249814,0.0026133367522333064,0.0014773300681689932,0.018890096374969002
18,2025-03-28,11.714285714285714,0.2581684188827046,0.18298804370232938,1.649784260384543,23.356380966361446,50.6034998507,303.6209991042,1.1164141414141413,0.11764465084157909,0.00259274310346888,0.0018377189215464525,0.019607441806929853
18,2025-03-29,13.0,0.22356327247631597,0.16080525754438796,1.6669959679759863,23.422680155127402,50.6034998507,303.6209991042,1.1474700420352595,0.13055686861687435,0.0022452092917114507,0.001614940837086562,0.021759478102812396
18,2025-03-30,14.0,0.2176809195351395,0.1633262659477493,1.681090607407642,23.49907263015675,50.6034998507,303.6209991042,1.194528865564671,0.14059970466432622,0.002186133785549969,0.0016402589111557686,0.023433284110721042
18,2025-03-31,13.571428571428571,0.20974441159863152,0.21888182150330485,1.5875236933862793,23.524679421621695,50.6034998507,303.6209991042,1.1865923576281632,0.13629563207256115,0.0021064287375543193,0.002198194247125317,0.022715938678760195
18,2025-04-01,13.571428571428571,0.181172983027203,0.276024678646162,1.6079855627187933,23.63545500575194,50.6034998507,303.6209991042,1.2151637861995916,0.13629563207256115,0.0018194905647699797,0.0027720705926939956,0.022715938678760195
18,2025-04-02,13.571428571428571,0.1652999671541871,0.3077707103921937,1.5386928638940975,23.551075589035698,50.6034998507,303.6209991042,1.2151637861995919,0.13629563207256115,0.0016600804687786803,0.0030908907846765943,0.022715938678760195
18,2025-04-03,12.857142857142858,0.11172853858275854,0.2541992818207652,1.5914332462084,23.609066187320746,50.6034998507,303.6209991042,1.2449256909614965,0.12912217775295265,0.0011220713948080442,0.0025528817107059584,0.021520362958825447
18,2025-04-04,12.285714285714286,0.12255104940526935,0.23544026306174642,1.50637437644725,23.701382647833544,50.6034998507,303.6209991042,1.2384321844679902,0.12338341429726586,0.001230760096620294,0.002364487960898059,0.020563902382877648
18,2025-04-05,11.0,0.14695211417900492,0.25762304921968787,1.4663575908090034,23.681759936110378,50.6034998507,303.6209991042,1.2175803654795252,0.1104711965219706,0.0014758159895261736,0.002587266045357949,0.018411866086995105
18,2025-04-06,10.428571428571429,0.1495377638234781,0.2627943485086342,1.4325198542390698,23.60352034826509,50.6034998507,303.6209991042,1.1639281353567068,0.10473243306628381,0.0015017832449817701,0.0026392005562691423,0.017455405511047305
18,2025-04-07,11.142857142857142,0.16468927897499325,0.24331382902811471,1.4529393056900608,23.52849635851541,50.603499850700004,303.6209991042,1.140118611547183,0.11190588738589229,0.0016539474275189196,0.0024435608930070928,0.018650981230982053
18,2025-04-08,12.0,0.15397499326070754,0.20402811474240043,1.454873670443887,23.515955292869695,50.603499850700004,303.6209991042,1.1472614686900402,0.12051403256942247,0.0015463456127247925,0.002049020905428626,0.02008567209490375
18,2025-04-09,11.571428571428571,0.16984800913372342,0.17228208299636869,1.4971344161932907,23.583474579173924,50.6034998507,303.6209991042,1.139324960753532,0.11620995997765739,0.001705755708716092,0.0017302007134460272,0.019368326662942904
18,2025-04-10,12.571428571428571,0.21270515199086626,0.22942494013922582,1.444649894701022,23.503166773749136,50.603499850700004,303.6209991042,1.1059916274201989,0.12625279602510928,0.0021361629678926007,0.0023040770590147057,0.02104213267085155
18,2025-04-11,12.142857142857142,0.22699086627658055,0.21831382902811472,1.4545459598613157,23.499704581771258,50.6034998507,303.6209991042,1.1250392464678178,0.12194872343334417,0.002279632054284771,0.002192489991820796,0.0203247872388907
18,2025-04-12,12.428571428571429,0.19637862137862136,0.22214035964035958,1.459900314994799,23.504377539097074,50.603499850700004,303.6209991042,1.1326923076923077,0.12481810516118756,0.0019721982977301215,0.0022309192113901272,0.020803017526864597
18,2025-04-13,13.857142857142858,0.2102343308865048,0.23742941840767925,1.4529952295108957,23.478610655751634,50.6034998507,303.6209991042,1.123136645962733,0.13916501380040452,0.0021113489166389144,0.0023844647219101746,0.023194168966734093
18,2025-04-14,13.571428571428571,0.1871463077984817,0.2172273982056591,1.4518714922692413,23.494633662809665,50.6034998507,303.6209991042,1.123136645962733,0.13629563207256115,0.0018794796861061152,0.0021815791451939757,0.022715938678760195
18,2025-04-15,13.714285714285714,0.18609588763041449,0.22458033938212965,1.4150024567767814,23.516489891089716,50.6034998507,303.6209991042,1.1378425283156741,0.13773032293648282,0.001868930488577279,0.0022554235278958276,0.022955053822747144
18,2025-04-16,14.0,0.15633398286850972,0.2424374822392725,1.388417343847367,23.450662183479434,50.6034998507,303.6209991042,1.1318901473632932,0.14059970466432622,0.0015700365585935923,0.0024347598858860398,0.023433284110721042
18,2025-04-17,13.142857142857142,0.11347684001136685,0.18529462509641534,1.442992214877955,23.359676404055516,50.6034998507,303.6209991042,1.1176044330775787,0.13199155948079605,0.0011396292994170834,0.001860883540317361,0.021998593246799345
18,2025-04-18,12.571428571428571,0.11434264087716772,0.18269722249901274,1.4685907855532676,23.293408682491656,50.6034998507,303.6209991042,1.0985568140299597,0.12625279602510925,0.0011483243955620636,0.001834798251882421,0.02104213267085155
18,2025-04-19,13.142857142857142,0.13577121230573916,0.17376865107044132,1.4415865982294969,23.35885999274327,50.6034998507,303.6209991042,1.1021282426013885,0.13199155948079605,0.0013635280251503182,0.001745130072887315,0.021998593246799345
18,2025-04-20,10.857142857142858,0.13133465507415085,0.1569097335904058,1.4860078353703279,23.314274051275163,50.6034998507,303.6209991042,1.089705882352941,0.10903650565804891,0.00131897240825834,0.001575818728697798,0.018172750943008156
18,2025-04-21,10.142857142857142,0.1511759249154207,0.1608779875586598,1.4359518900840524,23.36258888261804,50.6034998507,303.6209991042,1.125420168067227,0.10186305133844044,0.0015182350282474646,0.0016156712526956228,0.016977175223073408
18,2025-04-22,10.285714285714286,0.142305710162853,0.14360441146155428,1.400192854330167,23.308219307766173,50.6034998507,303.6209991042,1.0829365079365079,0.10329774220236211,0.0014291529157817381,0.0014421955599992085,0.017216290367060356
18,2025-04-23,11.142857142857142,0.15506081220366935,0.14615543186971755,1.4129150622729907,23.30627370947283,50.6034998507,303.6209991042,1.0956916099773244,0.11190588738589231,0.0015572503143461752,0.001467815039712096,0.018650981230982053
18,2025-04-24,12.571428571428571,0.15506081220366935,0.1767676767676767,1.401978411434819,23.43764567784849,50.6034998507,303.6209991042,1.1263038548752835,0.12625279602510928,0.0015572503143461752,0.0017752487962667451,0.02104213267085155
18,2025-04-25,12.857142857142858,0.12708878423164136,0.17277167277167274,1.4248638174360164,23.609641182483706,50.6034998507,303.6209991042,1.1812489098203385,0.12912217775295268,0.0012763318235083608,0.0017351175832899146,0.021520362958825447
18,2025-04-26,12.142857142857142,0.10566021280306993,0.15610500610500605,1.4433732665800558,23.500635618751392,50.603499850700004,303.6209991042,1.1693441479155766,0.12194872343334417,0.0010611281939201063,0.00156773698249905,0.0203247872388907
18,2025-04-27,13.571428571428571,0.11046213357137727,0.177713649562389,1.4034698969182056,23.558075233966836,50.603499850700004,303.6209991042,1.1861508706046522,0.13629563207256115,0.001109353096909071,0.0017847490459493907,0.022715938678760195
18,2025-04-28,14.285714285714286,0.1064938796031233,0.17374539559413504,1.4512715580317046,23.563181629233753,50.6034998507,303.6209991042,1.182182616636398,0.14346908639216963,0.001069500572911246,0.0017448965219515659,0.02391151439869494
18,2025-04-29,13.857142857142858,0.09855737166661536,0.20390412575286518,1.4805550699997454,23.60269679765161,50.603499850700004,303.6209991042,1.2123413467951283,0.13916501380040452,0.0009897955249155964,0.002047775704335035,0.023194168966734093
18,2025-04-30,13.142857142857142,0.06794512676865617,0.24698802597962258,1.4534312071018511,23.54647861036457,50.6034998507,303.6209991042,1.181729101897169,0.13199155948079605,0.0006823617683609472,0.0024804602505971336,0.021998593246799345
18,2025-05-01,12.857142857142858,0.07984988867341809,0.22828054298642533,1.4607069449155545,23.52024351339197,50.603499850700004,303.6209991042,1.1749263808087338,0.12912217775295265,0.0008019193403544217,0.002292584066035959,0.021520362958825447
18,2025-05-02,12.428571428571429,0.12600373482726424,0.2348739495798319,1.3930281654412646,23.38822131108271,50.6034998507,303.6209991042,1.1199813258636788,0.12481810516118756,0.0012654348502368158,0.0023588005674477297,0.020803017526864597
18,2025-05-03,11.714285714285714,0.14028944911297853,0.2301120448179271,1.3758505109451225,23.486413121531662,50.6034998507,303.6209991042,1.1390289449112978,0.11764465084157909,0.0014089039366289855,0.0023109775386503397,0.019607441806929853
18,2025-05-04,9.857142857142858,0.11507936507936509,0.18809523809523804,1.4916650240806801,23.73448140111642,50.6034998507,303.6209991042,1.2293650793650794,0.09899366961059705,0.0011557231959369214,0.0018890096374969,0.01649894493509951
18,2025-05-05,10.142857142857142,0.08333333333333334,0.1693362193362193,1.5095748622032652,23.67345319066057,50.6034998507,303.6209991042,1.2106060606060607,0.10186305133844042,0.0008369030039543222,0.0017006158876890006,0.016977175223073408
18,2025-05-06,9.285714285714286,0.08333333333333334,0.13124098124098119,1.4898918740087475,23.651711957348073,50.6034998507,303.6209991042,1.1883838383838383,0.09325490615491025,0.0008369030039543222,0.0013180316573098813,0.015542484359151712
18,2025-05-07,9.142857142857142,0.08333333333333334,0.12132034632034627,1.5080494747000894,23.75883974134331,50.6034998507,303.6209991042,1.224098124098124,0.09182021529098856,0.0008369030039543222,0.0012184003473153192,0.015303369215164762
18,2025-05-08,8.428571428571429,0.09183673469387756,0.15023191094619662,1.4661231411950815,23.782187537802507,50.6034998507,303.6209991042,1.2411049268192127,0.08464676097138009,0.000922301269663947,0.0015087544507280434,0.014107793495230015
18,2025-05-09,8.428571428571429,0.04897959183673469,0.1645176252319109,1.5151786783498549,23.809256751769773,50.6034998507,303.6209991042,1.255390641104927,0.08464676097138006,0.0004918940104874382,0.001652223537120213,0.014107793495230015
19,2025-01-01,9.857142857142858,0.23106893106893112,0.2258741258741259,1.8320705172796234,28.867355740041706,43.14868752423334,388.3381877181,9.624075924075925,0.1328983058289693,0.003115372264947867,0.0030453336320999252,0.014766478425441034
19,2025-01-02,10.428571428571429,0.24694194694194696,0.1973026973026973,1.8355604558275236,28.883693636993605,43.14868752423334,388.3381877181,9.624075924075925,0.1406025554422429,0.0033293791986499107,0.002660121151436246,0.015622506160249213
19,2025-01-03,9.714285714285714,0.2897990897990898,0.19730269730269728,1.8269114277207876,28.533661874456637,43.14868752423334,388.3381877181,8.452647352647352,0.1309722434256509,0.0039071979196454295,0.0026601211514362465,0.014552471491738992
19,2025-01-04,9.571428571428571,0.27710067710067715,0.20047730047730047,1.740682472416461,28.477989069077204,43.14868752423334,388.3381877181,8.090742590742591,0.1290461810223325,0.003735992372683794,0.002702922538176655,0.014338464558036947
19,2025-01-05,9.428571428571429,0.23943833943833945,0.12515262515262515,1.7960113771155175,28.431950948862262,43.14868752423334,388.3381877181,8.212820512820512,0.1271201186190141,0.0032282122845362173,0.0016873623618815007,0.014124457624334905
19,2025-01-06,8.714285714285714,0.19658119658119663,0.13943833943833944,1.8488209178524129,28.425511539807722,43.14868752423334,388.3381877181,8.112820512820512,0.11748980660242214,0.0026503935635406985,0.0018799686022133403,0.013054422955824683
19,2025-01-07,7.714285714285714,0.20134310134310138,0.13943833943833944,1.8150256062017225,28.621894702028673,43.14868752423334,388.3381877181,9.36996336996337,0.10400736977919335,0.002714595643651312,0.0018799686022133403,0.011556374419910377
19,2025-01-08,7.428571428571429,0.1793650793650794,0.11746031746031747,1.8814366251258856,28.706954565222585,43.14868752423334,388.3381877181,9.705627705627705,0.10015524497255658,0.0024182783508330968,0.0015836513093951256,0.011128360552506286
19,2025-01-09,7.142857142857143,0.16349206349206355,0.13786848072562358,1.799834137711651,28.8539102077287,43.148687524233345,388.3381877181,10.521954236239951,0.09630312016591977,0.002204271417131053,0.0018588030812977535,0.010700346685102198
19,2025-01-10,7.714285714285714,0.12222222222222226,0.14104308390022674,1.761934496689457,29.15331662060276,43.148687524233345,388.3381877181,11.836239950525664,0.10400736977919336,0.0016478533895057385,0.0019016044680381621,0.011556374419910377
19,2025-01-11,8.285714285714286,0.15030525030525035,0.14226408512122798,1.884188972599074,29.11473692972341,43.148687524233345,388.3381877181,11.708034822320537,0.11171161939246692,0.0020264810414401245,0.0019180665398613964,0.012412402154718552
19,2025-01-12,8.142857142857142,0.1677655677655678,0.12956567242281528,1.8869684405720988,29.068499795089966,43.148687524233345,388.3381877181,11.539780854066569,0.10978555698914856,0.0022618886685123727,0.0017468609928997614,0.012198395221016508
19,2025-01-13,8.714285714285714,0.1550671550671551,0.11686725972440258,1.7863447309348515,29.04324056349041,43.148687524233345,388.3381877181,11.298511012796727,0.11748980660242213,0.0020906831215507372,0.0015756554459381259,0.013054422955824685
19,2025-01-14,9.428571428571429,0.10744810744810748,0.18829583115297402,1.772016246710828,29.05950097465489,43.148687524233345,388.3381877181,11.227082441368156,0.1271201186190141,0.0014486623204446052,0.002538686647597324,0.014124457624334905
19,2025-01-15,8.714285714285714,0.1312576312576313,0.2359148787720216,1.7945276289830427,29.110938483642972,43.148687524233345,388.3381877181,11.783359497645211,0.11748980660242213,0.0017696727209976712,0.0031807074487034555,0.013054422955824685
19,2025-01-16,9.285714285714286,0.17021867021867024,0.24148074148074147,1.7635705294254234,28.950112699277984,43.14868752423334,388.3381877181,10.824175824175825,0.1251940562156957,0.002294962467357234,0.003255748841040536,0.01391045069063286
19,2025-01-17,9.285714285714286,0.1860916860916861,0.2573537573537573,1.751279745200456,28.767006628639102,43.14868752423334,388.3381877181,9.824175824175825,0.1251940562156957,0.002508969401059278,0.00346975577474258,0.01391045069063286
19,2025-01-18,9.0,0.19408369408369408,0.2373737373737374,1.7599152891534389,28.687932282055524,43.14868752423334,388.3381877181,9.506493506493507,0.12134193140905891,0.002616721143902265,0.0032003764176351123,0.013482436823228769
19,2025-01-19,8.571428571428571,0.23376623376623382,0.2215007215007215,1.7179583403240888,28.905258513479303,43.14868752423334,388.3381877181,10.546176046176045,0.11556374419910373,0.003151738478157375,0.0029863694839330685,0.01284041602212264
19,2025-01-20,7.857142857142857,0.25360750360750367,0.24134199134199136,1.7450037409909185,29.05997654817302,43.14868752423334,388.3381877181,12.244588744588745,0.10593343218251175,0.00341924714528493,0.003253878151060623,0.011770381353612419
19,2025-01-21,7.428571428571429,0.25360750360750367,0.16991341991341993,1.6891835545692797,29.054420842268353,43.14868752423334,388.3381877181,12.173160173160174,0.10015524497255657,0.00341924714528493,0.002290846949401425,0.011128360552506286
19,2025-01-22,7.857142857142857,0.24567099567099568,0.1381673881673882,1.6634542566441293,28.952184269722412,43.14868752423334,388.3381877181,11.117604617604616,0.10593343218251174,0.003312243678433908,0.0018628330819973372,0.011770381353612419
19,2025-01-23,8.142857142857142,0.21769896769896777,0.15614940614940614,1.7198712671979466,29.038912864853952,43.14868752423334,388.3381877181,11.535187035187036,0.10978555698914853,0.0029351125784834527,0.0021052745033940585,0.012198395221016508
19,2025-01-24,8.285714285714286,0.25738150738150745,0.10853035853035854,1.7068974148932874,29.318805210804076,43.14868752423334,388.3381877181,12.678044178044178,0.11171161939246696,0.003470129912738563,0.0014632537022879265,0.012412402154718552
19,2025-01-25,7.0,0.20543345543345545,0.09554334554334555,1.6872409315390349,29.542034539471057,43.14868752423334,388.3381877181,13.600122100122102,0.09437705776260139,0.002769743584259146,0.0012881571201680726,0.010486339751400158
19,2025-01-26,8.0,0.16697191697191702,0.11752136752136753,1.6874105575630485,29.39402222285943,43.14868752423334,388.3381877181,12.858363858363859,0.10785949458583015,0.0022511883218272704,0.001584474412986287,0.011984388287314462
19,2025-01-27,8.857142857142858,0.14554334554334555,0.0960927960927961,1.6769890839221444,29.2077813362926,43.14868752423334,388.3381877181,11.115506715506715,0.11941586900574053,0.001962278961329511,0.0012955650524885277,0.013268429889526728
19,2025-01-28,9.285714285714286,0.14554334554334555,0.0960927960927961,1.6739601649587534,29.121375930090753,43.14868752423334,388.3381877181,10.32979242979243,0.1251940562156957,0.001962278961329511,0.0012955650524885277,0.013910450690632861
19,2025-01-29,9.428571428571429,0.14395604395604397,0.10879120879120881,1.6717016839201893,29.202617393683333,43.14868752423334,388.3381877181,10.961538461538463,0.12712011861901412,0.0019408782679593065,0.0014667705994501627,0.014124457624334905
19,2025-01-30,9.428571428571429,0.14395604395604397,0.09780219780219782,1.6341851002632553,29.169423482908236,43.14868752423334,388.3381877181,10.664835164835164,0.1271201186190141,0.0019408782679593063,0.0013186119530410555,0.014124457624334905
19,2025-01-31,9.142857142857142,0.07252747252747256,0.13351648351648354,1.6720434795294739,29.135517289989384,43.14868752423334,388.3381877181,10.664835164835164,0.12326799381237732,0.0009778470663001086,0.0018001275538706545,0.013696443756930816
19,2025-02-01,10.857142857142858,0.09293563579277868,0.1437205651491366,1.637889092450806,29.069648529660487,43.148687524233345,388.3381877181,10.205651491365776,0.14638074265219808,0.0012529988382027366,0.0019377034398219684,0.016264526961355344
19,2025-02-02,11.142857142857142,0.09806384092098382,0.13126635269492412,1.5976256266799318,29.020760407520697,43.14868752423333,388.3381877181,9.895028780743065,0.15023286745883488,0.00132213953986032,0.0017697903072249803,0.016692540828759435
19,2025-02-03,11.857142857142858,0.10282574568288858,0.12650444793301938,1.5699737487448824,28.967325319372467,43.148687524233345,388.3381877181,9.84740973312402,0.15986317947542683,0.0013863416199709332,0.0017055882271143669,0.017762575497269652
19,2025-02-04,12.285714285714286,0.10282574568288858,0.13949146092003237,1.6747611259301276,29.034454327553437,43.14868752423333,388.3381877181,10.360396746111032,0.165641366685382,0.0013863416199709332,0.0018806848092342212,0.018404596298375785
19,2025-02-05,12.428571428571429,0.10152704438418728,0.14988107130964273,1.6750544778465015,29.11253944407361,43.148687524233345,388.3381877181,10.851305837020123,0.16756742908870043,0.001368831961758948,0.002020762074930105,0.01861860323207783
19,2025-02-06,11.285714285714286,0.1476808905380334,0.14548546691403835,1.640887916317105,29.042978045866278,43.14868752423333,388.3381877181,10.844712430426716,0.15215892986215326,0.0019910982766771987,0.0019614986163664617,0.016906547762461473
19,2025-02-07,11.571428571428571,0.19053803339517628,0.1526283240568955,1.657421914433746,29.119649382452206,43.148687524233345,388.3381877181,11.058998144712431,0.15601105466879006,0.0025689169976727175,0.0020578017365323813,0.017334561629865564
19,2025-02-08,11.285714285714286,0.193939393939394,0.19004329004329004,1.686623714839729,29.165876087690858,43.14868752423334,388.3381877181,11.351515151515153,0.15215892986215326,0.002614775626323156,0.0025622466516871992,0.016906547762461477
19,2025-02-09,10.0,0.1558441558441559,0.20432900432900433,1.6975514134828174,29.28805019218593,43.14868752423334,388.3381877181,11.784848484848485,0.1348243682322877,0.00210115898543825,0.0027548528920190393,0.01498048535914308
19,2025-02-10,9.285714285714286,0.15108225108225112,0.2233766233766234,1.7140294065203612,29.34924709054918,43.14868752423334,388.3381877181,12.04675324675325,0.1251940562156957,0.0020369569053276366,0.0030116612124614917,0.013910450690632861
19,2025-02-11,9.0,0.18282828282828284,0.21038961038961038,1.663316623842239,29.268112640047168,43.14868752423334,388.3381877181,11.621067821067822,0.12134193140905893,0.002464970772731725,0.0028365646303416376,0.013482436823228772
19,2025-02-12,8.285714285714286,0.16984126984126988,0.19523809523809527,1.6216725662867983,29.152468713673652,43.14868752423334,388.3381877181,11.125396825396825,0.11171161939246695,0.002289874190611871,0.002632285284535141,0.012412402154718552
19,2025-02-13,8.571428571428571,0.11269841269841273,0.1870748299319728,1.5918218477983288,29.207333881881105,43.148687524233345,388.3381877181,11.358049886621316,0.11556374419910374,0.0015194492292845121,0.0025222245757740903,0.01284041602212264
19,2025-02-14,8.857142857142858,0.1055555555555556,0.14421768707482993,1.654145808416907,29.091064777799097,43.14868752423333,388.3381877181,10.929478458049887,0.11941586900574053,0.0014231461091185923,0.001944405854778571,0.013268429889526728
19,2025-02-15,9.0,0.09273504273504277,0.09659863945578231,1.54630227900568,28.989876683635803,43.148687524233345,388.3381877181,10.381859410430838,0.12134193140905893,0.0012502943549746338,0.0013023850536724392,0.013482436823228774
19,2025-02-16,9.0,0.09273504273504277,0.09659863945578231,1.5666514469905046,28.956752090372646,43.14868752423333,388.3381877181,10.381859410430838,0.12134193140905891,0.0012502943549746338,0.0013023850536724392,0.013482436823228772
19,2025-02-17,8.285714285714286,0.13559218559218564,0.06802721088435375,1.5970256818868591,28.963478190002032,43.148687524233345,388.3381877181,10.110430839002268,0.11171161939246696,0.0018281130759701526,0.00091717257300876,0.012412402154718552
19,2025-02-18,8.285714285714286,0.13559218559218564,0.06802721088435375,1.5735457808787685,28.92094134023339,43.14868752423333,388.3381877181,10.427891156462584,0.11171161939246695,0.0018281130759701526,0.0009171725730087599,0.012412402154718552
19,2025-02-19,8.571428571428571,0.1355921855921856,0.07993197278911565,1.6829529478750695,29.001030555797637,43.148687524233345,388.3381877181,10.189795918367347,0.11556374419910373,0.0018281130759701526,0.0010776777732852928,0.01284041602212264
19,2025-02-20,8.714285714285714,0.1534493284493285,0.0773809523809524,1.7411068960004992,28.951906472206524,43.14868752423334,388.3381877181,9.52142857142857,0.11748980660242213,0.002068870876384952,0.0010432838017974645,0.013054422955824685
19,2025-02-21,9.0,0.1279391243676958,0.08758503401360544,1.6997527608297422,28.977297494621926,43.148687524233345,388.3381877181,9.756122448979593,0.12134193140905891,0.001724931161506667,0.0011808596877487785,0.013482436823228772
19,2025-02-22,8.857142857142858,0.12885487528344675,0.11139455782312926,1.8157546341614395,29.070665113431353,43.148687524233345,388.3381877181,10.256122448979593,0.11941586900574053,0.0017372777153740926,0.0015018700883018443,0.013268429889526728
19,2025-02-23,9.571428571428571,0.1548289012574727,0.1265460729746444,1.7757740056399212,29.074352195156106,43.148687524233345,388.3381877181,10.219325912183054,0.1290461810223325,0.0020874708796138008,0.0017061494341083408,0.014338464558036949
19,2025-02-24,9.857142857142858,0.1385023706452278,0.16736239950525666,1.8409467567119928,29.125342327090646,43.148687524233345,388.3381877181,10.63157081014224,0.13289830582896928,0.0018673494620916986,0.002256452977913597,0.014766478425441034
19,2025-02-25,10.285714285714286,0.1305658627087199,0.16736239950525666,1.8639089187371627,29.115902825886682,43.148687524233345,388.3381877181,10.167285095856524,0.13867649303892446,0.0017603459952406765,0.002256452977913597,0.015408499226547166
19,2025-02-26,9.571428571428571,0.1305658627087199,0.13164811379097094,1.7522353958584806,28.937858287858205,43.148687524233345,388.3381877181,10.095856524427953,0.1290461810223325,0.0017603459952406765,0.0017749373770839978,0.014338464558036947
19,2025-02-27,10.285714285714286,0.15666476380762098,0.13576899291185004,1.8224565189467086,29.039254769455262,43.148687524233345,388.3381877181,10.845856524427953,0.13867649303892446,0.0021122227804623067,0.001830496869487413,0.015408499226547167
19,2025-02-28,9.857142857142858,0.1724347081489939,0.15153893725322298,1.8036376043542643,29.047921317645713,43.148687524233345,388.3381877181,10.643630179344466,0.13289830582896928,0.002324840058750701,0.002043114147775807,0.014766478425441034
19,2025-03-01,9.857142857142858,0.19624423195851773,0.15153893725322298,1.7227125940358075,29.089487796595133,43.148687524233345,388.3381877181,10.750773036487322,0.13289830582896928,0.002645850459303767,0.0020431141477758076,0.014766478425441034
19,2025-03-02,9.142857142857142,0.19407972979401555,0.13638742210170782,1.7457815197824489,29.002649216130298,43.148687524233345,388.3381877181,10.692331478045764,0.12326799381237731,0.0026166676956171247,0.001838834801969311,0.013696443756930816
19,2025-03-03,10.428571428571429,0.17112054612054614,0.11342823842823845,1.698936244090613,28.9974387754348,43.14868752423334,388.3381877181,10.571158008658008,0.1406025554422429,0.0023071219522266683,0.0015292890585788545,0.015622506160249213
19,2025-03-04,10.285714285714286,0.14731102231102236,0.11342823842823845,1.6107968418961092,29.024757472973338,43.14868752423334,388.3381877181,10.715097402597404,0.1386764930389245,0.0019861115516736022,0.0015292890585788545,0.015408499226547166
19,2025-03-05,10.285714285714286,0.19493006993006998,0.16104728604728605,1.716239164566572,29.229372855459868,43.14868752423334,388.3381877181,11.286525974025976,0.13867649303892446,0.0026281323527797343,0.0021713098596849866,0.015408499226547167
19,2025-03-06,9.571428571428571,0.18668831168831174,0.19264069264069267,1.585351876912679,29.12559276097516,43.14868752423334,388.3381877181,10.500811688311689,0.1290461810223325,0.0025170133679729037,0.00259726596811117,0.014338464558036947
19,2025-03-07,9.142857142857142,0.21428571428571433,0.2023809523809524,1.5941458227130891,29.03487558126266,43.14868752423334,388.3381877181,9.914772727272728,0.12326799381237731,0.0028890936049775938,0.002728588404701061,0.013696443756930816
19,2025-03-08,10.0,0.21031746031746032,0.21031746031746032,1.6309695423665134,28.98051303045145,43.14868752423334,388.3381877181,9.783820346320345,0.1348243682322877,0.0028355918715520824,0.002835591871552083,0.01498048535914308
19,2025-03-09,10.428571428571429,0.21825396825396828,0.21825396825396823,1.5962331205041889,28.987937950219855,43.14868752423334,388.3381877181,9.283820346320345,0.1406025554422429,0.0029425953384031043,0.0029425953384031047,0.015622506160249211
19,2025-03-10,10.285714285714286,0.20992063492063492,0.21944444444444447,1.6103558004343568,29.058265658375575,43.14868752423334,388.3381877181,9.773701298701297,0.13867649303892446,0.0028302416982095317,0.0029586458584307577,0.015408499226547167
19,2025-03-11,9.714285714285714,0.20992063492063492,0.21944444444444447,1.6663843291456302,29.008132542568813,43.14868752423333,388.3381877181,9.679081632653062,0.1309722434256509,0.0028302416982095317,0.0029586458584307577,0.014552471491738992
19,2025-03-12,11.285714285714286,0.17250566893424038,0.17182539682539685,1.6119997080593549,28.904469361659093,43.148687524233345,388.3381877181,9.250510204081634,0.15215892986215326,0.0023257967830547137,0.002316625057324626,0.016906547762461477
19,2025-03-13,11.428571428571429,0.13679138321995468,0.13412698412698415,1.696096522199938,28.873488863388413,43.14868752423333,388.3381877181,9.496541950113379,0.15408499226547165,0.0018442811822251147,0.0018083585897822716,0.017120554696163522
19,2025-03-14,12.285714285714286,0.09342403628117917,0.1290249433106576,1.6497172253221872,28.854630972171233,43.148687524233345,388.3381877181,9.437868480725625,0.16564136668538204,0.0012595836669320303,0.0017395706468066145,0.018404596298375788
19,2025-03-15,14.0,0.06167800453514742,0.1306122448979592,1.6206951654218393,28.722697745133296,43.148687524233345,388.3381877181,8.642630385487529,0.1887541155252028,0.0008315697995279422,0.0017609713401768189,0.020972679502800313
19,2025-03-16,14.571428571428571,0.07388801674515963,0.14282225710797142,1.6817491897255308,28.730530672093867,43.148687524233345,388.3381877181,8.829443572300715,0.1964583651384764,0.0009961905177602837,0.0019255920584091604,0.021828707237608488
19,2025-03-17,14.0,0.07735122020836309,0.13676165104736535,1.6365573998538003,28.610032332156187,43.148687524233345,388.3381877181,8.108231451088594,0.18875411552520277,0.0010428829396589114,0.001843880320086562,0.020972679502800313
19,2025-03-18,14.714285714285714,0.12497026782741072,0.13676165104736535,1.6774735277129484,28.655943016078123,43.148687524233345,388.3381877181,8.118435532721247,0.19838442754179475,0.0016849037407650435,0.001843880320086562,0.022042714171310533
19,2025-03-19,13.428571428571429,0.11476618619475766,0.13676165104736535,1.8217541949068452,28.711252146976875,43.148687524233345,388.3381877181,7.689864104149818,0.1810498659119292,0.0015473278548137294,0.001843880320086562,0.020116651767992134
19,2025-03-20,13.571428571428571,0.12905190048047194,0.16374577803149235,1.8534989443859367,28.833052301605715,43.148687524233345,388.3381877181,8.086689500975215,0.18297592831524762,0.001739934095145569,0.002207692107380037,0.02033065870169418
19,2025-03-21,13.285714285714286,0.13075258075258078,0.15694305694305696,1.9578878289782389,28.917944054999563,43.14868752423334,388.3381877181,8.829886779886781,0.17912380350861082,0.0017628634094707882,0.0021159748500791608,0.01990264483429009
19,2025-03-22,11.142857142857142,0.15932400932400936,0.1521811521811522,1.9838996791706294,29.09295878962326,43.14868752423334,388.3381877181,9.634648684648685,0.15023286745883485,0.0021480758901344676,0.002051772769968547,0.01669254082875943
19,2025-03-23,10.142857142857142,0.1391774891774892,0.10822510822510824,2.012348783345214,29.24294172289122,43.14868752423334,388.3381877181,10.304978354978354,0.13675043063560607,0.001876451705051104,0.001459138184332118,0.015194492292845125
19,2025-03-24,9.571428571428571,0.12619047619047624,0.1360544217687075,2.0499902404010286,29.1678284546528,43.148687524233345,388.3381877181,10.086054421768708,0.1290461810223325,0.0017013551229312497,0.00183434514601752,0.014338464558036949
19,2025-03-25,9.0,0.09642857142857146,0.1360544217687075,2.027110132900052,29.123052478440602,43.148687524233345,388.3381877181,10.086054421768708,0.12134193140905891,0.0013000921222399173,0.00183434514601752,0.013482436823228774
19,2025-03-26,9.714285714285714,0.11071428571428575,0.17891156462585034,1.9126511139770768,28.96001661619609,43.148687524233345,388.3381877181,9.928911564625851,0.1309722434256509,0.0014926983625717567,0.0024121638670130388,0.014552471491738992
19,2025-03-27,10.285714285714286,0.11683673469387758,0.17687074829931973,1.8370279621649175,28.87216673197318,43.148687524233345,388.3381877181,9.52074829931973,0.1386764930389245,0.001575243894142545,0.002384648689822776,0.015408499226547167
19,2025-03-28,10.428571428571429,0.10493197278911569,0.1640502354788069,1.8802752070787858,28.900783875151443,43.148687524233345,388.3381877181,9.582103610675038,0.14060255544224287,0.001414738693866012,0.0022117969356788172,0.015622506160249213
19,2025-03-29,10.142857142857142,0.10932757718472008,0.14646781789638935,1.9375460447456239,28.86131677395669,43.148687524233345,388.3381877181,9.502982731554159,0.13675043063560607,0.0014740021524296554,0.0019747431014242455,0.015194492292845125
19,2025-03-30,10.428571428571429,0.08551805337519626,0.1643249607535322,1.8670420155771132,28.76575647042997,43.148687524233345,388.3381877181,9.252982731554159,0.1406025554422429,0.0011529917518765893,0.002215500901839045,0.015622506160249213
19,2025-03-31,11.142857142857142,0.10932757718472007,0.14731815803244377,1.8787985253920194,28.756902778467957,43.148687524233345,388.3381877181,9.47407116692831,0.15023286745883485,0.0014740021524296554,0.0019862077585868546,0.01669254082875943
19,2025-04-01,11.857142857142858,0.10245944531658821,0.14731815803244377,1.9277506281812455,28.92452919767626,43.14868752423333,388.3381877181,10.160884353741496,0.15986317947542683,0.001381402998423963,0.0019862077585868546,0.017762575497269652
19,2025-04-02,11.428571428571429,0.08817373103087392,0.1044610151753009,1.885817388058774,29.041918257795082,43.148687524233345,388.3381877181,10.399659863945576,0.15408499226547165,0.0011887967580921234,0.001408389037591336,0.01712055469616352
19,2025-04-03,11.428571428571429,0.1187859759288331,0.07384877027734173,1.9098403812197653,29.148428505345755,43.148687524233345,388.3381877181,10.94047619047619,0.15408499226547165,0.0016015244159460654,0.0009956613797373942,0.017120554696163522
19,2025-04-04,12.285714285714286,0.13382356991379551,0.07037855628081194,1.8582899671901312,29.16626113336728,43.148687524233345,388.3381877181,10.609070753807597,0.165641366685382,0.001804267826821686,0.0009488744387660971,0.018404596298375785
19,2025-04-05,12.714285714285714,0.12764225123247683,0.08617525957751523,1.8116254015543363,29.0703605828368,43.148687524233345,388.3381877181,10.247120204357046,0.1714195538953372,0.001720928588216563,0.0011618524929791888,0.019046617099481914
19,2025-04-06,12.571428571428571,0.14805041449778295,0.0887262799856785,1.7669323443817393,29.074556938924538,43.148687524233345,388.3381877181,10.10936510231623,0.1694934914920188,0.001996080360119191,0.0011962464644670173,0.018832610165779872
19,2025-04-07,11.714285714285714,0.14805041449778295,0.0887262799856785,1.780794193959834,29.0716121830426,43.148687524233345,388.3381877181,9.680793673744802,0.15793711707210845,0.001996080360119191,0.0011962464644670173,0.017548568563567606
19,2025-04-08,12.0,0.16563283208020052,0.10777389903329755,1.791937052398174,29.07964989919377,43.148687524233345,388.3381877181,9.703504296455424,0.16178924187874522,0.0022331341943737626,0.00145305478490947,0.017976582430971697
19,2025-04-09,14.0,0.17923827425707128,0.12137934121016829,1.831120388248913,29.147438564067624,43.148687524233345,388.3381877181,10.077653956319368,0.1887541155252028,0.0024165687089755146,0.0016364892995112221,0.020972679502800313
19,2025-04-10,13.571428571428571,0.12821786609380598,0.1371492855515412,1.8499026399989644,29.106036427961474,43.148687524233345,388.3381877181,9.594351544445528,0.18297592831524762,0.0017286892792189447,0.0018491065777996164,0.02033065870169418
19,2025-04-11,12.857142857142858,0.12338435374149662,0.15003865182436613,1.754405939643792,28.908234259339736,43.148687524233345,388.3381877181,8.957939084724797,0.17334561629865558,0.0016635217542946383,0.002022886644264434,0.01926062403318396
19,2025-04-12,12.285714285714286,0.12040816326530614,0.13515769944341374,1.7305105626072688,29.00355723027621,43.148687524233345,388.3381877181,9.199010513296228,0.16564136668538204,0.0016233954542255052,0.001822255143918768,0.018404596298375785
19,2025-04-13,15.0,0.11098901098901102,0.12024404167261311,1.8440364796029178,29.02106562106754,43.148687524233345,388.3381877181,9.185666714238142,0.20223655234843152,0.0014964023287319845,0.0016211826952206938,0.02247072803871462
19,2025-04-14,14.714285714285714,0.15860805860805863,0.13214880357737502,1.8348139232439735,29.045244508817625,43.14868752423333,388.3381877181,9.67376195233338,0.19838442754179475,0.0021384231298381164,0.0017816878954972268,0.022042714171310533
19,2025-04-15,14.571428571428571,0.1504447933019362,0.12330526616240903,1.7972719452526966,28.880288007484697,43.148687524233345,388.3381877181,8.851993244850387,0.19645836513847637,0.002028362421077065,0.0016624554610060879,0.021828707237608488
19,2025-04-16,13.857142857142858,0.15469649398220828,0.11862839541410972,1.7508688551820815,28.752052598436624,43.14868752423333,388.3381877181,8.547996646210931,0.18682805312188439,0.0020856857068901127,0.0015993998466117356,0.020758672569098267
19,2025-04-17,12.857142857142858,0.22612506541077973,0.12836865515436946,1.5720488184589783,28.713102817188332,43.148687524233345,388.3381877181,8.57721742543171,0.1733456162986556,0.003048716908549311,0.001730722283201626,0.01926062403318396
19,2025-04-18,13.0,0.22544479330193617,0.10796049188906333,1.6254832635893657,28.89655964375446,43.14868752423333,388.3381877181,9.186060962846678,0.175271678701974,0.0030395451828192227,0.0014555705112989981,0.019474630966886005
19,2025-04-19,13.428571428571429,0.2206828885400314,0.15319858712715856,1.673037626913524,28.82861836597891,43.148687524233345,388.3381877181,9.052727629513344,0.1810498659119292,0.00297534310270861,0.0020654902723498234,0.020116651767992138
19,2025-04-20,11.0,0.2255668934240363,0.14770408163265308,1.634154098494168,28.878546263726633,43.14868752423333,388.3381877181,8.914143990929706,0.14830680505551647,0.0030411913900015466,0.0019914109491452696,0.01647853389505739
19,2025-04-21,11.714285714285714,0.15413832199546487,0.12786281179138323,1.6268115947446031,28.93400314481621,43.148687524233345,388.3381877181,9.021286848072561,0.15793711707210845,0.0020781601883423486,0.0017239022820177152,0.017548568563567606
19,2025-04-22,10.714285714285714,0.15413832199546487,0.11765873015873018,1.6017723878358106,28.921005232309422,43.148687524233345,388.3381877181,9.429450113378683,0.14445468024887967,0.0020781601883423486,0.001586326396066401,0.016050520027653302
19,2025-04-23,9.142857142857142,0.19342403628117918,0.10873015873015876,1.6304688921238275,28.88995417371947,43.148687524233345,388.3381877181,9.734807256235827,0.12326799381237732,0.002607827349254907,0.0014659474958590014,0.013696443756930816
19,2025-04-24,9.857142857142858,0.16961451247165535,0.07301587301587305,1.8040822088271986,28.953911765682076,43.148687524233345,388.3381877181,10.056235827664398,0.1328983058289693,0.002286816948701841,0.0009844318950294024,0.014766478425441034
19,2025-04-25,8.428571428571429,0.1886621315192744,0.13015873015873017,1.8035017168571628,28.67393513474384,43.148687524233345,388.3381877181,9.408616780045351,0.11363768179578534,0.0025436252691442944,0.0017548568563567606,0.012626409088420597
19,2025-04-26,8.142857142857142,0.20258154543868834,0.07301587301587305,1.7188855418818574,28.670958201215193,43.148687524233345,388.3381877181,9.454038025466597,0.10978555698914856,0.0027312928879291635,0.0009844318950294024,0.012198395221016508
19,2025-04-27,8.714285714285714,0.19769754055468344,0.08400488400488403,1.7026857516252554,28.667582151837486,43.148687524233345,388.3381877181,9.92778649921507,0.11748980660242213,0.002665444600636227,0.0011325905414385096,0.013054422955824683
19,2025-04-28,8.428571428571429,0.2181057038199896,0.08854003139717427,1.7349857850269754,28.533749657316772,43.148687524233345,388.3381877181,9.580847723704865,0.11363768179578534,0.0029405963725388545,0.0011937353796390936,0.012626409088420597
19,2025-04-29,9.571428571428571,0.2453165881737311,0.11711145996860285,1.7634023767732059,28.69728957818773,43.148687524233345,388.3381877181,9.880167451596023,0.1290461810223325,0.0033074654017423584,0.0015789478603027726,0.014338464558036949
19,2025-04-30,10.142857142857142,0.18817373103087393,0.16473050758765045,1.6793308862570877,28.782662928156068,43.148687524233345,388.3381877181,9.70873888016745,0.1367504306356061,0.0025370404404150004,0.0022209686614089045,0.015194492292845125
19,2025-05-01,10.428571428571429,0.19250273535987825,0.16473050758765045,1.671404254103926,28.844802624897795,43.148687524233345,388.3381877181,9.565881737310308,0.1406025554422429,0.002595405967788285,0.0022209686614089045,0.015622506160249211
19,2025-05-02,10.428571428571429,0.16393130678844967,0.1361590790162219,1.767477147959559,29.158780649357787,43.148687524233345,388.3381877181,10.565881737310308,0.1406025554422429,0.0022101934871246063,0.0018357561807452257,0.015622506160249211
19,2025-05-03,9.428571428571429,0.17858332144046432,0.15996860282574568,1.865854370744771,29.116589979668817,43.148687524233345,388.3381877181,10.249031920460492,0.12712011861901412,0.002407738349003416,0.0021567665812982917,0.014124457624334905
19,2025-05-04,9.285714285714286,0.16759431045145337,0.1489795918367347,1.9050327850073334,29.033623071195077,43.148687524233345,388.3381877181,9.767346938775509,0.1251940562156957,0.002259579702594309,0.0020086079348891842,0.01391045069063286
19,2025-05-05,9.571428571428571,0.14718614718614725,0.1285714285714286,1.8152901479564423,29.19220209977978,43.14868752423334,388.3381877181,10.273015873015874,0.1290461810223325,0.0019844279306916804,0.0017334561629865563,0.014338464558036947
19,2025-05-06,9.571428571428571,0.10909090909090911,0.10000000000000002,1.794139918033902,29.095344947166357,43.14868752423334,388.3381877181,9.568253968253968,0.1290461810223325,0.001470811289806775,0.0013482436823228773,0.014338464558036947
19,2025-05-07,9.428571428571429,0.10909090909090913,0.08809523809523812,1.7656027247112485,29.129633103423213,43.14868752423334,388.3381877181,9.657539682539682,0.1271201186190141,0.001470811289806775,0.001187738482046344,0.014124457624334905
19,2025-05-08,8.857142857142858,0.13877551020408166,0.08809523809523812,1.6916561489734356,28.942359138838494,43.148687524233345,388.3381877181,9.269784580498866,0.11941586900574053,0.0018710320489378704,0.001187738482046344,0.01326842988952673
19,2025-05-09,9.285714285714286,0.1566326530612245,0.059523809523809534,1.495093307023078,28.64925478299364,43.14868752423333,388.3381877181,7.9769274376417245,0.1251940562156957,0.0021117898493526696,0.0008025260013826649,0.013910450690632861
2,2025-01-01,16.714285714285715,0.4019947372888549,0.24313301078006958,2.3092103293175286,22.327590214195173,30.65780821465,306.5780821465,55.65220411396882,0.3988018971855777,0.009591571343811047,0.00580113967327122,0.039880189718557765
2,2025-01-02,17.142857142857142,0.38065893023876207,0.1986061091103108,2.3277000704681674,22.22914002331035,30.65780821465,306.5780821465,55.97038593215064,0.40902758685700275,0.009082500212982528,0.004738730356759526,0.04090275868570027
2,2025-01-03,17.0,0.3580748966253167,0.20963552087501666,2.269836022611455,22.26695099761093,30.657808214649997,306.5780821465,57.547591814503576,0.40561902363319435,0.008543646468042235,0.005001891488009435,0.040561902363319434
2,2025-01-04,18.857142857142858,0.3209320394824596,0.19106409230358806,2.2551249503484336,22.289379735085795,30.657808214649997,306.5780821465,57.05378229069406,0.449930345542703,0.007657420029852063,0.0045587782689143486,0.0449930345542703
2,2025-01-05,18.571428571428573,0.2772812458316659,0.17023075897025475,2.1959256502486593,22.280008943789777,30.65780821465,306.5780821465,56.505171179582945,0.44311321909508633,0.006615914600355066,0.004061696132108964,0.04431132190950863
2,2025-01-06,19.0,0.24236061091103103,0.16546885420835,2.165906997463486,22.43900555116367,30.65780821465,306.5780821465,55.61469498910675,0.4533389087665114,0.005782710256757467,0.0039480773579820185,0.045333890876651135
2,2025-01-07,18.428571428571427,0.2636922204779347,0.1926181754753183,2.2234153538863546,22.358724049378818,30.65780821465,306.5780821465,53.29989214489215,0.439704655871278,0.0062916812358781715,0.004595858604135643,0.04397046558712779
2,2025-01-08,17.0,0.28236635679912986,0.19355188229137804,2.212828239882057,22.30131262702571,30.65780821465,306.5780821465,54.97184981684982,0.40561902363319435,0.006737245055983839,0.004618136795140926,0.040561902363319434
2,2025-01-09,17.0,0.30277452006443595,0.2343682088219903,2.2162848978189893,22.2797288231255,30.657808214649997,306.5780821465,54.32899267399267,0.4056190236331944,0.007224182659385033,0.005592012001943314,0.040561902363319434
2,2025-01-10,16.857142857142858,0.26765547244538834,0.20877297072675222,2.3432323261300634,22.17276395766861,30.657808214649997,306.5780821465,51.50696886446887,0.402210460409386,0.0063862442001988125,0.004981311091010984,0.0402210460409386
2,2025-01-11,15.285714285714286,0.2741860846902863,0.2120382768492012,2.278991810613323,22.24395563089348,30.65780821465,306.5780821465,52.27798927263213,0.36471626494749415,0.0065420642332871945,0.005059221107555175,0.03647162649474941
2,2025-01-12,14.571428571428571,0.27743283793703954,0.19823957555049992,2.3167265949641593,22.233578530063706,30.65780821465,306.5780821465,50.57912563626849,0.34767344882845236,0.0066195315792828375,0.004729984887073685,0.03476734488284523
2,2025-01-13,13.0,0.2660949694563139,0.1948382150062822,2.3295436032420405,22.24024714356449,30.65780821465,306.5780821465,51.09273107844536,0.3101792533665604,0.006349010688504397,0.004648828619840153,0.031017925336656038
2,2025-01-14,13.571428571428571,0.2363599985448724,0.18449561642838952,2.35183565869522,22.23518970752278,30.65780821465,306.5780821465,51.323500309214594,0.32381350626179384,0.005639535990336142,0.00440205481178163,0.032381350626179375
2,2025-01-15,13.142857142857142,0.23696023864091087,0.19830113863727306,2.3725058539657935,22.301184978839945,30.65780821465,306.5780821465,50.017377860235,0.3135878165903688,0.005653857684553824,0.0047314537787883195,0.031358781659036876
2,2025-01-16,13.571428571428571,0.2195532758557968,0.16228673287496814,2.3195689444049816,22.375899141415733,30.65780821465,306.5780821465,49.20225180981483,0.32381350626179384,0.005238528552241042,0.0038721521257273884,0.03238135062617938
2,2025-01-17,13.142857142857142,0.21002946633198727,0.15514387573211103,2.304851557912247,22.3711151299285,30.65780821465,306.5780821465,49.402251809814835,0.3135878165903688,0.005011291003987151,0.003701723964536971,0.031358781659036876
2,2025-01-18,13.0,0.2571252277134629,0.13473571246680488,2.3780845733738794,22.297458218889773,30.65780821465,306.5780821465,47.57101162143179,0.31017925336656044,0.0061349931656822145,0.003214786361135778,0.031017925336656038
2,2025-01-19,12.714285714285714,0.26578323637147155,0.1693677470988395,2.4057264459500862,22.29139320294806,30.65780821465,306.5780821465,48.588327638747806,0.3033621269189437,0.006341572755003932,0.004041104718422652,0.03033621269189437
2,2025-01-20,13.714285714285714,0.2963954812694308,0.1999799919967987,2.3994206345012437,22.294666711462792,30.65780821465,306.5780821465,47.99649090405393,0.3272220694856022,0.007071979160105724,0.004771511123524442,0.03272220694856021
2,2025-01-21,12.857142857142858,0.32313344918386927,0.1923405725926734,2.4122541251965424,22.479442414646257,30.65780821465,306.5780821465,45.944542852105876,0.30677069014275204,0.007709945538893383,0.004589235015299397,0.030677069014275204
2,2025-01-22,12.857142857142858,0.3129293675512162,0.18213649096002035,2.3962246246804217,22.512902570145222,30.657808214649997,306.5780821465,46.924134688840574,0.30677069014275204,0.0074664767371927865,0.0043457662135988,0.030677069014275204
2,2025-01-23,12.428571428571429,0.30992816707102416,0.17733457019171303,2.4132830811566373,22.434105729702903,30.65780821465,306.5780821465,49.66783216783217,0.296545000471327,0.007394868266104375,0.004231192659857342,0.029654500047132697
2,2025-01-24,12.857142857142858,0.3670710242138813,0.21304885590599873,2.3996945466661077,22.385191727996418,30.65780821465,306.5780821465,52.14402264402265,0.30677069014275204,0.00875829355562772,0.005083333465809431,0.030677069014275204
2,2025-01-25,13.285714285714286,0.3238017934446505,0.24876314162028446,2.452462169642959,22.367064446934467,30.65780821465,306.5780821465,51.11174242424243,0.3169963798141771,0.00772589219457038,0.00593547427176152,0.031699637981417714
2,2025-01-26,14.285714285714286,0.3118970315398886,0.22792980828695114,2.4313721544443228,22.371661605206832,30.65780821465,306.5780821465,51.61471861471862,0.3408563223808356,0.007441845259253017,0.005438392134956136,0.03408563223808356
2,2025-01-27,14.571428571428571,0.3233766233766233,0.22155225726654296,2.469332807703567,22.354087590434283,30.65780821465,306.5780821465,51.52033085961658,0.34767344882845236,0.007715747661166188,0.005286224133893262,0.03476734488284523
2,2025-01-28,15.0,0.3122448979591836,0.20578231292517005,2.3694617794405652,22.141559361994435,30.65780821465,306.5780821465,55.65391156462585,0.35789913849987737,0.007450145332038264,0.004909954167628703,0.03578991384998774
2,2025-01-29,15.285714285714286,0.29821428571428565,0.22108843537414963,2.4591133777281775,22.056671330779896,30.65780821465,306.5780821465,54.67687074829932,0.3647162649474941,0.007115375729699944,0.005275157370179598,0.03647162649474941
2,2025-01-30,16.285714285714285,0.31522108843537405,0.21428571428571427,2.516202992937034,22.180694758122453,30.65780821465,306.5780821465,52.0,0.3885762075141526,0.007521157065867605,0.005112844835712533,0.03885762075141525
2,2025-01-31,16.571428571428573,0.3084983993597438,0.17507002801120447,2.4541489910439602,22.191523244657255,30.65780821465,306.5780821465,51.43417366946778,0.3953933339617693,0.007360754090629564,0.004177160813490633,0.03953933339617693
2,2025-02-01,16.428571428571427,0.32099839935974384,0.15840336134453778,2.4632468886418053,22.155624416045775,30.65780821465,306.5780821465,51.17048319327731,0.39198477073796095,0.007659003372712796,0.0037794951040463244,0.03919847707379609
2,2025-02-02,16.428571428571427,0.38349839935974384,0.15840336134453778,2.442291521816337,22.171956865709912,30.65780821465,306.5780821465,52.00976890756302,0.39198477073796095,0.009150249783128952,0.0037794951040463244,0.03919847707379609
2,2025-02-03,15.857142857142858,0.35671268507402953,0.13757002801120446,2.4703657596629816,22.18447125177948,30.65780821465,306.5780821465,51.2061974789916,0.37835051784272755,0.008511144178664885,0.0032824129672409386,0.03783505178427275
2,2025-02-04,15.285714285714286,0.38732492997198875,0.14165166066426568,2.579765137795871,22.254050432411653,30.657808214649997,306.5780821465,49.53885054021608,0.36471626494749415,0.009241550583766677,0.0033798004879211775,0.03647162649474941
2,2025-02-05,14.714285714285714,0.420063025210084,0.1654611844737895,2.588004889830919,22.275317557654176,30.657808214649997,306.5780821465,49.48527911164466,0.35108201205226075,0.010022679655889424,0.003947894358555903,0.035108201205226064
2,2025-02-06,14.571428571428571,0.41530112044817924,0.16614145658263307,2.5276271236624437,22.264141988095023,30.65780821465,306.5780821465,51.81214985994398,0.34767344882845236,0.00990906088176248,0.00396412561200261,0.034767344882845226
2,2025-02-07,14.0,0.4088369963369963,0.22367216117216118,2.503252303942691,22.243987201695422,30.65780821465,306.5780821465,52.11790293040293,0.3340391959332189,0.009754827251725901,0.005336804919328147,0.03340391959332189
2,2025-02-08,13.857142857142858,0.4027145473574044,0.2352367870225013,2.4602993373076916,22.208451632635356,30.65780821465,306.5780821465,55.01041993720565,0.3306306327094105,0.009608745970705544,0.005612736227922156,0.03306306327094105
2,2025-02-09,13.0,0.418785975928833,0.2370225013082156,2.42726008422473,22.152151181124513,30.65780821465,306.5780821465,56.58720565149137,0.31017925336656044,0.009992209333383984,0.005655343268219761,0.031017925336656038
2,2025-02-10,14.571428571428571,0.43897231133255976,0.24426887811980977,2.403454901069111,22.06724819863218,30.657808214649997,306.5780821465,57.456770868882664,0.34767344882845236,0.010473854136748206,0.005828241402760765,0.034767344882845226
2,2025-02-11,14.285714285714286,0.38540088276113116,0.24784030669123833,2.3603287325725866,22.01372513001424,30.657808214649997,306.5780821465,57.721056583168384,0.3408563223808357,0.009195642927820075,0.005913455483355974,0.03408563223808356
2,2025-02-12,13.428571428571429,0.37349612085636924,0.23593554478647644,2.2480204845809433,21.946775802847608,30.65780821465,306.5780821465,58.840104202216004,0.32040494303798545,0.008911595992502712,0.005629408548038611,0.032040494303798545
2,2025-02-13,12.857142857142858,0.3842104065706549,0.24843554478647642,2.2809725128813043,21.971408148035625,30.65780821465,306.5780821465,55.91331848793028,0.30677069014275204,0.009167238234288336,0.005927657830121842,0.0306770690142752
2,2025-02-14,12.142857142857142,0.3759686483288967,0.20035862170955335,2.233790181131531,22.08668900465286,30.65780821465,306.5780821465,57.167439367051166,0.2897278740237103,0.0089705903559917,0.004780545206724799,0.028972787402371025
2,2025-02-15,11.714285714285714,0.38988330510069635,0.22169442875964612,2.1649062363973313,22.15175932529994,30.65780821465,306.5780821465,57.46799595332204,0.27950218435228524,0.009302593267401607,0.00528961633755332,0.027950218435228515
2,2025-02-16,11.142857142857142,0.39464520986260115,0.264551571616789,2.3234508371571523,22.1683718758656,30.65780821465,306.5780821465,52.19180547713156,0.26586793145705184,0.009416212041528553,0.006312185304695826,0.026586793145705175
2,2025-02-17,9.142857142857142,0.41810966810966804,0.2969877344877344,2.2876556978949165,22.26156936117199,30.657808214650004,306.5780821465,51.06827200577201,0.2181480463237348,0.009976072667661326,0.007086110287879367,0.02181480463237348
2,2025-02-18,10.142857142857142,0.4669191919191919,0.31722582972582974,2.3266945107660435,22.339656895360264,30.65780821465,306.5780821465,50.018272005772005,0.24200798889039327,0.011140665102462515,0.007568990077918883,0.024200798889039327
2,2025-02-19,10.857142857142858,0.4972222222222222,0.29558080808080806,2.388223775070073,22.350458023329338,30.65780821465,306.5780821465,49.853769841269845,0.25905080500943506,0.01186369366508853,0.007052541104614588,0.025905080500943506
2,2025-02-20,9.428571428571429,0.4912698412698412,0.26879509379509375,2.371248296225548,22.23707888599837,30.65780821465,306.5780821465,52.035317460317465,0.2249651727713515,0.011721670197429849,0.00641343550015052,0.02249651727713515
2,2025-02-21,9.571428571428571,0.5507936507936507,0.2668109668109668,2.4263217899813974,22.221495631223352,30.65780821465,306.5780821465,50.80317460317461,0.22837373599515987,0.013141904874016662,0.006366094344264293,0.022837373599515983
2,2025-02-22,9.571428571428571,0.5897546897546897,0.2668109668109668,2.511861512993097,22.39005279413472,30.65780821465,306.5780821465,47.34862914862915,0.22837373599515987,0.014071513025964395,0.006366094344264293,0.022837373599515987
2,2025-02-23,10.0,0.5341991341991342,0.21125541125541122,2.3966600911132,22.39530259821375,30.657808214649997,306.5780821465,50.05497835497835,0.23859942566658493,0.012745960661150033,0.0050405419794499326,0.02385994256665849
2,2025-02-24,10.285714285714286,0.49379509379509373,0.17373737373737375,2.3804894821924685,22.335646805352802,30.657808214649997,306.5780821465,51.62063492063492,0.24541655211420169,0.01178192257764868,0.004145363759055819,0.02454165521142016
2,2025-02-25,9.857142857142858,0.4509379509379508,0.18326118326118324,2.4110752124528765,22.189812748028515,30.65780821465,306.5780821465,52.76587301587302,0.23519086244277657,0.010759353610506173,0.004372601307309709,0.023519086244277655
2,2025-02-26,10.571428571428571,0.4087301587301586,0.16621572871572868,2.360131576487404,22.22302491135736,30.65780821465,306.5780821465,52.811327561327566,0.25223367856181833,0.009752278112562796,0.003965897740832576,0.025223367856181834
2,2025-02-27,11.142857142857142,0.4039682539682539,0.16621572871572868,2.460046534888641,22.035065759503613,30.65780821465,306.5780821465,52.577994227994225,0.2658679314570518,0.009638659338435851,0.003965897740832576,0.026586793145705175
2,2025-02-28,12.285714285714286,0.33394024276377204,0.17555279687632627,2.522628755415396,21.963515530428708,30.65780821465,306.5780821465,51.191439606145494,0.29313643724751864,0.007967795013039599,0.00418867965088541,0.029313643724751863
2,2025-03-01,13.571428571428571,0.3014727102962396,0.1378904592139886,2.5257313991760673,21.895999399711126,30.657808214649997,306.5780821465,52.636244800950685,0.32381350626179384,0.007193121553083153,0.0032900584373359337,0.032381350626179375
2,2025-03-02,15.0,0.30564981973650696,0.14457383431841636,2.5573842649435887,21.802287051492808,30.657808214649997,306.5780821465,53.507589830190454,0.3578991384998774,0.007292787144422579,0.003449523383479015,0.03578991384998774
2,2025-03-03,14.571428571428571,0.33811735220403943,0.17217123691581895,2.5591175252973426,21.907217008824613,30.65780821465,306.5780821465,53.71375866135928,0.34767344882845236,0.008067460604379023,0.004107995824441993,0.034767344882845226
2,2025-03-04,14.571428571428571,0.3738316379183252,0.14836171310629512,2.4649528533041223,21.94713245400201,30.65780821465,306.5780821465,54.32090151850213,0.34767344882845236,0.008919601410331114,0.003539901953807267,0.034767344882845226
2,2025-03-05,13.142857142857142,0.38573639982308705,0.1632426654872475,2.5045624046729773,22.005688832752345,30.65780821465,306.5780821465,53.63042532802594,0.3135878165903688,0.009203648345648475,0.00389496062295397,0.031358781659036876
2,2025-03-06,13.0,0.3904983045849918,0.1791156813602634,2.440103614150114,22.28354276912707,30.657808214649997,306.5780821465,52.8875681851688,0.31017925336656044,0.009317267119775421,0.004273689870043788,0.031017925336656038
2,2025-03-07,12.714285714285714,0.40338345864661646,0.19200083542188803,2.419995493737403,22.236847207844313,30.657808214649997,306.5780821465,53.35983709273182,0.3033621269189437,0.009624706155648333,0.004581128905916699,0.03033621269189437
2,2025-03-08,12.857142857142858,0.42719298245614024,0.1913205633130445,2.3576228987612033,22.248340651517793,30.65780821465,306.5780821465,54.18466702470461,0.30677069014275204,0.010192800026283057,0.004564897652469992,0.030677069014275204
2,2025-03-09,11.428571428571429,0.39126984126984116,0.21638321995464851,2.3616645484776018,22.21841260816965,30.65780821465,306.5780821465,53.53554421768707,0.2726850579046685,0.009335675940763996,0.005162891200506546,0.027268505790466847
2,2025-03-10,12.571428571428571,0.35555555555555546,0.17174036281179136,2.4021586687685272,22.1489219741045,30.65780821465,306.5780821465,53.589115646258506,0.2999535636951354,0.008483535134811909,0.0040977151930664335,0.02999535636951353
2,2025-03-11,14.0,0.3544733044733044,0.1868918779633065,2.4073195921365653,22.225774867445192,30.65780821465,306.5780821465,53.20166975881261,0.3340391959332189,0.008457712686146692,0.004459229474379441,0.03340391959332189
2,2025-03-12,15.714285714285714,0.3544733044733044,0.1868918779633065,2.4004722777213514,22.110079906690878,30.657808214649997,306.5780821465,53.43182848897134,0.37494195461891916,0.008457712686146692,0.004459229474379442,0.037494195461891915
2,2025-03-13,16.857142857142858,0.32366097954333245,0.18782558477936626,2.4359578403221187,21.985082574284093,30.657808214649997,306.5780821465,53.74275285871924,0.402210460409386,0.007722532382972343,0.004481507665384725,0.0402210460409386
2,2025-03-14,16.714285714285715,0.32638206797870656,0.18034259158208737,2.426995387446165,22.118147017116275,30.65780821465,306.5780821465,53.64683449137231,0.3988018971855776,0.007787457396759167,0.004302963877470954,0.039880189718557765
2,2025-03-15,16.714285714285715,0.30597390471340047,0.18714531267052273,2.480167348353931,22.06453875221204,30.65780821465,306.5780821465,53.36792292674646,0.3988018971855776,0.007300519793357974,0.004465276411938018,0.039880189718557765
2,2025-03-16,17.0,0.3391629379024336,0.19147431699952705,2.551418120347698,22.099195977280164,30.65780821465,306.5780821465,54.12982768865122,0.40561902363319435,0.008092408219091228,0.004568566206598878,0.040561902363319434
2,2025-03-17,17.571428571428573,0.3605915093310051,0.2039743169995271,2.528741107292656,22.092839475686407,30.657808214649997,306.5780821465,53.67268483150836,0.41925327652842775,0.008603692702662482,0.0048668154886821096,0.04192532765284278
2,2025-03-18,16.857142857142858,0.36937684164574913,0.20703008476117718,2.53139009350326,22.019602554695116,30.657808214649997,306.5780821465,53.92287581699346,0.402210460409386,0.008813310227121285,0.004939725931972128,0.0402210460409386
2,2025-03-19,16.428571428571427,0.3789006511695587,0.22131579904689147,2.4649373168703597,22.103819290613192,30.65780821465,306.5780821465,55.40700280112044,0.39198477073796095,0.009040547775375175,0.005280582254352963,0.03919847707379609
2,2025-03-20,15.714285714285714,0.4216177380042926,0.21641383826257773,2.4238181288782625,22.16650225721878,30.65780821465,306.5780821465,55.584173669467795,0.37494195461891916,0.01005977501386689,0.005163621751575226,0.037494195461891915
2,2025-03-21,15.857142857142858,0.4379442686165375,0.2048492124122376,2.433579334102366,22.164012858254754,30.65780821465,306.5780821465,56.54675870348139,0.37835051784272755,0.010449325096587844,0.004887690442981216,0.03783505178427275
2,2025-03-22,15.285714285714286,0.42193786605551303,0.20124777183600712,2.4462927647045505,22.23777427179045,30.657808214649997,306.5780821465,56.246638655462185,0.3647162649474941,0.010067413250782987,0.004801760277675123,0.0364716264947494
2,2025-03-23,15.142857142857142,0.39985994397759095,0.17787114845938373,2.344770777519019,22.420799134423948,30.657808214649997,306.5780821465,56.9609243697479,0.36130770172368576,0.009540635298012605,0.004243995386506483,0.03613077017236858
2,2025-03-24,15.142857142857142,0.3712885154061624,0.17787114845938376,2.3026859666919206,22.41896712272754,30.65780821465,306.5780821465,57.7109243697479,0.3613077017236858,0.008858922653250932,0.004243995386506483,0.03613077017236858
2,2025-03-25,14.857142857142858,0.3516806722689075,0.1549019607843137,2.2969884898988044,22.47944576645843,30.65780821465,306.5780821465,57.68627450980392,0.35449057527606903,0.008391080642139982,0.003695951887776512,0.0354490575276069
2,2025-03-26,15.0,0.3481092436974789,0.13466386554621848,2.3715159179019603,22.575949639963564,30.65780821465,306.5780821465,55.58210784313725,0.3578991384998774,0.008305866561544775,0.0032130720977369943,0.03578991384998774
2,2025-03-27,15.571428571428571,0.33322829131652654,0.14061624649859944,2.3544061765680113,22.552909674112925,30.65780821465,306.5780821465,55.53151260504201,0.3715333913951108,0.007950807892398071,0.0033550955653956762,0.03715333913951108
2,2025-03-28,15.571428571428571,0.3522759103641456,0.1406162464985994,2.359437452358342,22.539666568630764,30.657808214649997,306.5780821465,54.7124649859944,0.3715333913951108,0.00840528298890585,0.0033550955653956762,0.03715333913951108
2,2025-03-29,14.857142857142858,0.3648809523809523,0.1238095238095238,2.2809901788254447,22.473081213786525,30.657808214649997,306.5780821465,55.77619047619047,0.3544905752760691,0.008706038567477176,0.0029540881273005756,0.0354490575276069
2,2025-03-30,15.285714285714286,0.38795787545787536,0.1062271062271062,2.3002001737768785,22.416223697355342,30.65780821465,306.5780821465,54.6003663003663,0.36471626494749415,0.009256652626707758,0.0025345726536010853,0.0364716264947494
2,2025-03-31,14.428571428571429,0.41040685504971214,0.09500261643118786,2.3235858415166533,22.46897807739867,30.65780821465,306.5780821465,53.01159079016221,0.3442648856046439,0.009792283990449069,0.0022667569717304283,0.03442648856046439
2,2025-04-01,14.714285714285714,0.43841805953150487,0.08435835872810661,2.360252713111349,22.44978695295863,30.65780821465,306.5780821465,52.31355157447594,0.35108201205226075,0.010460629720607571,0.002012785594270198,0.035108201205226064
2,2025-04-02,14.0,0.4627687088821542,0.07948822885797673,2.41206520553122,22.37465604490086,30.65780821465,306.5780821465,50.88092170434607,0.3340391959332189,0.011041634815574904,0.0018965845752767318,0.03340391959332189
2,2025-04-03,14.285714285714286,0.4736814072948526,0.0854406098103577,2.3755476260188724,22.450424884242683,30.657808214649997,306.5780821465,52.75294551386988,0.3408563223808356,0.011302011172949154,0.002038608042935413,0.034085632238083564
2,2025-04-04,13.428571428571429,0.44510997872342406,0.08226600663575452,2.3159877659625434,22.470765673649378,30.657808214649997,306.5780821465,55.28627884720322,0.32040494303798545,0.010620298528187482,0.0019628621935174496,0.032040494303798545
2,2025-04-05,13.285714285714286,0.3996554332688786,0.10824003260978048,2.3965069621411006,22.48484205584168,30.65780821465,306.5780821465,53.38909270001708,0.3169963798141771,0.00953575568424846,0.0025826009614826053,0.03169963798141771
2,2025-04-06,13.857142857142858,0.39254489674657733,0.11405774430984514,2.3779640266901247,22.512168453866046,30.65780821465,306.5780821465,53.22878242205974,0.33063063270941057,0.009366098691208224,0.0027214112285155246,0.03306306327094105
2,2025-04-07,13.714285714285714,0.374491521550345,0.169787728611258,2.428162272734641,22.531486047046126,30.65780821465,306.5780821465,53.09612936083524,0.3272220694856022,0.008935346195891784,0.004051125453188016,0.03272220694856021
2,2025-04-08,13.142857142857142,0.33182830241653766,0.19435140023375316,2.4477552962810547,22.487856934558984,30.65780821465,306.5780821465,51.76193414428708,0.3135878165903688,0.007917404237650374,0.004637213247327009,0.031358781659036876
2,2025-04-09,13.571428571428571,0.304926632657725,0.2527929586753116,2.4159482899976576,22.59099564604004,30.657808214649997,306.5780821465,53.31573748380471,0.32381350626179384,0.007275531942257892,0.006031625475248609,0.03238135062617938
2,2025-04-10,13.428571428571429,0.30819460651393416,0.2373867962103256,2.4699179476924735,22.592147731041546,30.657808214649997,306.5780821465,51.08184392638174,0.3204049430379855,0.007353505610776385,0.005664035323661434,0.03204049430379854
2,2025-04-11,13.714285714285714,0.2865495848689125,0.2345007933243227,2.519639531058936,22.46735279783807,30.65780821465,306.5780821465,48.59699544153325,0.3272220694856022,0.006837056637472088,0.005595175460554194,0.03272220694856021
2,2025-04-12,15.714285714285714,0.3177184160377437,0.23138391020743962,2.520840843532061,22.46215638735036,30.65780821465,306.5780821465,49.10608635062416,0.37494195461891916,0.007580743159030275,0.005520806808398375,0.037494195461891915
2,2025-04-13,15.571428571428571,0.321394886625979,0.26814861608979257,2.54267210776761,22.36551805035911,30.65780821465,306.5780821465,49.00472080440568,0.3715333913951108,0.007668463536113578,0.006398010579231408,0.03715333913951108
2,2025-04-14,17.142857142857142,0.34199928223037457,0.2260240739652504,2.5167244525826997,22.33679911022747,30.65780821465,306.5780821465,48.31424461392949,0.4090275868570027,0.008160083231855167,0.005392921423493046,0.04090275868570027
2,2025-04-15,17.142857142857142,0.37496631519740753,0.20404605198722844,2.5633980348569336,22.447025103616348,30.65780821465,306.5780821465,47.731827031511905,0.4090275868570027,0.008946674745041712,0.004868527081368683,0.04090275868570027
2,2025-04-16,17.285714285714285,0.409660192748428,0.1707127186538951,2.517878401080776,22.342870819143975,30.657808214650004,306.5780821465,50.18148689545749,0.4124361500808111,0.00977446867082374,0.004073195662480067,0.0412436150080811
2,2025-04-17,17.142857142857142,0.41333666333666325,0.1890950715950716,2.522581394550515,22.415646108125554,30.65780821465,306.5780821465,49.65049950049951,0.4090275868570027,0.009862189047907045,0.0045117975478965846,0.04090275868570027
2,2025-04-18,17.714285714285715,0.43498168498168494,0.2046794871794872,2.438566015716152,22.5854185059373,30.65780821465,306.5780821465,51.240109890109885,0.4226618397522362,0.010378638021211339,0.004883640808675677,0.042266183975223616
2,2025-04-19,16.857142857142858,0.422951609793715,0.21941632928475033,2.3723427558088415,22.534705349367027,30.65780821465,306.5780821465,53.73033545401967,0.4022104604093861,0.010091601118153794,0.005235261014921171,0.0402210460409386
2,2025-04-20,16.142857142857142,0.42538667472877995,0.19181892668734773,2.3790199075966263,22.49568588930932,30.65780821465,306.5780821465,53.77822506440928,0.3851676442903442,0.010149701627650528,0.004576788573958193,0.03851676442903442
2,2025-04-21,15.428571428571429,0.394371637134795,0.19056579385526756,2.3501791351843773,22.438123087159774,30.65780821465,306.5780821465,56.05516742029899,0.3681248281713025,0.009409684611955293,0.004546888896556365,0.036812482817130246
2,2025-04-22,16.714285714285715,0.341424584187742,0.19905730234677602,2.318662660681781,22.28854597777439,30.657808214649997,306.5780821465,56.697525062656645,0.3988018971855777,0.008146370969564784,0.004749495801468051,0.039880189718557765
2,2025-04-23,17.285714285714285,0.30834187742082475,0.19103725222146273,2.339141682773343,22.314124776613173,30.657808214649997,306.5780821465,55.759680451127814,0.4124361500808111,0.007357019486156533,0.004558137866096354,0.04124361500808111
2,2025-04-24,17.571428571428573,0.3013974329763803,0.18806106174527226,2.3494351258094883,22.154152393780205,30.65780821465,306.5780821465,56.810275689223054,0.41925327652842787,0.007191325440554738,0.004487126132267013,0.041925327652842785
2,2025-04-25,17.857142857142858,0.3126019147690974,0.16789299451838152,2.4676666075795617,22.09911860868785,30.65780821465,306.5780821465,53.51783871443315,0.42607040297604454,0.007458663732618138,0.004005917206552892,0.04260704029760445
2,2025-04-26,17.142857142857142,0.3083054593448224,0.16091125445393464,2.474848370524001,22.130133190321708,30.65780821465,306.5780821465,51.682715191339696,0.4090275868570027,0.0073561505529547285,0.0038393332895998522,0.04090275868570027
2,2025-04-27,18.285714285714285,0.3110395673420883,0.15749361945735227,2.456854792926408,22.198884511688675,30.657808214649997,306.5780821465,51.448265430574146,0.4362960926474696,0.007421386212740535,0.003757788714867595,0.04362960926474695
2,2025-04-28,19.0,0.34205460493607326,0.17065151419419441,2.452882713711618,22.174163793422736,30.657808214649997,306.5780821465,51.32608497944632,0.4533389087665114,0.00816140322843577,0.004071735327586786,0.045333890876651135
2,2025-04-29,19.571428571428573,0.3455511084325767,0.1786435221862024,2.4038599474705995,22.263430431488874,30.657808214649997,306.5780821465,53.502408655770004,0.4669731616617448,0.008244829601046463,0.004262424179268372,0.046697316166174486
2,2025-04-30,18.714285714285715,0.3258865624522413,0.15955734520528858,2.365777910154294,22.2084284992309,30.65780821465,306.5780821465,53.3179089449545,0.44652178231889467,0.007775634663356244,0.003807029092686688,0.04465217823188946
2,2025-05-01,16.857142857142858,0.35604529261097145,0.13574782139576477,2.3337501936359266,22.256836467662648,30.65780821465,306.5780821465,54.036956564002125,0.402210460409386,0.008495220232826898,0.0032389352220519624,0.0402210460409386
2,2025-05-02,16.571428571428573,0.34484081081825435,0.1559158886226555,2.3070418507419634,22.256729783678804,30.65780821465,306.5780821465,56.80558401498251,0.39539333396176934,0.008227881940763498,0.0037201441477660835,0.03953933339617693
2,2025-05-03,16.285714285714285,0.37545305571621357,0.12530364372469635,2.4142551419845053,22.196390372803258,30.657808214649997,306.5780821465,55.93143435511856,0.3885762075141526,0.008958288345865288,0.0029897377426642935,0.03885762075141526
2,2025-05-04,15.0,0.322069597069597,0.10274725274725273,2.396456586926219,22.28152690682179,30.65780821465,306.5780821465,58.48406593406594,0.3578991384998775,0.007684562088547428,0.0024515435494313945,0.03578991384998774
2,2025-05-05,14.428571428571429,0.32564102564102554,0.08131868131868132,2.5031892874347768,22.32977817535703,30.65780821465,306.5780821465,57.09835164835165,0.344264885604644,0.007769776169142638,0.0019402590658601413,0.034426488560464395
2,2025-05-06,13.285714285714286,0.34884004884004877,0.07765567765567764,2.47664042818828,22.406777847708277,30.65780821465,306.5780821465,55.22289377289377,0.31699637981417716,0.008323303530273909,0.0018528600088394142,0.031699637981417714
2,2025-05-07,13.428571428571429,0.3260770975056689,0.08707482993197277,2.533267081324022,22.35335458762236,30.65780821465,306.5780821465,53.91598639455783,0.32040494303798545,0.007780180818787963,0.0020776004411784264,0.032040494303798545
2,2025-05-08,14.142857142857142,0.2546485260770974,0.11564625850340135,2.457579048934732,22.39941731978542,30.657808214649997,306.5780821465,52.75884353741497,0.33744775915702735,0.006075899206883784,0.0027593130859400977,0.03374477591570273
2,2025-05-09,14.142857142857142,0.2356009070294784,0.12517006802721087,2.489010865329031,22.360287825306795,30.657808214649997,306.5780821465,51.42551020408164,0.33744775915702724,0.005621424110376004,0.0029865506341939887,0.03374477591570273
2,2025-05-10,12.714285714285714,0.16417233560090697,0.12517006802721087,2.3274398547436754,22.44342024585736,30.657808214649997,306.5780821465,53.04455782312925,0.3033621269189437,0.003917142498471826,0.0029865506341939887,0.03033621269189437
20,2025-01-01,5.142857142857143,0.3642290249433107,0.12698412698412703,2.2151648894864393,32.14973665795862,39.75731385603334,238.54388313619998,20.0484693877551,0.07578665608344323,0.005367386081747387,0.0018712754588504498,0.012631109347240542
20,2025-01-02,4.571428571428571,0.41819727891156466,0.09523809523809532,2.189137221903391,32.21306290297152,39.75731385603333,238.5438831362,21.581802721088433,0.0673659165186162,0.006162678151758828,0.0014034565941378374,0.011227652753102705
20,2025-01-03,5.428571428571429,0.43407029478458053,0.04761904761904769,2.359354705931086,32.12612005906233,39.75731385603334,238.5438831362,21.75640589569161,0.07999702586585675,0.006396587584115134,0.0007017282970689186,0.013332837644309462
20,2025-01-04,4.714285714285714,0.33883219954648525,0.0,2.507459214706498,32.00179871980655,39.75731385603333,238.54388313620004,22.01831065759637,0.06947110140982296,0.004993130989977297,0.0,0.011578516901637163
20,2025-01-05,5.285714285714286,0.19597505668934243,0.04761904761904769,2.4675218990788674,32.0195637154293,39.75731385603334,238.5438831362,21.899263038548753,0.07789184097464999,0.0028879460987705397,0.0007017282970689186,0.012981973495775
20,2025-01-06,4.428571428571429,0.2852607709750567,0.04761904761904769,2.384327585729548,32.03899793329811,39.75731385603333,238.5438831362,21.73854875283447,0.06526073162740945,0.004203686655774763,0.0007017282970689186,0.010876788604568245
20,2025-01-07,4.571428571428571,0.2852607709750567,0.04761904761904769,2.232068053809338,32.315077457659314,39.75731385603334,238.5438831362,23.52426303854875,0.0673659165186162,0.004203686655774763,0.0007017282970689186,0.011227652753102705
20,2025-01-08,4.142857142857143,0.28015873015873016,0.08333333333333341,2.381280413247265,32.338609808669645,39.757313856033335,238.5438831362,22.422222222222224,0.06105036184499594,0.0041285014810888065,0.0012280245198706078,0.010175060307499326
20,2025-01-09,4.142857142857143,0.22301587301587306,0.11190476190476198,2.3643452255468893,32.350027091007355,39.757313856033335,238.5438831362,22.450793650793653,0.06105036184499594,0.0032864275246061053,0.0016490614981119593,0.010175060307499326
20,2025-01-10,3.5714285714285716,0.26428571428571435,0.14047619047619056,2.3663175729923833,32.42536144673914,39.757313856033335,238.5438831362,22.438095238095237,0.05262962228016892,0.0038945920487325008,0.0020700984763533103,0.008771603713361487
20,2025-01-11,4.285714285714286,0.3595238095238095,0.14047619047619056,2.311020619992084,32.544182219396895,39.757313856033335,238.54388313619998,22.31904761904762,0.06315554673620269,0.005298048642870339,0.0020700984763533103,0.010525924456033784
20,2025-01-12,3.857142857142857,0.4547619047619048,0.09285714285714294,2.22967584031305,32.629977179997624,39.757313856033335,238.5438831362,23.628571428571426,0.05683999206258243,0.006701505237008176,0.0013683701792843916,0.009473332010430406
20,2025-01-13,3.857142857142857,0.38333333333333336,0.09285714285714294,2.42875752006756,32.49365929845824,39.757313856033335,238.5438831362,23.91428571428571,0.05683999206258243,0.005648912791404799,0.0013683701792843916,0.009473332010430406
20,2025-01-14,3.857142857142857,0.4547619047619048,0.09285714285714294,2.519662039470796,32.259156759580335,39.757313856033335,238.5438831362,22.057142857142853,0.05683999206258243,0.006701505237008178,0.0013683701792843916,0.009473332010430406
20,2025-01-15,3.857142857142857,0.41904761904761906,0.09285714285714294,2.3817329601175077,32.12485946440416,39.757313856033335,238.5438831362,21.949999999999996,0.056839992062582424,0.0061752090142064885,0.0013683701792843916,0.009473332010430408
20,2025-01-16,4.0,0.41428571428571426,0.06428571428571436,2.477245588215697,32.02925083859812,39.757313856033335,238.5438831362,20.435714285714283,0.05894517695378919,0.006105036184499596,0.0009473332010430403,0.009824196158964866
20,2025-01-17,3.857142857142857,0.35714285714285715,0.07142857142857151,2.5213547179935802,31.923063766202468,39.757313856033335,238.5438831362,20.464285714285715,0.056839992062582424,0.005262962228016893,0.001052592445603378,0.009473332010430406
20,2025-01-18,3.5714285714285716,0.2976190476190476,0.07142857142857151,2.459175396453126,31.92477115690699,39.757313856033335,238.54388313619998,20.440476190476193,0.05262962228016892,0.0043858018566807445,0.001052592445603378,0.008771603713361487
20,2025-01-19,3.7142857142857144,0.2023809523809524,0.10714285714285722,2.4225786714606703,31.90929109863547,39.757313856033335,238.5438831362,20.035714285714285,0.054734807171375674,0.002982345262542906,0.0015788886684050673,0.009122467861895947
20,2025-01-20,3.857142857142857,0.1785714285714286,0.15476190476190485,2.221414762331448,32.0792257892719,39.757313856033335,238.5438831362,19.845238095238095,0.056839992062582424,0.002631481114008447,0.0022806169654739855,0.009473332010430406
20,2025-01-21,3.857142857142857,0.1785714285714286,0.15476190476190485,2.044305955377886,32.219695441312766,39.757313856033335,238.5438831362,19.63095238095238,0.056839992062582424,0.002631481114008447,0.0022806169654739855,0.009473332010430406
20,2025-01-22,4.571428571428571,0.25793650793650796,0.16666666666666674,2.0453340600121175,32.3536161005915,39.757313856033335,238.5438831362,20.563492063492067,0.0673659165186162,0.0038010282757899787,0.0024560490397412156,0.011227652753102705
20,2025-01-23,4.142857142857143,0.28174603174603174,0.16666666666666674,1.836116369398326,32.44426668540878,39.757313856033335,238.5438831362,21.658730158730158,0.06105036184499594,0.004151892424324438,0.0024560490397412156,0.010175060307499326
20,2025-01-24,4.428571428571429,0.3293650793650794,0.15476190476190485,1.7875683844525478,32.48541599747377,39.757313856033335,238.54388313619998,21.658730158730158,0.06526073162740945,0.004853620721393357,0.0022806169654739855,0.010876788604568243
20,2025-01-25,4.571428571428571,0.3507936507936508,0.1833333333333334,1.7827016755167588,32.568844231227,39.757313856033335,238.5438831362,22.401587301587302,0.0673659165186162,0.005169398455074371,0.0027016539437153373,0.011227652753102705
20,2025-01-26,4.857142857142857,0.4222222222222222,0.1476190476190477,1.8798640094546109,32.59865384875939,39.757313856033335,238.5438831362,21.47301587301587,0.07157628630102972,0.006221990900677749,0.002175357720913648,0.011929381050171621
20,2025-01-27,5.571428571428571,0.37460317460317466,0.13571428571428581,1.9148493406724099,32.5731405559954,39.757313856033335,238.5438831362,21.96706349206349,0.0821022107570635,0.005520262603608829,0.0019999256466464188,0.01368370179284392
20,2025-01-28,5.857142857142857,0.33888888888888896,0.24285714285714294,2.092963335052053,32.521298149830805,39.757313856033335,238.54388313619998,23.07420634920635,0.08631258053947702,0.00499396638080714,0.003578814315051486,0.01438543008991284
20,2025-01-29,5.428571428571429,0.25952380952380955,0.21904761904761913,2.0942759915144884,32.39214880161932,39.757313856033335,238.5438831362,22.153571428571432,0.07999702586585675,0.003824419219025609,0.0032279501665170266,0.013332837644309462
20,2025-01-30,6.0,0.23231292517006805,0.23945578231292527,2.3700447731605583,32.30393527867668,39.75731385603334,238.5438831362,21.058333333333334,0.08841776543068379,0.003423431620700513,0.003528690865260849,0.014736294238447297
20,2025-01-31,5.714285714285714,0.22040816326530616,0.2870748299319729,2.3873052868654248,32.36634672993926,39.75731385603334,238.54388313619998,22.02261904761905,0.08420739564827026,0.003247999546433283,0.004230419162329768,0.014034565941378379
20,2025-02-01,5.857142857142857,0.163265306122449,0.25850340136054434,2.537974371401888,32.32812891531287,39.75731385603334,238.5438831362,21.303571428571427,0.08631258053947702,0.0024059255899505807,0.003809382184088416,0.014385430089912837
20,2025-02-02,6.142857142857143,0.10969387755102043,0.29421768707483004,2.4734244709938613,32.318884742072285,39.75731385603334,238.5438831362,21.75,0.09052295032189053,0.0016164812557480468,0.004335678406890106,0.015087158386981757
20,2025-02-03,6.0,0.13010204081632656,0.31972789115646266,2.540748622864206,32.346845085767754,39.75731385603334,238.5438831362,21.34438775510204,0.08841776543068378,0.001917221954491869,0.004711604280319884,0.014736294238447297
20,2025-02-04,6.428571428571429,0.1760204081632653,0.29421768707483004,2.561738435787991,32.26411616402958,39.75731385603334,238.5438831362,20.9515306122449,0.09473332010430403,0.0025938885266654694,0.004335678406890105,0.015788886684050676
20,2025-02-05,6.714285714285714,0.22959183673469388,0.35969387755102045,2.6074920522887015,32.31452441000387,39.75731385603334,238.5438831362,21.01105442176871,0.09894368988671756,0.0033833328608680025,0.005300554815359868,0.016490614981119596
20,2025-02-06,5.857142857142857,0.20918367346938777,0.3392857142857144,2.655694687775482,32.271946707373765,39.75731385603334,238.5438831362,21.15391156462585,0.086312580539477,0.0030825921621241803,0.004999814116616046,0.014385430089912837
20,2025-02-07,5.857142857142857,0.20918367346938777,0.3392857142857144,2.6967835172556174,32.34287765267536,39.75731385603334,238.5438831362,21.15391156462585,0.08631258053947702,0.0030825921621241803,0.004999814116616047,0.014385430089912837
20,2025-02-08,5.285714285714286,0.20918367346938777,0.3392857142857144,2.464464754988576,32.40642447656255,39.75731385603334,238.5438831362,23.058673469387752,0.07789184097464999,0.0030825921621241803,0.004999814116616047,0.012981973495775002
20,2025-02-09,4.285714285714286,0.19132653061224492,0.3035714285714287,2.474234600141774,32.56534740702153,39.75731385603334,238.5438831362,22.612244897959183,0.0631555467362027,0.002819444050723336,0.004473517893814357,0.010525924456033784
20,2025-02-10,3.857142857142857,0.20663265306122452,0.2423469387755103,2.349319374341968,32.56153287818001,39.75731385603334,238.5438831362,22.464285714285715,0.056839992062582424,0.0030449995747812027,0.00357129579758289,0.009473332010430408
20,2025-02-11,3.857142857142857,0.14540816326530615,0.1607142857142858,2.3174402061369426,32.699951377083785,39.75731385603333,238.5438831362,22.403061224489797,0.05683999206258243,0.0021427774785497357,0.002368333002607601,0.009473332010430408
20,2025-02-12,3.4285714285714284,0.12040816326530615,0.12857142857142867,2.354522976473987,32.71642517966776,39.75731385603334,238.5438831362,23.26734693877551,0.05052443738896216,0.0017743701225885534,0.0018946664020860807,0.008420739564827029
20,2025-02-13,3.857142857142857,0.15612244897959185,0.20000000000000012,2.199292781198659,32.746145911099624,39.75731385603333,238.5438831362,23.01734693877551,0.05683999206258243,0.0023006663453902427,0.002947258847689459,0.009473332010430408
20,2025-02-14,4.0,0.12040816326530615,0.15714285714285725,2.2004455469534396,32.57507746385808,39.75731385603334,238.5438831362,22.053061224489795,0.05894517695378919,0.0017743701225885534,0.002315703380327432,0.009824196158964866
20,2025-02-15,4.857142857142857,0.15612244897959185,0.19285714285714298,2.2959044574047605,32.51204687408245,39.75731385603333,238.5438831362,20.553061224489795,0.07157628630102972,0.0023006663453902427,0.0028419996031291213,0.011929381050171621
20,2025-02-16,5.571428571428571,0.2037414965986395,0.21666666666666676,2.3192818714151757,32.2951236056355,39.75731385603334,238.5438831362,20.57687074829932,0.0821022107570635,0.0030023946424591616,0.0031928637516635805,0.01368370179284392
20,2025-02-17,6.142857142857143,0.23945578231292522,0.2345238095238096,2.3653428226572752,32.31220891595547,39.75731385603333,238.5438831362,20.68401360544218,0.09052295032189052,0.0035286908652608505,0.003456011863064425,0.015087158386981757
20,2025-02-18,5.714285714285714,0.2547619047619048,0.27023809523809533,2.3958621741358606,32.135287866359036,39.757313856033335,238.5438831362,20.173809523809524,0.08420739564827026,0.0037542463893187176,0.003982308085866114,0.014034565941378379
20,2025-02-19,5.571428571428571,0.2976190476190476,0.2845238095238097,2.261928116567259,32.22208308346741,39.757313856033335,238.54388313620004,21.273809523809522,0.0821022107570635,0.004385801856680744,0.00419282657498679,0.01368370179284392
20,2025-02-20,5.714285714285714,0.3190476190476191,0.21309523809523823,2.2490399922705,32.338200007778184,39.757313856033335,238.5438831362,21.266666666666662,0.08420739564827026,0.004701579590361758,0.0031402341293834115,0.01403456594137838
20,2025-02-21,5.857142857142857,0.3666666666666667,0.18452380952380962,2.212461974111878,32.33667347249689,39.757313856033335,238.5438831362,21.24285714285714,0.08631258053947702,0.005403307887430676,0.00271919715114206,0.014385430089912837
20,2025-02-22,5.714285714285714,0.3513605442176871,0.18962585034013615,2.2976870832603944,32.30075525860901,39.75731385603334,238.5438831362,20.834693877551018,0.08420739564827026,0.00517775236337281,0.002794382325828016,0.014034565941378379
20,2025-02-23,5.285714285714286,0.3513605442176871,0.21343537414965996,2.4098281961492867,32.20783821907932,39.75731385603334,238.5438831362,20.95374149659864,0.07789184097464998,0.00517775236337281,0.003145246474362475,0.012981973495775
20,2025-02-24,4.857142857142857,0.3370748299319728,0.2527210884353743,2.347143441344443,32.16530375893472,39.75731385603334,238.5438831362,20.868027210884353,0.07157628630102973,0.004967233874252135,0.0037241723194443334,0.011929381050171621
20,2025-02-25,4.571428571428571,0.3727891156462585,0.21700680272108855,2.226791248757114,32.26847580227494,39.75731385603334,238.5438831362,22.868027210884353,0.0673659165186162,0.005493530097053824,0.003197876096642644,0.011227652753102705
20,2025-02-26,4.857142857142857,0.3489795918367347,0.1693877551020409,2.2598032293184054,32.15019056390306,39.75731385603334,238.54388313619998,20.891836734693875,0.07157628630102972,0.005142665948519364,0.002496147799573725,0.011929381050171623
20,2025-02-27,5.714285714285714,0.31781076066790354,0.2083487940630799,2.238572514367431,32.108016594033025,39.75731385603334,238.5438831362,20.928200371057518,0.08420739564827026,0.0046833528813469815,0.0030702891335392044,0.014034565941378379
20,2025-02-28,5.285714285714286,0.31781076066790354,0.2559678416821275,2.200529005523174,32.18879819206,39.75731385603334,238.5438831362,20.85677179962894,0.07789184097464999,0.0046833528813469815,0.0037720174306081233,0.012981973495775002
20,2025-03-01,5.571428571428571,0.345021645021645,0.24689754689754698,2.180558561069104,32.176976369427955,39.757313856033335,238.54388313619998,21.296681096681095,0.0821022107570635,0.005084340479672078,0.003638354897833091,0.01368370179284392
20,2025-03-02,6.0,0.36883116883116884,0.2230880230880232,1.9119400708069354,32.37286008292831,39.757313856033335,238.5438831362,20.963347763347766,0.08841776543068378,0.005435204628206537,0.0032874907492986315,0.014736294238447299
20,2025-03-03,6.285714285714286,0.3116883116883117,0.20676149247577827,1.972103093635742,32.374405582481735,39.75731385603334,238.5438831362,21.008245722531434,0.09262813521309729,0.0045931306717238345,0.0030468981903035734,0.015438022535516214
20,2025-03-04,6.714285714285714,0.2688311688311688,0.20676149247577827,2.201809307586048,32.28969720238431,39.75731385603334,238.54388313619998,19.093960008245723,0.09894368988671755,0.003961575204361807,0.003046898190303574,0.016490614981119596
20,2025-03-05,7.0,0.2747835497835498,0.23652339723768304,2.2774790658536683,32.302684150446844,39.75731385603334,238.5438831362,19.695150484436198,0.10315405966913108,0.004049291241495422,0.0034854783759716477,0.017192343278188513
20,2025-03-06,6.571428571428571,0.26666666666666666,0.19756235827664406,2.336573594403902,32.243799192679845,39.75731385603334,238.5438831362,19.755215419501134,0.09683850499551082,0.003929678463585947,0.0029113370420061693,0.016139750832585134
20,2025-03-07,6.571428571428571,0.21904761904761907,0.14994331065759647,2.373018717232696,32.09314452025847,39.75731385603334,238.5438831362,19.85045351473923,0.0968385049955108,0.0032279501665170287,0.00220960874493725,0.016139750832585134
20,2025-03-08,6.285714285714286,0.21224489795918372,0.15901360544217696,2.312983747838582,32.19183137756,39.75731385603334,238.5438831362,19.92074829931973,0.09262813521309729,0.003127703266935754,0.002343271277712282,0.015438022535516216
20,2025-03-09,6.142857142857143,0.16938775510204085,0.1637755102040817,2.4892457414207283,32.135804613665336,39.75731385603334,238.5438831362,20.939795918367345,0.09052295032189052,0.0024961477995737273,0.0024134441074191745,0.015087158386981755
20,2025-03-10,6.285714285714286,0.20510204081632658,0.1586734693877552,2.4657853053605914,32.2188940379129,39.75731385603334,238.5438831362,22.409183673469386,0.09262813521309729,0.003022444022375416,0.0023382589327332185,0.015438022535516214
20,2025-03-11,6.428571428571429,0.176530612244898,0.1586734693877552,2.255830179618984,32.307561318459996,39.75731385603334,238.54388313619998,22.99013605442177,0.09473332010430405,0.002601407044134065,0.0023382589327332185,0.015788886684050676
20,2025-03-12,5.857142857142857,0.15867346938775514,0.17653061224489805,2.1856920860846523,32.3613283837728,39.75731385603334,238.5438831362,23.329421768707483,0.08631258053947702,0.0023382589327332203,0.0026014070441340636,0.014385430089912837
20,2025-03-13,5.142857142857143,0.18843537414965988,0.17653061224489805,2.20840413291032,32.47340092215843,39.75731385603334,238.5438831362,24.632993197278914,0.07578665608344323,0.0027768391184012945,0.0026014070441340636,0.012631109347240542
20,2025-03-14,5.0,0.18843537414965988,0.17653061224489805,2.0633631567932755,32.674638134409676,39.75731385603334,238.5438831362,24.49013605442177,0.07368147119223648,0.0027768391184012945,0.0026014070441340636,0.012280245198706083
20,2025-03-15,5.142857142857143,0.21904761904761907,0.13571428571428581,1.9955645368692474,32.60438517783229,39.757313856033335,238.5438831362,24.83452380952381,0.07578665608344323,0.0032279501665170283,0.0019999256466464183,0.012631109347240542
20,2025-03-16,5.0,0.2976190476190476,0.14285714285714296,1.739948371743805,32.58624077296866,39.757313856033335,238.5438831362,23.7202380952381,0.07368147119223648,0.004385801856680744,0.0021051848912067564,0.012280245198706083
20,2025-03-17,4.285714285714286,0.35714285714285715,0.15476190476190485,1.5886722723471514,32.553116671773125,39.757313856033335,238.5438831362,22.101190476190478,0.06315554673620269,0.005262962228016893,0.0022806169654739855,0.010525924456033786
20,2025-03-18,4.571428571428571,0.4107142857142857,0.1726190476190477,1.6422036320860272,32.56862160453637,39.757313856033335,238.54388313619998,21.416666666666664,0.06736591651861622,0.006052406562219426,0.00254376507687483,0.011227652753102705
20,2025-03-19,5.0,0.375,0.16241496598639465,1.7441469430879877,32.49765691829791,39.75731385603333,238.5438831362,20.585034013605444,0.07368147119223648,0.005526110339417737,0.002393394727502919,0.012280245198706083
20,2025-03-20,5.714285714285714,0.3273809523809524,0.1802721088435375,1.6709634978366885,32.39166424514131,39.75731385603334,238.5438831362,19.710034013605444,0.08420739564827026,0.004824382042348819,0.0026565428389037637,0.014034565941378379
20,2025-03-21,5.857142857142857,0.3273809523809524,0.22789115646258512,1.8797011767825293,32.24898784585464,39.75731385603333,238.5438831362,19.90051020408163,0.086312580539477,0.004824382042348819,0.0033582711359726827,0.014385430089912837
20,2025-03-22,5.571428571428571,0.32738095238095244,0.22789115646258512,2.006353309584422,32.22702760700874,39.75731385603334,238.5438831362,19.76360544217687,0.0821022107570635,0.004824382042348819,0.0033582711359726827,0.01368370179284392
20,2025-03-23,5.571428571428571,0.255952380952381,0.22789115646258512,2.1850716175808897,32.22153957768232,39.75731385603333,238.5438831362,19.906462585034014,0.0821022107570635,0.00377178959674544,0.0033582711359726827,0.01368370179284392
20,2025-03-24,5.857142857142857,0.16071428571428578,0.18027210884353753,2.40996277177302,32.13779714411197,39.75731385603334,238.5438831362,20.096938775510207,0.08631258053947702,0.0023683330026076027,0.0026565428389037637,0.01438543008991284
20,2025-03-25,5.714285714285714,0.1275510204081633,0.20323129251700692,2.381317581034075,32.076332993677575,39.75731385603334,238.54388313619998,19.992346938775512,0.08420739564827026,0.0018796293671488912,0.002994876124990564,0.014034565941378379
20,2025-03-26,5.857142857142857,0.163265306122449,0.1598639455782314,2.319288154312001,32.04354122643811,39.75731385603334,238.5438831362,19.98469387755102,0.08631258053947702,0.0024059255899505803,0.002355802140159941,0.01438543008991284
20,2025-03-27,5.285714285714286,0.163265306122449,0.14200680272108854,2.353941292362528,32.10638772857359,39.75731385603334,238.5438831362,19.538265306122447,0.07789184097464999,0.0024059255899505803,0.002092654028759097,0.012981973495775002
20,2025-03-28,5.714285714285714,0.2108843537414966,0.11819727891156473,2.223572926639789,32.17023901053001,39.75731385603334,238.5438831362,19.443027210884356,0.08420739564827028,0.0031076538870194992,0.0017417898802246374,0.014034565941378379
20,2025-03-29,5.571428571428571,0.2251700680272109,0.17534013605442184,2.1851893185532236,32.237976134433374,39.75731385603334,238.5438831362,19.44778911564626,0.0821022107570635,0.003318172376140175,0.00258386383670734,0.01368370179284392
20,2025-03-30,5.428571428571429,0.1894557823129252,0.13962585034013614,2.203322651308678,32.22401457082322,39.75731385603334,238.5438831362,19.543027210884354,0.07999702586585675,0.0027918761533384856,0.0020575676139056513,0.013332837644309462
20,2025-03-31,5.714285714285714,0.2302721088435374,0.20085034013605454,2.063078854565023,32.33519530977714,39.75731385603334,238.5438831362,20.012414965986398,0.08420739564827028,0.0033933575508261304,0.002959789710137118,0.01403456594137838
20,2025-04-01,5.428571428571429,0.2384353741496599,0.18860544217687084,2.1144938144860315,32.34074527532689,39.75731385603334,238.54388313619998,20.99200680272109,0.07999702586585675,0.003513653830323659,0.0027793452908908244,0.013332837644309462
20,2025-04-02,5.0,0.23129251700680276,0.2564625850340137,2.0783867179683773,32.40169581890931,39.75731385603334,238.5438831362,20.881292517006806,0.07368147119223648,0.003408394585763322,0.003779308114214034,0.012280245198706083
20,2025-04-03,4.857142857142857,0.27891156462585037,0.30408163265306126,1.9393915860218167,32.37360164791958,39.75731385603334,238.5438831362,20.774149659863948,0.07157628630102973,0.00411012288283224,0.004481036411282953,0.011929381050171621
20,2025-04-04,5.285714285714286,0.2471655328798186,0.29614512471655335,1.8503691738921713,32.397352887582365,39.75731385603334,238.54388313619998,20.67891156462585,0.07789184097464998,0.0036423040181196285,0.0043640816951048,0.012981973495775
20,2025-04-05,5.285714285714286,0.19002267573696147,0.26757369614512483,1.9533051460662192,32.3118583405098,39.75731385603334,238.5438831362,19.93605442176871,0.07789184097464999,0.002800230061636925,0.0039430447168634485,0.012981973495775
20,2025-04-06,6.0,0.20787981859410434,0.26757369614512483,1.9656755918207602,32.36984995330824,39.75731385603334,238.5438831362,20.483673469387753,0.08841776543068378,0.00306337817303777,0.0039430447168634485,0.014736294238447297
20,2025-04-07,5.285714285714286,0.23849206349206353,0.27777777777777785,2.0201753824868445,32.24948990221073,39.757313856033335,238.5438831362,19.87142857142857,0.07789184097464998,0.0035144892211535035,0.00409341506623536,0.012981973495775
20,2025-04-08,5.0,0.25753968253968257,0.29682539682539694,2.00205390816865,32.185959179725316,39.757313856033335,238.54388313619998,18.96666666666667,0.07368147119223648,0.003795180539981071,0.004374106385062927,0.012280245198706083
20,2025-04-09,5.142857142857143,0.228968253968254,0.2111111111111112,1.9908408353266327,32.154968073674006,39.757313856033335,238.5438831362,19.61904761904762,0.07578665608344323,0.0033741435617397194,0.003110995450338873,0.012631109347240543
20,2025-04-10,6.142857142857143,0.19563492063492066,0.16349206349206358,2.0624300648434715,32.11267826736822,39.757313856033335,238.5438831362,20.11904761904762,0.09052295032189053,0.0028829337537914766,0.0024092671532699545,0.015087158386981757
20,2025-04-11,5.857142857142857,0.22057823129251705,0.14761904761904773,2.147346307294141,32.13157775291272,39.75731385603334,238.54388313619998,20.75170068027211,0.08631258053947702,0.003250505718922815,0.002175357720913648,0.014385430089912837
20,2025-04-12,8.285714285714286,0.21148732220160796,0.13203463203463212,1.9697085381196915,32.196268415515405,39.75731385603334,238.5438831362,20.920531849103277,0.12210072368999189,0.003116539407664203,0.0019457011873274567,0.020350120614998652
20,2025-04-13,10.0,0.21505875077303652,0.1463203463203464,1.963346253900445,32.17464898150915,39.75731385603334,238.5438831362,20.456246134817565,0.14736294238447295,0.003169169029944372,0.0021562196764481323,0.02456049039741216
20,2025-04-14,10.571428571428571,0.1674397031539889,0.0987012987012988,2.0083500000373964,32.204821942985774,39.75731385603334,238.5438831362,20.599103277674708,0.15578368194929998,0.002467440732875453,0.0014544913793792132,0.025963946991549997
20,2025-04-15,11.142857142857142,0.11982065553494128,0.05108225108225119,1.9998501397378177,32.30116527181142,39.75731385603334,238.5438831362,20.646722325293755,0.164204421514127,0.0017657124358065343,0.0007527630823102946,0.027367403585687837
20,2025-04-16,12.428571428571429,0.13886827458256032,0.06060606060606071,2.0305662979857138,32.384787236955226,39.75731385603334,238.5438831362,20.81338899196042,0.18315108553498782,0.0020464037546341018,0.0008931087417240783,0.030525180922497973
20,2025-04-17,11.857142857142858,0.14839208410636986,0.10822510822510832,2.0426890714818144,32.39250766486235,39.75731385603334,238.5438831362,21.051484230055657,0.1747303459701608,0.0021867494140478854,0.0015948370387929972,0.029121724328360132
20,2025-04-18,11.571428571428571,0.16471861471861476,0.1367965367965369,1.947776339677706,32.28018400572237,39.75731385603333,238.54388313619998,20.36168831168831,0.1705199761877473,0.0024273419730429435,0.0020158740170343483,0.028419996031291216
20,2025-04-19,9.428571428571429,0.1656462585034014,0.18503401360544228,1.9832070625241696,32.23612489767992,39.75731385603334,238.5438831362,20.111224489795916,0.13894220281964592,0.0024410120048040268,0.002726715668610656,0.023157033803274323
20,2025-04-20,7.0,0.23945578231292522,0.170748299319728,2.0993940378820644,32.242946061534155,39.75731385603334,238.5438831362,20.12312925170068,0.10315405966913106,0.0035286908652608505,0.00251619717948998,0.017192343278188513
20,2025-04-21,7.0,0.2156462585034014,0.170748299319728,2.058668052254061,32.212770314785196,39.75731385603334,238.54388313619998,20.07551020408163,0.10315405966913106,0.0031778267167263913,0.00251619717948998,0.017192343278188516
20,2025-04-22,7.285714285714286,0.24739229024943316,0.20249433106575973,2.0283829272647136,32.24618469452919,39.75731385603334,238.5438831362,19.980272108843536,0.10736442945154458,0.0036456455814390036,0.002984016044202593,0.017894071575257433
20,2025-04-23,6.0,0.2759637188208617,0.21678004535147405,2.0298521823530016,32.19031114960337,39.75731385603334,238.5438831362,19.146938775510204,0.08841776543068378,0.004066682559680354,0.003194534533323269,0.014736294238447299
20,2025-04-24,6.0,0.2997732426303855,0.21678004535147402,2.0243277903319616,32.29557372955802,39.75731385603334,238.54388313619998,18.408843537414963,0.08841776543068376,0.0044175467082148145,0.0031945345333232685,0.014736294238447297
20,2025-04-25,6.285714285714286,0.2630385487528345,0.20861678004535156,2.1480510468208567,32.33454046333385,39.75731385603334,238.5438831362,19.139455782312925,0.09262813521309729,0.0038762134504759338,0.0030742382538257395,0.015438022535516216
20,2025-04-26,5.428571428571429,0.24263038548752838,0.1473922902494332,2.034843150278384,32.263933208243685,39.75731385603334,238.5438831362,18.93537414965986,0.07999702586585675,0.003575472751732111,0.0021720161575942724,0.013332837644309462
20,2025-04-27,5.857142857142857,0.19501133786848077,0.19501133786848082,1.9585187327611127,32.23404393735682,39.75731385603334,238.54388313619998,18.887755102040817,0.08631258053947702,0.002873744454663193,0.0028737444546631913,0.014385430089912837
20,2025-04-28,6.142857142857143,0.23072562358276644,0.171201814058957,1.9896418910547118,32.258636556848636,39.75731385603334,238.5438831362,19.399659863945576,0.09052295032189053,0.003400040677464882,0.0025228803061287317,0.015087158386981757
20,2025-04-29,5.571428571428571,0.25612244897959185,0.16802721088435385,1.8884758581335535,32.22783838187496,39.75731385603334,238.5438831362,19.352040816326532,0.0821022107570635,0.003774295769234972,0.0024760984196574706,0.01368370179284392
20,2025-04-30,6.142857142857143,0.22278911564625853,0.14421768707483001,1.9289053942144765,32.16841814723549,39.75731385603334,238.5438831362,19.437755102040818,0.09052295032189053,0.0032830859612867293,0.0021252342711230113,0.015087158386981757
20,2025-05-01,5.857142857142857,0.2108843537414966,0.09659863945578241,1.9437028620464876,32.130782811068286,39.75731385603334,238.54388313620004,20.473469387755102,0.08631258053947702,0.003107653887019499,0.0014235059740540924,0.01438543008991284
20,2025-05-02,5.571428571428571,0.21904761904761907,0.0761904761904763,1.8952616275193748,32.157414535456105,39.757313856033335,238.5438831362,20.714285714285715,0.0821022107570635,0.0032279501665170287,0.00112276527531027,0.01368370179284392
20,2025-05-03,5.714285714285714,0.21904761904761907,0.0761904761904763,1.9524589987244811,32.174619973681835,39.757313856033335,238.5438831362,20.928571428571427,0.08420739564827026,0.0032279501665170287,0.00112276527531027,0.014034565941378379
20,2025-05-04,5.571428571428571,0.17142857142857146,0.028571428571428675,1.9742031521269239,32.16107187517455,39.757313856033335,238.5438831362,20.928571428571427,0.0821022107570635,0.0025262218694481094,0.0004210369782413511,0.01368370179284392
20,2025-05-05,5.0,0.20714285714285716,0.028571428571428675,2.0381723544267394,32.17134415176365,39.757313856033335,238.5438831362,20.428571428571427,0.07368147119223648,0.0030525180922497982,0.0004210369782413511,0.01228024519870608
20,2025-05-06,5.428571428571429,0.18571428571428575,0.0,2.1236180382076193,32.11338397035387,39.757313856033335,238.5438831362,21.0,0.07999702586585675,0.002736740358568785,0.0,0.013332837644309462
20,2025-05-07,4.714285714285714,0.17142857142857146,0.028571428571428675,2.035371038009135,32.22166734636662,39.757313856033335,238.5438831362,20.900000000000002,0.06947110140982296,0.0025262218694481094,0.0004210369782413511,0.011578516901637165
20,2025-05-08,4.428571428571429,0.2785714285714286,0.028571428571428675,2.1947256803197837,32.170632651592214,39.757313856033335,238.5438831362,20.07857142857143,0.06526073162740945,0.004105110537853176,0.0004210369782413511,0.010876788604568243
20,2025-05-09,4.428571428571429,0.2785714285714286,0.1142857142857144,2.278587726187332,32.217790085832696,39.757313856033335,238.5438831362,19.25,0.06526073162740945,0.004105110537853176,0.001684147912965405,0.010876788604568245
22,2025-01-01,9.714285714285714,0.4316353814252974,0.205257557568482,2.844136416181378,32.668204581348604,48.7635184928625,390.1081479429,41.75752482811306,0.09593392857488003,0.004262637425945869,0.002027031574567699,0.011991741071860004
22,2025-01-02,10.285714285714286,0.4538576036475196,0.19255914487006928,2.7876544518299253,32.88235211828139,48.7635184928625,390.1081479429,40.3987946693829,0.10157710084399063,0.004482094125300169,0.0019016277463652412,0.012697137605498829
22,2025-01-03,10.428571428571429,0.46814331793323394,0.18303533534625974,2.8781518776379467,32.56778940862738,48.7635184928625,390.1081479429,39.10355657414481,0.10298789391126828,0.004623173432027935,0.001807574875213398,0.012873486738908535
22,2025-01-04,10.571428571428571,0.4443337941237101,0.18105120836213276,3.0538715955013687,32.34418154808878,48.7635184928625,390.1081479429,39.62339784398608,0.10439868697854593,0.004388041254148327,0.0017879805270567641,0.013049835872318241
22,2025-01-05,10.285714285714286,0.4645358143257304,0.15796318527410966,2.9261265827823073,32.39763494039818,48.7635184928625,390.1081479429,39.30882352941176,0.10157710084399063,0.0045875473444704174,0.0015599735666886594,0.012697137605498829
22,2025-01-06,9.714285714285714,0.4706582633053222,0.17633053221288517,2.8896225647658027,32.489293646477265,48.7635184928625,390.1081479429,39.08025210084033,0.09593392857488003,0.004648009904496603,0.0017413612467672142,0.011991741071860004
22,2025-01-07,9.142857142857142,0.5242296918767507,0.17633053221288517,2.9926515142158725,32.438790027663295,48.7635184928625,390.1081479429,38.54453781512605,0.09029075630576945,0.005177057304725721,0.0017413612467672144,0.011286344538221181
22,2025-01-08,7.714285714285714,0.5146258503401361,0.24115646258503404,2.961092479859054,32.53697237376305,48.7635184928625,390.1081479429,38.38367346938775,0.07618282563299297,0.005082214073312098,0.0023815530588091717,0.009522853204124122
22,2025-01-09,8.285714285714286,0.4572387929530786,0.2692394906680621,2.927015928455543,32.47297284697786,48.7635184928625,390.1081479429,40.1248212105355,0.08182599790210356,0.004515485234320222,0.002658888448103069,0.010228249737762945
22,2025-01-10,8.142857142857142,0.41438165009593586,0.2501918716204431,2.8703146610116095,32.55836697809426,48.7635184928625,390.1081479429,42.56291644863074,0.08041520483482592,0.004092247314136928,0.002470782705799382,0.01005190060435324
22,2025-01-11,7.571428571428571,0.39533403104831677,0.3486045700331415,2.846146078436235,32.5030434962072,48.7635184928625,390.1081479429,42.035932321646605,0.07477203256571532,0.003904141571833241,0.003442662374368428,0.009346504070714415
22,2025-01-12,7.428571428571429,0.31993720565149136,0.3327315541601257,2.9315835679768725,32.3442793752598,48.7635184928625,390.1081479429,42.90894819466248,0.07336123949843767,0.0031595563418811497,0.003285907589115356,0.00917015493730471
22,2025-01-13,7.142857142857143,0.3520800627943485,0.3398744113029828,2.8747443183653636,32.32536262959846,48.7635184928625,390.1081479429,43.10180533751962,0.07053965336388239,0.00347698478201862,0.0033564472424792388,0.008817456670485299
22,2025-01-14,7.571428571428571,0.2653453689167975,0.34497645211930933,2.881496043660569,32.32488034053815,48.7635184928625,390.1081479429,43.918131868131866,0.07477203256571532,0.0026204318483143345,0.003406832709167726,0.009346504070714415
22,2025-01-15,7.714285714285714,0.26024332810047096,0.370486656200942,2.9528117156303115,32.20520053095894,48.7635184928625,390.1081479429,45.020172684458394,0.07618282563299297,0.0025700463816258463,0.0036587600426101633,0.009522853204124122
22,2025-01-16,7.0,0.29183673469387755,0.36224489795918374,2.9472282913206387,32.25290027850163,48.7635184928625,390.1081479429,42.652040816326526,0.06912886029660474,0.0028820486945814803,0.0035773681348826064,0.008641107537075593
22,2025-01-17,7.571428571428571,0.27913832199546484,0.3495464852607711,3.0384279039990614,32.13914026379089,48.7635184928625,390.1081479429,43.3250566893424,0.07477203256571532,0.0027566448663790227,0.003451964306680149,0.009346504070714415
22,2025-01-18,7.571428571428571,0.3077097505668934,0.2352607709750567,3.050203181634128,32.16051023807939,48.7635184928625,390.1081479429,44.58219954648526,0.07477203256571532,0.003038803479834553,0.0023233298528580306,0.009346504070714415
22,2025-01-19,7.142857142857143,0.3577097505668934,0.2638321995464853,2.95940968265489,32.291796538634394,48.7635184928625,390.1081479429,42.95362811791383,0.07053965336388238,0.0035325810533817286,0.0026054884663135602,0.008817456670485297
22,2025-01-20,6.571428571428571,0.37556689342403626,0.22811791383219956,2.9947325081028007,32.38910319736073,48.7635184928625,390.1081479429,42.417913832199545,0.0648964810947718,0.003708930186791435,0.0022527901994941484,0.008112060136846474
22,2025-01-21,6.714285714285714,0.42658730158730157,0.2408730158730159,2.759556254073152,32.67200930722423,48.7635184928625,390.1081479429,40.708730158730155,0.06630727416204944,0.004212784853676309,0.002378753866215367,0.00828840927025618
22,2025-01-22,6.714285714285714,0.4444444444444445,0.15158730158730163,2.8001255530373386,32.64897980512284,48.7635184928625,390.1081479429,39.99444444444445,0.06630727416204944,0.004389133987086015,0.0014970081991668373,0.00828840927025618
22,2025-01-23,6.714285714285714,0.4444444444444445,0.15158730158730163,2.8627209037019887,32.53785620919552,48.7635184928625,390.1081479429,39.99444444444445,0.06630727416204944,0.004389133987086015,0.0014970081991668373,0.00828840927025618
22,2025-01-24,8.0,0.4444444444444445,0.1674603174603175,2.682447178711881,32.80059622736668,48.7635184928625,390.1081479429,37.88333333333333,0.07900441176754827,0.004389133987086015,0.0016537629844199093,0.009875551470943534
22,2025-01-25,9.571428571428571,0.43194444444444446,0.17638888888888893,2.6856641739229867,32.85910910560652,48.7635184928625,390.1081479429,36.38333333333333,0.09452313550760238,0.004265689593699221,0.0017419375511247622,0.011815391938450298
22,2025-01-26,9.571428571428571,0.43194444444444446,0.20496031746031748,2.617432884228401,32.86272172295883,48.7635184928625,390.1081479429,36.49761904761905,0.0945231355076024,0.004265689593699221,0.002024096164580292,0.0118153919384503
22,2025-01-27,11.285714285714286,0.34265873015873016,0.2406746031746032,2.627011102213877,32.77065034238014,48.7635184928625,390.1081479429,36.71190476190476,0.11145265231493418,0.003383943926650691,0.0023767944313997035,0.013931581539366772
22,2025-01-28,11.714285714285714,0.3491522366522366,0.2260642135642136,2.813150664902124,32.51173287196699,48.7635184928625,390.1081479429,38.35800865800866,0.11568503151676711,0.00344807088425422,0.0022325087767917627,0.014460628939595889
22,2025-01-29,12.285714285714286,0.34319985569985567,0.22011183261183262,2.9034487483870666,32.40777605110381,48.763518492862495,390.10814794289996,38.66753246753247,0.1213282037858777,0.0033892878397843184,0.0021737257323218603,0.015166025473234713
22,2025-01-30,12.857142857142858,0.33724747474747474,0.22011183261183262,2.8715478691660583,32.45236064547574,48.7635184928625,390.1081479429,40.71515151515151,0.1269713760549883,0.0033305047953144165,0.0021737257323218603,0.015871422006873536
22,2025-01-31,10.857142857142858,0.32137445887445887,0.22408008658008663,2.8701982777193917,32.339419705638385,48.7635184928625,390.1081479429,41.45324675324675,0.10722027311310123,0.003173750010061344,0.002212914428635128,0.013402534139137653
22,2025-02-01,10.142857142857142,0.31569264069264064,0.2281385281385282,2.8696140442898934,32.27408115331526,48.7635184928625,390.1081479429,43.13506493506493,0.10016630777671298,0.003117638922158256,0.0022529937771373345,0.012520788472089123
22,2025-02-02,11.0,0.2819264069264069,0.196969696969697,3.094267593282278,32.07895424438159,48.7635184928625,390.1081479429,43.64935064935065,0.10863106618037888,0.0027841787426199026,0.001945184380640393,0.01357888327254736
22,2025-02-03,10.0,0.3116883116883117,0.2088744588744589,3.2258970389928874,31.944992703424116,48.7635184928625,390.1081479429,44.67316017316018,0.09875551470943535,0.003078093964969413,0.0020627504695801967,0.012344439338679418
22,2025-02-04,9.857142857142858,0.23376623376623376,0.21277056277056278,3.1506336477573345,32.015036934475866,48.7635184928625,390.1081479429,42.86277056277056,0.0973447216421577,0.0023085704737270596,0.0021012266441423144,0.012168090205269712
22,2025-02-05,9.428571428571429,0.26551226551226553,0.23261183261183266,2.994983611649848,32.2992635617875,48.7635184928625,390.1081479429,41.87070707070707,0.09311234244032475,0.002622080044233203,0.002297170125708655,0.011639042805040594
22,2025-02-06,8.857142857142858,0.23575036075036074,0.19689754689754693,2.9052419232516313,32.418782932575944,48.7635184928625,390.1081479429,40.715945165945165,0.08746917017121415,0.0023281648218836937,0.0019444718588892426,0.010933646271401769
22,2025-02-07,9.714285714285714,0.2786075036075036,0.16118326118326123,2.7727045102957293,32.65757977509427,48.7635184928625,390.1081479429,39.70165945165945,0.09593392857488003,0.002751402742066988,0.0015917735920698308,0.011991741071860004
22,2025-02-08,9.857142857142858,0.2872655122655122,0.20772005772005775,2.7148670659439538,32.75088802135812,48.7635184928625,390.1081479429,38.28174603174603,0.09734472164215768,0.002836905352205027,0.002051350121561792,0.01216809020526971
22,2025-02-09,9.285714285714286,0.29654195011337864,0.24297052154195015,2.6752451827605412,32.72568511019013,48.763518492862495,390.10814794289996,38.40419501133787,0.09170154937304709,0.0029285152916386403,0.0023994678914095228,0.011462693671630886
22,2025-02-10,10.0,0.26933106575963717,0.23616780045351476,2.620989742809876,32.73559410812177,48.7635184928625,390.1081479429,37.96201814058957,0.09875551470943533,0.0026597928026333745,0.0023322872691582063,0.012344439338679417
22,2025-02-11,10.285714285714286,0.3050453514739229,0.2171201814058957,2.7551886852911047,32.556488636441244,48.7635184928625,390.1081479429,40.11439909297052,0.10157710084399063,0.0030124910694527864,0.00214418152685452,0.012697137605498829
22,2025-02-12,9.428571428571429,0.3209183673469388,0.23299319727891157,2.8563646624452343,32.22977541485936,48.76351849286251,390.1081479429001,41.320748299319725,0.09311234244032475,0.0031692458547058584,0.0023009363121075923,0.011639042805040594
22,2025-02-13,9.285714285714286,0.4051020408163265,0.23299319727891157,2.891923407853525,32.24444908277849,48.7635184928625,390.1081479429,41.62176870748299,0.0917015493730471,0.004000606055065901,0.0023009363121075923,0.011462693671630888
22,2025-02-14,9.0,0.4336734693877551,0.23299319727891157,3.151319572818126,31.85535513135188,48.7635184928625,390.1081479429,41.35034013605442,0.08887996323849182,0.004282764668521431,0.0023009363121075923,0.011109995404811477
22,2025-02-15,8.428571428571429,0.40391156462585037,0.19132653061224492,3.1733468682215826,31.885747164707244,48.7635184928625,390.1081479429,41.15986394557823,0.08323679096938122,0.003988849446171921,0.0018894550008182781,0.010404598871172652
22,2025-02-16,8.428571428571429,0.40391156462585037,0.15051020408163268,3.1064043793340175,31.998077828582502,48.76351849286251,390.1081479429001,41.15986394557823,0.08323679096938122,0.003988849446171921,0.0014863712673103787,0.010404598871172652
22,2025-02-17,7.714285714285714,0.46286848072562353,0.14143990929705216,3.019659493763565,32.20680651658373,48.7635184928625,390.1081479429,39.06235827664399,0.07618282563299297,0.0045710815056833306,0.0013967971043086236,0.009522853204124122
22,2025-02-18,6.428571428571429,0.42715419501133783,0.16524943310657597,2.9519321612999496,32.23396884885721,48.7635184928625,390.1081479429,38.25283446712018,0.06348568802749414,0.004218383238863919,0.0016319292821882314,0.007935711003436768
22,2025-02-19,7.428571428571429,0.3747732426303855,0.13191609977324265,2.8552772048201374,32.520613601053256,48.7635184928625,390.1081479429,37.557596371882084,0.07336123949843767,0.0037010924475287814,0.0013027442331567803,0.00917015493730471
22,2025-02-20,6.571428571428571,0.2727324263038549,0.13191609977324265,3.1774673804806226,32.00968636585206,48.7635184928625,390.1081479429,42.57800453514739,0.0648964810947718,0.002693383113759033,0.0013027442331567801,0.008112060136846474
22,2025-02-21,6.857142857142857,0.25844671201814057,0.14620181405895694,3.1017099163164485,32.337894082887786,48.7635184928625,390.1081479429,43.4780045351474,0.06771806722932709,0.002552303807031268,0.001443823539884545,0.008464758403665886
22,2025-02-22,6.857142857142857,0.2941609977324263,0.16405895691609979,3.1336179234790085,32.1977173117325,48.7635184928625,390.1081479429,43.40657596371882,0.06771806722932709,0.00290500207385068,0.0016201726732942509,0.008464758403665886
22,2025-02-23,7.142857142857143,0.28055555555555556,0.15952380952380957,3.189454226828034,32.179744455667176,48.7635184928625,390.1081479429,43.69682539682539,0.07053965336388239,0.002770640829348047,0.0015753855917933733,0.008817456670485299
22,2025-02-24,7.0,0.2369047619047619,0.18134920634920637,3.084301351376779,32.227338344039765,48.7635184928625,390.1081479429,44.034126984126985,0.06912886029660473,0.002339565169902099,0.0017909234215163475,0.008641107537075591
22,2025-02-25,7.857142857142857,0.2845238095238095,0.16547619047619053,3.1359450958876995,32.25211059356402,48.7635184928625,390.1081479429,43.01825396825397,0.07759361870027062,0.002809829525661315,0.0016341686362632752,0.009699202337533828
22,2025-02-26,7.714285714285714,0.2575396825396825,0.16706349206349208,3.2555870393333852,32.01078965781749,48.7635184928625,390.1081479429,44.792857142857144,0.07618282563299297,0.0025433463907310926,0.0016498441147885824,0.009522853204124122
22,2025-02-27,8.714285714285714,0.27539682539682536,0.18492063492063493,2.8687468261657294,32.64742055244416,48.7635184928625,390.1081479429,38.4,0.0860583771039365,0.0027196955241407987,0.0018261932481982886,0.010757297137992063
22,2025-02-28,8.428571428571429,0.2718253968253968,0.17063492063492067,2.82876593403848,32.53660779987213,48.7635184928625,390.1081479429,37.535714285714285,0.08323679096938122,0.002684425697458858,0.0016851139414705235,0.010404598871172652
22,2025-03-01,8.428571428571429,0.3075396825396825,0.15277777777777782,2.7345453508890794,32.60480719366662,48.7635184928625,390.1081479429,37.92857142857143,0.08323679096938122,0.0030371239642782697,0.0015087648080608178,0.010404598871172652
22,2025-03-02,8.571428571428571,0.33134920634920634,0.16547619047619053,2.575888679102428,32.80507013788762,48.7635184928625,390.1081479429,36.48730158730159,0.08464758403665885,0.0032722561421578773,0.0016341686362632752,0.010580948004582357
22,2025-03-03,9.142857142857142,0.36706349206349204,0.11190476190476194,2.8022366028727803,32.47211664171787,48.763518492862495,390.10814794289996,38.23730158730159,0.09029075630576945,0.003624954408977289,0.0011051212360341574,0.011286344538221181
22,2025-03-04,9.0,0.3373015873015873,0.1158730158730159,2.769644751774757,32.488541719981036,48.7635184928625,390.1081479429,40.324603174603176,0.08887996323849182,0.0033310391866277793,0.0011443099323474252,0.011109995404811477
22,2025-03-05,8.428571428571429,0.3785714285714286,0.15714285714285717,2.62047837123364,32.79770225487025,48.7635184928625,390.1081479429,37.892857142857146,0.08323679096938122,0.003738601628285767,0.0015518723740054125,0.010404598871172652
22,2025-03-06,9.0,0.4321428571428572,0.15119047619047624,2.8208518866488594,32.425210888791874,48.7635184928625,390.1081479429,40.42857142857143,0.0888799632384918,0.004267649028514884,0.0014930893295355106,0.011109995404811475
22,2025-03-07,8.571428571428571,0.4642857142857143,0.1797619047619048,2.8905104417708887,32.25051000266065,48.7635184928625,390.1081479429,40.721428571428575,0.08464758403665887,0.0045850774686523555,0.00177524794299104,0.010580948004582359
22,2025-03-08,8.571428571428571,0.48214285714285715,0.19761904761904764,2.9153823849346705,32.23859688108116,48.7635184928625,390.1081479429,40.57857142857143,0.08464758403665887,0.004761426602062061,0.0019515970764007458,0.010580948004582359
22,2025-03-09,8.285714285714286,0.48214285714285715,0.20476190476190478,3.0749768804894053,32.09855323082776,48.7635184928625,390.1081479429,42.285714285714285,0.08182599790210356,0.004761426602062061,0.0020221367297646284,0.010228249737762945
22,2025-03-10,8.285714285714286,0.4702380952380953,0.26428571428571435,3.0951775166100712,32.15336684605277,48.76351849286251,390.1081479429001,42.452380952380956,0.08182599790210356,0.004643860513122257,0.0026099671744636483,0.010228249737762945
22,2025-03-11,8.571428571428571,0.5095238095238096,0.28571428571428575,3.004343941347429,32.33186221987712,48.7635184928625,390.1081479429,41.2952380952381,0.08464758403665885,0.005031828606623609,0.0028215861345552954,0.010580948004582357
22,2025-03-12,8.428571428571429,0.5238095238095238,0.3000000000000001,3.2441366882377523,31.939749042723445,48.7635184928625,390.1081479429,44.195238095238096,0.0832367909693812,0.0051729079133513755,0.0029626654412830597,0.01040459887117265
22,2025-03-13,8.0,0.5,0.2880952380952381,3.0850035072800535,32.212800143886525,48.7635184928625,390.1081479429,42.528571428571425,0.07900441176754827,0.004937775735471767,0.0028450993523432564,0.009875551470943534
22,2025-03-14,8.285714285714286,0.43469387755102046,0.3003401360544218,3.023703911554159,32.31932518137389,48.763518492862495,390.10814794289996,41.271428571428565,0.08182599790210356,0.004292841761859128,0.0029660244723956264,0.010228249737762945
22,2025-03-15,9.0,0.3934850863422292,0.29759288330716904,3.0931229364147597,32.28459224491773,48.7635184928625,390.1081479429,41.99395604395604,0.0888799632384918,0.003885882223221345,0.0029388938364864406,0.011109995404811475
22,2025-03-16,9.285714285714286,0.3934850863422292,0.3047357404500262,3.0786723602315993,32.32243189638845,48.7635184928625,390.1081479429,41.286813186813184,0.0917015493730471,0.0038858822232213453,0.003009433489850323,0.011462693671630888
22,2025-03-17,8.714285714285714,0.3875327053898482,0.29878335949764523,3.036522746482894,32.364113622608485,48.7635184928625,390.1081479429,41.905860805860804,0.0860583771039365,0.0038270991787514425,0.0029506504453804213,0.010757297137992063
22,2025-03-18,9.142857142857142,0.396323914181057,0.2636185243328101,2.9528713321493076,32.34791641173571,48.7635184928625,390.1081479429,41.24432234432235,0.09029075630576945,0.003913917213660837,0.0026033783057428463,0.011286344538221181
22,2025-03-19,9.714285714285714,0.37846677132391415,0.19218995290423865,2.8738187051902457,32.3592197840975,48.7635184928625,390.1081479429,39.20860805860806,0.09593392857488003,0.003737568080251131,0.0018979817721040224,0.011991741071860004
22,2025-03-20,10.0,0.3957827886399315,0.23115099186527763,2.9724321850137256,32.21601048839273,48.7635184928625,390.1081479429,39.979170829170826,0.09875551470943533,0.00390857330052721,0.002282743517725199,0.012344439338679417
22,2025-03-21,11.142857142857142,0.422993672993673,0.1998584748584749,2.994637950791993,32.34649147425006,48.7635184928625,390.1081479429,40.2458374958375,0.11004185924765651,0.004177295789532476,0.0019737126553691425,0.013755232405957064
22,2025-03-22,10.857142857142858,0.3830336330336331,0.23182650682650685,2.9737979486389206,32.413479129005545,48.7635184928625,390.1081479429,40.95512820512821,0.10722027311310121,0.00378266835812614,0.0022894146004942104,0.013402534139137652
22,2025-03-23,10.428571428571429,0.3932377146662861,0.20937752723467012,2.9009082986299943,32.3898820345856,48.7635184928625,390.1081479429,41.636760858189426,0.10298789391126828,0.003883439291503115,0.002067718547064866,0.012873486738908535
22,2025-03-24,10.571428571428571,0.40315834958692104,0.17167911453625745,2.7444283167211547,32.55178143291633,48.7635184928625,390.1081479429,39.55739577882435,0.10439868697854593,0.003981411032286285,0.00169542593208882,0.013049835872318241
22,2025-03-25,10.428571428571429,0.4443671407957122,0.1854153782725212,2.9469299719713535,32.46804888630038,48.7635184928625,390.1081479429,41.47131519274376,0.10298789391126828,0.004388370570924068,0.0018310791116347477,0.012873486738908535
22,2025-03-26,10.714285714285714,0.4336528550814265,0.22827252112966404,2.82023137395163,32.693461271905974,48.7635184928625,390.1081479429,40.54988662131519,0.10580948004582358,0.004282561090878245,0.002254317031818042,0.013226185005727947
22,2025-03-27,10.428571428571429,0.43220985363842507,0.2051844980416409,2.7829545852636426,32.65342832863671,48.7635184928625,390.1081479429,40.128530199958774,0.10298789391126828,0.004268310655855238,0.0020263100714499375,0.012873486738908535
22,2025-03-28,9.142857142857142,0.5274479488765202,0.1956606885178314,2.810108208231255,32.450313166269005,48.7635184928625,390.1081479429,42.38567305710162,0.09029075630576944,0.00520883936737367,0.0019322572002980942,0.01128634453822118
22,2025-03-29,8.571428571428571,0.5626984126984127,0.1511337868480726,2.726790084014646,32.52522470461467,48.76351849286251,390.1081479429001,40.53038548752834,0.08464758403665887,0.005556957137221401,0.0014925294910167494,0.010580948004582359
22,2025-03-30,10.0,0.531485927704415,0.1307256235827665,2.7675386374082236,32.498006030033544,48.7635184928625,390.1081479429,38.95295451513938,0.09875551470943533,0.005248716635127126,0.0012909876242627998,0.012344439338679417
22,2025-03-31,9.571428571428571,0.5394224356409231,0.1386621315192744,2.843825799605642,32.520102328638636,48.7635184928625,390.1081479429,37.79422435640923,0.0945231355076024,0.005327094027753662,0.001369365016889336,0.0118153919384503
22,2025-04-01,9.142857142857142,0.4957716419901294,0.1505668934240363,2.7540964120167915,32.50094583273354,48.7635184928625,390.1081479429,36.11962118180605,0.09029075630576945,0.0048960183683077136,0.0014869311058291397,0.011286344538221181
22,2025-04-02,10.142857142857142,0.5117380285447513,0.1329198346005069,2.8394381884927467,32.41534067137027,48.7635184928625,390.1081479429,36.22382286247832,0.10016630777671298,0.005053695240532862,0.0013126566681066069,0.012520788472089123
22,2025-04-03,10.428571428571429,0.48720700401372674,0.14302084470151702,2.842726726470862,32.39801268747865,48.7635184928625,390.1081479429,36.82699746565293,0.10298789391126828,0.004811437845141751,0.0014124097132676527,0.012873486738908535
22,2025-04-04,11.142857142857142,0.3833109001176228,0.18198188366255597,2.7660241599116904,32.588161190960484,48.7635184928625,390.1081479429,35.679811318466776,0.11004185924765653,0.00378540652348528,0.0017971714588888292,0.013755232405957066
22,2025-04-05,11.285714285714286,0.3935149817502759,0.16157372039724985,2.9235303603985576,32.34194021566198,48.7635184928625,390.1081479429,37.92470927765045,0.11145265231493416,0.0038861774568622544,0.0015956295921348794,0.01393158153936677
22,2025-04-06,10.142857142857142,0.4383329089211442,0.1933197521432816,2.9202549755613387,32.35165692763244,48.7635184928625,390.1081479429,40.023682200152784,0.10016630777671298,0.004328779203459163,0.0019091391626410233,0.012520788472089123
22,2025-04-07,10.428571428571429,0.4383329089211442,0.1873673711909006,2.9118888454934617,32.24721903052658,48.7635184928625,390.1081479429,41.618920295390886,0.10298789391126828,0.004328779203459163,0.0018503561181711214,0.012873486738908535
22,2025-04-08,11.285714285714286,0.39388846447669973,0.13974832357185302,2.9192344591631856,32.24675046286712,48.7635184928625,390.1081479429,41.155428231898824,0.11145265231493416,0.0038898658047505615,0.0013800917624119057,0.01393158153936677
22,2025-04-09,10.285714285714286,0.34935064935064936,0.15739538239538242,2.8843816126226396,32.25993992637538,48.7635184928625,390.1081479429,42.65122655122655,0.10157710084399063,0.003450030319069884,0.0015543662001344385,0.012697137605498829
22,2025-04-10,9.428571428571429,0.36753246753246754,0.13142135642135644,2.8859880224420067,32.29312398336399,48.7635184928625,390.1081479429,43.22265512265512,0.09311234244032475,0.003629585800359766,0.0012978583697203208,0.011639042805040594
22,2025-04-11,9.142857142857142,0.3761904761904762,0.09246031746031748,2.8824541438420885,32.28260577442235,48.7635184928625,390.1081479429,43.11587301587302,0.09029075630576945,0.0037150884104978055,0.0009130966240991443,0.011286344538221181
22,2025-04-12,9.714285714285714,0.3523809523809524,0.09246031746031748,2.852700208341024,32.37909721729351,48.7635184928625,390.1081479429,42.56825396825396,0.09593392857488005,0.0034799562326181975,0.0009130966240991443,0.011991741071860006
22,2025-04-13,10.0,0.3090909090909091,0.09967532467532471,2.9491197853404616,32.27599750825737,48.763518492862495,390.10814794289996,41.96507936507936,0.09875551470943535,0.003052443181928001,0.0009843487992141767,0.012344439338679418
22,2025-04-14,10.714285714285714,0.28161838161838165,0.11478521478521482,2.937076773103232,32.253056397848674,48.7635184928625,390.1081479429,42.124420024420026,0.10580948004582356,0.002781136822836146,0.0011335672967146971,0.013226185005727946
22,2025-04-15,10.142857142857142,0.28854478854478854,0.15374625374625378,2.95014346144593,32.32276350402081,48.7635184928625,390.1081479429,42.23870573870574,0.10016630777671298,0.0028495389109465773,0.0015183290423358736,0.012520788472089123
22,2025-04-16,10.285714285714286,0.3132201132201132,0.13686313686313686,2.836151612641035,32.51602329478119,48.7635184928625,390.1081479429,40.39454989454989,0.10157710084399063,0.003093221349839989,0.001351598952566697,0.012697137605498829
22,2025-04-17,11.142857142857142,0.26906426906426906,0.14985014985014988,2.8154175866609643,32.5017739074328,48.763518492862495,390.10814794289996,39.511433011433006,0.11004185924765651,0.0026571580381359885,0.001479852867773756,0.013755232405957064
22,2025-04-18,11.142857142857142,0.2531912531912532,0.1974691974691975,2.9894560617534043,32.243137237732604,48.7635184928625,390.1081479429,40.55905205905206,0.11004185924765651,0.0025004032528829173,0.0019501172235329718,0.013755232405957064
22,2025-04-19,10.0,0.3127150627150627,0.2331834831834832,2.794062452620129,32.417152022079016,48.7635184928625,390.1081479429,39.03524253524254,0.09875551470943533,0.003088233697581937,0.002302815490352384,0.012344439338679417
22,2025-04-20,10.571428571428571,0.336957486957487,0.2227938727938728,2.7076496912128465,32.55157198478508,48.7635184928625,390.1081479429,39.2066711066711,0.10439868697854593,0.003327641005968447,0.0022002123581867368,0.013049835872318241
22,2025-04-21,10.0,0.35649350649350653,0.20569985569985574,2.7111139036859457,32.479042617610254,48.7635184928625,390.1081479429,37.88066378066378,0.09875551470943533,0.003520569972433766,0.0020313995125295823,0.012344439338679417
22,2025-04-22,9.571428571428571,0.3840909090909091,0.20245310245310247,2.5540942285055843,32.551489328331826,48.7635184928625,390.1081479429,37.737806637806635,0.09452313550760238,0.0037931095422487665,0.001999336033727818,0.011815391938450298
22,2025-04-23,10.0,0.37574211502782934,0.19688723974438263,2.685118990817186,32.36453281873411,48.7635184928625,390.1081479429,39.37788084930942,0.09875551470943533,0.0037106605967585143,0.00194437007006765,0.012344439338679417
22,2025-04-24,10.285714285714286,0.39572213500784936,0.2168672597244026,2.7532253928929356,32.32168012632925,48.7635184928625,390.1081479429,40.81044828187685,0.10157710084399063,0.003907974312461682,0.0021416837857708175,0.012697137605498829
22,2025-04-25,10.285714285714286,0.3957221350078493,0.16924821210535498,2.6185311418789996,32.49169779675904,48.7635184928625,390.1081479429,39.92155939298796,0.10157710084399063,0.003907974312461682,0.0016714194300116016,0.012697137605498829
22,2025-04-26,11.0,0.3203253096110239,0.14940694226408516,2.750680396740847,32.50020568163108,48.7635184928625,390.1081479429,41.040607012035586,0.10863106618037886,0.00316338908250959,0.0014754759484452615,0.013578883272547358
22,2025-04-27,11.142857142857142,0.2798491191348334,0.13869265654979945,2.75022450643949,32.48095157945272,48.7635184928625,390.1081479429,39.940607012035585,0.11004185924765651,0.0027636643801142564,0.0013696664683994378,0.013755232405957064
22,2025-04-28,12.0,0.2449284842141985,0.12281964067678357,2.8750461166772174,32.43141382013953,48.7635184928625,390.1081479429,42.816797488226065,0.11850661765132241,0.002418803852557498,0.001212911683146366,0.014813327206415301
22,2025-04-29,12.571428571428571,0.22707134135705562,0.09901011686725976,3.0262550192212703,32.25663574446424,48.7635184928625,390.1081479429,43.43584510727368,0.124149789920433,0.002242454719147792,0.000977779505266758,0.015518723740054126
22,2025-04-30,12.0,0.23931623931623933,0.09288766788766792,3.0494932360761857,32.17448952875318,48.7635184928625,390.1081479429,44.268498168498176,0.11850661765132241,0.002363379839200162,0.000917316945240573,0.014813327206415301
22,2025-05-01,12.857142857142858,0.24394319131161235,0.06743943191311616,3.0132139688800956,32.22059082094662,48.7635184928625,390.1081479429,43.478446115288214,0.1269713760549883,0.0024090735417840532,0.0006660015810291702,0.015871422006873536
22,2025-05-02,13.571428571428571,0.283625730994152,0.07764351354576922,2.94169042215589,32.36229226668123,48.7635184928625,390.1081479429,42.437629788757604,0.13402534139137653,0.0028009605049167338,0.000766772514406145,0.016753167673922067
22,2025-05-03,13.428571428571429,0.3590225563909774,0.0796276405298962,3.0486420936270093,32.12854331059178,48.7635184928625,390.1081479429,41.24715359828142,0.13261454832409889,0.0035455457348688253,0.0007863668625627791,0.01657681854051236
22,2025-05-04,12.142857142857142,0.40494092373791624,0.08217866093805946,3.1686729449702393,32.06414880447746,48.7635184928625,390.1081479429,42.91041890440387,0.11991741071860006,0.003999014935065212,0.0008115595959070227,0.014989676339825007
22,2025-05-05,11.428571428571429,0.44779806659505905,0.08217866093805946,3.0404952649772277,32.17362621772958,48.7635184928625,390.1081479429,41.129466523451484,0.11286344538221182,0.004422252855248506,0.0008115595959070227,0.014107930672776478
22,2025-05-06,10.714285714285714,0.43249194414607944,0.11109022556390981,3.077014157934148,32.21468935775927,48.7635184928625,390.1081479429,42.326745435016115,0.10580948004582358,0.004271096455183044,0.001097077240475118,0.013226185005727947
22,2025-05-07,11.142857142857142,0.43359084524498054,0.1297715442452285,2.8903270042019416,32.4436521893305,48.7635184928625,390.1081479429,40.093778402049075,0.11004185924765653,0.004281948709546718,0.0012815655646575797,0.013755232405957066
22,2025-05-08,10.0,0.44794491223062655,0.12225274725274728,2.929996823476675,32.44063151027289,48.7635184928625,390.1081479429,39.84087341230198,0.09875551470943535,0.004423703036880835,0.0012073132979587562,0.012344439338679418
22,2025-05-09,10.714285714285714,0.4291479197494235,0.13460505659753783,2.9627176934494037,32.386082486696985,48.7635184928625,390.1081479429,40.55086267116342,0.10580948004582358,0.004238072370133778,0.001329299164678252,0.013226185005727947
24,2025-01-01,8.571428571428571,0.3873626373626374,0.14807692307692305,1.5216502237965819,35.27769792075149,37.25689394366,186.2844697183,40.431593406593414,0.1261320265406367,0.005700197353278776,0.0021790116123526658,0.02522640530812734
24,2025-01-02,9.0,0.41236263736263734,0.18379120879120878,1.5337993385040234,35.326239988108775,37.25689394366,186.2844697183,39.849450549450545,0.13243862786766852,0.006068082430688966,0.002704561722938652,0.02648772557353371
24,2025-01-03,9.714285714285714,0.3052197802197802,0.20164835164835163,1.6048734168351697,35.22293250826495,37.25689394366,186.2844697183,39.86730769230769,0.14294963007938827,0.004491432098931006,0.0029673367782316455,0.028589926015877655
24,2025-01-04,9.285714285714286,0.3235871271585557,0.19348508634222913,1.6442955791346126,35.243468001852534,37.25689394366001,186.2844697183,40.424450549450555,0.13664302875235643,0.0047617150129466565,0.002847211038669134,0.027328605750471285
24,2025-01-05,8.714285714285714,0.3382391418105704,0.19836909122623406,1.6558895112155259,35.30248083394228,37.25689394366001,186.2844697183,40.38659951159951,0.12823422698298065,0.004977325314725522,0.0029190811392620893,0.025646845396596136
24,2025-01-06,9.0,0.29895342752485604,0.17336909122623403,1.6599583019402575,35.447472615787945,37.25689394366001,186.2844697183,40.925885225885224,0.13243862786766855,0.004399220193080937,0.0025511960618518994,0.02648772557353371
24,2025-01-07,9.142857142857142,0.308874062445491,0.23686115471829752,1.7023256237010986,35.522567879368324,37.25689394366001,186.2844697183,40.08064713064713,0.1345408283100125,0.004545206334910378,0.0034855073695603186,0.026908165662002496
24,2025-01-08,8.285714285714286,0.3371315192743764,0.22273242630385484,1.6020697657174714,35.33933825630727,37.25689394366001,186.2844697183,39.593990929705214,0.12192762565594882,0.004961026202626763,0.003277597435702127,0.02438552513118977
24,2025-01-09,8.857142857142858,0.29546485260770977,0.19892290249433103,1.559952581813505,35.258284390672046,37.25689394366001,186.2844697183,39.516609977324265,0.1303364274253246,0.004347884406943112,0.002927230695311469,0.02606728548506492
24,2025-01-10,8.285714285714286,0.2954648526077097,0.21678004535147388,1.52027403467464,35.300223165820114,37.25689394366001,186.2844697183,38.78446712018141,0.12192762565594882,0.004347884406943112,0.0031900057506044624,0.024385525131189766
24,2025-01-11,8.428571428571429,0.34138321995464854,0.28565759637188204,1.5001260643512715,35.33022596981379,37.25689394366001,186.2844697183,37.98089569160998,0.12402982609829276,0.005023591691982237,0.00420356667816315,0.024805965219658554
24,2025-01-12,8.428571428571429,0.3572562358276644,0.26978458049886617,1.530618033075252,35.31634639007887,37.25689394366001,186.2844697183,38.40946712018141,0.12402982609829276,0.0052571695189093425,0.003969988851236045,0.02480596521965855
24,2025-01-13,8.285714285714286,0.37471655328798187,0.2570861678004535,1.5163003977154748,35.15519403244204,37.25689394366001,186.2844697183,38.24121315192743,0.12192762565594882,0.005514105128529157,0.0037831265896943606,0.024385525131189766
24,2025-01-14,8.0,0.413265306122449,0.23441043083900223,1.4655276384576985,35.14489070398588,37.25689394366001,186.2844697183,38.47930839002267,0.11772322477126093,0.006081365565352127,0.0034494439797984966,0.023544644954252188
24,2025-01-15,7.428571428571429,0.3996598639455783,0.2412131519274376,1.552033387547846,35.36601303758298,37.256893943659996,186.2844697183,39.057539682539684,0.10931442300188514,0.005881155999414608,0.0035495487627672556,0.02186288460037703
24,2025-01-16,7.142857142857143,0.4448979591836735,0.3150226757369614,1.5708163978237821,35.36289135994687,37.25689394366001,186.2844697183,39.2313492063492,0.10511002211719725,0.006546852806156857,0.004635685657978295,0.021022004423439454
24,2025-01-17,8.571428571428571,0.43979591836734694,0.34053287981859404,1.6133192977211446,35.36557865452307,37.25689394366001,186.2844697183,40.312981859410435,0.1261320265406367,0.006471774218930288,0.005011078594111142,0.025226405308127343
24,2025-01-18,9.0,0.3456400742115028,0.2772211915069058,1.6162906200692018,35.32069779520383,37.25689394366001,186.2844697183,41.090579262007836,0.13243862786766855,0.0050862330182945064,0.0040794215798905294,0.026487725573533714
24,2025-01-19,8.857142857142858,0.3535765821480107,0.31293547722119147,1.5682677621298826,35.29583041442044,37.25689394366001,186.2844697183,40.91002370645227,0.13033642742532459,0.005203021931758059,0.004604971690476516,0.026067285485064925
24,2025-01-20,8.571428571428571,0.3830550401978973,0.3174706246134817,1.6049044051943913,35.46788499810881,37.25689394366001,186.2844697183,41.021134817563386,0.1261320265406367,0.0056368093246226825,0.004671708212455689,0.025226405308127343
24,2025-01-21,8.571428571428571,0.32183055040197894,0.2970624613481756,1.6487211379774749,35.36739651151498,37.25689394366001,186.2844697183,40.77623685837971,0.1261320265406367,0.004735866277903849,0.004371393863549411,0.025226405308127343
24,2025-01-22,8.428571428571429,0.2742115027829314,0.24944341372912796,1.7170032992638613,35.498052086964584,37.25689394366001,186.2844697183,40.44290352504638,0.12402982609829276,0.004035132797122534,0.0036706603827680964,0.024805965219658554
24,2025-01-23,8.142857142857142,0.2527829313543599,0.18158627087198512,1.7228574471806464,35.48243249382739,37.25689394366001,186.2844697183,39.63218923933209,0.11982542521360487,0.0037198027307709424,0.002672115172654722,0.023965085042720973
24,2025-01-24,6.857142857142857,0.25074211502782934,0.14893320964749532,1.7609771307420719,35.652965093005264,37.25689394366001,186.2844697183,39.26484230055659,0.10090562123250936,0.0036897712958803147,0.0021916122144046775,0.020181124246501873
24,2025-01-25,6.142857142857143,0.3329931972789115,0.14676870748299314,1.7755243502908975,35.64217236116297,37.25689394366001,186.2844697183,38.576530612244895,0.09039461902078963,0.0049001291263207685,0.002159760692550981,0.01807892380415793
24,2025-01-26,6.857142857142857,0.349476713762428,0.1440214547357404,1.8064467396327772,35.69477945047988,37.25689394366001,186.2844697183,37.6960361067504,0.10090562123250936,0.005142690715821992,0.0021193337609674437,0.020181124246501876
24,2025-01-27,7.0,0.3239665096807954,0.15932757718472002,1.7705085696467064,35.67318622299312,37.25689394366001,186.2844697183,37.92817896389325,0.10300782167485331,0.004767297779689145,0.0023445695226471525,0.02060156433497066
24,2025-01-28,7.428571428571429,0.326007326007326,0.16749084249084248,1.7585597877187316,35.81235265514561,37.25689394366,186.2844697183,38.330219780219785,0.10931442300188514,0.004797329214579773,0.0024646952622096635,0.02186288460037703
24,2025-01-29,8.142857142857142,0.3464154892726321,0.18789900575614857,1.6812038384325316,35.62910095392,37.25689394366001,186.2844697183,38.61593406593407,0.11982542521360487,0.00509764356348605,0.0027650096111159414,0.023965085042720973
24,2025-01-30,9.428571428571429,0.3611213716255733,0.17844522424354353,1.7015195866820936,35.65576872371723,37.256893943659996,186.2844697183,39.446816418875244,0.13874522919470036,0.005314046550197927,0.0026258934053725916,0.027749045838940077
24,2025-01-31,9.714285714285714,0.3937744328500631,0.14987379567211498,1.5966096198414677,35.48413513558835,37.25689394366001,186.2844697183,39.18151029642626,0.14294963007938827,0.0057945495084479725,0.0022054533169038027,0.028589926015877655
24,2025-02-01,10.428571428571429,0.36347140254703275,0.15203829783661713,1.589188728723203,35.518002869335206,37.25689394366001,186.2844697183,39.16852328343925,0.153460632291108,0.005348628202496227,0.002237304838757499,0.030692126458221596
24,2025-02-02,9.571428571428571,0.33678380443086325,0.15988759140019643,1.6289240731112478,35.53431290029819,37.25689394366001,186.2844697183,40.24544636036233,0.1408474296370443,0.004955909438541863,0.0023528103575676065,0.028169485927408866
24,2025-02-03,9.714285714285714,0.3169425345895934,0.15591933743194245,1.681221479269049,35.565222377702455,37.25689394366001,186.2844697183,40.20377969369566,0.14294963007938827,0.004663937154882981,0.0022944159008358297,0.028589926015877655
24,2025-02-04,9.428571428571429,0.3097996774467363,0.1630621945747996,1.7224785566016705,35.533737285876846,37.25689394366001,186.2844697183,39.92163683655281,0.1387452291947004,0.004558827132765784,0.002399525922953027,0.02774904583894008
24,2025-02-05,10.571428571428571,0.3274867522766683,0.1617016503571125,1.6291818092451515,35.40902477504107,37.25689394366001,186.2844697183,38.95020826512423,0.15556283273345192,0.004819099568484558,0.002379504966359275,0.031112566546690392
24,2025-02-06,8.428571428571429,0.3484951556380128,0.1532982890125747,1.5884843216092557,35.47879339321064,37.25689394366001,186.2844697183,38.81575448361163,0.12402982609829276,0.005128246692358667,0.002255846116809631,0.024805965219658554
24,2025-02-07,8.714285714285714,0.31901669758812623,0.1850443207586064,1.6885232660455185,35.52332939353417,37.25689394366001,186.2844697183,39.096933621933616,0.12823422698298065,0.004694459299494045,0.002723001770663841,0.02564684539659613
24,2025-02-08,8.0,0.3255102040816326,0.18287981859410427,1.7308675173672767,35.5611709947537,37.25689394366001,186.2844697183,39.75277777777778,0.11772322477126093,0.004790013865055133,0.002691150248810145,0.023544644954252188
24,2025-02-09,8.428571428571429,0.29285714285714287,0.1849206349206349,1.7464108443053827,35.531172646503215,37.25689394366,186.2844697183,39.295634920634924,0.12402982609829276,0.004309510906805088,0.0027211816837007727,0.024805965219658554
24,2025-02-10,8.285714285714286,0.29484126984126985,0.171031746031746,1.713545476916903,35.38517802648161,37.25689394366,186.2844697183,38.62301587301588,0.12192762565594882,0.004338708135170976,0.0025168010851395564,0.024385525131189766
24,2025-02-11,8.285714285714286,0.31269841269841275,0.15317460317460313,1.6351720646001764,35.27329207262942,37.25689394366,186.2844697183,37.551587301587304,0.12192762565594882,0.004601483190463969,0.002254026029846563,0.024385525131189766
24,2025-02-12,6.714285714285714,0.3460317460317461,0.16984126984126982,1.64585886963197,35.40539185277988,37.25689394366,186.2844697183,38.48730158730159,0.09880342079016542,0.00509199662701089,0.0024992827481200228,0.019760684158033084
24,2025-02-13,7.714285714285714,0.353968253968254,0.1857142857142857,1.6867885836812417,35.34357501748626,37.25689394366,186.2844697183,38.614285714285714,0.11351882388657304,0.005208785540474443,0.002732860575047128,0.02270376477731461
24,2025-02-14,7.285714285714286,0.36984126984126986,0.15396825396825392,1.6510991157542831,35.275763204134456,37.25689394366,186.2844697183,37.81269841269841,0.1072122225595412,0.005442363367401547,0.002265704921192918,0.021442444511908243
24,2025-02-15,7.428571428571429,0.33922902494331064,0.1913832199546485,1.576742321008333,35.27136329474549,37.25689394366001,186.2844697183,36.90453514739229,0.10931442300188514,0.0049918918440421305,0.002816281227521094,0.02186288460037703
24,2025-02-16,7.571428571428571,0.349618635332921,0.1745001030715316,1.5064510150132517,35.236087697810795,37.25689394366001,186.2844697183,36.45258709544424,0.11141662344422909,0.005144779148939871,0.0025678393570622644,0.022283324688845824
24,2025-02-17,8.285714285714286,0.3647285254428111,0.16763197120339973,1.4932662495620492,35.25677844882146,37.25689394366001,186.2844697183,36.50615852401567,0.12192762565594882,0.005367127272649327,0.002466772028103421,0.02438552513118977
24,2025-02-18,8.285714285714286,0.34687138258566824,0.14977482834625686,1.4701021168690274,35.3792608327279,37.25689394366001,186.2844697183,37.32758709544424,0.12192762565594881,0.005104352217356334,0.0022039969728104274,0.024385525131189766
24,2025-02-19,8.714285714285714,0.295850974422403,0.13446870589727727,1.4921649943178925,35.41361058059449,37.25689394366001,186.2844697183,37.07758709544424,0.12823422698298065,0.00435356634509064,0.001978761211130719,0.02564684539659613
24,2025-02-20,8.857142857142858,0.27362875220018074,0.16145283288140427,1.4439881358675177,35.408326023437105,37.25689394366001,186.2844697183,37.06488868274583,0.1303364274253246,0.004026557387392693,0.0023758435169067976,0.02606728548506492
24,2025-02-21,9.857142857142858,0.25897673754816614,0.19441986584843723,1.4254908917505984,35.436461214299804,37.25689394366001,186.2844697183,37.87258099043813,0.14505183052173218,0.0038109470856138267,0.002860966695909247,0.029010366104346447
24,2025-02-22,9.857142857142858,0.29979306407877837,0.13319537605251888,1.441017318393252,35.43882115157643,37.25689394366001,186.2844697183,38.70931568431568,0.14505183052173218,0.004411575783426383,0.0019600236491904128,0.029010366104346447
24,2025-02-23,10.0,0.28464154892726323,0.16674515960230243,1.4753758799525634,35.52892729140815,37.25689394366001,186.2844697183,39.46364468864469,0.14715403096407617,0.0041886151304505095,0.0024537222379227034,0.029430806192815236
24,2025-02-24,8.857142857142858,0.2516745159602302,0.18432757718472,1.473406597904911,35.53232047062646,37.25689394366001,186.2844697183,39.17793040293041,0.13033642742532459,0.0037034919514480603,0.002712454600057343,0.02606728548506492
24,2025-02-25,8.571428571428571,0.26357927786499213,0.20813710099424385,1.527008914684744,35.52511817168033,37.25689394366001,186.2844697183,39.267216117216115,0.1261320265406367,0.0038786753216433897,0.0030628213404480004,0.02522640530812734
24,2025-02-26,8.142857142857142,0.3145996860282575,0.2591575091575091,1.5284587201968047,35.48760359120198,37.25689394366001,186.2844697183,39.267216117216115,0.11982542521360487,0.004629461193909085,0.003813607212713695,0.023965085042720973
24,2025-02-27,7.857142857142857,0.3110282574568289,0.23415750915750916,1.5841464262243403,35.50525234803107,37.25689394366001,186.2844697183,38.688644688644686,0.11562102432891697,0.004576906182850485,0.003445722135303505,0.0231242048657834
24,2025-02-28,7.142857142857143,0.3137755102040816,0.25476190476190474,1.5562874835641745,35.49817655369358,37.25689394366001,186.2844697183,38.91666666666667,0.10511002211719725,0.004617333114434023,0.0037489241221800346,0.021022004423439454
24,2025-03-01,7.142857142857143,0.2729591836734694,0.25476190476190474,1.5630975169208503,35.53014963296165,37.25689394366001,186.2844697183,38.91666666666667,0.10511002211719725,0.004016704416621467,0.0037489241221800346,0.021022004423439454
24,2025-03-02,6.714285714285714,0.2650226757369614,0.19523809523809518,1.5480789189456972,35.49303020657348,37.25689394366001,186.2844697183,38.29365079365079,0.09880342079016542,0.0038999155031579145,0.002873007271203391,0.019760684158033084
24,2025-03-03,6.571428571428571,0.3007369614512472,0.20238095238095236,1.525190631036196,35.54667759727813,37.25689394366001,186.2844697183,38.86507936507936,0.09670122034782147,0.004425465613743901,0.0029781172933205885,0.019340244069564298
24,2025-03-04,6.857142857142857,0.32454648526077096,0.19642857142857137,1.5451980367335643,35.5759042588271,37.25689394366001,186.2844697183,39.257936507936506,0.10090562123250936,0.004775832354134558,0.002890525608222924,0.020181124246501873
24,2025-03-05,7.714285714285714,0.28168934240362814,0.1964285714285714,1.5397479539508079,35.56860321660025,37.25689394366001,186.2844697183,39.657936507936505,0.11351882388657304,0.004145172221431375,0.0028905256082229244,0.02270376477731461
24,2025-03-06,8.285714285714286,0.27573696145124715,0.19047619047619044,1.498639410710961,35.60117402444576,37.25689394366001,186.2844697183,40.13412698412698,0.12192762565594882,0.004057580536333711,0.00280293392312526,0.024385525131189766
24,2025-03-07,8.0,0.28764172335600907,0.1369047619047619,1.55151498322046,35.61840025103793,37.25689394366001,186.2844697183,40.38412698412698,0.11772322477126093,0.004232763906529039,0.00201460875724628,0.023544644954252188
24,2025-03-08,8.142857142857142,0.3003968253968254,0.1726190476190476,1.5598130885315185,35.589714973784275,37.25689394366,186.2844697183,40.455555555555556,0.11982542521360487,0.0044204603745954625,0.0025401588678322664,0.023965085042720973
24,2025-03-09,7.714285714285714,0.3321428571428572,0.2202380952380952,1.5795805308622604,35.469520368569476,37.25689394366,186.2844697183,40.85238095238095,0.11351882388657301,0.004887616028449672,0.0032408923486135816,0.02270376477731461
24,2025-03-10,8.0,0.3678571428571429,0.2083333333333333,1.60355222700864,35.431960000068095,37.25689394366,186.2844697183,41.35238095238095,0.11772322477126093,0.005413166139035659,0.0030657089784182526,0.023544644954252184
24,2025-03-11,7.857142857142857,0.3780612244897959,0.23129251700680267,1.5080661735974328,35.22939325693296,37.25689394366001,186.2844697183,40.57176870748299,0.11562102432891698,0.005563323313488798,0.003403562620937815,0.0231242048657834
24,2025-03-12,8.0,0.38845083487940624,0.1858379715522572,1.536626336533543,35.21011516207135,37.25689394366001,186.2844697183,40.535405071119364,0.11772322477126092,0.005716210618386538,0.0027346806620101964,0.023544644954252188
24,2025-03-13,7.0,0.39797464440321584,0.23107606679035247,1.6030135222204638,35.19140201914972,37.25689394366001,186.2844697183,41.12350030921459,0.10300782167485331,0.005856357314542803,0.0034003774687524457,0.02060156433497066
24,2025-03-14,7.714285714285714,0.38931663574520714,0.24406307977736547,1.561110823370247,35.19682529304112,37.25689394366001,186.2844697183,40.19492888064316,0.11351882388657304,0.005728951227128018,0.0035914865998746227,0.02270376477731461
24,2025-03-15,7.285714285714286,0.3643166357452072,0.20834879406307974,1.4826825646338864,35.074732518554676,37.25689394366001,186.2844697183,38.752071737786025,0.10721222255954119,0.005361066149717828,0.003065936489288636,0.021442444511908243
24,2025-03-16,8.285714285714286,0.39362066504923643,0.18270776842205413,1.4291845877692217,35.10652370233638,37.25689394366001,186.2844697183,37.913243898958186,0.12192762565594882,0.00579228675327556,0.00268861846117562,0.024385525131189766
24,2025-03-17,8.428571428571429,0.322192093620665,0.17930640787783642,1.4372433853176267,35.102323391788964,37.25689394366001,186.2844697183,37.29079491936635,0.12402982609829276,0.004741186532103587,0.0026385660696912412,0.024805965219658554
24,2025-03-18,9.428571428571429,0.2711716854573997,0.1588982446125303,1.4864251113133489,35.23196059399175,37.25689394366001,186.2844697183,37.9744683887541,0.13874522919470036,0.0039904006598378925,0.002338251720784963,0.02774904583894008
24,2025-03-19,8.714285714285714,0.2798296941154084,0.2043527900670757,1.453893689775811,35.16503677588599,37.25689394366001,186.2844697183,37.63464154892726,0.12823422698298065,0.004117806747252677,0.003007133679712582,0.025646845396596136
24,2025-03-20,9.571428571428571,0.24866086294657722,0.19915798487227057,1.3676835675621353,35.16215833300426,37.25689394366001,186.2844697183,37.39827791256363,0.1408474296370443,0.003659144832559453,0.0029306900272637114,0.028169485927408866
24,2025-03-21,9.571428571428571,0.20969982398553824,0.19915798487227052,1.3281265209027864,35.04600525968722,37.25689394366001,186.2844697183,37.502174016459726,0.14084742963704433,0.0030858174391929227,0.0029306900272637114,0.028169485927408866
24,2025-03-22,10.571428571428571,0.2168426811283954,0.24677703249131813,1.428008872869413,35.170653604916275,37.25689394366001,186.2844697183,38.86169782598353,0.15556283273345195,0.003190927461310119,0.0036314235080450266,0.03111256654669039
24,2025-03-23,9.285714285714286,0.2470624613481756,0.2605132962275819,1.4697049428713238,35.208148092209235,37.25689394366001,186.2844697183,39.29576376004947,0.13664302875235643,0.0036356237087290313,0.003833558165962713,0.027328605750471285
24,2025-03-24,8.428571428571429,0.2470624613481756,0.24010513296227579,1.3437990645887248,35.13866717717236,37.25689394366001,186.2844697183,39.41821273964131,0.12402982609829276,0.0036356237087290313,0.0035332438170564352,0.02480596521965855
24,2025-03-25,7.714285714285714,0.29581529581529586,0.2514430014430014,1.3713976643682848,35.16579818325222,37.25689394366,186.2844697183,39.16991341991342,0.11351882388657304,0.00435304132000514,0.0037000851220043676,0.022703764777314606
24,2025-03-26,8.285714285714286,0.2624819624819625,0.19430014430014428,1.403077997080336,35.25431813291244,37.25689394366,186.2844697183,39.3461038961039,0.12192762565594881,0.0038625278834582186,0.0028592049450667893,0.024385525131189766
24,2025-03-27,7.571428571428571,0.2841269841269841,0.1423520923520923,1.4124847680209218,35.291600751850694,37.25689394366,186.2844697183,38.50627705627705,0.11141662344422909,0.00418104310199518,0.0020947684205780822,0.022283324688845814
24,2025-03-28,7.142857142857143,0.30198412698412697,0.16507936507936502,1.4677701771335683,35.34882551864551,37.25689394366,186.2844697183,38.97380952380952,0.10511002211719725,0.004443818157288173,0.0024292094000418914,0.021022004423439454
24,2025-03-29,6.571428571428571,0.30198412698412697,0.171031746031746,1.4258413085903834,35.34819550351782,37.25689394366,186.2844697183,38.68214285714286,0.09670122034782147,0.004443818157288173,0.0025168010851395564,0.019340244069564298
24,2025-03-30,7.428571428571429,0.20912698412698413,0.16388888888888883,1.3909710282607688,35.33992322751755,37.25689394366,186.2844697183,39.396428571428565,0.10931442300188514,0.003077387869764609,0.0024116910630223587,0.02186288460037703
24,2025-03-31,8.142857142857142,0.28055555555555556,0.2353174603174603,1.4651738248722874,35.3450721534171,37.25689394366,186.2844697183,39.4202380952381,0.11982542521360487,0.004128488090936582,0.003462791284194331,0.023965085042720973
24,2025-04-01,8.0,0.25476190476190474,0.23928571428571427,1.4106099609273914,35.26018655462348,37.25689394366,186.2844697183,39.05119047619048,0.11772322477126093,0.0037489241221800363,0.003521185740926108,0.023544644954252184
24,2025-04-02,8.0,0.31190476190476185,0.2535714285714285,1.4015731179232438,35.16685538062667,37.25689394366,186.2844697183,37.90833333333334,0.11772322477126093,0.004589804299117615,0.0037314057851605023,0.023544644954252188
24,2025-04-03,8.571428571428571,0.33571428571428574,0.26785714285714285,1.4534431738049742,35.14850895510149,37.25689394366,186.2844697183,38.6845238095238,0.1261320265406367,0.004940171039508272,0.003941625829394896,0.025226405308127343
24,2025-04-04,8.428571428571429,0.3994897959183673,0.23214285714285712,1.4166523262902297,35.114939409123,37.25689394366001,186.2844697183,38.70493197278911,0.12402982609829274,0.00587865337984039,0.00341607571880891,0.024805965219658554
24,2025-04-05,9.0,0.4113945578231292,0.22619047619047614,1.423903913879985,35.01350842963205,37.25689394366001,186.2844697183,38.75850340136054,0.13243862786766855,0.006053836750035718,0.003328484033711246,0.026487725573533714
24,2025-04-06,8.428571428571429,0.4685374149659864,0.19761904761904758,1.4483065832384925,35.147353424581404,37.25689394366001,186.2844697183,38.425170068027214,0.12402982609829276,0.006894716926973297,0.0029080439452424567,0.024805965219658554
24,2025-04-07,8.857142857142858,0.4606009070294784,0.14206349206349203,1.5635130578019432,35.277275179644754,37.25689394366001,186.2844697183,38.63945578231293,0.13033642742532459,0.0067779280135097444,0.0020905215509975893,0.02606728548506492
24,2025-04-08,9.0,0.4546485260770975,0.13809523809523805,1.6257657852840717,35.349133690894824,37.25689394366001,186.2844697183,39.11961451247165,0.13243862786766855,0.0066903363284120795,0.002032127094265813,0.02648772557353371
24,2025-04-09,9.0,0.4117913832199546,0.18095238095238092,1.6247679997979643,35.472135464757564,37.25689394366001,186.2844697183,40.0624716553288,0.13243862786766855,0.006059676195708895,0.0026627872269689963,0.02648772557353371
24,2025-04-10,9.0,0.38321995464852604,0.23809523809523805,1.5812498109489748,35.48145324066095,37.25689394366001,186.2844697183,39.191043083900226,0.13243862786766852,0.005639236107240107,0.0035036674039065747,0.02648772557353371
24,2025-04-11,9.428571428571429,0.34444444444444444,0.2523809523809523,1.6224351798812044,35.53056359562629,37.25689394366,186.2844697183,39.52777777777778,0.1387452291947004,0.005068638844318179,0.003713887448140969,0.027749045838940077
24,2025-04-12,9.571428571428571,0.36275946275946275,0.22673992673992668,1.5996156753033592,35.54754578877737,37.25689394366,186.2844697183,38.920634920634924,0.1408474296370443,0.005338151721541762,0.0033365694200279536,0.028169485927408866
24,2025-04-13,10.428571428571429,0.33894993894993897,0.22673992673992668,1.5652124193508175,35.37779788201589,37.25689394366,186.2844697183,39.01587301587301,0.153460632291108,0.004987784981151104,0.0033365694200279536,0.030692126458221603
24,2025-04-14,9.857142857142858,0.3326007326007326,0.2394383394383394,1.5871467337016874,35.34858571708639,37.25689394366,186.2844697183,38.406349206349205,0.14505183052173223,0.0048943538503802625,0.0035234316815696376,0.029010366104346447
24,2025-04-15,10.0,0.32783882783882784,0.20769230769230765,1.6641738455225121,35.39441116772691,37.25689394366,186.2844697183,38.990476190476194,0.14715403096407614,0.004824280502302131,0.0030562760277154273,0.029430806192815233
24,2025-04-16,10.428571428571429,0.32124542124542127,0.20219780219780217,1.633861072006273,35.27704226941108,37.25689394366,186.2844697183,38.638827838827844,0.15346063229110798,0.004727255866501641,0.002975422164548353,0.030692126458221596
24,2025-04-17,9.571428571428571,0.31410256410256415,0.16648351648351647,1.6286604720517268,35.253120438304435,37.25689394366,186.2844697183,39.71025641025641,0.1408474296370443,0.004622145844384444,0.002449872053962366,0.028169485927408866
24,2025-04-18,9.714285714285714,0.3491674991674992,0.19115884115884113,1.6830582078236334,35.27285086603375,37.25689394366,186.2844697183,39.586879786879784,0.14294963007938827,0.005138140498414321,0.0028129794030945024,0.028589926015877655
24,2025-04-19,9.0,0.39037629037629035,0.20489510489510487,1.621597838846197,35.2547906968037,37.25689394366,186.2844697183,40.03330835830836,0.13243862786766852,0.005744544472167383,0.00301511406101219,0.026487725573533707
24,2025-04-20,8.428571428571429,0.39632867132867133,0.22275224775224772,1.701306512010105,35.29720274598251,37.25689394366,186.2844697183,40.03926073926074,0.12402982609829276,0.005832136157265047,0.0032778891163051825,0.024805965219658554
24,2025-04-21,8.714285714285714,0.42081846724703864,0.19418081918081917,1.602930732853928,35.202730516299766,37.25689394366001,186.2844697183,41.12497502497502,0.12823422698298065,0.006192513375952579,0.0028574490278363935,0.02564684539659613
24,2025-04-22,8.428571428571429,0.3958184672470387,0.21203796203796202,1.6106986423982117,35.25065916621492,37.25689394366001,186.2844697183,41.14997502497503,0.12402982609829276,0.00582462829854239,0.0031202240831293866,0.024805965219658554
24,2025-04-23,7.857142857142857,0.4373325087610801,0.14610389610389607,1.7049651491423106,35.338561373280626,37.25689394366001,186.2844697183,41.31114718614718,0.11562102432891698,0.006435524153582511,0.0021499777251244886,0.0231242048657834
24,2025-04-24,8.285714285714286,0.4424345495774067,0.13079777365491646,1.7303501532588643,35.28408615272919,37.25689394366001,186.2844697183,40.688698206555344,0.12192762565594882,0.00651060274080908,0.0019247419634447805,0.024385525131189766
24,2025-04-25,7.857142857142857,0.4002267573696145,0.1275510204081632,1.6680883516089478,35.336258054991994,37.25689394366001,186.2844697183,40.68707482993197,0.11562102432891698,0.005889498064662005,0.0018769646806642364,0.0231242048657834
24,2025-04-26,7.571428571428571,0.3168934240362811,0.09183673469387751,1.781076052907006,35.33300479767339,37.25689394366001,186.2844697183,41.3358843537415,0.11141662344422909,0.0046632144732947035,0.00135141457007825,0.022283324688845824
24,2025-04-27,7.428571428571429,0.30413832199546487,0.11479591836734691,1.785924175283299,35.483835631296905,37.25689394366001,186.2844697183,41.2108843537415,0.10931442300188514,0.00447551800522828,0.0016892682125978127,0.021862884600377032
24,2025-04-28,7.428571428571429,0.2633219954648526,0.17602040816326525,1.7672688670497634,35.51404821707029,37.25689394366001,186.2844697183,40.37414965986394,0.10931442300188514,0.0038748893074157247,0.002590211259316646,0.021862884600377032
24,2025-04-29,8.142857142857142,0.31139891854177565,0.18014128728414439,1.6711408945732267,35.43648294053567,37.25689394366001,186.2844697183,39.99090790162219,0.11982542521360487,0.00458236061012763,0.002650851656691952,0.023965085042720973
24,2025-04-30,8.0,0.2836211407639979,0.18014128728414439,1.6368290225415374,35.43722829555416,37.25689394366001,186.2844697183,40.32424123495552,0.11772322477126093,0.004173599413005195,0.002650851656691952,0.023544644954252188
24,2025-05-01,7.714285714285714,0.27137624280481426,0.18830455259026685,1.6945280079517413,35.48976088125914,37.25689394366001,186.2844697183,41.04669021454736,0.11351882388657304,0.003993410803661429,0.0027709773962544637,0.02270376477731461
24,2025-05-02,8.571428571428571,0.27647828362114074,0.1627943485086342,1.6734348456119517,35.39518260335419,37.25689394366001,186.2844697183,40.28393511250654,0.1261320265406367,0.004068489390887998,0.0023955844601216162,0.02522640530812734
24,2025-05-03,8.142857142857142,0.25266875981161696,0.1627943485086342,1.701050844434139,35.465501339846455,37.25689394366001,186.2844697183,38.998220826792256,0.11982542521360486,0.003718122650497341,0.0023955844601216162,0.023965085042720973
24,2025-05-04,8.285714285714286,0.301138147566719,0.1398351648351648,1.667776338078157,35.241214227104415,37.25689394366001,186.2844697183,39.248220826792256,0.12192762565594882,0.004431369229149751,0.0020577308176020536,0.024385525131189766
24,2025-05-05,9.0,0.2960361067503925,0.09051543694400833,1.71090920071236,35.30327265077756,37.25689394366001,186.2844697183,39.54924123495552,0.13243862786766855,0.004356290641923181,0.0013319711410785483,0.026487725573533707
24,2025-05-06,8.714285714285714,0.2690630797773655,0.08152442795299934,1.7758198665449725,35.282655353313835,37.25689394366001,186.2844697183,39.333457019171306,0.12823422698298065,0.003959371677284814,0.001199664819532426,0.02564684539659613
24,2025-05-07,9.428571428571429,0.26631582703011275,0.10350244993102133,1.7830049681367217,35.25847108933993,37.25689394366001,186.2844697183,39.21257789829218,0.1387452291947004,0.0039189447457012765,0.0015230802722007253,0.027749045838940077
24,2025-05-08,9.714285714285714,0.23774439845868417,0.09533918462489886,1.70034817176006,35.32957671262453,37.25689394366001,186.2844697183,38.61257789829218,0.14294963007938827,0.0034985046572324876,0.0014029545326382144,0.02858992601587765
24,2025-05-09,9.285714285714286,0.26186313686313684,0.11110912896627179,1.7197528797419561,35.42366458461799,37.256893943659996,186.2844697183,39.36396936396937,0.13664302875235643,0.003853421615030816,0.001635015620429429,0.02732860575047129
25,2025-01-01,17.285714285714285,0.4414488602458527,0.25194671660837076,2.3138866462995296,28.218710067530573,45.034033012600005,450.340330126,68.72305488997219,0.18631593720187917,0.004758204188957454,0.0027156348794113547,0.01863159372018791
25,2025-01-02,16.714285714285715,0.4170288358258283,0.2665987312603854,2.1986702983285116,28.287403156026816,45.034033012600005,450.340330126,68.50327467019197,0.18015673266627982,0.004494990319914749,0.002873563200836978,0.018015673266627983
25,2025-01-03,17.285714285714285,0.4255758443728369,0.22508468974634388,2.1766171003874497,28.312438334182193,45.034033012600005,450.3403301260001,68.77433694125423,0.18631593720187917,0.004587115174079696,0.0024260996234643784,0.01863159372018791
25,2025-01-04,16.142857142857142,0.4098772572456783,0.21723539618276463,2.1109155831766246,28.269648785944195,45.034033012600005,450.3403301260001,69.49647194910354,0.17399752813068053,0.004417906258266528,0.0023414951655577948,0.01739975281306805
25,2025-01-05,16.714285714285715,0.4033837507521718,0.17610985505722349,2.048832075192576,28.35164960343385,45.034033012600005,450.3403301260001,69.81681826944985,0.18015673266627982,0.004347915297634717,0.001898219081556329,0.018015673266627983
25,2025-01-06,15.571428571428571,0.43603681197666155,0.17747039927491057,2.007283344473724,28.357832795045283,45.034033012600005,450.3403301260001,68.41409718101447,0.16783832359508125,0.004699869842526106,0.001912883854260137,0.01678383235950812
25,2025-01-07,13.857142857142858,0.48007548007548007,0.22365729508586657,2.006911889375348,28.277964239194198,45.034033012600005,450.3403301260001,68.26801769658913,0.1493607099882833,0.005174545380044099,0.002410714296047299,0.014936070998828327
25,2025-01-08,11.285714285714286,0.442987567987568,0.20854740497597643,2.006539870408113,28.261749670851003,45.034033012600005,450.3403301260001,68.04823747680891,0.12164428957808639,0.0047747893164354896,0.0022478507145771254,0.01216442895780864
25,2025-01-09,11.285714285714286,0.44298756798756805,0.22442042084899225,2.1299476065343956,28.298908173091174,45.034033012600005,450.3403301260001,67.81014223871367,0.12164428957808639,0.0047747893164354896,0.002418939729454884,0.012164428957808638
25,2025-01-10,11.142857142857142,0.4026945276945276,0.25006144649001794,2.085476834966208,28.34109689808486,45.034033012600005,450.34033012599997,67.67003234860377,0.12010448844418654,0.004340486432515026,0.0026953142919497247,0.012010448844418655
25,2025-01-11,12.142857142857142,0.40104617604617604,0.2599515563801278,2.116832268401638,28.29093127288448,45.034033012600005,450.34033012599997,67.71728509585652,0.13088309638148535,0.004322719496354642,0.00280191590891202,0.013088309638148535
25,2025-01-12,12.0,0.4109410430839002,0.27386621315192744,2.1720288331640996,28.215495307914075,45.034033012600005,450.340330126,67.43775510204081,0.12934329524758553,0.004429372388745973,0.0029518965388373283,0.012934329524758552
25,2025-01-13,12.285714285714286,0.41320861678004533,0.28520408163265304,2.2910509646438855,28.190087124570486,45.034033012600005,450.340330126,67.17698412698412,0.1324228975153852,0.004453813676585652,0.003074102978035727,0.013242289751538516
25,2025-01-14,12.714285714285714,0.37443310657596374,0.26683673469387753,2.2067583085901954,28.205593446002474,45.034033012600005,450.340330126,68.3749433106576,0.13704230091708466,0.004035867654527128,0.0028761285465343208,0.013704230091708467
25,2025-01-15,13.142857142857142,0.40852401566687285,0.2879406307977736,2.2602509061457123,28.05379832094701,45.034033012600005,450.34033012599997,69.1801381158524,0.14166170431878414,0.004403320197844132,0.0031035991685877044,0.014166170431878412
25,2025-01-16,14.0,0.3640795712224284,0.25301999587713875,2.2428601942551767,28.002369082850617,45.034033012600005,450.340330126,69.56109049680478,0.1509005111221831,0.0039242709561864075,0.002727203335856635,0.015090051112218311
25,2025-01-17,13.714285714285714,0.3164605236033808,0.21968666254380542,2.295080812971959,27.93930273115146,45.034033012600005,450.340330126,70.66823335394763,0.14782090885438345,0.003411003911553132,0.0023679164046133427,0.014782090885438345
25,2025-01-18,12.857142857142858,0.31339929911358483,0.18703360131931562,2.3082934128415045,27.95125787043975,45.034033012600005,450.340330126,69.10292723149867,0.1385821020509845,0.003378008172969564,0.0020159618597219535,0.013858210205098448
25,2025-01-19,11.714285714285714,0.3154924440638726,0.19959247102104247,2.3161263180622313,28.02721843430041,45.034033012600005,450.340330126,68.4064332492904,0.12626369297978587,0.0034005693617446533,0.0021513289923724877,0.012626369297978585
25,2025-01-20,12.0,0.30394843251986103,0.19382046524903668,2.1401784899735614,27.954825834919355,45.034033012600005,450.340330126,70.94178678464392,0.12934329524758553,0.0032761409872881014,0.0020891148051442117,0.01293432952475855
25,2025-01-21,12.142857142857142,0.28706531563674414,0.17693734836591982,2.186492471798365,28.102689517111312,45.034033012600005,450.340330126,69.36905951191666,0.13088309638148535,0.0030941644896453945,0.0019071383075015048,0.013088309638148532
25,2025-01-22,12.0,0.2636886922601208,0.16654773797630942,2.0713473617874976,28.31104576247242,45.034033012600005,450.340330126,69.09243613529328,0.12934329524758553,0.002842197031370878,0.0017951527704906083,0.012934329524758552
25,2025-01-23,11.857142857142858,0.27525331811046094,0.16858855430284003,2.076450676615906,28.297379364784522,45.034033012600005,450.340330126,68.76590552304837,0.1278034941136857,0.0029668475993532444,0.00181714992954632,0.012780349411368571
25,2025-01-24,12.285714285714286,0.28624232909947195,0.16529185100613675,2.0661272609978654,28.3171742388073,45.034033012600005,450.340330126,68.00766376480662,0.1324228975153852,0.0030852938404224615,0.001781616057225555,0.013242289751538516
25,2025-01-25,12.285714285714286,0.3066504923647781,0.206108177536749,2.0834076688462204,28.28559322000183,45.034033012600005,450.340330126,69.61990866276581,0.13242289751538516,0.00330526543097958,0.002221559238339791,0.013242289751538516
25,2025-01-26,13.0,0.3011559868702726,0.20488717631574777,2.0711306537058416,28.372834506680466,45.034033012600005,450.340330126,69.50574504860218,0.14012190318488432,0.0032460423104449716,0.002208398544887656,0.014012190318488429
25,2025-01-27,13.285714285714286,0.34810903382331954,0.20089117231974374,2.1932671924830953,28.420512695963914,45.034033012600005,450.340330126,67.94230848516563,0.14320150545268398,0.0037521307950134464,0.0021653271844988497,0.014320150545268395
25,2025-01-28,14.857142857142858,0.393563579277865,0.20738467881325026,2.176415803592054,28.311352754037774,45.034033012600005,450.340330126,68.89685393971108,0.1601393179255821,0.004242067519436119,0.00223531814513066,0.016013931792558205
25,2025-01-29,15.428571428571429,0.41601255886970173,0.21962957677243394,2.3020786997429274,28.189396564420726,45.034033012600005,450.340330126,68.49073149073148,0.1662985224611814,0.004484036269048948,0.002367301099464931,0.016629852246118137
25,2025-01-30,14.857142857142858,0.3996860282574568,0.20330304616018904,2.370992314707526,28.134595809266266,45.034033012600005,450.340330126,68.34583353154781,0.1601393179255821,0.004308058996603254,0.0021913238270192367,0.016013931792558205
25,2025-01-31,14.285714285714286,0.4204430490144776,0.2081870510441939,2.435399402645722,27.95911433370993,45.034033012600005,450.340330126,69.58026576598004,0.15398011338998277,0.004531790785289554,0.0022439666008277773,0.015398011338998275
25,2025-02-01,14.571428571428571,0.4013103959532531,0.19288092859521436,2.424418277335971,28.095284984465135,45.034033012600005,450.340330126,68.99225556189842,0.15705971565778243,0.004325567419142256,0.0020789879079099387,0.01570597156577824
25,2025-02-02,14.285714285714286,0.3834532530961102,0.20577775399203974,2.462816096122204,27.875491030701646,45.034033012600005,450.340330126,68.90793016507303,0.15398011338998277,0.004133092277404777,0.002217997732498118,0.015398011338998277
25,2025-02-03,13.857142857142858,0.3131235827664399,0.18379973201401775,2.386976648702002,27.906138297477934,45.034033012600005,450.340330126,69.4947433518862,0.14936070998828327,0.003375036334561785,0.0019811052503596826,0.014936070998828327
25,2025-02-04,11.714285714285714,0.36414399092970523,0.17174036281179142,2.3420886172753694,27.915555783991298,45.034033012600005,450.340330126,69.11904761904762,0.12626369297978587,0.0039249653109545805,0.0018511220377577492,0.012626369297978586
25,2025-02-05,10.857142857142858,0.36669501133786847,0.148781179138322,2.2613910098480954,27.934278817284156,45.034033012600005,450.340330126,68.17517006802721,0.11702488617638691,0.00395246175977422,0.001603653998380991,0.011702488617638689
25,2025-02-06,10.571428571428571,0.4059807256235827,0.17020975056689344,2.246390429415759,27.952536596205956,45.034033012600005,450.340330126,68.37874149659864,0.11394528390858726,0.004375907071596673,0.0018346241684659653,0.011394528390858725
25,2025-02-07,11.428571428571429,0.41232993197278905,0.18290816326530615,2.2330544975197038,28.027260197779636,45.034033012600005,450.340330126,67.01683673469388,0.1231840907119862,0.004444342677547777,0.001971495380368172,0.01231840907119862
25,2025-02-08,10.0,0.3974489795918367,0.21862244897959185,2.159714695053252,27.876971455316696,45.034033012600005,450.340330126,67.7579081632653,0.10778607937298794,0.0042839467260998776,0.002356445663843129,0.010778607937298793
25,2025-02-09,9.428571428571429,0.40340136054421766,0.20969387755102042,2.173804268253648,27.91599184302146,45.034033012600005,450.340330126,67.67159863945578,0.10162687483738862,0.004348105106679038,0.0022602080929743896,0.010162687483738862
25,2025-02-10,9.857142857142858,0.4187859759288331,0.2206828885400314,2.220286467491861,27.816845345150906,45.034033012600005,450.340330126,69.01885138670852,0.10624627823908812,0.004513929844175942,0.002378654334043607,0.01062462782390881
25,2025-02-11,10.571428571428571,0.3320512820512821,0.2597985347985348,2.285891546517002,27.762555451835706,45.034033012600005,450.340330126,69.49844322344322,0.11394528390858726,0.0035790505843081894,0.002800266549278084,0.011394528390858723
25,2025-02-12,10.714285714285714,0.3102258852258852,0.2736874236874237,2.3708931997685823,27.695241287818032,45.034033012600005,450.340330126,70.36749084249084,0.11548508504248708,0.0033438031888512712,0.0029499694372961227,0.011548508504248708
25,2025-02-13,11.285714285714286,0.29236874236874233,0.2498778998778999,2.32023688938272,27.848463199928176,45.03403301260001,450.340330126,70.21868131868132,0.12164428957808639,0.003151328047113793,0.0026933359149794852,0.012164428957808638
25,2025-02-14,11.714285714285714,0.3018925518925519,0.260989010989011,2.2867184735534822,27.903912250248208,45.034033012600005,450.340330126,70.20757020757021,0.12626369297978587,0.0032539814560404476,0.0028130982253939158,0.012626369297978586
25,2025-02-15,12.0,0.3078449328449328,0.2252747252747253,2.3390013718162495,27.959607590126932,45.034033012600005,450.340330126,69.83257020757021,0.12934329524758553,0.0033181398366196077,0.002428147941918959,0.01293432952475855
25,2025-02-16,12.428571428571429,0.31498778998779003,0.22765567765567768,2.3660195893655427,27.89974778256998,45.034033012600005,450.340330126,70.69685592185593,0.133962698649285,0.0033951298933145987,0.002453811294150623,0.013396269864928497
25,2025-02-17,12.142857142857142,0.33596681096681097,0.24264069264069263,2.2804290672582357,28.119453647112667,45.034033012600005,450.340330126,69.24830447330447,0.13088309638148535,0.0036212545353558325,0.002615328895608647,0.013088309638148535
25,2025-02-18,12.714285714285714,0.33596681096681097,0.2456168831168831,2.267492129440382,28.172114307288076,45.034033012600005,450.340330126,69.13223304473304,0.13704230091708466,0.003621254535355832,0.0026474080858982264,0.013704230091708467
25,2025-02-19,12.571428571428571,0.3577922077922078,0.23172799422799423,2.2148400132834474,28.307041806069723,45.034033012600005,450.340330126,68.78104256854257,0.13550249978318482,0.0038565019308127507,0.0024977051978801873,0.013550249978318482
25,2025-02-20,12.857142857142858,0.3628942486085343,0.27084364048649767,2.302442555435802,28.264646796697242,45.034033012600005,450.340330126,67.93240311276026,0.13858210205098448,0.00391149482845203,0.0029193174131146643,0.013858210205098448
25,2025-02-21,11.285714285714286,0.3764996907854051,0.2719774273345702,2.3593385577555073,28.313496273944878,45.034033012600005,450.340330126,64.89045299938157,0.12164428957808639,0.004058142555490109,0.002931538057034504,0.012164428957808638
25,2025-02-22,12.285714285714286,0.36102350030921454,0.2838821892393321,2.3348190809529084,28.385997873658685,45.034033012600005,450.340330126,64.88926252319109,0.1324228975153852,0.0038913307659842944,0.0030598548181928233,0.013242289751538516
25,2025-02-23,11.714285714285714,0.32033085961657387,0.31072201607915895,2.2032471352979406,28.564640223974067,45.034033012600005,450.340330126,65.1948902288188,0.12626369297978587,0.0034527207460249495,0.0033491507888043057,0.012626369297978586
25,2025-02-24,11.714285714285714,0.29435683364254794,0.33669604205318493,2.2642032940836754,28.283147202966358,45.034033012600005,450.340330126,66.51956555349412,0.12626369297978587,0.0031727569034977073,0.0036291146313315466,0.012626369297978586
25,2025-02-25,10.857142857142858,0.30149969078540506,0.30276747062461346,2.3033466207135467,28.287954113461005,45.034033012600005,450.340330126,65.24992269635126,0.11702488617638689,0.0032497469601926988,0.003263411862030338,0.011702488617638689
25,2025-02-26,11.0,0.29554730983302413,0.34840239125953415,2.2800806494044465,28.30315059891633,45.034033012600005,450.340330126,65.20428777571635,0.11856468731028673,0.00318558857961354,0.0037552927798038946,0.011856468731028674
25,2025-02-27,10.0,0.29554730983302413,0.3381983096268811,2.2387418222280706,28.282036049053147,45.034033012600005,450.340330126,64.49000206143063,0.10778607937298794,0.0031855885796135395,0.003645306984525335,0.010778607937298793
25,2025-02-28,11.142857142857142,0.28194186765615337,0.3259534116676974,2.1754994893826547,28.308255105380635,45.034033012600005,450.34033012599997,67.46687280972995,0.12010448844418656,0.0030389408525754607,0.003513324030191064,0.012010448844418655
25,2025-03-01,11.142857142857142,0.3105132962275819,0.29738198309626884,2.255842074179958,28.31384926641167,45.034033012600005,450.34033012599997,65.58115852401566,0.12010448844418656,0.0033469010793554265,0.0032053638034110986,0.012010448844418653
25,2025-03-02,13.0,0.35001546072974643,0.2800659657802515,2.3051739367052173,28.27529761829403,45.034033012600005,450.34033012599997,64.10172129457844,0.14012190318488432,0.003772679423198939,0.0030187212417262708,0.014012190318488429
25,2025-03-03,13.0,0.3500154607297464,0.2670789527932385,2.323438256731425,28.333201414512807,45.034033012600005,450.34033012599997,63.426396619253765,0.14012190318488432,0.003772679423198939,0.0028787393204626507,0.014012190318488429
25,2025-03-04,14.0,0.34917512459529265,0.28892769228903686,2.306801324559306,28.335870222010783,45.0340330126,450.34033012599997,63.53900166127057,0.1509005111221831,0.003763621769470117,0.0031142383174120355,0.015090051112218311
25,2025-03-05,15.285714285714286,0.35711163253180056,0.2809911843525289,2.3080021749764197,28.274158277037746,45.034033012600005,450.34033012599997,63.50725562952454,0.16475872132728156,0.003849166276908996,0.0030286938099731565,0.016475872132728154
25,2025-03-06,16.142857142857142,0.40420739391327626,0.2621528797999387,2.2343916618519537,28.212684070542828,45.034033012600005,450.34033012599997,65.53080351021528,0.17399752813068053,0.004356793024348499,0.002825643110997355,0.01739975281306805
25,2025-03-07,15.428571428571429,0.41373120343708575,0.3050100226570815,2.253187393809179,28.08448400339298,45.034033012600005,450.340330126,65.13556541497717,0.1662985224611814,0.004459446433275155,0.0032875834511673038,0.016629852246118137
25,2025-03-08,16.285714285714285,0.40828902656633753,0.31317328796320393,2.2473137959734983,27.935583751611926,45.0340330126,450.340330126,65.29202800001119,0.17553732926458035,0.004400787342459923,0.0033755720873901505,0.017553732926458034
25,2025-03-09,15.714285714285714,0.392812836090147,0.3084113832012992,2.197929591766194,27.902994303655653,45.034033012600005,450.340330126,66.75393276191595,0.16937812472898103,0.004233975552954109,0.003324245382926823,0.016937812472898103
25,2025-03-10,17.0,0.40385179712910807,0.2837360585259745,2.2311367051064854,28.009413955366433,45.034033012600005,450.340330126,66.12016652814972,0.18323633493407948,0.004352960186028186,0.0030582797325259437,0.01832363349340795
25,2025-03-11,16.142857142857142,0.40079602936745795,0.2982509553938125,2.2553636516358595,27.911352520553415,45.034033012600005,450.340330126,67.90626278483421,0.1739975281306805,0.004320023263377922,0.0032147301151146967,0.01739975281306805
25,2025-03-12,16.0,0.38725728053459146,0.30151892925002166,2.2477688740232162,27.885696221635744,45.034033012600005,450.340330126,67.69897987166894,0.1724577269967807,0.004174094397746893,0.003249954324060117,0.01724577269967807
25,2025-03-13,15.571428571428571,0.29934519262250353,0.3081123358434283,2.2533362143859104,27.96136397086685,45.034033012600005,450.340330126,67.56930954199862,0.1678383235950812,0.0032265244691931532,0.003321022068701648,0.01678383235950812
25,2025-03-14,17.142857142857142,0.28982138309869404,0.26389464876859836,2.264185881470474,28.023053372914433,45.034033012600005,450.340330126,68.55910546036597,0.18477613606797932,0.003123871060266498,0.0028444169558278914,0.018477613606797928
25,2025-03-15,16.571428571428573,0.29582378405907817,0.26189384844847036,2.310013064072439,28.15606226541153,45.034033012600005,450.340330126,69.60152242715269,0.17861693153238,0.003188568586900944,0.002822851113616409,0.017861693153238
25,2025-03-16,14.571428571428571,0.3172523554876496,0.2666557532103751,2.2996231074282214,28.270646115717593,45.034033012600005,450.340330126,69.53247480810505,0.15705971565778243,0.003419538756985918,0.002874177818079737,0.01570597156577824
25,2025-03-17,14.142857142857142,0.3092691622103387,0.285983484302812,2.2452452318990166,28.301594534095475,45.034033012600005,450.340330126,69.31062606860927,0.15244031225608293,0.0033334910465621045,0.0030825038538426545,0.015244031225608292
25,2025-03-18,17.571428571428573,0.27847138855542214,0.24961984793917566,2.2092593819796766,28.233959932314058,45.034033012600005,450.340330126,68.73029211684674,0.18939553946967883,0.00300153391899409,0.002690554474304517,0.01893955394696788
25,2025-03-19,18.0,0.3007402961184474,0.2265106042416967,2.2447218109936244,28.199822667797893,45.034033012600005,450.340330126,68.90424169667868,0.19401494287137827,0.0032415617428078864,0.002441468996761898,0.019401494287137826
25,2025-03-20,18.428571428571427,0.32271831809646934,0.21991719764829012,2.236599185121562,28.191620583782935,45.034033012600005,450.340330126,67.60534059777757,0.19863434627307777,0.0034784542249463213,0.002370401252120367,0.019863434627307774
25,2025-03-21,17.0,0.3010732964514477,0.20569332628156162,2.28223855699923,28.102697304313153,45.034033012600005,450.340330126,66.32333688720243,0.1832363349340795,0.003245151022840287,0.0022170877193078303,0.018323633493407952
25,2025-03-22,16.857142857142858,0.28741783426657375,0.21619752796223388,2.2368132613771627,28.069383606524287,45.034033012600005,450.340330126,65.8417192401436,0.18169653380017967,0.003097964149746921,0.0023303083909181114,0.018169653380017966
25,2025-03-23,18.285714285714285,0.27848926283800235,0.20429276605747196,2.2537900523444185,27.973300954642784,45.034033012600005,450.340330126,65.14826685919124,0.19709454513917793,0.003001726578878182,0.0022019916297597924,0.01970945451391779
25,2025-03-24,17.142857142857142,0.2840915037343609,0.20242535242535245,2.264300454442336,27.811277785527956,45.034033012600005,450.340330126,65.8494806780521,0.18477613606797932,0.003062110937070332,0.002181863510362409,0.018477613606797928
25,2025-03-25,14.571428571428571,0.3263484064954653,0.21587073057661293,2.2177317865868784,27.93341708643834,45.034033012600005,450.340330126,65.64371837313014,0.15705971565778243,0.0035175815245768356,0.0023267859700235693,0.015705971565778243
25,2025-03-26,13.571428571428571,0.3609637911108499,0.25707952178540416,2.1468638569523018,28.023949107046946,45.034033012600005,450.340330126,66.51954254895432,0.1462811077204836,0.003890687183944871,0.002770959374033135,0.01462811077204836
25,2025-03-27,13.285714285714286,0.36495979510685395,0.2740625387684211,2.217701791048815,28.02591745974247,45.034033012600005,450.340330126,66.08597611538788,0.14320150545268398,0.003933758544333677,0.0029540126556855625,0.014320150545268395
25,2025-03-28,14.0,0.35684291198997087,0.29678981149569383,2.134064544653403,28.122882339836245,45.034033012600005,450.340330126,67.02996962188139,0.15090051112218308,0.0038462698435439142,0.0031989810178968984,0.015090051112218311
25,2025-03-29,13.285714285714286,0.35521953536659423,0.3130235777294601,2.157591222105091,28.066275262370585,45.034033012600005,450.340330126,68.34733975175152,0.14320150545268398,0.0038287721033859615,0.0033739584194764243,0.014320150545268395
25,2025-03-30,13.0,0.3335358618972064,0.2977174552804805,2.216745175988927,28.06137430943203,45.034033012600005,450.340330126,69.41494179256784,0.14012190318488432,0.0035950522884190235,0.0032089797265585857,0.014012190318488429
25,2025-03-31,13.428571428571429,0.3335358618972064,0.27787618543921067,2.188990864321015,28.238488523378663,45.0340330126,450.340330126,69.15700528463132,0.14474130658658382,0.003595052288419023,0.0029951184579613877,0.014474130658658378
25,2025-04-01,13.0,0.3035238570952857,0.2766757052471338,2.159390796236957,28.239596761382284,45.034033012600005,450.340330126,69.3892982017982,0.14012190318488432,0.003271564655246791,0.002982178952634498,0.014012190318488429
25,2025-04-02,12.714285714285714,0.2695578231292517,0.2257266542980829,2.2557184392510328,28.201759263109686,45.034033012600005,450.340330126,68.97970779220779,0.13704230091708466,0.002905458091941937,0.0024330191076772168,0.013704230091708467
25,2025-04-03,13.0,0.3314958850673136,0.25269968127110987,2.185639095746964,28.20303162620205,45.034033012600005,450.340330126,70.6879995004995,0.14012190318488432,0.0035730641779684355,0.00272375079030166,0.014012190318488429
25,2025-04-04,12.857142857142858,0.4184006469720755,0.25508063365206224,2.184676372414679,28.253691453148086,45.0340330126,450.340330126,69.17430902430903,0.1385821020509845,0.004509776534424164,0.0027494141425333236,0.013858210205098448
25,2025-04-05,13.857142857142858,0.3981986267700553,0.25868813725956585,2.1490639938112985,28.196378455100984,45.034033012600005,450.340330126,68.79047064047064,0.1493607099882833,0.004292026879125199,0.002788298009550996,0.014936070998828327
25,2025-04-06,14.571428571428571,0.4100138791868115,0.2608363649717033,2.1367553855237436,28.145999593236528,45.034033012600005,450.340330126,68.34363927634605,0.15705971565778243,0.004419378852605635,0.0028114529138201665,0.01570597156577824
25,2025-04-07,15.142857142857142,0.4248948315677638,0.2667887459240843,2.208803771860772,28.020234715385232,45.034033012600005,450.340330126,67.65613927634605,0.16321892019338174,0.004579774804053534,0.002875611294399326,0.01632189201933817
25,2025-04-08,14.714285714285714,0.4564347202505097,0.264933458354511,2.2281957235977496,28.025762198607715,45.034033012600005,450.340330126,67.88526729118834,0.15859951679168224,0.004919730898550898,0.0028556138770759513,0.015859951679168222
25,2025-04-09,15.285714285714286,0.4295948934106829,0.2580070514281041,2.2417662341093676,28.081803526615026,45.034033012600005,450.340330126,67.29998590590695,0.1647587213272816,0.0046304349279394155,0.0027809568524020203,0.016475872132728154
25,2025-04-10,16.0,0.37342883724462667,0.23969203311308576,2.259001450172108,28.03101413225011,45.034033012600005,450.340330126,66.37812998405103,0.1724577269967807,0.004025043029141193,0.0025835464506199913,0.01724577269967807
25,2025-04-11,15.0,0.32223836105415055,0.2194539378749905,2.260945584980353,28.02153776281489,45.034033012600005,450.340330126,67.54360617452723,0.1616791190594819,0.0034732809561604213,0.0023654079566508487,0.016167911905948188
25,2025-04-12,15.142857142857142,0.36568029923293077,0.19397357028935977,2.335362565200287,28.17277210786214,45.034033012600005,450.340330126,66.30133382699172,0.16321892019338174,0.003941524575825866,0.0020907650643470785,0.01632189201933817
25,2025-04-13,15.0,0.3765407837776259,0.21903622693096378,2.3632610276931243,28.121152032464522,45.034033012600005,450.340330126,65.58830124553809,0.16167911905948193,0.004058585480742227,0.0023609056141540657,0.016167911905948188
25,2025-04-14,15.571428571428571,0.34975506949191165,0.22975051264524948,2.2800173409296542,28.12448933640871,45.034033012600005,450.340330126,66.57580124553809,0.16783832359508125,0.0037698727681360097,0.002476390699196553,0.01678383235950812
25,2025-04-15,15.714285714285714,0.32161654135338347,0.23840852130325815,2.3320943325970425,28.176408505642964,45.034033012600005,450.340330126,66.5422514619883,0.16937812472898103,0.003466578605398165,0.0025697119800389668,0.016937812472898103
25,2025-04-16,15.714285714285714,0.32161654135338347,0.2479323308270677,2.272389871106116,28.131634821957512,45.034033012600005,450.340330126,66.86606098579783,0.16937812472898103,0.0034665786053981644,0.002672365388965622,0.016937812472898103
25,2025-04-17,15.0,0.3228375425743847,0.244269327164064,2.289661165826217,28.16793361048089,45.034033012600005,450.340330126,66.76593888567572,0.16167911905948193,0.0034797392988503003,0.0026328833086092162,0.016167911905948188
25,2025-04-18,17.571428571428573,0.3132221579590001,0.2648737227684596,2.267535863422451,28.16124021295358,45.034033012600005,450.340330126,66.56676306149991,0.18939553946967883,0.0033760988379147347,0.002854970010613999,0.01893955394696788
25,2025-04-19,17.714285714285715,0.2808913308913309,0.2847985347985348,2.2300388668361384,28.231469253857966,45.034033012600005,450.340330126,66.64157509157509,0.1909353406035786,0.0030276175286637207,0.0030697317477105537,0.01909353406035786
25,2025-04-20,17.571428571428573,0.2678194354664943,0.2707929325576384,2.2332526595313764,28.330814685310767,45.034033012600005,450.340330126,65.84465632406808,0.18939553946967877,0.0028867206928820375,0.002918770852230179,0.01893955394696788
25,2025-04-21,17.285714285714285,0.30353372118078,0.2660310277957337,2.2541560112520687,28.448026249737186,45.034033012600005,450.340330126,65.19941822883,0.18631593720187917,0.0032716709763569948,0.002867444147766851,0.018631593720187915
25,2025-04-22,17.857142857142858,0.3065099116569705,0.24519769446240036,2.219364931622514,28.35467725357447,45.034033012600005,450.340330126,64.59822775263952,0.19247514173747846,0.003303750166646574,0.002642889815739793,0.019247514173747843
25,2025-04-23,18.142857142857142,0.3188348416289593,0.2502397112691231,2.2241188661405595,28.368371735998824,45.034033012600005,450.340330126,64.177499461323,0.1955547440052781,0.0034365957546693047,0.0026972357381127277,0.019555474400527812
25,2025-04-24,17.857142857142858,0.29885482164893934,0.25823171926113103,2.1638300168475455,28.300250135630183,45.034033012600005,450.340330126,65.20547148929502,0.19247514173747843,0.0032212389527252723,0.0027833784588903406,0.019247514173747843
25,2025-04-25,16.142857142857142,0.31612326748881375,0.2401783440648987,2.1838961701611157,28.293560796941474,45.034033012600005,450.340330126,65.44801466040963,0.17399752813068053,0.003407368760119757,0.0025887882057051975,0.01739975281306805
25,2025-04-26,15.714285714285714,0.3068795700098221,0.21538842809851216,2.113901739580906,28.15734385364149,45.034033012600005,450.340330126,66.71818272763652,0.1693781247289811,0.0033077345691027095,0.002321587420704933,0.016937812472898103
25,2025-04-27,14.571428571428571,0.3516974971806905,0.2293940303394085,2.031768678840808,28.117288088538913,45.034033012600005,450.340330126,68.15795863800065,0.15705971565778243,0.0037908094346399105,0.0024725483161853086,0.01570597156577824
25,2025-04-28,13.714285714285714,0.32788797337116665,0.2293940303394085,2.0638393523061622,28.03110795271153,45.034033012600005,450.340330126,68.52700625704827,0.14782090885438345,0.0035341759123232726,0.0024725483161853086,0.014782090885438344
25,2025-04-29,13.714285714285714,0.33681654479973805,0.2561797446251228,2.1193369575146126,28.212206388446354,45.034033012600005,450.340330126,67.33950625704827,0.14782090885438345,0.003630413483192011,0.002761261028791526,0.014782090885438345
25,2025-04-30,12.857142857142858,0.33834442868056314,0.2485403252209975,2.0260529373987946,28.200128066097225,45.034033012600005,450.340330126,68.54118692931718,0.13858210205098448,0.0036468819445171436,0.0026789187221658672,0.013858210205098448
25,2025-05-01,12.857142857142858,0.36431845465458906,0.20957928625995856,2.1247345921910976,28.293058214745177,45.0340330126,450.34033012599997,68.22949861762888,0.13858210205098448,0.0039268457870443845,0.002258972958375005,0.013858210205098448
25,2025-05-02,13.285714285714286,0.36191749427043546,0.22278456837280367,2.125707645653637,28.316184245898434,45.034033012600005,450.34033012599997,68.08844219505984,0.14320150545268398,0.003900966776390606,0.0024013075169707875,0.014320150545268398
25,2025-05-03,13.571428571428571,0.37341683084717137,0.21261207832415266,2.1297218628282626,28.305190997792298,45.034033012600005,450.34033012599997,67.99158239850965,0.1462811077204836,0.0040249136168902825,0.0022916622349903044,0.01462811077204836
25,2025-05-04,14.571428571428571,0.3496073070376476,0.1917787449908193,2.2077058660325943,28.326536376174698,45.034033012600005,450.34033012599997,66.52134430327155,0.15705971565778243,0.003768280094573645,0.0020671079029632457,0.01570597156577824
25,2025-05-05,13.571428571428571,0.38770254513288566,0.1679692211812955,2.1512046945331322,28.366330491135052,45.034033012600005,450.34033012599997,66.6189633508906,0.1462811077204836,0.0041788937302802654,0.0018104743806466078,0.01462811077204836
25,2025-05-06,13.0,0.3996073070376475,0.12630255451462882,2.148014750675529,28.290509383759034,45.034033012600005,450.34033012599997,67.34813001755727,0.14012190318488432,0.004307210491438585,0.0013613657165924917,0.014012190318488429
25,2025-05-07,14.285714285714286,0.38337354080388136,0.11461424282631714,2.2472343419180456,28.290316203350468,45.034033012600005,450.34033012599997,65.2909871604144,0.15398011338998277,0.0041322330898590585,0.001235381987455233,0.015398011338998275
25,2025-05-08,15.0,0.39798393041427094,0.11948437269644703,2.1756728476741105,28.350361230680274,45.034033012600005,450.340330126,65.08157157599882,0.16167911905948193,0.004289712751280632,0.001287875207929091,0.01616791190594819
25,2025-05-09,13.857142857142858,0.41852548036758563,0.11761695906432748,2.244552966005282,28.15207100042202,45.034033012600005,450.340330126,65.72489557226399,0.14936070998828327,0.004511122064651848,0.0012677470885317074,0.01493607099882833
3,2025-01-01,17.857142857142858,0.40494298966165976,0.17267917859350085,1.9110891095286076,26.739166587774914,41.01180070778333,246.0708042467,60.03902816067138,0.2603002059594241,0.005902777642202278,0.0025171118421563774,0.04338336765990402
3,2025-01-02,17.857142857142858,0.3960144182330883,0.18160775002207227,1.9068717289403572,26.68369559365954,41.01180070778333,246.0708042467,59.96759958924281,0.2603002059594241,0.005772627539222566,0.0026472619451360893,0.04338336765990402
3,2025-01-03,17.428571428571427,0.39051991273858283,0.1946572005715228,1.9240404206044806,26.702752459289947,41.01180070778333,246.0708042467,59.92501717166039,0.25405300101639794,0.0056925351681581275,0.0028374813264141303,0.04234216683606633
3,2025-01-04,17.0,0.35315727537594543,0.18696489287921514,1.9278370178379802,26.67810878577919,41.01180070778333,246.07080424669996,59.99644574308896,0.24780579607337175,0.005147907044919949,0.0027253520069239166,0.041300966012228636
3,2025-01-05,16.428571428571427,0.3737522410510027,0.22717411157813633,1.9006020612724026,26.665195256741388,41.01180070778333,246.0708042467,59.84966574962704,0.23947618948267022,0.00544811597810885,0.003311474209816533,0.039912698247111696
3,2025-01-06,17.0,0.3693504803467209,0.18875874543167775,1.927455933024492,26.75447798380214,41.01180070778333,246.0708042467,59.73762093169988,0.24780579607337175,0.005383952341905967,0.002751500657500461,0.04130096601222862
3,2025-01-07,16.857142857142858,0.38895832348397585,0.1574795670936759,2.0256177079305853,26.810584920188,41.01180070778333,246.0708042467,59.234819811251704,0.24572339442569638,0.005669772175900629,0.002295549969937548,0.04095389907094939
3,2025-01-08,16.0,0.38814663517228754,0.1712782683923772,2.044140068259831,26.86393389966859,41.01180070778333,246.0708042467,59.083845785277674,0.23322898453964402,0.005657940348357018,0.002496691038178921,0.038871497423274
3,2025-01-09,15.571428571428571,0.37647081099646335,0.16647057608468488,2.028894924718087,26.9264183864721,41.01180070778333,246.0708042467,58.92107106000295,0.22698177959661783,0.005487744059845088,0.002426610213497538,0.037830296599436306
3,2025-01-10,15.714285714285714,0.39216939812362195,0.17510479900462209,2.005516810262281,26.81030073763518,41.01180070778333,246.0708042467,58.920286130646595,0.22906418124429326,0.005716579405743482,0.002552469653741655,0.03817736354071554
3,2025-01-11,16.714285714285715,0.43082486030849587,0.18602916875252123,1.9500717676509056,26.738436341192454,41.01180070778333,246.0708042467,58.88247100459618,0.24364099277802098,0.0062800527927615295,0.002711712132681538,0.04060683212967016
3,2025-01-12,16.142857142857142,0.39573714101025026,0.15244520885277188,1.9847110356518274,26.70420121773818,41.01180070778333,246.0708042467,58.90502739557361,0.23531138618731937,0.00576858572140266,0.002222165078666621,0.03921856436455323
3,2025-01-13,15.428571428571429,0.39488680087419586,0.1498941884446086,1.9696479840595076,26.601697714550905,41.01180070778333,246.0708042467,59.47347977652599,0.2248993779489424,0.005756190473499831,0.0021849793349581316,0.03748322965815708
3,2025-01-14,15.0,0.3786803182811586,0.17210307199802996,1.9402271769268222,26.4846662450884,41.01180070778333,246.0708042467,59.87083872010343,0.21865217300591627,0.0055199516311164884,0.0025087140448908606,0.03644202883431937
3,2025-01-15,15.857142857142858,0.36001148711232744,0.19077190316686113,1.908398463985867,26.393425337644175,41.01180070778333,246.07080424669996,59.904929629194335,0.2311465828919686,0.0052478195976134534,0.002780846078393895,0.03852443048199477
3,2025-01-16,16.857142857142858,0.39133016843100876,0.19736530976026773,1.920351235319923,26.334606968517715,41.01180070778333,246.0708042467,60.123061497326205,0.24572339442569638,0.005704346112680752,0.0028769569236712206,0.040953899070949394
3,2025-01-17,17.428571428571427,0.3652530709253399,0.17468957279881647,1.9897231057102105,26.553657158440114,41.01180070778333,246.0708042467,59.82714312997926,0.25405300101639794,0.005324225176993974,0.002546416979595762,0.04234216683606633
3,2025-01-18,17.857142857142858,0.36945475159760877,0.17805091733663161,2.0015373658665085,26.692713092209534,41.01180070778333,246.0708042467,59.35067254174397,0.2603002059594241,0.005385472284278545,0.002595414665423418,0.043383367659904026
3,2025-01-19,18.0,0.38433570397856115,0.22150329828901258,1.9395598436804231,26.650992619787566,41.01180070778333,246.07080424669996,59.30602968460112,0.2623826076070995,0.005602389122578064,0.0032288118332580162,0.04373043460118325
3,2025-01-20,18.0,0.42897856112141824,0.230431869717584,1.9209907568906546,26.62695275293081,41.01180070778333,246.0708042467,59.05602968460112,0.2623826076070995,0.006253139637476624,0.003358961936237728,0.04373043460118325
3,2025-01-21,17.428571428571427,0.4636724386724387,0.1998196248196248,1.9453885461746445,26.787931448728386,41.01180070778333,246.0708042467,58.56623376623377,0.254053001016398,0.006758865751912077,0.0029127330117358586,0.04234216683606632
3,2025-01-22,15.857142857142858,0.47665945165945167,0.1803391053391053,1.91304888346947,26.872929093210253,41.01180070778333,246.0708042467,58.59220779220779,0.23114658289196863,0.00694817499260984,0.0026287691506892146,0.03852443048199477
3,2025-01-23,16.142857142857142,0.4708152958152958,0.18423520923520922,1.95798636099502,26.897770901036466,41.01180070778333,246.07080424669996,58.91103896103896,0.23531138618731942,0.006862985834295845,0.002685561922898543,0.03921856436455323
3,2025-01-24,14.857142857142858,0.47875180375180376,0.19217171717171716,1.8694695953215743,26.697976422428262,41.01180070778333,246.07080424669996,59.641197691197696,0.21656977135824088,0.006978674814722257,0.002801250903324954,0.036094961893040144
3,2025-01-25,14.714285714285714,0.505067593225488,0.2087130705551758,1.8612938159874124,26.646907185450893,41.01180070778333,246.0708042467,59.82089693931799,0.21448736971056545,0.007362275118241409,0.0030423710941084206,0.03574789495176091
3,2025-01-26,15.285714285714286,0.5211390217969166,0.17478449912660438,1.9344282871512715,26.737026199567804,41.01180070778333,246.0708042467,59.85839693931799,0.22281697630126707,0.00759654530360489,0.0025478007027855145,0.03713616271687784
3,2025-01-27,15.571428571428571,0.4864167995746943,0.17974481658692182,1.939022711453889,26.81020300345758,41.01180070778333,246.07080424669996,59.85740487582593,0.22698177959661786,0.007090406014239344,0.0026201063155520212,0.037830296599436306
3,2025-01-28,17.714285714285715,0.4749882281461229,0.19688767372977897,1.8908271867473123,26.672169474259288,41.01180070778333,246.0708042467,60.71454773296879,0.25821780431174873,0.0069238138824253125,0.0028699945132730684,0.04303630071862479
3,2025-01-29,18.285714285714285,0.4836462368041316,0.2090088858509911,1.9152382882869785,26.62015962411672,41.01180070778333,246.0708042467,60.950911369332424,0.2665474109024503,0.007050020042890488,0.0030466831379243144,0.04442456848374172
3,2025-01-30,18.142857142857142,0.45921828380475,0.21735767991407087,1.8819102175369182,26.635979200645924,41.01180070778333,246.0708042467,60.66303258145364,0.26446500925477495,0.006693938375863744,0.0031683819355157327,0.044077501542462476
3,2025-01-31,19.0,0.42429764888411503,0.25862752118391213,1.9694374086362187,26.780034553607717,41.01180070778333,246.0708042467,60.228111946533,0.2769594191408273,0.006184906861987535,0.003769964633733069,0.04615990319013787
3,2025-02-01,19.428571428571427,0.37850133992991136,0.2459822716965574,1.885028721511672,26.805537901159607,41.01180070778333,246.07080424669996,60.40685425685426,0.28320662408385344,0.00551734269742174,0.003585637215158931,0.04720110401397558
3,2025-02-02,19.142857142857142,0.3396124510410225,0.2570933828076685,1.8399431581538557,26.724065544776362,41.01180070778333,246.0708042467,61.12828282828283,0.27904182078850265,0.004950466693332327,0.0037476017877559062,0.046506970131417115
3,2025-02-03,18.571428571428573,0.32714079571222426,0.266163677592249,1.865986111090267,26.806905631748315,41.01180070778333,246.0708042467,61.048917748917745,0.27071221419780106,0.004768669724090824,0.00387981776538609,0.04511870236630018
3,2025-02-04,16.714285714285715,0.28856936714079573,0.2847351061636776,1.8832922556324863,26.83013843050353,41.01180070778333,246.0708042467,60.965584415584416,0.24364099277802098,0.004206421279218469,0.004150529979583891,0.040606832129670166
3,2025-02-05,16.714285714285715,0.28856936714079573,0.2656874871160585,1.9487778998795278,26.87314278357229,41.01180070778333,246.0708042467,60.984632034632035,0.24364099277802098,0.004206421279218469,0.0038728764265605056,0.04060683212967016
3,2025-02-06,16.285714285714285,0.29423830138115853,0.24074417645846216,1.9539130075163968,26.850038493043844,41.01180070778333,246.0708042467,60.778282828282826,0.2373937878349948,0.004289056265237333,0.0035092824880775,0.03956563130583247
3,2025-02-07,16.714285714285715,0.3132859204287776,0.19947433518862093,1.9064387719863978,26.81050751592401,41.01180070778333,246.0708042467,60.77669552669552,0.24364099277802098,0.004566709818260719,0.002907699789860164,0.04060683212967016
3,2025-02-08,15.285714285714286,0.3089569160997732,0.21462585034013607,1.9495188829321684,26.715318721668968,41.01180070778333,246.0708042467,60.730158730158735,0.22281697630126707,0.004503606738028131,0.0031285605706742213,0.03713616271687784
3,2025-02-09,14.857142857142858,0.30736961451247163,0.17494331065759636,1.9633881690339174,26.706659582490058,41.01180070778333,246.0708042467,60.16825396825397,0.21656977135824088,0.00448046894194285,0.0025501156685421677,0.036094961893040144
3,2025-02-10,14.571428571428571,0.3277777777777778,0.16984126984126982,1.952098184388675,26.609125654779003,41.01180070778333,246.0708042467,60.04920634920635,0.21240496806289008,0.004777954891610763,0.0024757441811251893,0.03540082801048168
3,2025-02-11,14.428571428571429,0.382972582972583,0.18607503607503606,1.9318687453583632,26.600234757022218,41.01180070778333,246.0708042467,60.02864357864358,0.21032256641521468,0.005582519164576256,0.0027123807319973927,0.03505376106920245
3,2025-02-12,13.571428571428571,0.39884559884559884,0.19877344877344877,1.8735224340392806,26.54223805753578,41.01180070778333,246.0708042467,59.758802308802316,0.19782815652916233,0.005813897125429076,0.00289748310067965,0.032971359421527055
3,2025-02-13,12.428571428571429,0.45916305916305916,0.1829004329004329,1.9384965088044228,26.666098089550243,41.01180070778333,246.0708042467,59.39848484848485,0.18116894334775918,0.006693133376669798,0.0026661051398268287,0.030194823891293198
3,2025-02-14,11.714285714285714,0.4445110445110445,0.23296148296148295,1.944172965527289,26.555078745320266,41.01180070778333,246.0708042467,60.159779109779116,0.17075693510938222,0.006479553720497963,0.0033958356317472654,0.02845948918489704
3,2025-02-15,11.714285714285714,0.504034854034854,0.19724719724719722,1.9987540868607403,26.664249637600737,41.01180070778333,246.0708042467,59.790731490731496,0.17075693510938222,0.007347221073696043,0.002875235219828417,0.028459489184897036
3,2025-02-16,11.571428571428571,0.5577763506334935,0.25847168704311557,1.965688293689991,26.68964968431273,41.01180070778333,246.0708042467,59.781207681207675,0.16867453346170683,0.00813060074115488,0.0037676930688321573,0.0281124222436178
3,2025-02-17,12.714285714285714,0.5220620649192078,0.25847168704311557,1.940664448586029,26.757543224278248,41.01180070778333,246.0708042467,59.9002553002553,0.18533374664310998,0.007610000329236033,0.0037676930688321573,0.03088895777385166
3,2025-02-18,13.428571428571429,0.5115101168672597,0.27795220652363506,1.9503537652036027,26.689810910274222,41.01180070778333,246.0708042467,60.20057997557998,0.19574575488148693,0.007456186571169101,0.004051656929878801,0.03262429248024782
3,2025-02-19,14.0,0.5139521193092621,0.31214024071166924,1.9406631979656719,26.64029765854147,41.01180070778333,246.0708042467,60.9282967032967,0.2040753614721885,0.007491783180531074,0.004550009460946418,0.03401256024536475
3,2025-02-20,15.285714285714286,0.4741024952491118,0.3572530226665565,1.863437411510643,26.600815079633698,41.01180070778333,246.0708042467,61.520026026604974,0.22281697630126704,0.006910902720916359,0.005207609981264962,0.03713616271687784
3,2025-02-21,16.285714285714285,0.4911354622820788,0.31274752816106194,1.8620727749367465,26.669656311614016,41.01180070778333,246.0708042467,60.89365240023135,0.2373937878349948,0.007159189071216118,0.0045588617756430125,0.03956563130583247
3,2025-02-22,16.285714285714285,0.4792307003773169,0.3246522900658239,1.9684413891248849,26.703822252919885,41.01180070778333,246.0708042467,60.66746192404088,0.2373937878349948,0.0069856556005765,0.004732395246282629,0.03956563130583247
3,2025-02-23,17.285714285714285,0.46222389765622846,0.2838359635352116,1.9712411511192212,26.664322139319513,41.01180070778333,246.0708042467,60.53821022336059,0.25197059936872257,0.006737750642519906,0.004137423346946802,0.04199509989478709
3,2025-02-24,17.142857142857142,0.46410359690434877,0.28571566278333194,1.9346488924181284,26.52311337712043,41.01180070778333,246.0708042467,61.13971398275909,0.24988819772104715,0.006765150664199846,0.004164823368626741,0.041648032953507864
3,2025-02-25,17.0,0.45993693023768206,0.27142994849761765,1.8951063616276485,26.540131128021397,41.01180070778333,246.0708042467,60.80995207799719,0.24780579607337175,0.006704413949475981,0.003956583203859202,0.04130096601222862
3,2025-02-26,17.857142857142858,0.46167203723594696,0.2430898675259577,1.9195521911548852,26.662155444362433,41.01180070778333,246.0708042467,60.09393125671322,0.2603002059594241,0.006729706277180539,0.0035434751846847314,0.04338336765990401
3,2025-02-27,17.714285714285715,0.457077216851653,0.23765962525361023,1.9249375841041707,26.603102579684435,41.01180070778333,246.0708042467,60.31490034610335,0.25821780431174873,0.006662728446407354,0.0034643195664982407,0.043036300718624784
3,2025-02-28,17.0,0.48326769304212913,0.22575486334884828,1.891198011972757,26.574030398178998,41.01180070778333,246.0708042467,60.429186060389064,0.24780579607337178,0.007044502081814509,0.003290786095858624,0.04130096601222862
3,2025-03-01,17.142857142857142,0.4539636637380998,0.2678794054733904,1.8115572962338256,26.43313762800086,41.01180070778333,246.0708042467,60.92460730581031,0.24988819772104717,0.0066173427694708395,0.0039048276073526504,0.04164803295350785
3,2025-03-02,17.142857142857142,0.4743718270034059,0.29509028982713187,1.815375290803513,26.4847600817718,41.01180070778333,246.0708042467,60.999437237783106,0.24988819772104715,0.0069148287191387525,0.004301475540243202,0.041648032953507864
3,2025-03-03,16.857142857142858,0.4956013714527646,0.2658996662092637,1.8553698103163243,26.5743181275044,41.01180070778333,246.0708042467,60.27188305821654,0.24572339442569638,0.007224287787523951,0.0038759693212135544,0.040953899070949394
3,2025-03-04,17.0,0.4819108952622884,0.2533996662092637,1.9024831927354715,26.80196946692356,41.01180070778333,246.0708042467,59.51235924869273,0.24780579607337175,0.007024724296288392,0.003693759177041958,0.04130096601222862
3,2025-03-05,16.142857142857142,0.45819776628600156,0.21580568124685767,1.8138909219034183,26.6970480535437,41.01180070778333,246.0708042467,59.74486358646022,0.23531138618731937,0.00667906248432608,0.00314575874344317,0.03921856436455323
3,2025-03-06,15.285714285714286,0.43835649644473174,0.21183742727860372,1.8881057922290974,26.737923444806306,41.01180070778333,246.0708042467,59.67740326899991,0.22281697630126704,0.0063898400332600535,0.003087914253229965,0.03713616271687784
3,2025-03-07,15.428571428571429,0.41573744882568414,0.24695647489765138,1.8937677927660164,26.64577670899863,41.01180070778333,246.0708042467,60.705974697571335,0.2248993779489424,0.006060126439044783,0.0035998379916168323,0.03748322965815708
3,2025-03-08,16.142857142857142,0.3974224305106658,0.22864145658263305,1.8769740009183946,26.715884697650267,41.01180070778333,246.0708042467,60.79388678548342,0.23531138618731942,0.005793151868829989,0.003332863421402038,0.03921856436455323
3,2025-03-09,15.714285714285714,0.34980338289161816,0.18895891690009337,1.8716318759530661,26.74192761322104,41.01180070778333,246.0708042467,60.856245062127414,0.22906418124429323,0.0050990179862715245,0.002754418519269984,0.03817736354071554
3,2025-03-10,15.571428571428571,0.3802655677655678,0.20734126984126983,1.9046253575432652,26.81011970680927,41.01180070778333,246.0708042467,60.64300976800977,0.22698177959661783,0.00554305951408466,0.00302237461363998,0.037830296599436306
3,2025-03-11,15.857142857142858,0.3812576312576313,0.18650793650793648,1.8264430873946844,26.650642406614672,41.01180070778333,246.0708042467,61.59935897435897,0.23114658289196863,0.005557520636637961,0.002718691040020652,0.03852443048199477
3,2025-03-12,17.285714285714285,0.38699102829537607,0.2237750172532781,1.897141583517404,26.66284168874369,41.01180070778333,246.0708042467,61.81961697722568,0.25197059936872257,0.0056410952847052,0.0032619262524577106,0.04199509989478709
3,2025-03-13,17.142857142857142,0.4291988205031683,0.22702177050003133,1.867993593730787,26.69118611282506,41.01180070778333,246.07080424669996,60.623729531338235,0.24988819772104717,0.00625635031697293,0.0033092535626321512,0.041648032953507864
3,2025-03-14,19.0,0.44459290917311906,0.2217877803522481,1.880694030340258,26.77000264490786,41.01180070778333,246.0708042467,59.697621156953986,0.2769594191408273,0.006480747046248296,0.0032329586746785268,0.04615990319013787
3,2025-03-15,18.714285714285715,0.4684024329826429,0.19202587559034331,1.8216886629863887,26.688274302516795,41.01180070778333,246.0708042467,59.85833544266827,0.2727946158454765,0.006827813987527528,0.0027991249980794867,0.04546576930757941
3,2025-03-16,18.857142857142858,0.5034901522808884,0.1991269616387978,1.8402744610098323,26.628204309952487,41.01180070778333,246.0708042467,59.93310570164907,0.27487701749315185,0.007339281058886397,0.002902636191092591,0.045812836248858645
3,2025-03-17,19.428571428571427,0.47849015228088854,0.19376981878165495,1.795307113090661,26.545275426951054,41.01180070778333,246.0708042467,60.23667713022049,0.28320662408385344,0.006974860770543203,0.002824546129304764,0.04720110401397558
3,2025-03-18,19.428571428571427,0.47055364434438063,0.20964283465467082,1.8388903816366293,26.540314016442274,41.01180070778333,246.0708042467,60.149375542918904,0.28320662408385344,0.006859171790116791,0.003055924090157585,0.04720110401397557
3,2025-03-19,18.428571428571427,0.48336420335059177,0.20809003962361494,1.7856402094577817,26.638167557552045,41.01180070778333,246.0708042467,59.9339252323599,0.2686298125501257,0.007045908894392031,0.0030332892896393743,0.044771635425020946
3,2025-03-20,19.571428571428573,0.46559250136836344,0.18416659464753835,1.7346479909522106,26.50083362068125,41.01180070778333,246.0708042467,61.08156706421226,0.28528902573152887,0.006786854143963514,0.0026845617409856012,0.047548170955254807
3,2025-03-21,18.285714285714285,0.4751984126984127,0.1661862990810359,1.7189924123134375,26.526002667374176,41.01180070778333,246.0708042467,60.90767543859649,0.2665474109024503,0.006926877703031341,0.0024224663611919738,0.04442456848374172
3,2025-03-22,18.571428571428573,0.49107142857142855,0.17213868003341684,1.709797359617794,26.5588045120064,41.01180070778333,246.0708042467,61.23108813700919,0.27071221419780106,0.0071582556638841634,0.0025092330965117817,0.045118702366300174
3,2025-03-23,18.285714285714285,0.46718819106590004,0.224327976804757,1.7075455190121491,26.524871239245993,41.01180070778333,246.0708042467,61.585356160007855,0.2665474109024503,0.006810114211950816,0.003269986639625393,0.04442456848374171
3,2025-03-24,17.857142857142858,0.45332264484741264,0.25331957344341244,1.6721027920005171,26.44000077567478,41.01180070778333,246.07080424670002,62.04964187429357,0.2603002059594241,0.006607998757911733,0.003692591679888929,0.043383367659904026
3,2025-03-25,16.714285714285715,0.440624232149,0.2707798909037299,1.6621961374911667,26.414873505196198,41.01180070778333,246.0708042467,62.63059425524596,0.24364099277802098,0.006422896389229477,0.003947107436827032,0.04060683212967016
3,2025-03-26,17.428571428571427,0.4325460008564829,0.26227648954318566,1.7259820240196464,26.42932392841686,41.01180070778333,246.0708042467,62.474556840279966,0.25405300101639794,0.006305141534152595,0.0038231549577987353,0.04234216683606632
3,2025-03-27,16.857142857142858,0.43906229158329996,0.27581032412965184,1.7990393277461436,26.533707361843234,41.01180070778333,246.0708042467,62.563278644791254,0.2457233944256964,0.006400128275976384,0.004020435113894299,0.040953899070949394
3,2025-03-28,17.142857142857142,0.43191943444044284,0.2998362981556259,1.8325565227102107,26.537769539622396,41.01180070778333,246.0708042467,63.065876047388656,0.24988819772104715,0.006296008193592614,0.0043706572091851605,0.041648032953507864
3,2025-03-29,16.857142857142858,0.416046418567427,0.2849553457746735,1.9146545622159714,26.654276406580774,41.01180070778333,246.0708042467,62.24246334897595,0.24572339442569638,0.006064630232739793,0.00415374037088564,0.040953899070949394
3,2025-03-30,17.0,0.4365879685207416,0.24947448676440273,1.9517014314479695,26.755804428850954,41.01180070778333,246.0708042467,61.789615543186976,0.24780579607337178,0.006364060535019915,0.0036365425760381573,0.04130096601222862
3,2025-03-31,17.0,0.4281846071762038,0.25787784810894054,1.9779696355437042,26.83759625746353,41.01180070778333,246.07080424669996,61.39465755999369,0.24780579607337178,0.006241566320450774,0.0037590367906072974,0.04130096601222862
3,2025-04-01,17.857142857142858,0.4478274643190609,0.2096635623946548,2.0190987966806175,26.950342829441304,41.01180070778333,246.0708042467,60.53394327427941,0.2603002059594241,0.00652789654700614,0.003056226234516852,0.04338336765990402
3,2025-04-02,17.142857142857142,0.43804855275443505,0.20030982089805618,1.9671187081743629,26.754078360716324,41.01180070778333,246.0708042467,61.65426640353111,0.24988819772104715,0.006385351196123599,0.002919878507585725,0.041648032953507864
3,2025-04-03,17.428571428571427,0.4218020541549953,0.18014175367116542,1.9150269719711657,26.738230604469116,41.01180070778333,246.0708042467,61.12149329428741,0.25405300101639794,0.0061485290479565925,0.0026258923926197873,0.04234216683606633
3,2025-04-04,18.285714285714285,0.4064959317060158,0.18060557556355875,1.9140961304230835,26.742459366249477,41.01180070778333,246.0708042467,60.586242830465515,0.26654741090245027,0.005925414585705659,0.002632653436930422,0.04442456848374172
3,2025-04-05,18.857142857142858,0.40649593170601567,0.20024843270641587,1.8921036394469772,26.69989291409258,41.01180070778333,246.0708042467,60.78267140189409,0.27487701749315185,0.005925414585705659,0.0029189836634857884,0.04581283624885864
3,2025-04-06,18.428571428571427,0.3842737094837935,0.19707382953181268,1.856510891238756,26.696194080204613,41.01180070778333,246.0708042467,61.1985444177671,0.2686298125501257,0.005601485440511708,0.002872708071315224,0.044771635425020946
3,2025-04-07,18.571428571428573,0.42162198212618385,0.1541233159930639,1.8922896193831809,26.74716018790223,41.01180070778333,246.0708042467,60.95858176603975,0.27071221419780106,0.006145904171930111,0.0022466265301840605,0.04511870236630018
3,2025-04-08,19.714285714285715,0.40674102974523146,0.17495664932639723,1.8852343839793841,26.72753122312194,41.01180070778333,246.0708042467,60.488343670801655,0.28737142737920424,0.005928987333630592,0.0025503101038033887,0.04789523789653404
3,2025-04-09,19.857142857142858,0.3957116179805256,0.1655028678137922,1.8877775813275979,26.811062360020024,41.01180070778333,246.0708042467,59.740969721221816,0.2894538290268796,0.0057682136770085945,0.0024125041124131055,0.04824230483781327
3,2025-04-10,19.857142857142858,0.4041149793250634,0.17390622915832998,1.8740970559694816,26.7017803501432,41.01180070778333,246.0708042467,60.0014739229025,0.2894538290268796,0.0058907078915777355,0.0025349983269822465,0.04824230483781327
3,2025-04-11,18.428571428571427,0.3956115779645192,0.1676704014939309,1.8636526102767303,26.68138558952771,41.01180070778333,246.07080424670002,60.015079365079366,0.2686298125501257,0.0057667554125494375,0.0024440998423614947,0.04477163542502094
3,2025-04-12,18.285714285714285,0.38433338247579735,0.15413656690746474,1.8090583686085304,26.661055743342622,41.01180070778333,246.0708042467,60.03011695906433,0.2665474109024503,0.005602355282469801,0.002246819686265931,0.04442456848374172
3,2025-04-13,18.285714285714285,0.4129048110472259,0.15413656690746474,1.8198279724838222,26.620480938063753,41.01180070778333,246.0708042467,60.01106934001671,0.26654741090245027,0.006018835612004879,0.002246819686265931,0.04442456848374171
3,2025-04-14,18.142857142857142,0.38395989974937345,0.13826355103444884,1.8273451396947835,26.623548258001442,41.01180070778333,246.07080424670002,60.04935131947515,0.26446500925477484,0.0055969110951556164,0.00201544172541311,0.04407750154246248
3,2025-04-15,17.285714285714285,0.3601503759398496,0.14024767801857582,1.809632908276528,26.56502904967352,41.01180070778333,246.0708042467,60.34697036709421,0.25197059936872257,0.005249844153876385,0.0020443639705197123,0.04199509989478709
3,2025-04-16,17.857142857142858,0.3741559781807459,0.1590552010277795,1.896547135053434,26.70158835165728,41.01180070778333,246.0708042467,59.674701459531185,0.2603002059594241,0.005454001178158286,0.0023185176888411226,0.04338336765990402
3,2025-04-17,18.0,0.3391419725785051,0.18986752595775153,1.8507328527603542,26.66266186360798,41.01180070778333,246.0708042467,60.41046243058627,0.2623826076070995,0.004943608617453533,0.0027676631422613057,0.04373043460118325
3,2025-04-18,18.428571428571427,0.3323392514900697,0.19100131280582408,1.802239838962082,26.614732401785854,41.01180070778333,246.0708042467,61.250598485008034,0.2686298125501257,0.004844446634230895,0.002784190139465078,0.044771635425020946
3,2025-04-19,18.428571428571427,0.34737684547503217,0.21355770378326766,1.9040957055914414,26.559507117965154,41.01180070778333,246.0708042467,61.19796690606067,0.2686298125501257,0.00506364680767041,0.003112990399624351,0.044771635425020946
3,2025-04-20,18.285714285714285,0.32288704955666475,0.23600668337510441,1.9164977536179895,26.579920743164678,41.01180070778333,246.0708042467,60.592524729189925,0.2665474109024503,0.004706663668068914,0.0034402249442590555,0.04442456848374172
3,2025-04-21,18.428571428571427,0.3042129132354696,0.2598162071846282,1.8721062591559783,26.45536535678507,41.01180070778333,246.0708042467,60.633607829096555,0.2686298125501257,0.004434454302359713,0.0037872918855382876,0.044771635425020946
3,2025-04-22,20.285714285714285,0.3310946336655771,0.2557199450238499,1.8454348201180577,26.49806943832591,41.01180070778333,246.0708042467,60.888600148605,0.2957010339699058,0.004826304074771749,0.0037275814440278815,0.04928350566165096
3,2025-04-23,19.428571428571427,0.34061844318938667,0.27612810828915607,1.770663553422165,26.328116691371484,41.01180070778333,246.0708042467,61.945743005747865,0.28320662408385344,0.004965130851283442,0.004025067393695795,0.04720110401397558
3,2025-04-24,20.0,0.3817439843149278,0.2544830866441344,1.8761298993385274,26.50800481428157,41.01180070778333,246.0708042467,61.031601591606446,0.291536230674555,0.005564610113493024,0.003709551992532857,0.048589371779092505
3,2025-04-25,19.571428571428573,0.39648321333987113,0.2454127918595539,1.9589235442916366,26.639988724886468,41.01180070778333,246.07080424669996,60.135909981629126,0.28528902573152887,0.0057794610771420745,0.0035773360149026733,0.047548170955254807
3,2025-04-26,19.0,0.3689142910341067,0.2173426164209574,1.9345661910856258,26.680252466269586,41.01180070778333,246.0708042467,60.41159920468676,0.2769594191408272,0.005377594092502963,0.0031681623578155784,0.04615990319013787
3,2025-04-27,20.571428571428573,0.35340408695247405,0.2348936368291207,1.8973155100382637,26.649232771578802,41.01180070778333,246.0708042467,60.73894614346227,0.2998658372652566,0.005151504770755349,0.0034240002745299833,0.049977639544209425
3,2025-04-28,21.714285714285715,0.35462508817347527,0.24405114598662983,1.9816164755750176,26.732567867612026,41.01180070778333,246.0708042467,60.07472147923761,0.31652505044665974,0.0051693030754363335,0.0035574875596373805,0.05275417507444329
3,2025-04-29,21.714285714285715,0.37305826789697755,0.25326773584838097,2.018674125744669,26.63415005735927,41.01180070778333,246.07080424669996,59.89960627186434,0.3165250504466597,0.00543800006223316,0.0036918360530357936,0.05275417507444329
3,2025-04-30,21.428571428571427,0.35987145471016435,0.23861572119636634,2.0537658666344676,26.70099935183824,41.01180070778333,246.0708042467,58.99630956856764,0.3123602471513089,0.005245778371678508,0.0034782563968639582,0.052060041191884836
3,2025-05-01,20.714285714285715,0.32014647380871286,0.22944841791141599,1.9911507806528277,26.564060316139155,41.01180070778333,246.0708042467,59.494017742746394,0.30194823891293193,0.004666714811897115,0.003344626344606714,0.05032470648548866
3,2025-05-02,21.142857142857142,0.3394208502259465,0.21811054943069036,1.9674544855488565,26.457240097860602,41.01180070778333,246.0708042467,59.818280781295144,0.30819544385595815,0.004947673764361256,0.003179356372568984,0.051365907309326365
3,2025-05-03,21.285714285714285,0.36323037403547026,0.2621581684783094,1.979945445309431,26.478610833557436,41.01180070778333,246.0708042467,59.56232840034277,0.3102778455036335,0.005294740705640488,0.0038214302139355635,0.051712974250605594
3,2025-05-04,19.714285714285715,0.34812833321914377,0.22419898480484005,1.9609569572461403,26.418779951740397,41.01180070778333,246.0708042467,60.21457329830196,0.28737142737920424,0.005074601102886231,0.003268106347553245,0.04789523789653404
3,2025-05-05,18.285714285714285,0.34194701453782506,0.21801766612352136,1.9158364603687215,26.4197942001603,41.01180070778333,246.0708042467,60.871853518082176,0.26654741090245027,0.004984497185438739,0.003178002430105752,0.04442456848374172
3,2025-05-06,16.857142857142858,0.33404708037060976,0.22877035429556436,1.8774187660849677,26.426529799020066,41.01180070778333,246.0708042467,61.32939137193339,0.24572339442569632,0.004869341333954385,0.0033347423390705662,0.040953899070949394
3,2025-05-07,17.714285714285715,0.3427226153619342,0.218359712305975,1.904142226294775,26.38770270075261,41.01180070778333,246.0708042467,60.86727454139551,0.25821780431174873,0.004995802972477183,0.0031829883728432097,0.04303630071862479
3,2025-05-08,17.857142857142858,0.3730680868838764,0.21742600548991525,1.8872941232948008,26.459144870533912,41.01180070778333,246.0708042467,61.06148555913593,0.2603002059594241,0.005438143191754635,0.0031693779045577496,0.04338336765990402
3,2025-05-09,17.285714285714285,0.35706168432285196,0.20542120356914692,1.8773404321943334,26.567156712857603,41.01180070778333,246.0708042467,60.68493493888784,0.25197059936872257,0.005204820878289605,0.0029943861694589767,0.0419950998947871
4,2025-01-01,17.857142857142858,0.4499259381171824,0.15088684357117538,3.676950913956005,31.729446235824277,46.70133255513333,560.4159906616,61.35592431761786,0.18676914922649784,0.004705807941916484,0.0015781364145825655,0.015564095768874821
4,2025-01-02,18.571428571428573,0.45358894178018605,0.17958037226470405,3.6473900438257734,31.807809949663742,46.70133255513333,560.4159906616,62.41453237622592,0.19423991519555778,0.004744119562270638,0.001878244107356767,0.016186659599629814
4,2025-01-03,19.428571428571427,0.44542567647406356,0.16019261716266325,3.612503175592276,31.750589164392455,46.70133255513333,560.4159906616,62.44412421296062,0.20320483435842968,0.004658739379767096,0.0016754661739108551,0.016933736196535803
4,2025-01-04,19.571428571428573,0.45471139075977784,0.14733547430552038,3.771912236470925,31.88482098008532,46.70133255513333,560.4159906616,61.94055278438919,0.20469898755224164,0.004755859337364874,0.0015409923864677765,0.017058248962686803
4,2025-01-05,20.285714285714285,0.4431118791602663,0.16809249506254115,3.8789966204574857,31.902222492838185,46.70133255513333,560.4159906616,60.95398379782021,0.21216975352130157,0.004634539206243389,0.0017580915684746459,0.017680812793441796
4,2025-01-06,20.142857142857142,0.4579928315412186,0.15916392363396972,3.982500436005981,31.93876571648405,46.70133255513333,560.4159906616,60.8117218930583,0.21067560032748958,0.004790180163932137,0.0016647069938613972,0.0175563000272908
4,2025-01-07,21.0,0.4437071172555043,0.16018433179723504,4.036597332506178,32.00336215909241,46.70133255513333,560.4159906616,61.19641577060931,0.21964051949036148,0.004640764844550939,0.0016753795166743399,0.018303376624196788
4,2025-01-08,18.285714285714285,0.4644444444444445,0.16095238095238096,3.9251345233673685,31.897724251341078,46.70133255513333,560.4159906616,62.81507936507937,0.19125160880793385,0.004857658050104291,0.001683412598361501,0.015937634067327813
4,2025-01-09,17.857142857142858,0.493015873015873,0.1403174603174603,3.9682473729421557,31.76772792695124,46.70133255513333,560.4159906616,62.56746031746032,0.18676914922649787,0.005156488688866688,0.0014675904703664367,0.015564095768874821
4,2025-01-10,16.571428571428573,0.528080808080808,0.17083694083694084,3.974482052148318,31.7712930798491,46.70133255513333,560.4159906616,62.61486291486291,0.17332177048219002,0.005523235381893266,0.0017867959254080877,0.014443480873515832
4,2025-01-11,16.0,0.5536590393733251,0.1683879612451041,3.9809653193168932,31.796571850956077,46.70133255513333,560.4159906616,62.304658833230256,0.16734515770694208,0.005790759953737697,0.0017611818706570251,0.013945429808911837
4,2025-01-12,16.142857142857142,0.5415454219965498,0.15919832047651594,3.8531315855181925,31.956945747340722,46.70133255513333,560.4159906616,62.31551931777496,0.16883931090075407,0.005664062753092821,0.0016650667529264297,0.014069942575062838
4,2025-01-13,15.857142857142858,0.5232304036815315,0.19216535344354893,3.7690489762441457,31.929942065718603,46.70133255513333,560.4159906616,62.07522627748192,0.1658510045131301,0.005472504651322054,0.0020098713361138107,0.01382091704276084
4,2025-01-14,16.714285714285715,0.5155380959892237,0.20919832047651596,3.7164174158983623,31.984742141892166,46.70133255513333,560.4159906616,61.72742407967972,0.17481592367600202,0.005392050248578332,0.0021880203707606237,0.014567993639666833
4,2025-01-15,16.857142857142858,0.49905457950570736,0.19637780765600316,3.8023413917391435,31.846978363408393,46.70133255513333,560.4159906616,60.36753396978961,0.17631007686981398,0.005219647956984641,0.002053929699521087,0.014692506405817832
4,2025-01-16,16.571428571428573,0.45583113628226407,0.21029722157541705,3.7416997955365026,31.936583619110795,46.70133255513333,560.4159906616,60.47962188187752,0.17332177048219002,0.004767570836805631,0.0021995138568668697,0.014443480873515834
4,2025-01-17,17.428571428571427,0.3947157810492618,0.20036597635005418,3.810845712367081,31.928022489920163,46.70133255513333,560.4159906616,60.06709323405476,0.18228668964506192,0.004128360914319221,0.002095642244462828,0.015190557470421825
4,2025-01-18,17.571428571428573,0.38420248482167985,0.20593183905877405,3.6920862814972577,31.758115315901534,46.70133255513333,560.4159906616,59.61625835464845,0.1837808428388739,0.00401840158836769,0.0021538560052606977,0.015315070236572822
4,2025-01-19,17.571428571428573,0.36164609384423624,0.20593183905877405,3.7679722602810597,31.423869530087806,46.70133255513333,560.4159906616,59.62377715164093,0.1837808428388739,0.0037824826630289557,0.0021538560052606977,0.015315070236572822
4,2025-01-20,17.571428571428573,0.3506570828552253,0.19494282806976307,3.8719528191479013,31.366637563414233,46.70133255513333,560.4159906616,60.261139789003565,0.1837808428388739,0.003667547801966496,0.0020389211441982375,0.015315070236572822
4,2025-01-21,15.714285714285714,0.4220856542837967,0.20043733356426854,3.921127262166668,31.206694493534645,46.70133255513333,560.4159906616,60.134766162629944,0.1643568513193181,0.004414624398872487,0.002096388574729468,0.013696404276609841
4,2025-01-22,15.714285714285714,0.43307466527280775,0.2334043665313015,3.9680175659412518,31.111242035252875,46.70133255513333,560.4159906616,59.519381547245324,0.16435685131931813,0.004529559259934947,0.0024411931579168484,0.013696404276609841
4,2025-01-23,15.857142857142858,0.4715362037343462,0.23104957846222776,4.065404988523013,31.129693772831484,46.70133255513333,560.4159906616,58.5868854718921,0.1658510045131301,0.0049318312736535575,0.0024165642591177498,0.01382091704276084
4,2025-01-24,14.142857142857142,0.4833009096166991,0.2461756288823958,4.184880410628715,30.872323109892694,46.70133255513333,560.4159906616,59.00201152231227,0.1479211661873863,0.005054879183732193,0.0025747687149331364,0.012326763848948858
4,2025-01-25,12.857142857142858,0.44933487565066516,0.2311906138973808,4.170710657235831,31.19192984811028,46.70133255513333,560.4159906616,58.56744608774683,0.13447378744307845,0.00469962597681186,0.0024180393589388724,0.011206148953589873
4,2025-01-26,12.571428571428571,0.4723335488041371,0.24224766829808847,4.118596157544055,31.212877243523966,46.70133255513333,560.4159906616,58.73020592852526,0.1314854810554545,0.0049401707634317464,0.0025336858909676637,0.010957123421287875
4,2025-01-27,14.0,0.45608892386385996,0.24511436681696092,4.097809436362537,31.111987157198534,46.70133255513333,560.4159906616,58.373301962925645,0.14642701299357433,0.004770267055774197,0.0025636688982013487,0.01220225108279786
4,2025-01-28,16.142857142857142,0.3913322519643309,0.20626036367724349,4.1149424207776395,31.138598970796124,46.70133255513333,560.4159906616,58.11074309322392,0.16883931090075407,0.004092972338798985,0.0021572920680162215,0.014069942575062836
4,2025-01-29,17.0,0.3705109679851521,0.18486071069864313,4.112086699829044,31.35360751414047,46.70133255513333,560.4159906616,58.888649397446,0.17780423006362597,0.0038752010231016916,0.0019334715491051147,0.014817019171968829
4,2025-01-30,17.142857142857142,0.3467014441756283,0.17329608484830297,4.1092835674892365,31.304775396142585,46.70133255513333,560.4159906616,58.77572422737798,0.17929838325743797,0.003626175490799694,0.0018125162905584303,0.014941531938119828
4,2025-01-31,18.142857142857142,0.3538443013184855,0.12805798961020773,3.957670526570498,31.715759839202686,46.70133255513333,560.4159906616,59.24715279880655,0.18975745561412186,0.0037008831504902933,0.0013393677791846358,0.015813121301176816
4,2025-02-01,19.428571428571427,0.3878103352845194,0.13005599160820974,4.0768247966176565,31.412864056748806,46.70133255513333,560.4159906616,60.46093901259277,0.20320483435842968,0.004056136357410625,0.0013602650266505375,0.016933736196535803
4,2025-02-02,20.142857142857142,0.3771151481187441,0.12891007869759094,4.087152228715427,31.616656607264513,46.70133255513333,560.4159906616,60.310824421301696,0.2106756003274896,0.003944274620975503,0.0013482798406039174,0.017556300027290795
4,2025-02-03,19.0,0.35599713569638386,0.10406535820069654,3.965613680923145,31.822624817084506,46.70133255513333,560.4159906616,60.78494450411744,0.19872237477699373,0.003723399801020688,0.0010884271112453115,0.016560197898082808
4,2025-02-04,17.285714285714285,0.38916040100250626,0.11682046024151287,3.9761252889834244,31.762708344093024,46.70133255513333,560.4159906616,60.29132205513785,0.18079253645124993,0.004070256792441327,0.001221833646407096,0.015066044704270825
4,2025-02-05,16.714285714285715,0.4011904761904762,0.10378787878787879,4.019830350948894,31.558226868751753,46.70133255513333,560.4159906616,59.781547619047615,0.17481592367600202,0.004196080219288652,0.0010855249339891606,0.014567993639666833
4,2025-02-06,15.714285714285714,0.3892857142857143,0.10259740259740259,3.8640319596050063,31.777628648625807,46.70133255513333,560.4159906616,60.272023809523816,0.1643568513193181,0.004071567453137653,0.0010730736573740607,0.013696404276609841
4,2025-02-07,16.285714285714285,0.4160714285714286,0.10854978354978355,3.710112969956102,31.734929981968353,46.70133255513333,560.4159906616,59.44166666666667,0.17033346409456604,0.0043517211769774,0.00113533004044956,0.014194455341213835
4,2025-02-08,15.571428571428571,0.38016615737203974,0.12917621594092182,3.6361780322562924,31.70602001854712,46.70133255513333,560.4159906616,58.7243251846193,0.16286269812550613,0.0039761853475166345,0.0013510633892887234,0.013571891510458843
4,2025-02-09,14.428571428571429,0.3968637454981993,0.10691276510604242,3.643271341969272,31.599033152482292,46.70133255513333,560.4159906616,58.58332332933173,0.15090947257501028,0.004150826629910244,0.0011182083460972454,0.012575789381250856
4,2025-02-10,14.571428571428571,0.42186374549819927,0.14262705082032814,3.7732586925830747,31.545751471024136,46.70133255513333,560.4159906616,57.10415666266506,0.15240362576882224,0.00441230343882734,0.0014917466445502413,0.012700302147401853
4,2025-02-11,14.0,0.3801970788315326,0.160484193677471,3.6615797620597688,31.690705685039283,46.70133255513333,560.4159906616,57.82737094837935,0.14642701299357433,0.003976508757298845,0.001678515793776739,0.01220225108279786
4,2025-02-12,13.0,0.3944827931172469,0.15096038415366148,3.7609162561252765,31.79170170088838,46.70133255513333,560.4159906616,57.74879951980792,0.13596794063689044,0.004125924076680043,0.0015789055808559402,0.01133066171974087
4,2025-02-13,14.714285714285714,0.4159113645458183,0.1473889555822329,3.7818938186266857,31.819607678359667,46.70133255513333,560.4159906616,57.92022809123649,0.15389777896263426,0.004350047055751841,0.0015415517510106406,0.01282481491355285
4,2025-02-14,14.142857142857142,0.4129351740696278,0.12953181272509004,3.7376281099735604,31.870046564413407,46.70133255513333,560.4159906616,58.54820428171269,0.14792116618738632,0.0043189188642140915,0.0013547826017841426,0.012326763848948858
4,2025-02-15,14.142857142857142,0.4549519807923169,0.12112845138055224,3.767296436863006,31.90333893031964,46.70133255513333,560.4159906616,59.4641706682673,0.14792116618738632,0.004758375685923498,0.0012668912374422614,0.012326763848948858
4,2025-02-16,14.142857142857142,0.4447478991596639,0.14153661464585834,3.7170528017731614,32.027305832902755,46.70133255513333,560.4159906616,59.545803321328535,0.14792116618738632,0.004651650457794071,0.001480341693701116,0.012326763848948857
4,2025-02-17,14.285714285714286,0.5004201680672269,0.1394357743097239,3.6658281755179445,31.934384046003167,46.70133255513333,560.4159906616,59.95494197679072,0.14941531938119829,0.0052339307465590346,0.0014583688526156459,0.012451276615099855
4,2025-02-18,14.857142857142858,0.5063725490196079,0.13050720288115245,3.8198814280004205,31.90667124974146,46.70133255513333,560.4159906616,59.803156262505006,0.15539193215644623,0.005296187129634533,0.001364984278002397,0.01294932767970385
4,2025-02-19,16.857142857142858,0.4803985230455819,0.14998772236167193,3.7181308838056304,32.057890697129196,46.70133255513333,560.4159906616,60.02068873003747,0.176310076869814,0.005024522912577809,0.00156873244079494,0.01469250640581783
4,2025-02-20,16.142857142857142,0.4708747135217724,0.1547496271235767,3.7395320306055226,31.848214582200463,46.70133255513333,560.4159906616,59.72068873003747,0.16883931090075407,0.00492491269965701,0.0016185375472553395,0.014069942575062836
4,2025-02-21,17.142857142857142,0.4790200769302936,0.17730601810102029,3.9316716544491825,31.774103790929637,46.70133255513333,560.4159906616,59.280212539561276,0.17929838325743797,0.0050101056449182195,0.0018544564725940737,0.014941531938119828
4,2025-02-22,17.142857142857142,0.462213354241218,0.16049929541194466,3.7885360816444384,31.786668466552378,46.70133255513333,560.4159906616,59.45668312779657,0.17929838325743797,0.0048343229162344575,0.0016786737439103106,0.014941531938119828
4,2025-02-23,18.571428571428573,0.45030859233645615,0.15964895527589026,3.849028495944151,31.694282909996506,46.70133255513333,560.4159906616,58.51280557677616,0.1942399151955578,0.004709810150083459,0.0016697799748995254,0.016186659599629814
4,2025-02-24,20.0,0.3781019318945016,0.14719953106176017,3.8344376765986756,31.869501005100947,46.70133255513333,560.4159906616,58.69394469909175,0.20918144713367762,0.003954595463886552,0.0015395705462448864,0.0174317872611398
4,2025-02-25,20.571428571428573,0.3816733604659301,0.1561281024903316,3.824247191669023,31.72192531193898,46.70133255513333,560.4159906616,58.688587556234616,0.21515805990892556,0.003991949293731852,0.0016329551208581349,0.017929838325743793
4,2025-02-26,19.428571428571427,0.38723922317465,0.15705574627511826,3.8435508489073933,31.46654151585815,46.70133255513333,560.4159906616,58.43534080298787,0.20320483435842968,0.004050163054529722,0.0016426574143244468,0.016933736196535803
4,2025-02-27,20.714285714285715,0.36938208031750713,0.16777003198940396,3.890106436614907,31.44027310797438,46.70133255513333,560.4159906616,58.63534080298786,0.21665221310273752,0.003863393905303224,0.0017547189038603455,0.01805435109189479
4,2025-02-28,21.0,0.3493319550042239,0.17242452536570183,3.855592221513331,31.427675409310677,46.70133255513333,560.4159906616,58.92785780979058,0.21964051949036148,0.0036536881938910156,0.0018034005868667509,0.018303376624196788
4,2025-03-01,21.714285714285715,0.3535336356764928,0.18350168350168347,4.037473310104888,31.294497855816406,46.70133255513333,560.4159906616,57.98782725211296,0.22711128545942144,0.0036976338760619557,0.0019192573853174127,0.01892594045495178
4,2025-03-02,20.857142857142858,0.3654383975812547,0.19342231842231844,4.061305933625831,31.314558492359172,46.70133255513333,560.4159906616,58.93623995052566,0.2181463662965495,0.003822146642212955,0.002023018023776578,0.01817886385804579
4,2025-03-03,19.428571428571427,0.3704181672669068,0.1890650199473729,4.008627249104906,31.435597560760698,46.70133255513333,560.4159906616,59.32652939963865,0.20320483435842968,0.0038742304136748103,0.0019774447237474544,0.016933736196535803
4,2025-03-04,18.285714285714285,0.37279911964785917,0.17716025804261099,3.955085696991834,31.661577544733937,46.70133255513333,560.4159906616,60.25748178059103,0.19125160880793382,0.0038991329669050096,0.0018529319575964558,0.015937634067327813
4,2025-03-05,18.571428571428573,0.3753501400560224,0.1656806662058763,3.934807709615709,31.667755255332583,46.70133255513333,560.4159906616,60.81105320916246,0.1942399151955578,0.003925814273937366,0.00173286607595085,0.016186659599629814
4,2025-03-06,17.857142857142858,0.39070101724900486,0.16599394941389636,3.916758297698691,31.730097892907338,46.70133255513333,560.4159906616,60.90127877307223,0.18676914922649784,0.004086370209237338,0.0017361427276916658,0.01556409576887482
4,2025-03-07,17.142857142857142,0.36986768391567154,0.1655687793458691,3.763024008597597,32.00020209257007,46.70133255513333,560.4159906616,61.03733319484093,0.17929838325743797,0.0038684728684730907,0.001731695843186273,0.014941531938119826
4,2025-03-08,17.0,0.3664663233714539,0.17329914421909118,3.6324923812585204,32.14538570498324,46.70133255513333,560.4159906616,61.784086441594184,0.17780423006362597,0.003832897792429949,0.0018125482887388696,0.014817019171968827
4,2025-03-09,17.428571428571427,0.3154459152081886,0.14041932562498682,3.5917445817069695,32.11487485107586,46.70133255513333,560.4159906616,61.61968734862366,0.18228668964506192,0.003299271651782812,0.0014686558869884926,0.015190557470421823
4,2025-03-10,20.428571428571427,0.3072636949516649,0.1461689939133548,3.6779519412867496,31.86785327468503,46.70133255513333,560.4159906616,60.82380057286072,0.21366390671511357,0.0032136932180815065,0.001528792083643464,0.017805325559592793
4,2025-03-11,21.285714285714285,0.28742242511039506,0.122359470103831,3.4830323293984167,31.923667854596857,46.70133255513333,560.4159906616,60.52618152524168,0.22262882587798546,0.003006171941163176,0.001279766551341467,0.018552402156498785
4,2025-03-12,22.0,0.31548364960019093,0.14064178302900107,3.485968367179013,32.00933348084759,46.70133255513333,560.4159906616,61.16308628714644,0.2300995918470454,0.0032996663185191006,0.0014709825850733574,0.019174965987253774
4,2025-03-13,21.428571428571427,0.2989422962167323,0.12009040458288578,3.501619767852676,31.986347323852335,46.70133255513333,560.4159906616,61.19667024704619,0.22412297907179743,0.0031266591066040294,0.001256034230875844,0.018676914922649782
4,2025-03-14,21.571428571428573,0.3225767499982449,0.11011141298624713,3.7354069587016925,31.650476808306287,46.70133255513333,560.4159906616,60.3563341125924,0.22561713226560945,0.0033738535688155706,0.00115166323571986,0.018801427688800783
4,2025-03-15,21.285714285714285,0.3146999150537408,0.09793812261746804,3.7993839795484847,31.632089144739176,46.70133255513333,560.4159906616,59.63452960131421,0.22262882587798546,0.003291469182189346,0.0010243419109338765,0.018552402156498785
4,2025-03-16,20.714285714285715,0.32790519716658595,0.1079421242181083,3.736267093076861,31.774469280157465,46.70133255513333,560.4159906616,60.45765885301489,0.21665221310273752,0.0034295841832980172,0.0011289744875313545,0.01805435109189479
4,2025-03-17,17.857142857142858,0.33375315038296016,0.11713176498669643,3.687153022407778,31.76238116428126,46.70133255513333,560.4159906616,61.57754189395057,0.18676914922649787,0.0034907483491265776,0.0012250896052619499,0.015564095768874821
4,2025-03-18,17.571428571428573,0.3297848964147062,0.14391747927241072,3.906182933142908,31.916911488821317,46.70133255513333,560.4159906616,60.68170856061723,0.1837808428388739,0.003449244093742911,0.0015052433291016967,0.015315070236572822
4,2025-03-19,16.857142857142858,0.3017236719249103,0.14349230920438352,3.8651023474128534,31.97736952983438,46.70133255513333,560.4159906616,59.464446655855326,0.17631007686981398,0.003155749716386986,0.001500796444596304,0.01469250640581783
4,2025-03-20,16.142857142857142,0.33029510049633887,0.16253992825200256,3.8097420225975376,32.19175362604596,46.70133255513333,560.4159906616,59.88349427490294,0.16883931090075405,0.003454580355149382,0.0017000168704379016,0.014069942575062838
4,2025-03-21,16.142857142857142,0.3471018231854145,0.17094328959654037,3.82778578158016,32.25563395351297,46.70133255513333,560.4159906616,60.31206570347437,0.16883931090075405,0.0036303630838331455,0.001787908234779783,0.014069942575062838
4,2025-03-22,16.571428571428573,0.33889949919361684,0.16889270859859096,3.788269596130235,32.2772484112215,46.70133255513333,560.4159906616,60.261142942025295,0.17332177048219002,0.003544574383709969,0.0017664610597489887,0.014443480873515832
4,2025-03-23,16.571428571428573,0.33889949919361684,0.18569943128766658,3.7774823684527505,32.06718929581208,46.70133255513333,560.4159906616,59.992235379000086,0.17332177048219002,0.0035445743837099687,0.0019422437884327513,0.014443480873515832
4,2025-03-24,16.142857142857142,0.3754074357015534,0.17300101858925387,3.7566237521174215,32.1219494224356,46.70133255513333,560.4159906616,59.83350522026992,0.16883931090075405,0.003926413533239698,0.0018094301712050199,0.014069942575062836
4,2025-03-25,15.428571428571429,0.45657626687038455,0.1462153043035396,3.7321648987095584,31.768169206433946,46.70133255513333,560.4159906616,61.01938184364655,0.16136854493169414,0.004775364211541961,0.0015292764473652729,0.013447378744307844
4,2025-03-26,15.571428571428571,0.4534250063661828,0.14463967405143877,3.686066825098027,31.77678013621888,46.70133255513333,560.4159906616,62.16381461675579,0.16286269812550613,0.004742404949913756,0.0015127968165511703,0.013571891510458843
4,2025-03-27,17.0,0.46771072065189717,0.1517825311942959,3.675281448207141,31.626395854474634,46.70133255513333,560.4159906616,61.0638146167558,0.17780423006362597,0.004891820269294953,0.0015875044762417693,0.014817019171968827
4,2025-03-28,17.857142857142858,0.425328550392489,0.1576283477818005,3.628603699719068,31.8008714671702,46.70133255513333,560.4159906616,61.37620044065057,0.18676914922649784,0.004448542083918509,0.0016486462949143826,0.01556409576887482
4,2025-03-29,17.857142857142858,0.412341537405476,0.1576283477818005,3.6828300700481216,31.861348866322853,46.70133255513333,560.4159906616,62.382693947144084,0.18676914922649787,0.004312709975390147,0.0016486462949143826,0.01556409576887482
4,2025-03-30,19.428571428571427,0.4348505410069166,0.1393210248526288,3.7962016988015477,31.973283894682833,46.70133255513333,560.4159906616,62.01384640812847,0.20320483435842968,0.0045481332727344715,0.001457168679740998,0.016933736196535803
4,2025-03-31,21.0,0.40811061426698986,0.14225142778303174,3.8243914071086658,32.08390601276501,46.70133255513333,560.4159906616,62.235458129740195,0.21964051949036148,0.004268458444149152,0.0014878179760243208,0.018303376624196788
4,2025-04-01,22.0,0.3229735291299048,0.15018793571953967,3.843330570893822,32.26645168919025,46.70133255513333,560.4159906616,61.112081506363566,0.2300995918470454,0.0033780035104632226,0.0015708264867916532,0.019174965987253777
4,2025-04-02,21.857142857142858,0.3618390753483921,0.1517635659716405,3.9033215489402133,32.41418326783236,46.70133255513333,560.4159906616,59.98550587611147,0.2286054386532334,0.0037845010705444236,0.0015873061176057562,0.01905045322110278
4,2025-04-03,22.0,0.3380295515388683,0.1636683278764024,3.9917276175533956,32.27206384375068,46.70133255513333,560.4159906616,60.60387322305024,0.23009959184704537,0.003535475538242426,0.0017118188837567546,0.019174965987253777
4,2025-04-04,21.142857142857142,0.355201637764663,0.14101578859982222,3.969047953269329,32.041414603014985,46.70133255513333,560.4159906616,59.77047899579412,0.22113467268417347,0.0037150796305932274,0.0014748943364003787,0.018427889390347788
4,2025-04-05,20.428571428571427,0.34985404418177524,0.14483549830188486,3.9476887368800013,31.91001021699944,46.70133255513333,560.4159906616,58.872847215809394,0.21366390671511357,0.003659148762375667,0.0015148449565557792,0.017805325559592793
4,2025-04-06,19.571428571428573,0.37165367312426134,0.13602288234641177,3.964331444832699,31.792060488966204,46.70133255513333,560.4159906616,58.588524395772296,0.20469898755224167,0.0038871526588339883,0.0014226731686258194,0.017058248962686803
4,2025-04-07,18.714285714285715,0.3793459808165691,0.12118771751124692,4.084901253303849,31.686269554233256,46.70133255513333,560.4159906616,57.93357934082724,0.19573406838936977,0.003967607061577711,0.001267511106191498,0.01631117236578081
4,2025-04-08,19.142857142857142,0.40202171777802037,0.12685665175160973,4.040529559345876,31.571317887500758,46.70133255513333,560.4159906616,59.10704872858234,0.20021652797080572,0.0042047742351986606,0.0013268028995967354,0.016684710664233805
4,2025-04-09,20.0,0.377671068427371,0.12604496343992141,4.03244943456801,31.386166350349377,46.70133255513333,560.4159906616,59.73286041689403,0.20918144713367762,0.003950089031707981,0.0013183133928137125,0.017431787261139798
4,2025-04-10,19.571428571428573,0.3776710684273709,0.08636242375738175,3.96985081470067,31.483095097962572,46.70133255513333,560.4159906616,59.78274703820922,0.20469898755224167,0.003950089031707982,0.0009032708389770508,0.017058248962686803
4,2025-04-11,20.428571428571427,0.4039772430711415,0.09659260278551472,3.9460557096375104,31.462681727070535,46.70133255513333,560.4159906616,60.51676238347777,0.21366390671511357,0.004225227215734741,0.0010102690216541239,0.017805325559592793
4,2025-04-12,20.285714285714285,0.46857808340727597,0.08871445152501052,3.976453962499113,31.50070708759741,46.70133255513333,560.4159906616,60.644913643981965,0.21216975352130157,0.004900892079112954,0.00092787086758361,0.017680812793441796
4,2025-04-13,20.285714285714285,0.455591070420263,0.08222094503150403,3.9156189084159494,31.60864010624626,46.70133255513333,560.4159906616,61.560498059566385,0.21216975352130157,0.004765059970584592,0.000859954813319429,0.017680812793441796
4,2025-04-14,20.428571428571427,0.4460672608964535,0.08868353006551764,3.711107926362563,31.667873061991,46.70133255513333,560.4159906616,62.293151120790874,0.21366390671511357,0.004665449757663792,0.0009275474578013997,0.017805325559592793
4,2025-04-15,19.714285714285715,0.46307406361754194,0.10186380217436117,3.7585153196410355,31.776609458188545,46.70133255513333,560.4159906616,61.11968173303577,0.20619314074605363,0.004843325137879505,0.0010654008774685767,0.017182761728837804
4,2025-04-16,18.571428571428573,0.4287512435804362,0.09629793946564133,3.6888251938382752,31.783237755465674,46.70133255513333,560.4159906616,60.96198228962204,0.1942399151955578,0.004484340279625977,0.001007187116670707,0.016186659599629814
4,2025-04-17,18.285714285714285,0.44363219596138853,0.09729000295770482,3.7399156706082093,31.868429343604937,46.70133255513333,560.4159906616,60.80622832136807,0.19125160880793382,0.004639981237314725,0.0010175631805166238,0.015937634067327816
4,2025-04-18,18.428571428571427,0.4288806431663575,0.09056122448979594,3.774713797776409,31.857821246171664,46.70133255513333,560.4159906616,61.09427179962894,0.1927457620017458,0.004485693679258052,0.000947186399648668,0.016062146833478817
4,2025-04-19,20.285714285714285,0.40948409144221953,0.09641097818437719,3.6928026685357054,31.874851519493237,46.70133255513333,560.4159906616,61.575798893225006,0.2121697535213016,0.004282823741305133,0.0010083693968090724,0.017680812793441796
4,2025-04-20,19.714285714285715,0.41597759793572603,0.11228399405739306,3.648235418119182,32.027758253052035,46.70133255513333,560.4159906616,60.95530827273438,0.20619314074605363,0.004350739795569314,0.0011743864183437372,0.017182761728837804
4,2025-04-21,20.0,0.4304703515589145,0.11731209225319313,3.8323745154693407,32.044968187734696,46.70133255513333,560.4159906616,59.78228254070244,0.20918144713367764,0.004502320554361833,0.0012269756611901217,0.017431787261139798
4,2025-04-22,20.857142857142858,0.38501580610436903,0.11000689744799833,3.8434291861184278,31.75332200560414,46.70133255513333,560.4159906616,59.54851630693621,0.21814636629654952,0.004026908174512567,0.0011505701001429181,0.01817886385804579
4,2025-04-23,22.142857142857142,0.41030418232442223,0.1020210944311394,3.9766321551820174,31.67010757188003,46.70133255513333,560.4159906616,59.9526866707339,0.23159374504085736,0.004291401131181148,0.0010670460085633663,0.019299478753404774
4,2025-04-24,23.571428571428573,0.3642876988079387,0.11507054498058997,3.9385004993707358,31.72059737505925,46.70133255513333,560.4159906616,60.513813044360276,0.2465352769789772,0.0038101114004820955,0.0012035311560750377,0.020544606414914762
4,2025-04-25,22.571428571428573,0.36113643830373704,0.11156914442036585,4.0160697541117285,31.771251036881818,46.70133255513333,560.4159906616,59.90351892671321,0.2360762046222933,0.0037771521388538895,0.0011669097542659206,0.019673017051857773
4,2025-04-26,20.857142857142858,0.34954559506989175,0.11359754198628878,4.079693386174194,31.674052085484536,46.70133255513333,560.4159906616,60.066949816310434,0.21814636629654952,0.0036559226707961225,0.0011881249111760298,0.01817886385804579
4,2025-04-27,21.285714285714285,0.3189333501719326,0.16575173699762666,4.116338990361514,31.596718152200175,46.70133255513333,560.4159906616,59.959240065743536,0.22262882587798544,0.00333574698640784,0.001733609410504214,0.018552402156498785
4,2025-04-28,22.285714285714285,0.3139644060725537,0.17092772043447968,4.0126123648098595,31.51910472610703,46.70133255513333,560.4159906616,60.994850831789094,0.23308789823466933,0.003283776440536119,0.001787745395787257,0.01942399151955578
4,2025-04-29,22.714285714285715,0.3279903800985278,0.18001862952538875,3.881565227221693,31.72265241308579,46.70133255513333,560.4159906616,61.13433135126961,0.23757035781610528,0.00343047511774675,0.0018828278717571106,0.019797529818008773
4,2025-04-30,22.571428571428573,0.3175443044350608,0.19357029525096753,3.7702693269697147,31.846890881110692,46.70133255513333,560.4159906616,61.35539289841812,0.2360762046222933,0.003321218856539154,0.0020245657241345317,0.019673017051857773
4,2025-05-01,22.142857142857142,0.3383278686968859,0.17159227327294554,3.7425870041345966,31.642747252550816,46.70133255513333,560.4159906616,60.51592801547496,0.23159374504085736,0.003538595658983373,0.0017946960020096111,0.019299478753404774
4,2025-05-02,22.714285714285715,0.33552674824870665,0.20400523845901994,3.658419135365364,31.530017572872623,46.70133255513333,560.4159906616,60.71040580659142,0.23757035781610528,0.003509298537536079,0.0021337055501854394,0.019797529818008773
4,2025-05-03,23.285714285714285,0.2955107418461456,0.1871985157699443,3.709634024868652,31.49537486987628,46.70133255513333,560.4159906616,59.82565190503078,0.24354697059135325,0.0030907682311461676,0.0019579228215016765,0.020295580882612765
4,2025-05-04,22.571428571428573,0.308265843886962,0.12809987631416203,3.636874516294246,31.382892884994327,46.70133255513333,560.4159906616,59.53356006829609,0.2360762046222933,0.0032241747663079518,0.0013398058752520764,0.019673017051857773
4,2025-05-05,21.571428571428573,0.3070236078621172,0.12913507300153262,3.669947430197186,31.343955119856048,46.70133255513333,560.4159906616,58.38614806001453,0.2256171322656094,0.003211182129840022,0.0013506330723086853,0.018801427688800783
4,2025-05-06,21.285714285714285,0.2980795084832352,0.11298600467855126,3.7769650258715086,31.188856972334328,46.70133255513333,560.4159906616,58.54565116560458,0.22262882587798546,0.003117635147270924,0.0011817287982255915,0.018552402156498785
4,2025-05-07,20.571428571428573,0.29464176975137885,0.11222206273813873,3.8134089008777443,31.307365985361667,46.70133255513333,560.4159906616,58.18392465681925,0.21515805990892556,0.0030816795891310633,0.0011737386741945113,0.017929838325743793
4,2025-05-08,20.0,0.3250438619383681,0.11974085973061994,3.9277132116279674,31.420445989559035,46.70133255513333,560.4159906616,58.20615414357963,0.20918144713367764,0.003399657271109357,0.0012523783159740893,0.017431787261139798
4,2025-05-09,19.571428571428573,0.3250438619383681,0.0789245332000077,3.8286310301020867,31.52797834272807,46.70133255513333,560.4159906616,58.37395459709437,0.20469898755224167,0.0033996572711093567,0.00082547740345638,0.0170582489626868
5,2025-01-01,14.142857142857142,0.3915649930687524,0.23640786949057624,2.5326309850296527,35.077093556029354,49.94704050056667,449.5233645051,61.0963608655338,0.12365737975654335,0.0034236293669787574,0.00206702064510324,0.013739708861838151
5,2025-01-02,14.0,0.36775546925922864,0.23958247266517943,2.593137741682985,35.176399118141624,49.94704050056667,449.5233645051,61.736043405216336,0.12240831531455808,0.0032154519599812094,0.002094777632702913,0.013600923923839787
5,2025-01-03,14.714285714285714,0.39269877991682506,0.18629449080576901,2.4405172641529833,35.14949029068596,49.94704050056667,449.52336450509995,61.64647424421861,0.1286536375244845,0.003433542576835783,0.001628856769422687,0.014294848613831613
5,2025-01-04,13.714285714285714,0.40397697540554683,0.2082243153671725,2.571242708378757,35.23921550379453,49.947040500566665,449.5233645051,62.26050933193791,0.1199101864305875,0.003532152927518832,0.00182059911797306,0.013323354047843057
5,2025-01-05,13.857142857142858,0.4086865515436943,0.21607360893075178,2.617439017468648,35.34849183458427,49.94704050056667,449.5233645051,62.264433978719694,0.1211592508725728,0.00357333087615571,0.0018892290323678559,0.013462138985841423
5,2025-01-06,13.571428571428571,0.42569335426478283,0.2194749694749695,2.520143418776137,35.248420824390074,49.94704050056667,449.5233645051,61.541644863073444,0.11866112198860222,0.003722029024011101,0.001918968661938934,0.01318456910984469
5,2025-01-07,14.714285714285714,0.43197278911564624,0.2205215419501134,2.4882637704585937,35.18293439726118,49.947040500566665,449.5233645051,61.71485260770975,0.1286536375244845,0.0037769329555269377,0.0019281193171915736,0.014294848613831611
5,2025-01-08,13.285714285714286,0.38930117501546074,0.2390744176458462,2.457541458843712,35.06881719662699,49.94704050056667,449.52336450509995,61.844722737579886,0.11616299310463164,0.0034038357845443197,0.0020903354784883644,0.01290699923384796
5,2025-01-09,14.714285714285714,0.3867949093513003,0.2524411678547017,2.4830231859448575,34.972880123928476,49.94704050056667,449.5233645051,61.44789734075448,0.1286536375244845,0.00338192237328142,0.0022072070052238297,0.014294848613831611
5,2025-01-10,14.428571428571429,0.39359763043973567,0.24223708622204862,2.5405419719687954,35.01973659416788,49.947040500566665,449.5233645051,61.4700061842919,0.12615550864051395,0.0034414016324235764,0.002117988116510595,0.014017278737834883
5,2025-01-11,14.571428571428571,0.3661251029672082,0.21568030966527205,2.45700445552607,34.79102432630304,49.94704050056667,449.5233645051,60.067075781361496,0.12740457308249922,0.0032011969320417904,0.0018857902394748686,0.014156063675833247
5,2025-01-12,13.857142857142858,0.3479845133980472,0.1748639831346598,2.4885243399628236,34.71430355204918,49.94704050056667,449.5233645051,60.27682634825492,0.1211592508725728,0.003042585574329373,0.0015289146846219294,0.013462138985841421
5,2025-01-13,13.857142857142858,0.40750832292185674,0.16295922122989795,2.632027650877497,34.78781898231935,49.947040500566665,449.52336450509995,61.074445395873965,0.1211592508725728,0.0035630290918232427,0.0014248259811231556,0.013462138985841421
5,2025-01-14,11.857142857142858,0.4687328127177751,0.16976194231833328,2.7641217815364443,34.96907427015829,49.94704050056667,449.5233645051,61.720703899275335,0.10367234868477879,0.004098342424102651,0.0014843052402653118,0.011519149853864308
5,2025-01-15,12.714285714285714,0.47178858047942523,0.17281771007998342,2.847288791704635,35.047283965939556,49.94704050056667,449.5233645051,61.78411108032957,0.1111667353366905,0.004125060380080946,0.0015110231962436069,0.012351859481854499
5,2025-01-16,11.571428571428571,0.47862385047259,0.17965298007314814,2.8171883701189087,34.983539020566646,49.947040500566665,449.5233645051,61.47242276864125,0.10117421980080822,0.004184824228979763,0.0015707870451424247,0.011241579977867578
5,2025-01-17,12.428571428571429,0.47862385047258993,0.20346250388267192,2.8308012817115933,34.99217058952633,49.94704050056667,449.5233645051,62.38115292737142,0.10866860645271992,0.004184824228979763,0.0017789644521399722,0.01207428960585777
5,2025-01-18,11.428571428571429,0.5060963779451174,0.19430499472516277,2.7365498060257742,35.06422766936369,49.947040500566665,449.52336450509995,62.42694047315897,0.09992515535882293,0.004425028929361549,0.001698896218679377,0.011102795039869214
5,2025-01-19,11.714285714285714,0.5335134053621449,0.23326603368620175,2.8081381234702865,35.16944705073255,49.947040500566665,449.5233645051,63.09937914559764,0.10242328424279348,0.004664748367722363,0.0020395501574026367,0.011380364915865943
5,2025-01-20,11.571428571428571,0.49130561315435267,0.23434828476845282,2.651824621117572,35.18291108788555,49.947040500566665,449.5233645051,63.05608910230759,0.10117421980080821,0.004295706600772164,0.0020490127668116166,0.011241579977867578
5,2025-01-21,11.857142857142858,0.4164756811815635,0.2570240217299041,2.4997809961213884,35.022204456533665,49.947040500566665,449.5233645051,61.18534080298786,0.10367234868477879,0.0036414347502084425,0.0022472769639521376,0.011519149853864308
5,2025-01-22,11.0,0.4523809523809524,0.21500721500721504,2.528708733429796,35.034047218214404,49.947040500566665,449.5233645051,61.225829725829726,0.09617796203286708,0.003955370732953408,0.0018799050692505832,0.010686440225874118
5,2025-01-23,11.571428571428571,0.47662337662337656,0.20115440115440114,2.5371512190885985,35.217890879230644,49.947040500566665,449.5233645051,62.118470418470416,0.10117421980080821,0.004167333183714547,0.0017587836688156464,0.011241579977867578
5,2025-01-24,10.571428571428571,0.467965367965368,0.20331890331890332,2.52583264694927,35.22333938772061,49.947040500566665,449.5233645051,61.62640692640692,0.09243076870691122,0.004091632308442712,0.001777708887633605,0.010270085411879024
5,2025-01-25,11.285714285714286,0.43549783549783544,0.20548340548340546,2.70325274724024,35.26902158702849,49.947040500566665,449.5233645051001,62.27792207792208,0.09867609091683763,0.0038077540261733283,0.0017966341064515642,0.01096401010187085
5,2025-01-26,10.857142857142858,0.36244588744588746,0.18437950937950937,2.6145362219245594,35.28901914311749,49.947040500566665,449.5233645051,62.58961038961039,0.09492889759088177,0.0031690278910672153,0.0016121132229764649,0.010547655287875754
5,2025-01-27,11.714285714285714,0.3311242678889737,0.19660258042610984,2.6571190001919516,35.212164612978924,49.947040500566665,449.5233645051,61.50404889228418,0.1024232842427935,0.002895168842289693,0.0017189850468896444,0.011380364915865943
5,2025-01-28,12.285714285714286,0.3164722532369591,0.1660775499010793,2.678339509407072,35.11475226421317,49.94704050056667,449.5233645051,61.8190672073025,0.10741954201073464,0.00276705966875274,0.0014520909353543268,0.011935504667859404
5,2025-01-29,12.0,0.2861692229339288,0.18195056577409519,2.589700479472909,35.052582049059495,49.947040500566665,449.5233645051,61.68053906877436,0.10492141312676406,0.002502106605301316,0.001590875873352692,0.011657934791862673
5,2025-01-30,11.571428571428571,0.2814073181720241,0.20337913720266662,2.578393973356043,34.975593147015196,49.94704050056667,449.5233645051,61.49244383067912,0.10117421980080821,0.0024604711239018064,0.001778235539650485,0.01124157997786758
5,2025-01-31,12.714285714285714,0.3101154521433159,0.22251789318352788,2.577570626639567,34.9138731601343,49.94704050056667,449.5233645051,60.83830849233326,0.1111667353366905,0.00271147928927684,0.0019455743165671742,0.012351859481854499
5,2025-02-01,13.142857142857142,0.32217482134554226,0.24756427537276718,2.467360348250208,34.87078968129683,49.947040500566665,449.52336450509995,60.346657286396336,0.11491392866264635,0.0028169197941197537,0.0021645661343178413,0.012768214295849595
5,2025-02-02,14.428571428571429,0.34633448521108845,0.23811049386016214,2.4680623577815006,34.709178221123906,49.94704050056667,449.5233645051,59.4474976225308,0.12615550864051395,0.003028158633573148,0.002081907458009991,0.014017278737834881
5,2025-02-03,12.857142857142858,0.33653056364246103,0.26051945744559635,2.4548196260831476,34.71769260468443,49.94704050056667,449.5233645051,59.79063487743275,0.11241579977867579,0.0029424385248094515,0.0022778391351841536,0.012490644419852866
5,2025-02-04,12.571428571428571,0.36849859561049303,0.26651346343960236,2.4483826334191785,34.83176026672128,49.947040500566665,449.5233645051,60.76565985245772,0.10991767089470524,0.0032219494488900753,0.0023302474334492705,0.012213074543856135
5,2025-02-05,12.285714285714286,0.34128771125675156,0.2710486108318926,2.440032095933158,34.9116546398278,49.947040500566665,449.5233645051,60.28266665517882,0.10741954201073466,0.0029840324123214493,0.002369900272877375,0.011935504667859404
5,2025-02-06,12.285714285714286,0.3412877112567515,0.24723908702236877,2.470232662004392,35.08873361473004,49.947040500566665,449.52336450509995,61.05647617898834,0.10741954201073466,0.0029840324123214493,0.0021617228658798275,0.011935504667859404
5,2025-02-07,11.285714285714286,0.3331423478482302,0.23784059078176728,2.4550548604573668,35.10242374457473,49.947040500566665,449.5233645051,60.567754374477055,0.09867609091683764,0.0029128138257170253,0.0020795475736439533,0.010964010101870847
5,2025-02-08,11.428571428571429,0.34878860635163156,0.21539161118993053,2.523203927445326,35.17831489027493,49.947040500566665,449.5233645051,61.73646185747026,0.09992515535882293,0.003049616121743985,0.0018832660184748367,0.011102795039869214
5,2025-02-09,11.714285714285714,0.40451616053119815,0.2445822348077987,2.5733846295676464,35.23916933428243,49.947040500566665,449.5233645051,61.906298213065135,0.1024232842427935,0.0035368672662955208,0.0021384928084780225,0.011380364915865944
5,2025-02-10,13.857142857142858,0.448733847606028,0.22417407154249255,2.637921333702377,35.27775789440739,49.94704050056667,449.5233645051,62.06616215864336,0.1211592508725728,0.003923482450719539,0.001960055031051553,0.013462138985841421
5,2025-02-11,13.428571428571429,0.4552273540995345,0.20307017543859646,2.6031565123928226,35.30587758960154,49.94704050056667,449.52336450509995,61.67492839240959,0.11741205754661692,0.003980258107173415,0.0017755341475764537,0.013045784171846323
5,2025-02-12,13.714285714285714,0.482438238453276,0.23028105979233798,2.6155395940531463,35.30105974253808,49.947040500566665,449.5233645051,62.25315968492661,0.1199101864305875,0.004218175143742041,0.0020134511841450797,0.013323354047843057
5,2025-02-13,12.714285714285714,0.46815252416756176,0.19456677407805228,2.391016685512905,35.09685917778123,49.94704050056667,449.5233645051,60.315064446831364,0.1111667353366905,0.004093268699543512,0.0017011850736487581,0.012351859481854499
5,2025-02-14,12.0,0.4698532044396706,0.17926065162907268,2.4578683800149697,35.24131358038804,49.94704050056667,449.5233645051,61.294656283566056,0.10492141312676406,0.0041081385143290515,0.001567356740578906,0.011657934791862673
5,2025-02-15,11.428571428571429,0.4291605637470299,0.1636762360446571,2.3519783841230333,35.2005554057734,49.947040500566665,449.5233645051,59.890327279237056,0.09992515535882293,0.003752344400551424,0.0014310951650896018,0.011102795039869212
5,2025-02-16,11.0,0.3849876314162028,0.17965367965367965,2.4089591325974427,35.24061102083926,49.94704050056667,449.52336450509995,59.825007730364874,0.09617796203286708,0.003366120527042816,0.001570793161890588,0.010686440225874116
5,2025-02-17,9.714285714285714,0.38838899196042054,0.18815708101422388,2.468572813210602,35.38290324781097,49.947040500566665,449.5233645051,61.14133426097711,0.08493638205499947,0.003395860156613894,0.0016451422358182836,0.00943737578388883
5,2025-02-18,10.285714285714286,0.3764842300556586,0.18220470006184292,2.4585639623992828,35.288578973773966,49.947040500566665,449.5233645051,60.43300092764378,0.08993263982294063,0.0032917714531151207,0.0015930978840688966,0.009992515535882292
5,2025-02-19,10.142857142857142,0.36457946815089676,0.1345856524427953,2.4281097313391036,35.14510262472398,49.947040500566665,449.5233645051,59.54609616573902,0.08868357538095535,0.0031876827496163463,0.0011767430700738012,0.009853730597883928
5,2025-02-20,10.571428571428571,0.36100803957946814,0.15244279529993815,2.5784428303790063,35.04927793372447,49.947040500566665,449.5233645051,59.54966759431045,0.0924307687069112,0.0031564561385667143,0.0013328761253219618,0.010270085411879024
5,2025-02-21,10.857142857142858,0.3474025974025974,0.14790764790764793,2.494983976455668,34.86022755999811,49.947040500566665,449.52336450509995,58.45896464646464,0.09492889759088177,0.003037497620282401,0.0012932232858938574,0.010547655287875752
5,2025-02-22,11.142857142857142,0.3653846153846154,0.17887667887667888,2.6207693465689244,34.914207880365765,49.94704050056667,449.5233645051,59.346077533577535,0.09742702647485234,0.0031947225150777523,0.0015639994935969616,0.010825225163872482
5,2025-02-23,11.428571428571429,0.3673687423687424,0.14117826617826618,2.5654932889212736,34.84457970609042,49.947040500566665,449.5233645051,59.12484737484737,0.09992515535882293,0.003212070632327548,0.0012343852658508443,0.011102795039869214
5,2025-02-24,12.285714285714286,0.3514957264957265,0.1372100122100122,2.5216430873627376,34.56144497923244,49.94704050056667,449.5233645051,57.164529914529915,0.10741954201073464,0.0030732856943291825,0.001199689031351253,0.011935504667859404
5,2025-02-25,12.142857142857142,0.3439199689199689,0.19024031524031523,2.417881223634045,34.515844588225434,49.94704050056667,449.5233645051,56.58877233877234,0.10617047756874935,0.0030070474284663263,0.001663356892391246,0.011796719729861039
5,2025-02-26,14.142857142857142,0.37963425463425465,0.22270784770784768,2.4289432704212044,34.608409540369884,49.947040500566665,449.52336450509995,57.24623987123987,0.12365737975654337,0.0033193135389626483,0.0019472351746606293,0.01373970886183815
5,2025-02-27,15.0,0.3668791525934383,0.23546294974866402,2.5590315177504164,34.875839544687146,49.94704050056667,449.5233645051,59.310015381443954,0.1311517664084551,0.0032077899280711047,0.0020587587855521727,0.014572418489828343
5,2025-02-28,15.714285714285714,0.3906886764029621,0.26040626040626036,2.6333913806737215,35.001635975278525,49.947040500566665,449.5233645051,60.645616288473434,0.1373970886183815,0.0034159673350686527,0.0022768494024067464,0.015266343179820169
5,2025-03-01,15.714285714285714,0.3796996654139511,0.23842823842823843,2.5102597250772583,34.76798981052003,49.947040500566665,449.5233645051,59.46979211264925,0.13739708861838154,0.0033198854549159377,0.0020846856421013176,0.015266343179820169
5,2025-03-02,14.0,0.395572681286967,0.22255522255522256,2.484581531718966,34.61968153441982,49.94704050056667,449.5233645051,59.533284176141315,0.12240831531455809,0.003458670392914303,0.0019459007041029523,0.013600923923839785
5,2025-03-03,13.142857142857142,0.4352552209695067,0.2027139527139527,2.472156306554218,34.57835781023651,49.947040500566665,449.5233645051,59.184077826934974,0.11491392866264635,0.003805632737910216,0.0017724195316049958,0.012768214295849597
5,2025-03-04,14.0,0.45053405977775723,0.16298897181250124,2.5956224568778565,34.655513439993406,49.94704050056667,449.5233645051,59.89989142510151,0.12240831531455809,0.0039392225178016904,0.0014250861038871622,0.013600923923839787
5,2025-03-05,11.857142857142858,0.419921814879798,0.171337765875581,2.7803001572646218,34.610463795347236,49.94704050056667,449.5233645051,60.48987287222581,0.10367234868477879,0.003671565851661986,0.0014980833764707182,0.011519149853864308
5,2025-03-06,12.428571428571429,0.45053405977775723,0.1804080606601615,2.6684012611020633,34.45288375160788,49.947040500566665,449.5233645051,59.27331958424396,0.10866860645271992,0.0039392225178016904,0.0015773890553269269,0.012074289605857769
5,2025-03-07,11.857142857142858,0.4219626312063287,0.15387744841526355,2.5416140956790882,34.27945938289013,49.94704050056667,449.5233645051,57.8631155026113,0.10367234868477879,0.0036894096294046333,0.0013454199446725163,0.011519149853864308
5,2025-03-08,11.428571428571429,0.44613845538215285,0.16047085500867014,2.5893923990829038,34.4719270024783,49.947040500566665,449.5233645051,58.47520341469921,0.09992515535882293,0.0039007897657406046,0.001403069072764145,0.011102795039869214
5,2025-03-09,12.285714285714286,0.41042416966786716,0.18428037881819395,2.542170142580189,34.56447082621309,49.947040500566665,449.5233645051,57.89187008136588,0.10741954201073466,0.003588523655244283,0.0016112464797616926,0.011935504667859404
5,2025-03-10,12.714285714285714,0.38185274109643863,0.2009470454848606,2.512374510861999,34.65005983851055,49.947040500566665,449.5233645051,58.07282246231826,0.11116673533669051,0.003338710766847226,0.0017569706646599762,0.012351859481854499
5,2025-03-11,12.285714285714286,0.3758503401360544,0.1961451247165533,2.566222151864198,34.65246330403529,49.947040500566665,449.5233645051,58.1640589569161,0.10741954201073464,0.0032862290676041466,0.0017149853052655128,0.011935504667859404
5,2025-03-12,12.714285714285714,0.3921768707482993,0.16961451247165532,2.459724347389475,34.66610516782741,49.947040500566665,449.5233645051,57.6844671201814,0.1111667353366905,0.0034289792895453226,0.0014830161946111024,0.012351859481854499
5,2025-03-13,12.428571428571429,0.34753401360544217,0.17457482993197276,2.474098484079106,34.57678267230168,49.947040500566665,449.5233645051,57.27474489795918,0.10866860645271993,0.00303864665142492,0.0015263864877355915,0.012074289605857769
5,2025-03-14,12.857142857142858,0.33764390371533226,0.18226713762428046,2.6716162104001837,34.764452847673965,49.947040500566665,449.5233645051,58.94397566718995,0.11241579977867579,0.0029521729592874774,0.0015936438038424915,0.012490644419852866
5,2025-03-15,13.714285714285714,0.360858189429618,0.1536957090528519,2.7767589484659108,34.93197157314987,49.94704050056667,449.5233645051,60.73504709576139,0.1199101864305875,0.003155145931110086,0.0013438309154454344,0.013323354047843057
5,2025-03-16,14.571428571428571,0.3965724751439037,0.1536957090528519,2.8124098818530285,34.90929125788226,49.94704050056667,449.5233645051,61.15171376242805,0.12740457308249922,0.003467412041606408,0.0013438309154454342,0.014156063675833247
5,2025-03-17,14.571428571428571,0.3965724751439037,0.14417189952904239,2.800136144944685,35.024497316570226,49.947040500566665,449.5233645051,61.427904238618524,0.12740457308249922,0.003467412041606408,0.001260559952646415,0.014156063675833247
5,2025-03-18,14.571428571428571,0.3761643118785976,0.1339678178963893,2.762734077006813,35.1085052853829,49.94704050056667,449.5233645051,62.785047095761385,0.12740457308249922,0.0032889742641799384,0.0011713410639331806,0.014156063675833247
5,2025-03-19,14.714285714285714,0.3839565196708054,0.18461716854573998,2.770190658919668,35.20834466389158,49.94704050056667,449.52336450509995,63.92141073212502,0.12865363752448453,0.003357105051924591,0.0016141911842734184,0.014294848613831611
5,2025-03-20,14.571428571428571,0.41431366252794827,0.15902193045050186,2.7941287395052634,35.33130091617982,49.947040500566665,449.5233645051,65.08033930355359,0.12740457308249922,0.003622531245846464,0.0013904004717510546,0.014156063675833247
5,2025-03-21,14.428571428571429,0.44087043908472484,0.1608534322820037,2.8414570010639935,35.41795914737601,49.947040500566665,449.5233645051,66.23967996289424,0.12615550864051392,0.0038547291228821904,0.0014064141184431736,0.014017278737834881
5,2025-03-22,14.142857142857142,0.4319418676561534,0.211873840445269,2.7192402931888386,35.139801867983536,49.947040500566665,449.5233645051,64.04452690166976,0.12365737975654337,0.0037766625952581102,0.0018525085620093476,0.013739708861838151
5,2025-03-23,13.428571428571429,0.4484253841396698,0.23202036059178915,2.698738294209288,35.093895950804374,49.947040500566665,449.5233645051,63.888849245992105,0.11741205754661692,0.0039207854154871815,0.002028658675622657,0.013045784171846323
5,2025-03-24,13.0,0.4650920508063365,0.24868702725845582,2.7695110648095747,35.03069004194197,49.94704050056667,449.52336450509995,64.49123019837306,0.11366486422066106,0.004066509600385465,0.0021743828605209404,0.01262942935785123
5,2025-03-25,12.428571428571429,0.4528471528471529,0.25276865991151704,2.831466404316644,35.06661026803582,49.947040500566665,449.5233645051,64.83612815755673,0.10866860645271993,0.003959446933929583,0.0022100704160062344,0.01207428960585777
5,2025-03-26,11.857142857142858,0.44913657770800625,0.20824175824175825,2.868593806996823,35.110799228529494,49.94704050056667,449.5233645051,64.36302982731554,0.10367234868477879,0.003927003701670225,0.0018207516288939374,0.011519149853864308
5,2025-03-27,11.142857142857142,0.4634222919937206,0.23205128205128206,2.749826680551469,35.038056655127605,49.94704050056667,449.5233645051,63.09160125588697,0.09742702647485235,0.004051910145868754,0.002028929035891485,0.010825225163872482
5,2025-03-28,12.0,0.4594540380254665,0.23998778998779,2.6378876247171563,34.872974500662544,49.947040500566665,449.5233645051,61.083664747950465,0.10492141312676406,0.004017213911369162,0.0020983215048906672,0.011657934791862676
5,2025-03-29,12.428571428571429,0.44684899600865996,0.20577410451360031,2.6684465534622706,35.028999989066044,49.94704050056667,449.5233645051,62.0482505822842,0.10866860645271993,0.003907002342958696,0.0017991758192051157,0.012074289605857769
5,2025-03-30,14.142857142857142,0.4446511938108576,0.20181806055755636,2.72127972424626,35.18875505540948,49.947040500566665,449.5233645051,62.99726157129518,0.12365737975654337,0.0038877859669281534,0.0017645863423501385,0.013739708861838154
5,2025-03-31,14.285714285714286,0.42725192641159027,0.18808179682129264,2.7293564030949233,35.35788819607456,49.947040500566665,449.5233645051,63.637371461405074,0.12490644419852866,0.003735656323353022,0.0016444839921592456,0.013878493799836517
5,2025-04-01,14.857142857142858,0.45990498763608006,0.19420424580088444,2.733384265468912,35.350463663726636,49.94704050056667,449.52336450509995,63.2720653389561,0.12990270196646977,0.004021156767235373,0.0016980153253871866,0.014433633551829977
5,2025-04-02,15.285714285714286,0.4843947835544475,0.2023675111070069,2.6972274696693,35.21418847699801,49.94704050056667,449.5233645051,62.20880003283364,0.13364989529242566,0.004235282100147136,0.0017693904363577744,0.014849988365825073
5,2025-04-03,15.142857142857142,0.4923312914909554,0.17538338412287993,2.8129287955996047,35.152179772817604,49.947040500566665,449.5233645051,62.1595936836273,0.13240083085044035,0.004304674569146319,0.0015334560417605537,0.014711203427826709
5,2025-04-04,14.285714285714286,0.4843947835544475,0.15554211428161008,2.7328974436625715,35.202026409944246,49.94704050056667,449.5233645051,62.369911143944755,0.12490644419852866,0.004235282100147136,0.0013599748692625971,0.013878493799836517
5,2025-04-05,14.428571428571429,0.4493807779522065,0.15460840746555032,2.6790434129610694,35.04994294324745,49.947040500566665,449.5233645051,61.71258154543869,0.12615550864051395,0.003929138854562507,0.0013518110493803402,0.014017278737834883
5,2025-04-06,12.428571428571429,0.4026275311989597,0.1405824334395763,2.6843903575795585,35.072195912424874,49.94704050056667,449.52336450509995,61.40193219478933,0.10866860645271993,0.003520354128094596,0.0012291756314399668,0.012074289605857769
5,2025-04-07,12.0,0.393836322407751,0.1614615543186972,2.6932844134654466,34.92993828219094,49.947040500566665,449.5233645051,61.454679447536584,0.10492141312676408,0.003443488623972424,0.001411731203730124,0.011657934791862676
5,2025-04-08,11.428571428571429,0.40404040404040403,0.2124819624819625,2.6765673966509596,34.64281215236103,49.947040500566665,449.5233645051,59.49141414141415,0.09992515535882293,0.0035327075126856586,0.001857825647296298,0.011102795039869214
5,2025-04-09,11.285714285714286,0.3659451659451659,0.18391053391053389,2.656590023903848,34.54419309552467,49.947040500566665,449.5233645051,60.21681096681097,0.09867609091683763,0.0031996236614895827,0.0016080127588992406,0.01096401010187085
5,2025-04-10,12.285714285714286,0.358008658008658,0.19482323232323234,2.6647381602332163,34.697866290589104,49.947040500566665,449.5233645051,61.81601731601732,0.10741954201073466,0.0031302311924903997,0.0017034274037731165,0.011935504667859404
5,2025-04-11,13.857142857142858,0.35386787125917557,0.1953408306669176,2.6591890344654643,34.57672473125286,49.947040500566665,449.52336450509995,61.181959345002824,0.1211592508725728,0.003094026426056044,0.001707952999577411,0.013462138985841421
5,2025-04-12,13.0,0.3776773950686994,0.22708686241294937,2.644335317732606,34.64600235531835,49.947040500566665,449.5233645051,61.13830855135203,0.11366486422066106,0.0033022038330535915,0.0019855228755741414,0.01262942935785123
5,2025-04-13,14.428571428571429,0.40674356699201425,0.2215209997042295,2.697390774152666,34.743049387747526,49.94704050056667,449.5233645051,61.86991028295376,0.12615550864051392,0.0035563424857518963,0.001936858027185104,0.014017278737834883
5,2025-04-14,14.857142857142858,0.38256774281619005,0.21163088981411962,2.6080896689484914,34.79099886080134,49.947040500566665,449.5233645051,61.278701491744975,0.1299027019664698,0.0033449623494159245,0.0018503843350476613,0.014433633551829977
5,2025-04-15,14.857142857142858,0.3682820285304757,0.1544880326712625,2.5838010124129687,34.81727608126193,49.94704050056667,449.5233645051,61.29298720603068,0.1299027019664698,0.0032200559052173966,0.0013507585582535466,0.014433633551829975
5,2025-04-16,15.571428571428571,0.37168338907469345,0.18510027756922165,2.5691425687677585,34.98391789634026,49.94704050056667,449.5233645051,61.32473323777672,0.13614802417639624,0.003249795534788474,0.001618415224393251,0.015127558241821803
5,2025-04-17,14.142857142857142,0.32406434145564583,0.25355265852160264,2.349184954327987,34.79869683036031,49.947040500566665,449.5233645051,59.14616180920529,0.12365737975654335,0.0028334407207933794,0.0022169252695112005,0.013739708861838151
5,2025-04-18,13.142857142857142,0.3698717948717949,0.2768445839874411,2.4238896415511535,34.94385055571504,49.94704050056667,449.5233645051,60.03319597069598,0.11491392866264637,0.0032339559494734436,0.0024205770807044537,0.012768214295849595
5,2025-04-19,13.285714285714286,0.3771978021978022,0.2621925693354265,2.4891755724975853,34.917997082533894,49.94704050056667,449.5233645051,60.9132326007326,0.11616299310463164,0.00329801053624192,0.002292467907167501,0.01290699923384796
5,2025-04-20,12.428571428571429,0.3853610675039247,0.2798796441653585,2.47062583615907,34.85513204999192,49.947040500566665,449.5233645051,60.44656593406594,0.10866860645271993,0.0033693856472125075,0.002447113980937108,0.012074289605857769
5,2025-04-21,12.428571428571429,0.3853610675039247,0.29086865515436944,2.5736693555809547,34.99046298969911,49.94704050056667,449.5233645051,61.512499999999996,0.10866860645271993,0.003369385647212508,0.0025431958610898225,0.012074289605857769
5,2025-04-22,12.285714285714286,0.391710273853131,0.3083289726146869,2.599117562513054,35.16578619897321,49.94704050056667,449.5233645051,62.44900793650793,0.10741954201073464,0.0034248996224118537,0.0026958592928880243,0.011935504667859404
5,2025-04-23,12.428571428571429,0.40735653235653235,0.30628815628815625,2.6499694563027587,35.09923181242734,49.947040500566665,449.5233645051,62.601388888888884,0.10866860645271992,0.003561701918438814,0.0026780155151453775,0.012074289605857769
5,2025-04-24,14.714285714285714,0.4614690864690864,0.23053058053058054,2.8851885476136627,35.29368229550018,49.94704050056667,449.52336450509995,64.79619408369408,0.12865363752448453,0.004034832388887786,0.0020156328565168165,0.014294848613831611
5,2025-04-25,13.571428571428571,0.4257548007548007,0.1948162948162948,2.8481785602700964,35.033944631722854,49.947040500566665,449.5233645051,63.94797979797979,0.11866112198860222,0.003722566278391464,0.001703366746020495,0.01318456910984469
5,2025-04-26,13.0,0.4343018093018093,0.1935952935952936,2.8857110397146686,35.03114755860727,49.94704050056667,449.5233645051,63.69889554889555,0.11366486422066106,0.0037972966296213532,0.0016926909815590822,0.012629429357851229
5,2025-04-27,13.285714285714286,0.43374158521217343,0.19751686222274456,2.8357109420133453,34.99468807740863,49.94704050056667,449.52336450509995,63.11234092704681,0.11616299310463164,0.0037923983376919987,0.0017269790250645605,0.012906999233847959
5,2025-04-28,13.285714285714286,0.4776976291682174,0.16454982925571163,2.722025783448836,34.80380362964651,49.947040500566665,449.5233645051,61.25519806990395,0.11616299310463164,0.004176725858302857,0.0014387333846064174,0.012906999233847959
5,2025-04-29,13.571428571428571,0.49212764359823186,0.14579081049669287,2.667007834664178,34.80098060889148,49.94704050056667,449.5233645051,61.474534289240175,0.11866112198860222,0.0043028939837559165,0.0012747148215174406,0.013184569109844693
5,2025-04-30,12.857142857142858,0.5397466912172794,0.11721938192526428,2.5876773309691186,35.02058522209523,49.94704050056667,449.5233645051,62.63643905114493,0.11241579977867579,0.004719248797751012,0.0010249019331203832,0.012490644419852865
5,2025-05-01,11.428571428571429,0.5451579466285349,0.0977388624447448,2.6424735470158933,35.17363159099939,49.947040500566665,449.5233645051,63.44163385633974,0.09992515535882293,0.0047665618447959085,0.0008545749637587531,0.011102795039869214
5,2025-05-02,11.857142857142858,0.5305475570181453,0.13669990140578375,2.678991286847687,35.48741795215697,49.94704050056667,449.5233645051,64.46436112906702,0.10367234868477879,0.004638816617774687,0.0011952289024820134,0.011519149853864308
5,2025-05-03,12.428571428571429,0.5439785704491588,0.104953869659752,2.63901185771063,35.58823256979521,49.94704050056667,449.5233645051,64.71344537815126,0.10866860645271993,0.004756250026850226,0.0009176590264852829,0.01207428960585777
5,2025-05-04,11.857142857142858,0.5782384282384283,0.08491508491508491,2.6966652506748074,35.64009177838924,49.947040500566665,449.5233645051,65.45164835164836,0.10367234868477879,0.005055799417914571,0.0007424508920891566,0.011519149853864308
5,2025-05-05,12.428571428571429,0.5685422420716538,0.1075395193042252,2.7083106495823333,35.55271167242001,49.94704050056667,449.5233645051,65.30297349709114,0.10866860645271993,0.004971021288368058,0.0009402665276976863,0.01207428960585777
5,2025-05-06,12.142857142857142,0.5382392117686235,0.0945525063172122,2.7605585709287546,35.64863002916023,49.94704050056667,449.5233645051,65.81379600791365,0.10617047756874935,0.004706068224916634,0.0008267152147899329,0.011796719729861039
5,2025-05-07,11.857142857142858,0.4239534974829092,0.11240964917435504,2.8494065367371806,35.33195851820105,49.947040500566665,449.52336450509995,64.24951029362795,0.10367234868477879,0.0037068166713284043,0.0009828482700380938,0.011519149853864308
5,2025-05-08,11.285714285714286,0.41204873557814736,0.14812393488864076,2.6874830287448717,35.02398455137389,49.94704050056667,449.5233645051,61.57093886505652,0.09867609091683764,0.0036027279678296303,0.0012951143805344154,0.010964010101870847
5,2025-05-09,11.714285714285714,0.4139040231477206,0.12957105919290793,2.6716976011359903,34.74164722602422,49.94704050056667,449.5233645051,60.21657893926802,0.1024232842427935,0.003618949583959309,0.0011328982192376248,0.011380364915865943
6,2025-01-01,18.714285714285715,0.41646818216919934,0.11203093677662453,2.231494040778642,28.591695828220907,42.850457571525,514.2054908583,66.39509583737802,0.2176734009814955,0.004844109307583624,0.0013030769859784376,0.01813945008179129
6,2025-01-02,19.571428571428573,0.418760007990437,0.11203093677662453,2.247571213226909,28.61206208632635,42.850457571525,514.2054908583,66.34925932095327,0.22764317507225101,0.004870766457558905,0.0013030769859784376,0.01897026458935425
6,2025-01-03,19.285714285714285,0.39971238894281796,0.102507127252815,2.1194702170173367,28.454048509442735,42.850457571525,514.2054908583,67.3825926542866,0.2243199170419992,0.004649215922208782,0.0011923017183033764,0.0186933264201666
6,2025-01-04,18.714285714285715,0.3475820631282816,0.11604096183928117,2.173088657209265,28.50760159770984,42.850457571525,514.2054908583,66.4061515515297,0.2176734009814955,0.004042867088618973,0.0013497192039468844,0.01813945008179129
6,2025-01-05,19.0,0.3195208386384857,0.14027565571683218,2.163107022959697,28.43762286901877,42.850457571525,514.2054908583,66.56941685765216,0.22099665901174734,0.0037164756749335248,0.0016316026975843174,0.018416388250978945
6,2025-01-06,18.571428571428573,0.29130955412468024,0.17268862090290663,2.1697352446584897,28.499015163796308,42.850457571525,514.2054908583,66.27890065116956,0.2160117719663696,0.003388338852618742,0.00200861096152045,0.018000980997197467
6,2025-01-07,17.857142857142858,0.27946845404828596,0.1654311724689876,2.1062675681199057,28.38308536122119,42.850457571525,514.2054908583,66.80220088035215,0.20770362689073998,0.003250610244413118,0.0019241966532653903,0.01730863557422833
6,2025-01-08,14.571428571428571,0.2956467202265522,0.17550443254224768,2.082823657114844,28.309075640956074,42.850457571525,514.2054908583,67.48535106350232,0.16948615954284385,0.003438786179886779,0.0020413628017678593,0.014123846628570318
6,2025-01-09,14.428571428571429,0.2819912580416782,0.22014728968510483,2.0937446109731144,28.308330128583837,42.850457571525,514.2054908583,67.09774602148552,0.16782453052771792,0.00327995399461739,0.002560621868994709,0.013985377543976493
6,2025-01-10,15.0,0.314644319266168,0.22626973866469663,2.2079247394143473,28.37129742042732,42.850457571525,514.2054908583,66.42835826638347,0.17447104658822157,0.003659754912360457,0.0026318345410715344,0.014539253882351801
6,2025-01-11,16.428571428571427,0.3336919383137871,0.22626973866469666,2.155726625324686,28.340628643188705,42.850457571525,514.2054908583,67.16359636162157,0.19108733673948078,0.0038813054477105807,0.002631834541071534,0.015923944728290066
6,2025-01-12,17.285714285714285,0.3645360941579429,0.21409441398937196,2.271159544404349,28.42103630890737,42.850457571525,514.2054908583,66.57918077720599,0.2010571108302363,0.004240066257794586,0.0024902184318278476,0.016754759235853026
6,2025-01-13,16.857142857142858,0.38587190120803566,0.18626510044577274,2.1870843954116146,28.343583874436657,42.850457571525,514.2054908583,67.3769544321225,0.19607222378485858,0.004488231630183521,0.002166524467842279,0.016339351982071544
6,2025-01-14,16.714285714285715,0.40582988440131296,0.16998358784073073,2.235761572432948,28.428221891090736,42.850457571525,514.2054908583,67.00300485229056,0.19441059476973263,0.004720370977884937,0.0019771476315595454,0.01620088289747772
6,2025-01-15,16.571428571428573,0.39758812615955474,0.18371985157699444,2.245105602920139,28.47552950000055,42.850457571525,514.2054908583,66.5341403834261,0.1927489657546067,0.004624507765473826,0.00213691965224473,0.016062413812883893
6,2025-01-16,16.714285714285715,0.3944368656553531,0.17269043981228854,2.2221102003100053,28.424080925045125,42.850457571525,514.2054908583,67.02258576157736,0.1944105947697326,0.004587854184257814,0.002008632117988685,0.01620088289747772
6,2025-01-17,17.714285714285715,0.40804230783222384,0.17269043981228857,2.2230674744913195,28.412218461405207,42.850457571525,514.2054908583,67.50557895885628,0.20604199787561406,0.004746104566650759,0.002008632117988685,0.017170166489634504
6,2025-01-18,18.142857142857142,0.4223280221179381,0.1645271745061661,2.1978024541567085,28.36903705800588,42.850457571525,514.2054908583,67.40843610171342,0.21102688492099184,0.004912267468163351,0.0019136818885529176,0.017585573743415985
6,2025-01-19,16.571428571428573,0.40284750263741864,0.18400769398668557,2.09844855267152,28.340877032522307,42.850457571525,514.2054908583,67.75908545236277,0.1927489657546067,0.004685681693373452,0.002140267663342816,0.01606241381288389
6,2025-01-20,16.571428571428573,0.40284750263741864,0.18400769398668557,2.181668452789331,28.33591788710746,42.850457571525,514.2054908583,67.21363090690822,0.19274896575460668,0.004685681693373452,0.002140267663342816,0.016062413812883893
6,2025-01-21,16.285714285714285,0.4411128087598676,0.1954872858234203,2.151130303058593,28.280988438318793,42.850457571525,514.2054908583,67.55036560078577,0.18942570772435485,0.005130760893853609,0.0022737914234868635,0.01578547564369624
6,2025-01-22,15.714285714285714,0.4946842373312962,0.17763014296627744,2.1838886593475824,28.290878649450015,42.850457571525,514.2054908583,67.21703226745242,0.18277919166385118,0.005753871774525829,0.002066087796596123,0.015231599305320932
6,2025-01-23,15.285714285714286,0.4850803957946815,0.19503710575139147,2.223392688945709,28.331996373755647,42.850457571525,514.2054908583,66.62399505256649,0.17779430461847343,0.005642165622248457,0.0022685551975988615,0.014816192051539454
6,2025-01-24,14.0,0.46977427334570193,0.21034322820037105,2.1017268340246984,28.27601131783073,42.850457571525,514.2054908583,66.53896103896103,0.16283964348234012,0.005464133942056393,0.0024465868777909243,0.013569970290195013
6,2025-01-25,12.571428571428571,0.4459647495361781,0.1978715728715729,2.1646619305478016,28.31651132642909,42.850457571525,514.2054908583,66.28499278499278,0.14622335333108097,0.00518719577286874,0.0023015240272640583,0.012185279444256746
6,2025-01-26,14.857142857142858,0.43393973751116605,0.17766955266955267,2.218825451095862,28.365490582451717,42.850457571525,514.2054908583,66.03198653198653,0.17280941757309565,0.005047328010652754,0.002066546186741201,0.014400784797757974
6,2025-01-27,15.142857142857142,0.4039697075411361,0.19764957264957267,2.246650098984936,28.457941502075094,42.850457571525,514.2054908583,65.44057794057794,0.1761326756033475,0.004698734510975988,0.002298941853192379,0.014677722966945627
6,2025-01-28,15.0,0.33411099482528056,0.23218646432932147,2.1889019872940163,28.459861703975328,42.850457571525,514.2054908583,65.70274434560149,0.17447104658822157,0.0038861796629199056,0.0027006543623437,0.014539253882351801
6,2025-01-29,16.571428571428573,0.3049756564794159,0.22184811846465982,2.169244837847523,28.45953043699697,42.850457571525,514.2054908583,66.07116539823308,0.1927489657546067,0.0035472947979929086,0.002580404894143798,0.016062413812883893
6,2025-01-30,16.571428571428573,0.31517973811206895,0.22184811846465985,2.1889052276321075,28.447479070200586,42.850457571525,514.2054908583,66.09157356149838,0.1927489657546067,0.003665982584787617,0.0025804048941437977,0.016062413812883893
6,2025-01-31,16.428571428571427,0.2946169675492984,0.2250948717114131,2.196187070300719,28.481707124845048,42.850457571525,514.2054908583,66.26689823682305,0.19108733673948078,0.0034268087113982805,0.002618169189942114,0.015923944728290066
6,2025-02-01,17.142857142857142,0.32774326154515754,0.2544254445202468,2.158186996106296,28.44834466638277,42.850457571525,514.2054908583,66.58918947215777,0.1993954818151104,0.0038121139902680587,0.002959324905608064,0.0166162901512592
6,2025-02-02,16.571428571428573,0.3369450098773407,0.253735313395333,2.0757316169707316,28.365788931968932,42.850457571525,514.2054908583,66.902048915452,0.1927489657546067,0.003919143234398553,0.002951297712298277,0.01606241381288389
6,2025-02-03,17.0,0.3685384164707473,0.25648256614258574,1.9912186377812187,28.292445759061064,42.850457571525,514.2054908583,67.16715880556187,0.1977338527999845,0.004286618881974477,0.002983252116435314,0.01647782106666537
6,2025-02-04,16.571428571428573,0.4179889659212967,0.24439465405467367,1.980766975061796,28.26782724861275,42.850457571525,514.2054908583,67.35397199237507,0.19274896575460668,0.004861798156441143,0.002842652738232351,0.016062413812883893
6,2025-02-05,16.571428571428573,0.44806415389122156,0.23687585706219247,2.011824860581502,28.26591663424288,42.850457571525,514.2054908583,66.84269379688635,0.1927489657546067,0.005211614791204493,0.002755198579541513,0.016062413812883893
6,2025-02-06,16.857142857142858,0.4506151742993848,0.22156973461321286,2.044821499829379,28.27395108168886,42.850457571525,514.2054908583,66.85544889892716,0.19607222378485853,0.0052412867379031695,0.0025771668993494505,0.016339351982071544
6,2025-02-07,17.571428571428573,0.4473684210526315,0.2093944099378882,2.1672900631113134,28.28175174793079,42.850457571525,514.2054908583,66.37655279503106,0.20438036886048816,0.005203522442104855,0.002435550790105764,0.01703169740504068
6,2025-02-08,16.285714285714285,0.4278475692336431,0.20273957409050578,2.2194066138162394,28.30960000717642,42.850457571525,514.2054908583,66.06333185448092,0.18942570772435488,0.00497646754562802,0.002358145711761389,0.01578547564369624
6,2025-02-09,15.142857142857142,0.4609738632295023,0.20025510204081634,2.239946811384636,28.3593351277257,42.850457571525,514.2054908583,65.98962585034015,0.1761326756033475,0.005361772824497799,0.0023292478158461554,0.014677722966945627
6,2025-02-10,14.428571428571429,0.45935048660612565,0.2035018552875696,2.2492949007824983,28.358810697634798,42.850457571525,514.2054908583,66.471768707483,0.1678245305277179,0.005342890676598641,0.002367012111644472,0.013985377543976493
6,2025-02-11,15.142857142857142,0.4164933437489828,0.20826376004947433,2.2923635908749094,28.375857088482487,42.850457571525,514.2054908583,66.0812925170068,0.1761326756033475,0.004844401972060865,0.002422399745482002,0.014677722966945627
6,2025-02-12,14.142857142857142,0.42150587507730364,0.22016852195423625,2.235897559320635,28.343131552084344,42.850457571525,514.2054908583,66.98605442176871,0.16450127249746607,0.004902704744521424,0.002560868830075829,0.01370843937478884
6,2025-02-13,14.0,0.4536487322201608,0.2035018552875696,2.1347172355065376,28.30901788048128,42.850457571525,514.2054908583,67.18962585034014,0.16283964348234012,0.005276571272924755,0.002367012111644472,0.013569970290195013
6,2025-02-14,13.285714285714286,0.48286951144094,0.18970315398886828,2.1222441611040272,28.321655353704664,42.850457571525,514.2054908583,67.30488559059988,0.15453149840671054,0.0056164499351096025,0.002206513854501627,0.012877624867225879
6,2025-02-15,13.857142857142858,0.5168831168831168,0.1829004329004329,2.1526405662783397,28.388303875300327,42.850457571525,514.2054908583,67.35930735930735,0.16117801446721422,0.006012075891091964,0.0021273886633051547,0.013431501205601187
6,2025-02-16,13.428571428571429,0.4811688311688311,0.19004329004329004,2.210645807012678,28.41430426367729,42.850457571525,514.2054908583,67.44025974025973,0.15619312742183647,0.005596668637310484,0.002210470114061451,0.013016093951819704
6,2025-02-17,13.571428571428571,0.5125541125541125,0.19870129870129868,2.25227133865908,28.40582205209676,42.850457571525,514.2054908583,67.03549783549784,0.1578547564369624,0.005961723496694209,0.002311174902856961,0.013154563036413533
6,2025-02-18,12.714285714285714,0.5633477633477633,0.16695526695526697,2.306791884071335,28.41650364926367,42.850457571525,514.2054908583,67.02914862914864,0.1478849823462069,0.006552524924294536,0.0019419240106067568,0.012323748528850572
6,2025-02-19,13.857142857142858,0.5395382395382395,0.1836219336219336,2.319339475010316,28.40257919616719,42.850457571525,514.2054908583,66.72438672438673,0.16117801446721422,0.006275586755106884,0.002135780729038114,0.013431501205601186
6,2025-02-20,13.428571428571429,0.47763347763347763,0.20028860028860027,2.4066409584116295,28.49076031079815,42.850457571525,514.2054908583,66.22914862914864,0.15619312742183647,0.005555547515218986,0.0023296374474694715,0.013016093951819708
6,2025-02-21,14.142857142857142,0.4573412698412698,0.23194444444444445,2.3531136034931612,28.483578839267697,42.850457571525,514.2054908583,66.56031746031746,0.16450127249746607,0.0053195206664795065,0.002697839331503056,0.01370843937478884
6,2025-02-22,13.428571428571429,0.41704822954822957,0.2411019536019536,2.362393184862282,28.510825752861564,42.850457571525,514.2054908583,66.08046398046397,0.15619312742183647,0.004850856072469633,0.0028043540119598457,0.013016093951819708
6,2025-02-23,13.857142857142858,0.4146672771672772,0.23395909645909646,2.400405692343786,28.515249624640084,42.850457571525,514.2054908583,65.80903540903542,0.16117801446721422,0.004823162255550868,0.0027212725612035496,0.013431501205601187
6,2025-02-24,15.428571428571429,0.41207928544885064,0.19876240908849604,2.42552781238749,28.548124638511464,42.850457571525,514.2054908583,65.85354886659235,0.17945593363359938,0.0047930602806391664,0.00231188570240441,0.01495466113613328
6,2025-02-25,17.285714285714285,0.3586882320577973,0.20236991269599966,2.344139795584522,28.55238646080235,42.850457571525,514.2054908583,65.88673789978138,0.20105711083023634,0.004172047416400185,0.002353846031069206,0.016754759235853026
6,2025-02-26,16.571428571428573,0.3348787082482734,0.18332229364838062,2.3459360507960754,28.56770742226578,42.850457571525,514.2054908583,65.68673789978138,0.1927489657546067,0.0038951092472125325,0.0021322954957190836,0.016062413812883893
6,2025-02-27,16.714285714285715,0.3989812723508375,0.16958602991211685,2.2398013238199037,28.51699063248208,42.850457571525,514.2054908583,66.26549247853595,0.19441059476973263,0.004640712010410061,0.001972523475033899,0.01620088289747772
6,2025-02-28,18.0,0.40005270092226614,0.14780031562640258,2.2277621272634835,28.537894169673216,42.850457571525,514.2054908583,65.9083496213931,0.2093652559058659,0.004653174228023505,0.001719125050227196,0.017447104658822158
6,2025-03-01,18.714285714285715,0.4165362174057826,0.1386428064688934,2.065292289365289,28.408970703133825,42.850457571525,514.2054908583,66.4040761171196,0.2176734009814955,0.004844900652845727,0.0016126103697704061,0.018139450081791294
6,2025-03-02,17.714285714285715,0.4308219316914969,0.16364280646889343,1.8854297353260294,28.302781318286776,42.850457571525,514.2054908583,66.94931421235769,0.20604199787561406,0.005011063554358318,0.001903395447417442,0.017170166489634504
6,2025-03-03,17.0,0.4135686535686536,0.18296647796647797,1.8220398041116737,28.30187357051773,42.850457571525,514.2054908583,67.43654678654678,0.19773385279998448,0.004810383721613643,0.0021281568600914793,0.01647782106666537
6,2025-03-04,16.285714285714285,0.4632248796954679,0.1718893198304963,1.8093508869692092,28.292460665134577,42.850457571525,514.2054908583,67.55648567119155,0.18942570772435485,0.005387955304411421,0.001999313968544283,0.01578547564369624
6,2025-03-05,15.714285714285714,0.5065149229855113,0.20132654926772572,1.7890452285094922,28.326891655007294,42.850457571525,514.2054908583,67.83181034651622,0.18277919166385118,0.005891479248388974,0.0023417102504490173,0.015231599305320932
6,2025-03-06,17.285714285714285,0.4721742636448519,0.2150628130039895,1.8239066269896884,28.279877794086257,42.850457571525,514.2054908583,67.81257957728546,0.2010571108302363,0.005492049196676012,0.002501482271134202,0.016754759235853026
6,2025-03-07,16.428571428571427,0.4866103538704158,0.2373184521017338,1.8775786891368234,28.29876094168976,42.850457571525,514.2054908583,67.81257957728546,0.1910873367394808,0.0056599611813624206,0.0027603465808590825,0.015923944728290066
6,2025-03-08,16.428571428571427,0.5024833697434317,0.22144543622871796,1.9652448032328838,28.333295204962493,42.850457571525,514.2054908583,67.79670656141245,0.19108733673948078,0.005844586627487522,0.0025757211347339805,0.015923944728290066
6,2025-03-09,17.857142857142858,0.5104198776799396,0.19168353146681322,2.1525196125854964,28.403880965534217,42.850457571525,514.2054908583,67.1975002122061,0.20770362689073998,0.005936899350550073,0.0022295484232494134,0.01730863557422833
6,2025-03-10,18.142857142857142,0.5040706713307334,0.20279464257792432,2.1426331211132115,28.354592111383663,42.850457571525,514.2054908583,67.14194465665054,0.21102688492099184,0.0058630491721000325,0.002358786235536985,0.017585573743415985
6,2025-03-11,19.285714285714285,0.46272613351560726,0.21724842409052933,2.239078230832475,28.351886150520652,42.850457571525006,514.2054908583,66.77421356421357,0.2243199170419992,0.005382154186545944,0.0025269039947144315,0.0186933264201666
6,2025-03-12,19.857142857142858,0.457531328320802,0.20685881370091894,2.2396396309344166,28.32059175123519,42.850457571525,514.2054908583,66.57507936507936,0.23096643310250284,0.005321731313268637,0.0024060582481598186,0.019247202758541908
6,2025-03-13,20.142857142857142,0.4479159437054174,0.2041115609536662,2.3258729738996577,28.36532880131401,42.850457571525,514.2054908583,66.31958485958486,0.23428969113275472,0.0052098908987890085,0.0023741038440227816,0.01952414092772956
6,2025-03-14,19.857142857142858,0.45499245852187026,0.18420886303239245,2.3605952038324314,28.346755873503415,42.850457571525,514.2054908583,66.18513107807226,0.2309664331025029,0.005292200695203913,0.002142607541605858,0.019247202758541908
6,2025-03-15,20.142857142857142,0.4534051569345687,0.21912949795302739,2.387306815943567,28.370720922564146,42.850457571525,514.2054908583,66.51132155426274,0.23428969113275472,0.005273738150591403,0.002548783523081083,0.01952414092772956
6,2025-03-16,20.285714285714285,0.434190453509339,0.2253951621134284,2.2776324541671307,28.34028608855156,42.850457571525,514.2054908583,66.7778211365518,0.23595132014788064,0.005050244189492596,0.0026216619886567814,0.019662610012323386
6,2025-03-17,20.714285714285715,0.4267370373602706,0.22601628012585076,2.306141830840751,28.381536567965497,42.850457571525,514.2054908583,66.43310063965738,0.2409362071932584,0.0049635505017468955,0.0026288864626355895,0.020078017266104864
6,2025-03-18,19.714285714285715,0.44800687863011185,0.2269686610782317,2.297795073228194,28.442912386451415,42.850457571525,514.2054908583,66.40960857616531,0.22930480408737694,0.005210948599554532,0.002639963989403096,0.019108733673948077
6,2025-03-19,19.857142857142858,0.4158640214872547,0.2251829467925174,2.332547958627594,28.472038840194838,42.850457571525,514.2054908583,66.29056095711769,0.2309664331025029,0.004837082071151201,0.002619193626714022,0.019247202758541908
6,2025-03-20,18.142857142857142,0.4535406305924353,0.21262407709079054,2.375853801242617,28.53508773235354,42.850457571525,514.2054908583,65.75523913608158,0.2110268849209918,0.005275313899316278,0.0024731163506589954,0.017585573743415985
6,2025-03-21,18.571428571428573,0.4291708826932756,0.23027113591431994,2.3082534245939224,28.544961049066806,42.850457571525,514.2054908583,65.58255006045134,0.2160117719663696,0.004991859537912445,0.0026783764054686683,0.018000980997197463
6,2025-03-22,19.571428571428573,0.42282167634406925,0.20857801422119823,2.317891623368474,28.551084695593122,42.850457571525,514.2054908583,64.97593630383757,0.22764317507225101,0.004918009359462404,0.002426054962431028,0.018970264589354253
6,2025-03-23,19.714285714285715,0.44124272897564826,0.19993139767984486,2.3622601458918595,28.569330290038813,42.850457571525,514.2054908583,64.9729287850406,0.22930480408737694,0.005132272048254957,0.002325482679936565,0.019108733673948077
6,2025-03-24,17.714285714285715,0.4867913832199547,0.1723261526832955,2.3404863505155356,28.5337085576669,42.850457571525,514.2054908583,64.9287603930461,0.20604199787561406,0.005662066806700903,0.002004394947545083,0.017170166489634507
6,2025-03-25,16.571428571428573,0.474092970521542,0.14851662887377173,2.402993497277177,28.581069200028363,42.850457571525,514.2054908583,64.36368102796675,0.1927489657546067,0.0055143664498008204,0.0017274567783574296,0.016062413812883893
6,2025-03-26,17.0,0.4731531208974818,0.15180610255798224,2.46710322751878,28.654895328713994,42.850457571525,514.2054908583,64.03661335879382,0.19773385279998448,0.005503434679964466,0.0017657179727846712,0.016477821066665375
6,2025-03-27,17.714285714285715,0.4742272347535505,0.16147312726260094,2.3928288550209738,28.579577744212347,42.850457571525,514.2054908583,64.51351991088833,0.20604199787561409,0.005515928131206014,0.0018781590339586054,0.017170166489634504
6,2025-03-28,17.714285714285715,0.495655806182122,0.13290169869117238,2.4113821405665865,28.56277903222936,42.850457571525,514.2054908583,64.72066276803119,0.20604199787561406,0.005765172483474902,0.0015458332309334214,0.017170166489634504
6,2025-03-29,16.714285714285715,0.5091478696741855,0.1260233918128655,2.3227539228995466,28.457022343406994,42.850457571525,514.2054908583,65.30584795321637,0.19441059476973263,0.005922104112681239,0.0014658288709458772,0.01620088289747772
6,2025-03-30,16.285714285714285,0.4809966091699838,0.1214015430733697,2.3375064372772707,28.500435582636808,42.850457571525,514.2054908583,65.18147820531722,0.18942570772435485,0.00559466545381819,0.0014120702851623916,0.01578547564369624
6,2025-03-31,16.857142857142858,0.44070356887694345,0.14948457115639777,2.3523495131999383,28.548784281726636,42.850457571525,514.2054908583,65.49893852277752,0.19607222378485853,0.005126000859808315,0.00173871530522988,0.016339351982071544
6,2025-04-01,18.714285714285715,0.48480294775893107,0.1743292916532922,2.2655716637314542,28.489141907348966,42.850457571525,514.2054908583,66.2455223737092,0.2176734009814955,0.005638938512303709,0.002027694264382214,0.018139450081791294
6,2025-04-02,17.428571428571427,0.48931422595441987,0.17282553225479597,2.1463181945982552,28.436704760323913,42.850457571525,514.2054908583,66.90116147145356,0.20271873984536223,0.00569141100751821,0.002010203432644047,0.016893228320446853
6,2025-04-03,16.571428571428573,0.4615525139821815,0.1867063882409151,2.1314309845425554,28.440330704539235,42.850457571525,514.2054908583,66.92660970742811,0.1927489657546067,0.005368503344659733,0.002171657264073286,0.016062413812883893
6,2025-04-04,16.0,0.4508382282678958,0.1992063882409151,2.192214139902096,28.452712689733545,42.850457571525,514.2054908583,66.93732399314241,0.18610244969410306,0.005243881168525289,0.002317049802896804,0.015508537474508586
6,2025-04-05,15.857142857142858,0.3955750703731589,0.19243947094768202,2.2223413769698523,28.46311892623228,42.850457571525,514.2054908583,66.96589542171384,0.1844408206789771,0.00460109310214763,0.0022383410600750496,0.015370068389914757
6,2025-04-06,17.285714285714285,0.4456840028350326,0.20737878000463814,2.1918126748973,28.381142415185064,42.85045757152499,514.2054908583,67.12836040770824,0.20105711083023634,0.005183930294817071,0.0024121061858398516,0.016754759235853026
6,2025-04-07,17.714285714285715,0.43538180503283475,0.18127987890573705,2.18775851809673,28.463726222874566,42.850457571525,514.2054908583,66.36050326485109,0.20604199787561409,0.005064101279303181,0.002108539346538001,0.017170166489634507
6,2025-04-08,16.428571428571427,0.41985385472227577,0.17684332167414873,2.187988904096556,28.397133290795583,42.850457571525,514.2054908583,66.34453165881737,0.19108733673948078,0.004883489429832973,0.002056935960975084,0.015923944728290066
6,2025-04-09,17.857142857142858,0.42699671186513294,0.16255760738843447,2.277535453112539,28.474393008645162,42.850457571525,514.2054908583,65.74453165881737,0.20770362689073998,0.004966570880589269,0.0018907730594624921,0.01730863557422833
6,2025-04-10,18.142857142857142,0.4387183235867446,0.1471729920038191,2.2456356397812223,28.527374518944928,42.850457571525,514.2054908583,66.04489795918367,0.2110268849209918,0.00510290967157396,0.0017118283962950852,0.017585573743415985
6,2025-04-11,18.142857142857142,0.447646895015316,0.1561015634323905,2.122131276923111,28.523706823901506,42.850457571525,514.2054908583,66.16989795918367,0.2110268849209918,0.005206761485019329,0.0018156802097404553,0.017585573743415985
6,2025-04-12,18.571428571428573,0.462000962000962,0.1745567924139353,2.112390626405067,28.57686405584946,42.850457571525,514.2054908583,66.14392393320965,0.21601177196636961,0.005373719424338202,0.002030340417436148,0.018000980997197467
6,2025-04-13,17.857142857142858,0.4329004329004329,0.162291280148423,2.0877612888229424,28.59750432805771,42.850457571525,514.2054908583,66.06167285095856,0.20770362689073998,0.005035239439775514,0.0018876752999758422,0.01730863557422833
6,2025-04-14,18.857142857142858,0.431735836627141,0.15685649753972733,2.1400877900384154,28.53810544884502,42.850457571525,514.2054908583,66.53139334785297,0.21933502999662144,0.005021693551065249,0.001824461152661269,0.01827791916638512
6,2025-04-15,20.714285714285715,0.41850832339962774,0.15761235543844238,2.110199312102717,28.54371256944368,42.850457571525,514.2054908583,66.42406152623543,0.2409362071932584,0.004867839012627663,0.0018332528405719882,0.020078017266104864
6,2025-04-16,20.857142857142858,0.40184165673296107,0.17734024659490497,2.0418071731203367,28.43743135240207,42.850457571525,514.2054908583,66.29753091399054,0.2425978362083843,0.004673982294196306,0.0020627158950417583,0.020216486350698695
6,2025-04-17,22.142857142857142,0.4006511805424849,0.19638786564252403,2.1038214924097285,28.418841635815365,42.850457571525,514.2054908583,65.91657853303816,0.2575524973445176,0.004660135385736924,0.002284266430391881,0.02146270811204313
6,2025-04-18,23.285714285714285,0.4036273710186754,0.19043548469014307,2.1650318671887705,28.407583855290966,42.850457571525,514.2054908583,66.01776900922864,0.2708455294655249,0.004694752656885381,0.0022150318880949675,0.022570460788793743
6,2025-04-19,23.142857142857142,0.43331197213184786,0.17126417980455247,2.150857961915583,28.430838998596148,42.850457571525,514.2054908583,65.97571582431831,0.269183900450399,0.005040026218469987,0.001992042712904909,0.022431991704199922
6,2025-04-20,22.428571428571427,0.42911029145957896,0.17699374435764645,2.182018784297873,28.441076072803433,42.850457571525,514.2054908583,66.14760276091113,0.2608757553747694,0.004991154776848637,0.0020586855878431142,0.021739646281230787
6,2025-04-21,21.857142857142858,0.468338797507307,0.18712777508664286,2.1428376204349986,28.399665058733003,42.850457571525,514.2054908583,66.23521309108439,0.2542292393142657,0.005447437343931269,0.002176558584339461,0.021185769942855478
6,2025-04-22,21.571428571428573,0.4615663107348202,0.18882089677976457,2.1044714279027867,28.424230369738126,42.850457571525,514.2054908583,66.40621838208968,0.25090598128401387,0.005368663820251225,0.002196251965259472,0.020908831773667824
6,2025-04-23,21.0,0.4475607084939239,0.2052274594048146,2.1129067347596058,28.465371385889593,42.850457571525,514.2054908583,66.36300109517491,0.2442594652235102,0.005205759014846724,0.002387083308733317,0.020354955435292522
6,2025-04-24,21.142857142857142,0.4392273751605905,0.1861798403571955,2.002815989031121,28.415364321938092,42.850457571525,514.2054908583,66.91919157136539,0.24592109423863612,0.005108830655631045,0.0021655327733831943,0.020493424519886345
6,2025-04-25,19.428571428571427,0.3975607084939239,0.16832269750005266,1.9978129484720601,28.41165084364408,42.850457571525,514.2054908583,66.9489534761273,0.22598154605712512,0.004624188859552652,0.0019578291464924544,0.018831795504760423
6,2025-04-26,18.0,0.39385013335477737,0.20048101537265622,2.186278568104424,28.45143497110265,42.850457571525,514.2054908583,66.10788977792075,0.20936525590586588,0.004581029664354576,0.002331875504875778,0.017447104658822158
6,2025-04-27,19.142857142857142,0.38948038545561764,0.19241378848189994,2.118844470065462,28.43113727115133,42.850457571525006,514.2054908583,66.49444439976948,0.22265828802687326,0.0045302033650683705,0.0022380423369627853,0.018554857335572772
6,2025-04-28,19.714285714285715,0.35025187940788965,0.17606857762867995,2.0788300713384587,28.411641007336442,42.850457571525006,514.2054908583,66.65528127456517,0.22930480408737694,0.004073920797985739,0.002047924600678355,0.019108733673948077
6,2025-04-29,20.142857142857142,0.344741675326257,0.1889257204858228,2.201006113103465,28.4443033180838,42.850457571525006,514.2054908583,66.2242608664019,0.23428969113275472,0.004009829393116596,0.0021974712120396878,0.01952414092772956
6,2025-04-30,20.0,0.38255680137667714,0.15636269527573873,2.202337215815409,28.3644449062468,42.850457571525006,514.2054908583,66.91543733699014,0.2326280621176288,0.0044496723677087515,0.001818717539474221,0.01938567184313573
6,2025-05-01,18.285714285714285,0.369369988189864,0.14976928868233216,2.1753753817373482,28.350771070629175,42.850457571525,514.2054908583,66.72554722710002,0.2126885139361178,0.004296291227850974,0.001742026969545332,0.017724042828009812
6,2025-05-02,19.571428571428573,0.42039039635312925,0.14466724786600563,2.0884550880125703,28.28543480399622,42.850457571525,514.2054908583,67.00786015227008,0.22764317507225101,0.004889730161824517,0.0016826830761479778,0.01897026458935425
6,2025-05-03,20.857142857142858,0.39961117557390846,0.13427763747639523,1.9916955444406133,28.24975919786029,42.850457571525,514.2054908583,67.58837963278957,0.24259783620838432,0.0046480386687152925,0.0015618373295933654,0.020216486350698695
6,2025-05-04,19.571428571428573,0.39032546128819423,0.12606335176210953,2.0836659346348037,28.31715976566444,42.850457571525,514.2054908583,66.891951061361,0.22764317507225101,0.004540032782732108,0.0014662936612236251,0.018970264589354253
6,2025-05-05,18.714285714285715,0.4140740911749315,0.14506225567149938,2.142796825453,28.313256518296786,42.850457571525,514.2054908583,66.99206067042202,0.2176734009814955,0.004816262670157133,0.0016872775711636453,0.018139450081791294
6,2025-05-06,17.857142857142858,0.4330907887630577,0.11584147645072015,2.1213196103572334,28.322616752068736,42.850457571525,514.2054908583,66.9586654941697,0.20770362689073998,0.005037453545547271,0.001347398908978798,0.01730863557422833
6,2025-05-07,17.571428571428573,0.4330907887630576,0.12859657849153647,2.1523554588382066,28.401947715698828,42.850457571525,514.2054908583,66.47397161661868,0.20438036886048813,0.005037453545547271,0.0014957586424721836,0.017031697405040677
6,2025-05-08,18.571428571428573,0.4391347448070137,0.1423328422278002,2.217467800526966,28.416242580589376,42.850457571525,514.2054908583,66.05529029793736,0.2160117719663696,0.005107753234648752,0.001655530663157368,0.018000980997197467
6,2025-05-09,18.0,0.39791825821237586,0.1607402051729783,2.2274771317982913,28.464958217313235,42.850457571525,514.2054908583,65.97605860526029,0.2093652559058659,0.00462834766445836,0.0018696341216889994,0.017447104658822158
6,2025-05-10,15.285714285714286,0.34077540106951876,0.2750259194586926,2.3821155148180666,28.516961985091534,42.850457571525,514.2054908583,65.16177289097458,0.1777943046184734,0.003963696058407993,0.0031989373337897352,0.014816192051539454
7,2025-01-01,16.571428571428573,0.34883230804283427,0.27889040783777624,1.7050642148499586,25.14893513288203,44.44293571435714,311.1005500005,87.61613123718386,0.17247961766843206,0.0036307348435463235,0.0029027618655755962,0.02463994538120459
7,2025-01-02,16.714285714285715,0.3077067669172932,0.2745614035087719,1.7421331467694476,25.14156081855968,44.44293571435714,311.1005500005,87.10639097744362,0.1739665109241944,0.003202689815372315,0.002857704494188859,0.02485235870345635
7,2025-01-03,18.0,0.28879920389208313,0.279813504349108,1.6860241125154007,25.094365670918226,44.44293571435714,311.1005500005,87.9782397169394,0.1873485502260555,0.0030058951197567104,0.002912369687415415,0.026764078603722225
7,2025-01-04,17.285714285714285,0.3364182515111307,0.260765885301489,1.7153589081515062,25.083318709339316,44.44293571435714,311.1005500005,88.09252543122511,0.17991408394724379,0.0035015262050108256,0.002714117253313769,0.025702011992463407
7,2025-01-05,16.571428571428573,0.27411964785914356,0.27634053621448573,1.7367436842742705,25.054476438074545,44.44293571435714,311.1005500005,87.98511404561825,0.17247961766843206,0.002853106589715968,0.002876222157137484,0.024639945381204585
7,2025-01-06,15.571428571428571,0.2900537137932095,0.2593075691815187,1.7525324031529743,25.068803274756135,44.44293571435714,311.1005500005,87.89225690276112,0.16207136487809565,0.0030189523759356143,0.0026989387304888965,0.023153052125442244
7,2025-01-07,16.142857142857142,0.28410133284082856,0.2652599501338997,1.7388631732470472,25.00203797199701,44.44293571435714,311.1005500005,87.8327330932373,0.16801893790114503,0.0029569984902788507,0.002760892616145661,0.024002705414449294
7,2025-01-08,14.428571428571429,0.3063235550630508,0.271609156483106,1.7065821321592105,25.021511353106284,44.44293571435714,311.1005500005,87.97400293450713,0.1501762188319969,0.0031882929967307705,0.00282697676084621,0.02145374554742813
7,2025-01-09,15.0,0.3271568883963841,0.2864901088640584,1.7105451955942392,25.007361110402275,44.44293571435714,311.1005500005,88.21507436307856,0.15612379185504624,0.003405131596529446,0.0029818614749881206,0.02230339883643519
7,2025-01-10,15.0,0.38598041780814885,0.2696833861749828,1.6981206822604926,25.092673595334343,44.44293571435714,311.1005500005,88.36633486728024,0.15612379185504627,0.004017381760666882,0.0028069328566631387,0.022303398836435184
7,2025-01-11,14.857142857142858,0.3710144314135911,0.27240447461035694,1.6617518874292325,25.055497820856232,44.44293571435714,311.1005500005,88.69898792850474,0.15463689859928392,0.003861611991015589,0.0028352546329633737,0.022090985514183422
7,2025-01-12,14.285714285714286,0.3934634110054277,0.27036365828382636,1.6913193855505977,25.155317465751583,44.44293571435714,311.1005500005,88.52143690809656,0.14868932557623454,0.004095266645492529,0.0028140133007381976,0.02124133222517637
7,2025-01-13,14.571428571428571,0.3656245831665999,0.2469204348406029,1.6880899320273126,25.107834206499593,44.44293571435714,311.1005500005,89.15953214619182,0.15166311208775923,0.0038055130879593537,0.002570010304920787,0.021666158869679895
7,2025-01-14,16.285714285714285,0.37157696411898083,0.27072995865012667,1.6824306106525362,25.163072551789025,44.44293571435714,311.1005500005,89.05238928904896,0.16950583115690737,0.0038674669736161182,0.0028178258475478443,0.02421511873670106
7,2025-01-15,15.0,0.3636404561824729,0.29453948245965045,1.6724440569791568,25.118022986577596,44.44293571435714,311.1005500005,89.67937341603307,0.15612379185504627,0.003784861792740433,0.0030656413901749024,0.022303398836435184
7,2025-01-16,14.428571428571429,0.34280712284913956,0.29156329198346004,1.6913495221814807,25.093714747302652,44.44293571435714,311.1005500005,89.89068293984259,0.1501762188319969,0.003568023192941757,0.0030346644473465204,0.02145374554742813
7,2025-01-17,14.142857142857142,0.3147959183673469,0.2590702947845805,1.7236690036423317,25.063496857686665,44.44293571435714,311.1005500005,89.99376417233562,0.1472024323204722,0.003276475495733454,0.0026964691185848884,0.021028918902924604
7,2025-01-18,14.285714285714286,0.32976190476190465,0.27539682539682536,1.6913007180672233,25.111460646578116,44.44293571435714,311.1005500005,89.78492063492062,0.14868932557623454,0.003432245265384747,0.0028663997763863,0.021241332225176372
7,2025-01-19,14.571428571428571,0.3345238095238095,0.2944444444444444,1.6603558451027018,25.080189587841062,44.44293571435714,311.1005500005,90.82301587301588,0.15166311208775923,0.0034818083739101588,0.0030646522104879454,0.021666158869679895
7,2025-01-20,13.857142857142858,0.3821428571428571,0.3563492063492063,1.5324257170189755,25.079181903238084,44.44293571435714,311.1005500005,90.89920634920635,0.1442286458089475,0.0039774394591642745,0.0037089726213182955,0.020604092258421077
7,2025-01-21,11.428571428571429,0.36938775510204075,0.36995464852607707,1.55633424675286,25.075562121382273,44.44293571435714,311.1005500005,91.01485260770974,0.11895146046098763,0.0038446811327569217,0.003850581502819471,0.016993065780141096
7,2025-01-22,12.428571428571429,0.35748299319727883,0.3689625850340136,1.5521748421134522,25.024371535967507,44.44293571435714,311.1005500005,90.51981292517007,0.12935971325132406,0.0037207733614433927,0.00384025585521001,0.018479959035903437
7,2025-01-23,13.0,0.4051020408163265,0.3451530612244898,1.5303992135741853,25.071304248336588,44.44293571435714,311.1005500005,90.51386054421768,0.13530728627437344,0.004216404446697508,0.0035924403125829523,0.019329612324910494
7,2025-01-24,13.142857142857142,0.402125850340136,0.37134353741496595,1.5565090114124775,25.09450668198306,44.44293571435714,311.1005500005,89.7983843537415,0.13679417953013578,0.004185427503869126,0.0038650374094727157,0.01954202564716226
7,2025-01-25,13.0,0.34634353741496593,0.38562925170068024,1.6247081585739838,25.085592303581112,44.44293571435714,311.1005500005,89.38477891156462,0.13530728627437344,0.003604831089714305,0.00401372673504895,0.019329612324910494
7,2025-01-26,14.285714285714286,0.35314625850340126,0.37882653061224486,1.603443789446991,25.059176444765473,44.44293571435714,311.1005500005,88.87117346938774,0.14868932557623454,0.0036756355304648934,0.003942922294298362,0.02124133222517637
7,2025-01-27,15.428571428571429,0.2991780045351473,0.3470804988662131,1.7017409274281052,25.07255953004339,44.44293571435714,311.1005500005,88.87910997732425,0.1605844716223333,0.0031139203005102296,0.003612501570795619,0.02294063880319048
7,2025-01-28,17.0,0.32979024943310653,0.3493480725623583,1.6871865265733288,25.075379535814033,44.44293571435714,311.1005500005,88.48568594104309,0.1769402974357191,0.003432540283887874,0.003636103051045815,0.02527718534795988
7,2025-01-29,17.285714285714285,0.3099489795918367,0.31065759637188206,1.7221362871045387,25.11118321351849,44.44293571435714,311.1005500005,88.10770975056688,0.17991408394724379,0.00322602733169866,0.0032334027942768464,0.025702011992463407
7,2025-01-30,17.571428571428573,0.2861394557823128,0.3066893424036281,1.732359891103075,25.111260320864794,44.44293571435714,311.1005500005,88.30810657596372,0.18288787045876845,0.0029782117890716025,0.0031921002038390036,0.026126838636966934
7,2025-01-31,17.142857142857142,0.2854526425954997,0.29295307866736436,1.6276731601076888,25.032802653408908,44.44293571435714,311.1005500005,89.02651316937032,0.17842719069148144,0.002971063263803514,0.0030491296984772394,0.02548959867021164
7,2025-02-01,17.857142857142858,0.33271365226252436,0.2515996952087177,1.6291412676915527,24.99391119513935,44.44293571435714,311.1005500005,89.36593314788804,0.18586165697029317,0.003462967799544441,0.0026187132297039286,0.02655166528147046
7,2025-02-02,17.0,0.31638712165027943,0.24887860677334356,1.6555117988911914,24.919821880647504,44.44293571435714,311.1005500005,89.66525287577919,0.1769402974357191,0.0032930371417430296,0.0025903914534036935,0.02527718534795988
7,2025-02-03,16.571428571428573,0.3036887089518668,0.24729130518604198,1.614939633381688,24.84974945497633,44.44293571435714,311.1005500005,89.48588779641412,0.17247961766843206,0.0031608688523419325,0.0025738704172285566,0.02463994538120459
7,2025-02-04,16.428571428571427,0.2574702215569088,0.2678328551393567,1.6181530486406952,24.85308220580723,44.44293571435714,311.1005500005,89.4387356022031,0.17099272441266972,0.002679815151948233,0.0027876720618479787,0.024427532058952824
7,2025-02-05,16.0,0.26064482473151196,0.30116618847269,1.5861171008992136,24.883077021890205,44.44293571435714,311.1005500005,89.76254512601261,0.16653204464538268,0.002712857224298507,0.0031346138215258596,0.023790292092197535
7,2025-02-06,15.0,0.2519868160735033,0.30838119568769723,1.5563694851549497,24.846935788668613,44.44293571435714,311.1005500005,89.39169375516124,0.15612379185504627,0.0026227424815250316,0.0032097094405037557,0.022303398836435184
7,2025-02-07,14.142857142857142,0.20803077211745938,0.408852153301512,1.5822770403945974,24.913079459825816,44.44293571435714,311.1005500005,88.49216471277506,0.1472024323204722,0.0021652368643673868,0.004255436565435515,0.021028918902924607
7,2025-02-08,14.571428571428571,0.185816144639674,0.4112444977991196,1.5508990478830604,25.01949251734229,44.44293571435714,311.1005500005,88.70747571755976,0.15166311208775923,0.0019340214059354428,0.004280336691728186,0.021666158869679895
7,2025-02-09,14.714285714285714,0.18343519225872162,0.4088635454181672,1.6030275493701815,25.130850461985556,44.44293571435714,311.1005500005,87.81759476517881,0.15315000534352155,0.001909239851672737,0.00425555513746548,0.021878572191931657
7,2025-02-10,14.857142857142858,0.2179590017825311,0.3975540216086434,1.6512984728153637,25.197579817661282,44.44293571435714,311.1005500005,87.31045190803594,0.15463689859928392,0.002268572388481971,0.004137842754717628,0.022090985514183422
7,2025-02-11,13.428571428571429,0.253973407544836,0.35433673469387755,1.6560055319558593,25.232414561624,44.44293571435714,311.1005500005,87.75102813852814,0.13976796604166047,0.002643419427749789,0.0036880263075962463,0.019966852291665782
7,2025-02-12,12.714285714285714,0.3063543599257884,0.3257653061224489,1.6603627358613073,25.216531484267502,44.44293571435714,311.1005500005,87.38912337662337,0.13233349976284875,0.0031886136215293153,0.003390647656443777,0.018904785680406967
7,2025-02-13,12.714285714285714,0.31934137291280146,0.3517393320964749,1.6747825527737579,25.18331018119764,44.44293571435714,311.1005500005,87.32418831168832,0.13233349976284872,0.003323785735689529,0.003660991884764204,0.018904785680406967
7,2025-02-14,13.714285714285714,0.37036178107606677,0.25990259740259736,1.7095236130878544,25.219293861759354,44.44293571435714,311.1005500005,87.99765769944341,0.14274175255318516,0.0038548190413189376,0.0027051319346312673,0.020391678936169312
7,2025-02-15,12.857142857142858,0.3874072356215213,0.27207792207792203,1.6829561001362556,25.18551993876388,44.44293571435714,311.1005500005,87.89700834879406,0.13382039301861107,0.004032232441154217,0.002831855791656467,0.01911719900265873
7,2025-02-16,12.142857142857142,0.4036410018552875,0.2883116883116883,1.6577348826077307,25.260940657606245,44.44293571435714,311.1005500005,88.49684601113172,0.12638592673979937,0.004201197583854484,0.0030008209343567334,0.018055132391399914
7,2025-02-17,12.0,0.3976886209029065,0.3091450216450216,1.656156258085659,25.364652569868912,44.44293571435714,311.1005500005,88.88017934446506,0.124899033484037,0.00413924369819772,0.003217659534155409,0.01784271906914815
7,2025-02-18,12.285714285714286,0.35233714698000407,0.34769377447948874,1.653805334411514,25.247646778077602,44.44293571435714,311.1005500005,88.08199340342198,0.12787281999556172,0.003667214093193801,0.0036188846984087403,0.01826754571365168
7,2025-02-19,12.0,0.31662286126571837,0.40840806019377446,1.6210327049417523,25.202185716145866,44.44293571435714,311.1005500005,88.27485054627913,0.12489903348403701,0.0032954907792532144,0.0042508143321077375,0.01784271906914815
7,2025-02-20,12.714285714285714,0.31824623788909495,0.3970444238301381,1.672090105558229,25.294170455988496,44.44293571435714,311.1005500005,88.21559729952587,0.13233349976284872,0.0033123872935232404,0.00413253873221755,0.018904785680406967
7,2025-02-21,13.0,0.3118686868686868,0.42893217893217894,1.6442818246405226,25.186877741608473,44.44293571435714,311.1005500005,88.42860750360751,0.13530728627437344,0.003246008130319565,0.004464434548235931,0.019329612324910494
7,2025-02-22,13.571428571428571,0.3207972582972582,0.3985750360750361,1.7125358197338592,25.176727579267826,44.44293571435714,311.1005500005,87.75003607503608,0.14125485929742282,0.003338938958804711,0.004148469731386433,0.02017926561391755
7,2025-02-23,14.714285714285714,0.3365183792815371,0.3767021720969089,1.658941080163751,25.085222494673538,44.44293571435714,311.1005500005,87.92228487886383,0.15315000534352158,0.003502568360156548,0.003920811433853442,0.021878572191931657
7,2025-02-24,15.285714285714286,0.3640873015873015,0.39675229741019213,1.6534809833310489,24.978491953334302,44.44293571435714,311.1005500005,87.92428989139515,0.15909757836657096,0.0037895126726720887,0.004129498206592017,0.022728225480938717
7,2025-02-25,15.857142857142858,0.39217032967032955,0.36134326200115663,1.6447745385948738,25.0586922117337,44.44293571435714,311.1005500005,88.8559138230191,0.16504515138962034,0.004081807928078361,0.003760952014992803,0.023577878769945767
7,2025-02-26,16.714285714285715,0.40747645211930916,0.34348611914401384,1.6755147001449362,25.115401008266694,44.44293571435714,311.1005500005,88.6263219862844,0.1739665109241944,0.004241117919767184,0.0035750903580225096,0.02485235870345635
7,2025-02-27,17.0,0.3777145473574044,0.32959723025512494,1.6025980244789395,24.98291188933596,44.44293571435714,311.1005500005,88.92294897041138,0.1769402974357191,0.003931348491483363,0.0034305312914900596,0.02527718534795988
7,2025-02-28,16.714285714285715,0.3432757718472003,0.31811763841839025,1.636780884266072,25.015280628189146,44.44293571435714,311.1005500005,88.6078979500032,0.1739665109241944,0.003572901010183511,0.0033110487977234425,0.024852358703456347
7,2025-03-01,15.571428571428571,0.33137100994243845,0.35145097175172363,1.5728360284989424,24.982902579065417,44.44293571435714,311.1005500005,89.08408842619369,0.16207136487809565,0.003448993238869983,0.003657990557401323,0.02315305212544224
7,2025-03-02,14.142857142857142,0.3113208846291552,0.3689948314008464,1.6215545108103322,24.958687529018537,44.44293571435714,311.1005500005,88.85267656320288,0.1472024323204722,0.0032403064661314083,0.0038405914835475756,0.021028918902924604
7,2025-03-03,13.857142857142858,0.27814972142703226,0.35174582653574243,1.5965445429937568,24.92677844217491,44.44293571435714,311.1005500005,89.04506930977519,0.1442286458089475,0.0028950526141742067,0.0036610594805298316,0.020604092258421074
7,2025-03-04,14.142857142857142,0.300860344137655,0.33636121115112705,1.6161107484073978,24.899241800036254,44.44293571435714,311.1005500005,88.91027077497665,0.14720243232047217,0.0031314305163723235,0.003500932514524656,0.021028918902924604
7,2025-03-05,14.285714285714286,0.3260304121648659,0.29350406829398423,1.6065776622830517,24.891961146559105,44.44293571435714,311.1005500005,89.71843404028277,0.14868932557623454,0.0033934069471494984,0.003054864537795952,0.021241332225176362
7,2025-03-06,13.142857142857142,0.3307923169267707,0.33953581432573027,1.6713284624591382,24.976897925006174,44.44293571435714,311.1005500005,89.29144991329865,0.13679417953013578,0.0034429700556749096,0.0035339745868749302,0.01954202564716226
7,2025-03-07,13.428571428571429,0.3652310924369747,0.34208683473389356,1.6227062627920177,24.92693140697097,44.44293571435714,311.1005500005,89.56185807656395,0.13976796604166047,0.003801417536974761,0.003560526252156401,0.019966852291665785
7,2025-03-08,14.0,0.33249299719887954,0.33911064425770304,1.6313140685912515,24.93447899500749,44.44293571435714,311.1005500005,89.6749533146592,0.14571553906470985,0.003460671165862557,0.0035295493093280184,0.02081650558067284
7,2025-03-09,15.857142857142858,0.3303284950343773,0.34343964858670745,1.631538406164707,24.95344175363167,44.44293571435714,311.1005500005,89.7860644257703,0.16504515138962034,0.0034381424801691878,0.0035746066807147564,0.023577878769945767
7,2025-03-10,17.571428571428573,0.32772055530676214,0.32257613076578595,1.6585126481308585,25.0193877017548,44.44293571435714,311.1005500005,89.5322249589491,0.1828878704587685,0.003410998384222208,0.0033574539131389163,0.026126838636966934
7,2025-03-11,18.285714285714285,0.2967681743543812,0.3440047021943573,1.6477111355794676,25.038735748378162,44.44293571435714,311.1005500005,89.39889162561576,0.1903223367375802,0.003088838178807033,0.0035804879015032686,0.027188905248225755
7,2025-03-12,18.142857142857142,0.25118994306186415,0.346045518520888,1.6168381742404485,25.016461382391594,44.44293571435714,311.1005500005,88.9274630541872,0.18883544348181786,0.0026144484257780948,0.003601729233728445,0.026976491925973987
7,2025-03-13,19.0,0.2672613716332927,0.3139026613780308,1.5774171153163352,24.917139422004073,44.44293571435714,311.1005500005,88.92389162561575,0.19775680301639192,0.0027817239170513583,0.003267178251181917,0.02825097185948457
7,2025-03-14,20.142857142857142,0.294047085919007,0.29604551852088795,1.589638364287046,24.976475760908933,44.44293571435714,311.1005500005,89.26317733990147,0.2096519490624907,0.003060516402506798,0.003081316594211624,0.029950278437498676
7,2025-03-15,20.857142857142858,0.32848586142921116,0.3126271511739492,1.5522885154115282,24.95854914247474,44.44293571435714,311.1005500005,89.32695285010557,0.21708641534130244,0.0034189638838066495,0.0032539024185411825,0.031012345048757498
7,2025-03-16,20.285714285714285,0.362396395339745,0.29242513097192896,1.5267656161528147,24.953952057672215,44.44293571435714,311.1005500005,89.47774650089922,0.21113884231825306,0.003771913293002762,0.0030436346854030723,0.03016269175975044
7,2025-03-17,17.0,0.39441609977324255,0.2628684807256235,1.5685985715823454,25.01920634909346,44.44293571435714,311.1005500005,89.35623582766439,0.17694029743571912,0.00410518247101846,0.0027360015980039667,0.02527718534795988
7,2025-03-18,17.857142857142858,0.40265785801500076,0.262319030176173,1.6030574903129349,25.006582145194397,44.44293571435714,311.1005500005,89.4540380254666,0.18586165697029317,0.004190964774235519,0.002730282777789496,0.026551665281470457
7,2025-03-19,18.0,0.44823608930751785,0.2602782138496424,1.6061722890741232,24.8989630498419,44.44293571435714,311.1005500005,90.14451421594279,0.1873485502260555,0.004665354527264457,0.00270904144556432,0.026764078603722225
7,2025-03-20,18.0,0.45716466073608925,0.21563535670678524,1.6652216019826311,25.051037157304513,44.44293571435714,311.1005500005,89.61772850165708,0.18734855022605554,0.0047582853557496035,0.0022443873031385867,0.026764078603722225
7,2025-03-21,18.714285714285715,0.42021884792820746,0.21932993798757344,1.6781568493395813,25.053990799333555,44.44293571435714,311.1005500005,89.50134919131224,0.19478301650486723,0.004373743996500721,0.0022828414390634747,0.02782614521498104
7,2025-03-22,18.571428571428573,0.40899435813228907,0.18667687676308362,1.7462523591908692,25.120269165243254,44.44293571435714,311.1005500005,89.21257368110818,0.19329612324910492,0.004256916669262251,0.0019429801234606531,0.02761373189272928
7,2025-03-23,18.0,0.3908537685631281,0.18554308991501106,1.7932647422367165,25.086947195436387,44.44293571435714,311.1005500005,88.52096370378389,0.1873485502260555,0.004068104827260684,0.0019311793833355552,0.026764078603722225
7,2025-03-24,19.142857142857142,0.35003744203251586,0.24676757971092944,1.7275775426843274,25.027402042349273,44.44293571435714,311.1005500005,88.5991949963009,0.19924369627215427,0.003643278182757156,0.0025684193500908462,0.02846338518173633
7,2025-03-25,17.285714285714285,0.36102645302152686,0.24127307421642394,1.7220182329403555,25.089222000734903,44.44293571435714,311.1005500005,88.46183235893828,0.17991408394724379,0.003757654587046567,0.0025112311479461406,0.025702011992463407
7,2025-03-26,16.714285714285715,0.3367840287791026,0.2776367105800603,1.7564293680995509,25.239713968042135,44.44293571435714,311.1005500005,88.0765509736569,0.17396651092419443,0.003505333307280836,0.0028897130675947375,0.024852358703456347
7,2025-03-27,16.857142857142858,0.3336327682749009,0.29391822318510236,1.7062370823497772,25.154559757769402,44.44293571435714,311.1005500005,88.89430307449722,0.17545340417995675,0.0034725341913449015,0.0030591751665970638,0.025064772025708115
7,2025-03-28,16.285714285714285,0.3791500096542113,0.30593792761859984,1.7255318522875425,25.185444377372395,44.44293571435714,311.1005500005,88.16425381341348,0.16950583115690737,0.003946289145939525,0.003184279288806033,0.024215118736701062
7,2025-03-29,16.142857142857142,0.3817815886015797,0.2924040930321337,1.7460278665198865,25.21419012710822,44.44293571435714,311.1005500005,87.80748689612024,0.16801893790114503,0.003973679284861463,0.0030434157172074955,0.024002705414449294
7,2025-03-30,17.0,0.3634142416628042,0.2975061338484602,1.6956926851355907,25.22147477722163,44.44293571435714,311.1005500005,88.43401750836514,0.17694029743571912,0.0037825072948348758,0.003096519047770436,0.02527718534795988
7,2025-03-31,17.142857142857142,0.3994686634315117,0.2553292631001609,1.706887606662393,25.155051188075824,44.44293571435714,311.1005500005,88.34626240632433,0.17842719069148144,0.004157770830812991,0.002657531515116791,0.02548959867021164
7,2025-04-01,18.142857142857142,0.3873807513435996,0.23994464771554552,1.6892311857074098,25.04250840783614,44.44293571435714,311.1005500005,88.20725141731332,0.18883544348181786,0.00403195678609464,0.0024974045491116155,0.026976491925973987
7,2025-04-02,17.857142857142858,0.3671787311415794,0.2067556145265123,1.6815102440758865,25.076582471285747,44.44293571435714,311.1005500005,88.0687232787852,0.18586165697029317,0.00382168905295653,0.002151964701813293,0.02655166528147046
7,2025-04-03,17.857142857142858,0.38398545383065497,0.2067556145265123,1.7254726177582156,25.06903004416706,44.44293571435714,311.1005500005,87.76620227038184,0.1858616569702932,0.003996617671281511,0.0021519647018132934,0.02655166528147046
7,2025-04-04,15.142857142857142,0.37541402525922646,0.1791365669074647,1.7384964021480442,25.048208669341623,44.44293571435714,311.1005500005,88.5233451275247,0.1576106851108086,0.00390740407593577,0.0018644986723659065,0.022515812158686952
7,2025-04-05,15.142857142857142,0.36037643127426405,0.20921175487738955,1.7073052094494128,25.015410906485528,44.44293571435714,311.1005500005,89.21507445083297,0.1576106851108086,0.00375088899638184,0.0021775288314737685,0.022515812158686952
7,2025-04-06,14.857142857142858,0.3810113519091846,0.2131800088456435,1.711370126298128,25.048122836105808,44.44293571435714,311.1005500005,88.63729667305519,0.15463689859928392,0.003965662466658622,0.0022188314219116117,0.022090985514183422
7,2025-04-07,14.0,0.3937097646075974,0.19413238979802444,1.7292516875092703,25.093832657146624,44.44293571435714,311.1005500005,88.94840778416629,0.14571553906470985,0.00409783075605972,0.002020578987809965,0.02081650558067284
7,2025-04-08,13.857142857142858,0.41852179468278533,0.1881173522040395,1.737598095272396,25.156388672197107,44.44293571435714,311.1005500005,89.0608137992039,0.1442286458089475,0.004356080637323707,0.0019579729559883927,0.020604092258421077
7,2025-04-09,15.0,0.44559929234851825,0.16477468180254556,1.6885494560566638,24.99582406330483,44.44293571435714,311.1005500005,89.52860091404982,0.15612379185504627,0.0046379100779584,0.0017150165416481406,0.022303398836435184
7,2025-04-10,14.571428571428571,0.41918872812282804,0.15997276103423824,1.6549792687346965,25.00809390555798,44.44293571435714,311.1005500005,89.60903308691898,0.15166311208775923,0.0043630222491619994,0.0016650369364124315,0.021666158869679895
7,2025-04-11,16.142857142857142,0.4065836861060213,0.1949867666364791,1.6887284746813092,25.055820306332237,44.44293571435714,311.1005500005,89.0922263642299,0.16801893790114503,0.004231825785418263,0.0020294715579228097,0.024002705414449294
7,2025-04-12,14.714285714285714,0.44835478050869465,0.18162001642762363,1.7340047296324812,25.020784739858346,44.44293571435714,311.1005500005,88.5517084026593,0.15315000534352158,0.004666589895290294,0.00189034704276376,0.021878572191931654
7,2025-04-13,14.142857142857142,0.4358831251798964,0.20316196654100233,1.7308760416098354,24.989501552096137,44.44293571435714,311.1005500005,89.0233637314575,0.1472024323204722,0.004536781753914217,0.002114561105140622,0.021028918902924604
7,2025-04-14,15.428571428571429,0.39620058549735676,0.21903498241401817,1.7298385038893616,25.05592496592326,44.44293571435714,311.1005500005,88.34082404891782,0.1605844716223333,0.004123755849535787,0.0022797714668919937,0.022940638803190475
7,2025-04-15,14.428571428571429,0.37615046018407355,0.2202881152460984,1.698319624166885,25.134314599684352,44.44293571435714,311.1005500005,87.80698946245164,0.1501762188319969,0.003915069076797212,0.002292814390188154,0.02145374554742813
7,2025-04-16,14.142857142857142,0.38399359743897554,0.24997999199679866,1.6986905855573038,25.23277228076032,44.44293571435714,311.1005500005,87.7201547285581,0.1472024323204722,0.003996702432015537,0.0026018549492289557,0.021028918902924604
7,2025-04-17,14.571428571428571,0.37679071628651456,0.2631852741096438,1.6889473334822427,25.218949566111945,44.44293571435714,311.1005500005,87.79098305989062,0.15166311208775923,0.003921733024161973,0.0027392988636271557,0.021666158869679895
7,2025-04-18,15.0,0.3679671868747499,0.22579031612645056,1.6249289626609682,25.151632009723908,44.44293571435714,311.1005500005,87.5077897825797,0.15612379185504627,0.0038298954995413573,0.0023500826878540713,0.022303398836435184
7,2025-04-19,16.428571428571427,0.3337148894645577,0.2316382693428248,1.5749131226077353,25.129539891418812,44.44293571435714,311.1005500005,88.29642804490219,0.17099272441266972,0.0034733889294462925,0.0024109496632361556,0.024427532058952824
7,2025-04-20,17.285714285714285,0.3255516241584352,0.19184235097547786,1.6157215981164472,25.201217198132888,44.44293571435714,311.1005500005,87.76683620816748,0.1799140839472438,0.003388423600545587,0.0019967436848452166,0.025702011992463407
7,2025-04-21,17.142857142857142,0.32788589119858463,0.21798614182515105,1.6210343112183527,25.08684366994419,44.44293571435714,311.1005500005,88.17860091404984,0.17842719069148144,0.0034127192419796124,0.002268854868906299,0.025489598670211642
7,2025-04-22,17.571428571428573,0.3374097007223941,0.2037004275394368,1.6166249772238055,25.024526154304475,44.44293571435714,311.1005500005,88.94050567595458,0.18288787045876848,0.003511845459030435,0.0021201655433300643,0.026126838636966934
7,2025-04-23,18.0,0.3104255737382672,0.18941471325372253,1.7066825109001245,25.041813839068844,44.44293571435714,311.1005500005,88.53574377119268,0.1873485502260555,0.0032309878440531037,0.00197147621775383,0.026764078603722225
7,2025-04-24,18.285714285714285,0.33696250429996555,0.18587645584549609,1.7125681468441323,25.134720832894963,44.44293571435714,311.1005500005,88.90637623470442,0.1903223367375802,0.0035071909256188644,0.0019346491402117288,0.027188905248225752
7,2025-04-25,18.142857142857142,0.36966927121725873,0.1870042753943682,1.726174120005597,25.117990483728573,44.44293571435714,311.1005500005,89.20637623470441,0.18883544348181786,0.0038476112236486637,0.0019463877711782735,0.026976491925973987
7,2025-04-26,18.0,0.38011204481792715,0.19702933805100983,1.7047264689578892,25.140704300528405,44.44293571435714,311.1005500005,89.18757924222321,0.1873485502260555,0.003956302251116672,0.002050731157547561,0.026764078603722225
7,2025-04-27,18.0,0.37296918767507,0.19702933805100983,1.6663055101334339,25.03597248459827,44.44293571435714,311.1005500005,89.95186495650891,0.1873485502260555,0.003881957588328555,0.002050731157547561,0.026764078603722225
7,2025-04-28,19.285714285714285,0.3584249084249084,0.17149604781183725,1.6335314809374466,25.035336505459245,44.44293571435714,311.1005500005,90.31482552535184,0.20073058952791661,0.003730577053239629,0.0017849742181692233,0.028675798503988097
7,2025-04-29,20.428571428571427,0.3696050326485109,0.19923931903336936,1.6533570630392644,25.036297279580516,44.44293571435714,311.1005500005,89.4535418814595,0.2126257355740154,0.003846942612386247,0.0020737331982737944,0.030375105082002203
7,2025-04-30,20.714285714285715,0.37992249296597114,0.2254297952238455,1.6135508114230337,24.968386236993627,44.44293571435714,311.1005500005,90.09639902431664,0.2155995220855401,0.003954329347524638,0.002346330295163558,0.03079993172650573
7,2025-05-01,21.142857142857142,0.3587331559871605,0.2213286332279467,1.5953454066304853,24.850588307302505,44.44293571435714,311.1005500005,89.6948269122182,0.2200602018528271,0.003733785371789554,0.0023036443643761222,0.031437171693261025
7,2025-05-02,19.571428571428573,0.31174067478415296,0.25234367082193165,1.5742466664427053,24.790522935922564,44.44293571435714,311.1005500005,90.28411262650391,0.20370437603944133,0.0032446757481835184,0.0026264567159561053,0.029100625148491623
7,2025-05-03,20.285714285714285,0.324508100595057,0.24199170394822564,1.5915728819972412,24.792171041877275,44.44293571435714,311.1005500005,90.39280827867785,0.21113884231825306,0.0033775623435052743,0.002518710827857384,0.030162691759750445
7,2025-05-04,19.714285714285715,0.3334366720236285,0.22949170394822566,1.66121593422979,24.897734091212985,44.44293571435714,311.1005500005,89.61602256439213,0.20519126929520365,0.003470493171990421,0.0023886076679781793,0.029313038470743385
7,2025-05-05,17.857142857142858,0.36090919949615596,0.25696423142075314,1.6559892643273362,24.840611171457095,44.44293571435714,311.1005500005,89.96217641054598,0.18586165697029317,0.0037564341827139485,0.002674548678701707,0.02655166528147046
7,2025-05-06,16.285714285714285,0.38782431336779155,0.2554114363896972,1.6814289705401724,24.87418104693675,44.44293571435714,311.1005500005,90.96631719729547,0.16950583115690737,0.004036573491770622,0.0026583867954868994,0.024215118736701062
7,2025-05-07,16.0,0.3695703451138233,0.23715746813572897,1.6880801178653217,24.93273922143914,44.44293571435714,311.1005500005,90.64885687983515,0.16653204464538268,0.0038465815757565453,0.002468394879472822,0.023790292092197535
7,2025-05-08,15.142857142857142,0.3573950204384987,0.2647548707331316,1.7132616000587981,24.96019028558091,44.44293571435714,311.1005500005,90.87937636035463,0.1576106851108086,0.0037198577187313453,0.002755635622063275,0.02251581215868695
7,2025-05-09,15.428571428571429,0.3645378775813558,0.25404058501884585,1.748227329920051,25.05930485955479,44.44293571435714,311.1005500005,89.80437636035462,0.1605844716223333,0.0037942023815194623,0.0026441186278810987,0.02294063880319048
8,2025-01-01,20.0,0.38142082989495635,0.15217011844610254,2.8362619370760283,24.914408413159,42.172291318858335,506.0674958263,60.408374593856685,0.22815559830417623,0.004351164882517959,0.0017359232209043938,0.019012966525348018
8,2025-01-02,20.571428571428573,0.36474871482467197,0.15445844796555333,2.8164857241988304,24.84250645920697,42.172291318858335,506.06749582629993,61.38549129866217,0.2346743296842955,0.004160973063075119,0.0017620279804357645,0.019556194140357964
8,2025-01-03,20.571428571428573,0.3873051058021156,0.16197724495803453,2.7447021533594205,24.773884635542437,42.172291318858335,506.06749582629993,62.07722062197045,0.23467432968429552,0.004418291407027197,0.0018478007617531238,0.019556194140357964
8,2025-01-04,21.428571428571427,0.3853209788179886,0.18181851479930436,2.7188146137902174,24.8433103027404,42.172291318858335,506.0674958263,62.70817300292282,0.2444524267544745,0.00439565692306845,0.0020741456013406,0.020371035562872876
8,2025-01-05,22.428571428571427,0.4122817631317141,0.18391935513543883,2.548179235692218,24.849176819998014,42.172291318858335,506.06749582629993,64.76804695250266,0.2558602066696833,0.0047032196168608435,0.0020981115255322156,0.021321683889140273
8,2025-01-06,21.714285714285715,0.41533753089336417,0.1915587745395641,2.581812930055322,24.94063332098636,42.172291318858335,506.0674958263,63.78370776228111,0.24771179244453417,0.0047380791429577395,0.002185260340774452,0.02064264937037785
8,2025-01-07,20.571428571428573,0.37347463188760804,0.1753369011748336,2.5042707026288276,24.836566311652625,42.17229131885834,506.0674958263,64.40589509875416,0.2346743296842955,0.004260516404487459,0.0020002047796172187,0.019556194140357964
8,2025-01-08,18.142857142857142,0.36327055025495497,0.1838403025353778,2.5792609236889956,25.098623481286157,42.172291318858335,506.06749582629993,62.88973863616913,0.20696972131878838,0.004144110486985328,0.0020972097108689944,0.017247476776565702
8,2025-01-09,17.0,0.3674113370044374,0.22566224870515006,2.6250109647299906,25.012532826448602,42.172291318858335,506.0674958263,61.35723346018569,0.19393225855854976,0.004191347670899236,0.002574305268399466,0.016161021546545817
8,2025-01-10,16.571428571428573,0.35942261519992613,0.24774871487056357,2.7579491308604354,25.070456004019086,42.17229131885834,506.06749582629993,59.38777857296765,0.18904321002346025,0.004100214090749542,0.0028262628135192094,0.01575360083528836
8,2025-01-11,15.142857142857142,0.3568715947917629,0.23244259242158402,2.674590730879212,25.06397889072884,42.17229131885834,506.06749582629993,59.94390102194724,0.17274638157316197,0.00407111261137401,0.002651653937266014,0.014395531797763499
8,2025-01-12,15.428571428571429,0.37289723581740386,0.22969533967433126,2.797142600828676,25.15510750513589,42.172291318858335,506.0674958263,58.32714278018899,0.17600574726322166,0.0042539295971946636,0.0026203138825539015,0.01466714560526847
8,2025-01-13,14.714285714285714,0.4023090005232862,0.2317961800104657,2.7021708953314225,25.04104608970124,42.17229131885834,506.06749582629993,59.6177590266876,0.16785733303807251,0.004589452535877275,0.002644279806745517,0.013988111086506041
8,2025-01-14,15.428571428571429,0.40902450723879297,0.2525532007674865,2.6793962666337485,25.296878019249167,42.17229131885834,506.06749582629993,59.89919980812838,0.17600574726322163,0.004666061558506883,0.0028810713312370302,0.01466714560526847
8,2025-01-15,16.428571428571427,0.3886163439734868,0.2525532007674865,2.5911267641092866,25.012993039850215,42.172291318858335,506.0674958263,61.20532225710797,0.18741352717843046,0.004433249723502621,0.0028810713312370307,0.015617793931535872
8,2025-01-16,16.428571428571427,0.37909253444967733,0.23350558171986746,2.5415002069393107,25.132089714605176,42.172291318858335,506.06749582629993,62.4338936856794,0.18741352717843046,0.004324604200500633,0.002663780285233053,0.01561779393153587
8,2025-01-17,17.0,0.37730682016396305,0.2174341531484389,2.5297636622405553,25.13303276685368,42.17229131885834,506.0674958263,63.75710797139369,0.19393225855854976,0.00430423316493776,0.0024804409651671975,0.016161021546545813
8,2025-01-18,17.857142857142858,0.34771498342926915,0.21845456131170415,2.5428527581749925,25.199994151765036,42.17229131885834,506.0674958263,63.443842665271234,0.20371035562872875,0.00396665600418158,0.0024920815569174103,0.016975862969060732
8,2025-01-19,16.571428571428573,0.31313191943444046,0.21069761237828463,2.4253208310498695,25.182415123053765,42.172291318858335,506.06749582629993,64.2612311591303,0.18904321002346028,0.003572140021334993,0.002403591990671447,0.015753600835288355
8,2025-01-20,17.0,0.2988462051487262,0.22260237428304655,2.5452981113086417,25.27990875017401,42.172291318858335,506.0674958263,62.25408830198746,0.19393225855854976,0.00340917173683201,0.0025393988944239325,0.016161021546545817
8,2025-01-21,16.428571428571427,0.3305922368947579,0.23167266906762704,2.643474135521018,25.270702445554935,42.172291318858335,506.0674958263,60.24501800720288,0.18741352717843046,0.003771323480171972,0.0026428708210924933,0.01561779393153587
8,2025-01-22,17.0,0.3612044817927171,0.24301053754835267,2.6529648694891947,25.353119733914923,42.172291318858335,506.0674958263,59.655448846205154,0.19393225855854976,0.004120541232678364,0.0027722107294281934,0.016161021546545813
8,2025-01-23,17.142857142857142,0.37668067226890756,0.22217720421501935,2.7070185114818415,25.249900313565398,42.172291318858335,506.0674958263,60.01140122715753,0.1955619414035796,0.004297090207556596,0.002534548647861344,0.0162968284502983
8,2025-01-24,16.285714285714285,0.39504801920768307,0.21401393890889686,2.6499442560313904,25.170688055016505,42.172291318858335,506.06749582629993,61.79405428838202,0.18578384433340062,0.004506620859060431,0.0024414239138596393,0.015481987027783386
8,2025-01-25,16.571428571428573,0.4320610062206701,0.2250528999478579,2.712884176657391,25.07445077765596,42.172291318858335,506.0674958263,62.07392441825215,0.18904321002346028,0.004928856868909069,0.002567353951884671,0.015753600835288355
8,2025-01-26,17.428571428571427,0.441560458175365,0.2557434370322569,2.861013508312088,25.048556537571926,42.172291318858335,506.0674958263,61.041772427020874,0.19882130709363924,0.005037224526123328,0.002917464844423049,0.016568442257803274
8,2025-01-27,17.857142857142858,0.4320366486515555,0.26367994496876485,2.8088987354868173,25.026150554193997,42.172291318858335,506.0674958263,62.830661315909765,0.20371035562872875,0.00492857900312134,0.00300800278025804,0.01697586296906073
8,2025-01-28,19.571428571428573,0.42654214315705,0.2393471349216691,2.8258325735914656,24.957907757603444,42.17229131885834,506.0674958263,63.47037874134147,0.22326654976908672,0.004865898893697116,0.00273041943852219,0.018605545814090563
8,2025-01-29,19.428571428571427,0.38872701710662977,0.21600446452017516,2.933430604634071,24.942046876021575,42.17229131885834,506.06749582629993,61.72621440894185,0.22163686692405687,0.0044345122582480434,0.002464131391948688,0.018469738910338075
8,2025-01-30,19.714285714285715,0.38277463615424884,0.1971552581709688,2.949064782038781,24.97228141671676,42.172291318858335,506.0674958263,60.36708742481486,0.22489623261411656,0.0043666088063718,0.0022491037943405856,0.018741352717843045
8,2025-01-31,20.285714285714285,0.37710570191388604,0.21642963458820236,2.9623209725160744,25.085217896639044,42.172291318858335,506.0674958263,58.28205341120942,0.23141496399423583,0.00430193885220395,0.0024689816385112767,0.01928458033285299
8,2025-02-01,20.142857142857142,0.3730859121798106,0.22477842865128217,2.9877515202630778,25.12826484021078,42.17229131885834,506.06749582629993,57.917489403788274,0.22978528114920604,0.004256081975612201,0.002564222843740293,0.019148773429100506
8,2025-02-02,19.571428571428573,0.3874696977306442,0.19143419851071333,3.0386884825755884,25.076202253285384,42.17229131885834,506.0674958263,57.264988586527735,0.22326654976908672,0.0044201690355236715,0.002183839204854612,0.018605545814090563
8,2025-02-03,19.0,0.3806669766422089,0.17669496948577001,3.032609681522871,25.09508959687641,42.172291318858335,506.06749582629993,56.68902486770686,0.21674781838896737,0.004342565090522252,0.0020156973240182006,0.018062318199080617
8,2025-02-04,17.428571428571427,0.371875767851,0.1887828815736821,3.01440692152159,25.097627402908163,42.172291318858335,506.0674958263,57.46631424499624,0.19882130709363927,0.004242276915443492,0.002153593564751494,0.01656844225780327
8,2025-02-05,17.142857142857142,0.36683375104427735,0.1994271392767633,2.9452277479368774,24.871230595387267,42.172291318858335,506.0674958263,59.11841508533238,0.1955619414035796,0.0041847586973836155,0.0022750209139890108,0.0162968284502983
8,2025-02-06,17.142857142857142,0.35889724310776944,0.2311731710227951,2.848786382147477,24.93671783566331,42.172291318858335,506.06749582629993,60.38825635517365,0.1955619414035796,0.004094220761548626,0.002637172657328973,0.0162968284502983
8,2025-02-07,18.285714285714285,0.3363087205192469,0.22995216980179387,2.818566043820257,24.834540268399554,42.172291318858335,506.0674958263,60.68679115370844,0.20859940416381825,0.003836535867249037,0.00262324374412359,0.017383283680318187
8,2025-02-08,18.571428571428573,0.3439987530539999,0.23882528426497043,2.7998528042285935,24.8312893416658,42.17229131885834,506.06749582629993,60.81278937908555,0.2118587698538779,0.003924262065946295,0.0027244662810819646,0.01765489748782316
8,2025-02-09,18.142857142857142,0.3059348432795638,0.2698403218589554,2.635899725640504,24.818353384823517,42.17229131885834,506.06749582629993,62.4307405069051,0.2069697213187884,0.003490037360527162,0.0030782790040160724,0.017247476776565702
8,2025-02-10,19.285714285714285,0.2910925427229775,0.25499802130236915,2.5942351219401303,24.79523742264431,42.172291318858335,506.0674958263,62.75634347536521,0.22000718407902706,0.0033207196623422455,0.002908961305831155,0.018333932006585587
8,2025-02-11,19.714285714285715,0.27363222526266007,0.2422996086039564,2.5865385471918465,24.842547279333665,42.172291318858335,506.06749582629993,62.4436450626668,0.22489623261411656,0.003121536203505266,0.00276410060849517,0.018741352717843048
8,2025-02-12,19.571428571428573,0.2960812048544968,0.2436601528216435,2.506497069135879,24.97687572913616,42.17229131885834,506.0674958263,64.35997159327904,0.22326654976908672,0.0033776292220099543,0.0027796213974954536,0.018605545814090556
8,2025-02-13,18.857142857142858,0.2893656981389901,0.2479336570951478,2.6110750850915054,24.869308391941114,42.17229131885834,506.06749582629993,62.46986170316916,0.21511813554393755,0.0033010201993803464,0.002828372593714295,0.017926511295328133
8,2025-02-14,17.857142857142858,0.2939926501343631,0.2320285096110529,2.608563049295951,24.830149018435694,42.172291318858335,506.06749582629993,62.751527405887494,0.20371035562872875,0.003353803449421798,0.002646930171696804,0.01697586296906073
8,2025-02-15,17.428571428571427,0.32473799174927,0.22519621147440697,2.6374888163409067,24.828039857431293,42.17229131885834,506.0674958263,62.13879448663283,0.19882130709363927,0.0037045395399825662,0.0025689888182388555,0.016568442257803274
8,2025-02-16,17.714285714285715,0.3435871980984763,0.20337081464901013,2.7033148003747134,24.97940407812942,42.17229131885834,506.06749582629993,61.75685004218838,0.20208067278369896,0.0039195671375906686,0.0023200094946926315,0.016840056065308244
8,2025-02-17,17.0,0.3512266175026016,0.20260687270859762,2.7381023901213126,24.991082814168315,42.172291318858335,506.0674958263,60.758377926069215,0.19393225855854976,0.0040067159528329056,0.0023112946131684077,0.016161021546545817
8,2025-02-18,16.714285714285715,0.36511550639149043,0.23137671397843887,2.6894753011019303,24.90168663478917,42.172291318858335,506.0674958263,61.96274300543429,0.19067289286849012,0.004165157340544139,0.0026394946305702484,0.015889407739040844
8,2025-02-19,17.142857142857142,0.3561119049509142,0.21937191205767057,2.7585597275947165,24.84187236005912,42.17229131885834,506.06749582629993,60.82288706305734,0.1955619414035796,0.004062446236865787,0.002502546492332448,0.0162968284502983
8,2025-02-20,18.0,0.36073885694628727,0.18293466509410786,2.771615854478778,24.903660331545403,42.172291318858335,506.0674958263,62.42728266745295,0.20534003847375856,0.00411522948690724,0.0020868783982560136,0.017111669872813217
8,2025-02-21,18.857142857142858,0.36885915769816696,0.1946639884023785,2.7833222046109656,24.982580169533808,42.172291318858335,506.0674958263,62.75660597572362,0.21511813554393755,0.004207864090729988,0.0022206839371110942,0.017926511295328133
8,2025-02-22,18.142857142857142,0.3426686815076908,0.1708544645928547,2.7647445271211097,24.940704824337416,42.172291318858335,506.06749582629993,61.85422502334267,0.2069697213187884,0.003909088902474519,0.0019490701296061227,0.017247476776565702
8,2025-02-23,18.571428571428573,0.3404011078115457,0.18672748046587057,2.7482611725004626,24.88703039912759,42.172291318858335,506.0674958263,62.057172869147664,0.2118587698538779,0.0038832209208073793,0.0021301460012761037,0.017654897487823156
8,2025-02-24,18.428571428571427,0.3335733767191087,0.23294596786082852,2.743093670214349,24.869438437868165,42.172291318858335,506.06749582629993,63.286164465786314,0.21022908700884807,0.00380533166718463,0.002657396333491637,0.017519090584070675
8,2025-02-25,18.0,0.2909909591366911,0.2652261876410483,2.723026429520772,24.890909360343585,42.172291318858335,506.06749582629993,62.97984578446763,0.20534003847375862,0.0033195608191468927,0.003025641976358954,0.017111669872813217
8,2025-02-26,17.285714285714285,0.3084979619378116,0.2806323501060343,2.6572335562545883,24.971694795171622,42.17229131885834,506.0674958263,64.04147043432758,0.19719162424860942,0.003519276854077019,0.0032013920870974655,0.016432635354050786
8,2025-02-27,16.714285714285715,0.34709445316588167,0.30168498168498165,2.524482070911486,24.893675401984495,42.17229131885834,506.06749582629993,64.79385138670852,0.19067289286849012,0.003959577131506131,0.003441555874786072,0.015889407739040844
8,2025-02-28,15.714285714285714,0.3410627071341357,0.2912087912087912,2.603622950687029,24.90096906058082,42.172291318858335,506.0674958263,64.29702598988312,0.17926511295328132,0.0038907683002715383,0.003322045799483884,0.014938759412773442
8,2025-03-01,16.857142857142858,0.3302966615854815,0.28458353240961937,2.5955744363245965,24.880855234487083,42.172291318858335,506.06749582629993,66.17859948884794,0.19230257571351994,0.003767951622095377,0.0032464663052216313,0.01602521464279333
8,2025-03-02,15.714285714285714,0.3130282157456071,0.3028985507246377,2.5536336621424796,24.7728861328599,42.17229131885834,506.06749582629993,67.12888729627859,0.17926511295328132,0.0035709569924763864,0.003455400003302379,0.014938759412773445
8,2025-03-03,16.285714285714285,0.33624250145989276,0.2528985507246377,2.6181178585551814,24.853901692694873,42.17229131885834,506.0674958263,65.71460158199288,0.18578384433340062,0.003835780454793734,0.0028850110075419383,0.015481987027783386
8,2025-03-04,16.857142857142858,0.3756736585381087,0.19278219649063638,2.699778711209377,24.926148731657833,42.172291318858335,506.0674958263,64.95054211205107,0.1923025757135199,0.004285602416544049,0.0021992168691357204,0.01602521464279333
8,2025-03-05,18.285714285714285,0.38108491394936406,0.18195968566812556,2.7584256101567277,24.94501891019115,42.17229131885834,506.06749582629993,63.42023908174803,0.20859940416381823,0.004347332827340633,0.0020757560475425513,0.017383283680318187
8,2025-03-06,18.0,0.3378614707259208,0.20833331204175193,2.8207660530390726,24.779494639374445,42.17229131885834,506.0674958263,63.129396590905536,0.20534003847375856,0.003854249299870069,0.0023766205727788273,0.017111669872813214
8,2025-03-07,17.857142857142858,0.3317923764215324,0.21813723361037937,2.6911666497629065,24.74399794561727,42.172291318858335,506.06749582629993,64.33714635747883,0.20371035562872875,0.003785014407760959,0.0024884615523396983,0.016975862969060732
8,2025-03-08,18.571428571428573,0.31670808183413224,0.23632711825989136,2.617277350979694,24.684563602433098,42.17229131885834,506.06749582629993,64.4722395251807,0.21185876985387792,0.0036129360949317224,0.0026959677531043663,0.01765489748782316
8,2025-03-09,19.714285714285715,0.3067656433202651,0.21801209994487308,2.567117126506013,24.759594109101414,42.17229131885834,506.0674958263,64.91650954087929,0.22489623261411654,0.0034995149445450307,0.002487034055023618,0.018741352717843045
8,2025-03-10,19.0,0.28533707189169377,0.2537263856591588,2.412032964223316,24.61982612344793,42.172291318858335,506.06749582629993,67.12365239802214,0.21674781838896737,0.003255062517790556,0.0028944547662810758,0.018062318199080617
8,2025-03-11,19.857142857142858,0.2846063448182557,0.25555320334275394,2.301503819652219,24.52404543140438,42.172291318858335,506.06749582629993,68.20257092195345,0.22652591545914635,0.0032467265441586896,0.0029152947003607413,0.018877159621595533
8,2025-03-12,18.428571428571427,0.24348080369271452,0.27828047607002665,2.324627787769715,24.614580740023875,42.17229131885834,506.0674958263,68.00668347606602,0.21022908700884807,0.002777575422104648,0.0031745624257063965,0.017519090584070675
8,2025-03-13,20.0,0.23432329453520537,0.24119256398211458,2.415997241733874,24.960987066935974,42.172291318858335,506.06749582629993,66.92609739547993,0.22815559830417623,0.0026731085730642744,0.002751471687092883,0.019012966525348014
8,2025-03-14,20.571428571428573,0.22792073351079561,0.25519816622301095,2.504655807627936,24.95549840843128,42.172291318858335,506.06749582629993,65.7648328896776,0.2346743296842955,0.0026000695660041142,0.0029112445150369834,0.019556194140357964
8,2025-03-15,20.285714285714285,0.23106045093622732,0.23557493231406276,2.579949823504385,25.139306297336905,42.17229131885834,506.0674958263,63.8005471753919,0.23141496399423583,0.0026358867713893847,0.00268738698137904,0.01928458033285299
8,2025-03-16,20.428571428571427,0.2814624299096349,0.20094289768202808,2.696658070856736,25.13924705975319,42.17229131885834,506.06749582629993,61.58904439246054,0.23304464683926568,0.0032108614548090005,0.0022923123522808992,0.019420387236605476
8,2025-03-17,20.857142857142858,0.2767005251477301,0.15967305641218685,2.797758251525577,25.172651414622603,42.172291318858335,506.06749582629993,60.39539359880975,0.2379336953743552,0.0031565386933080056,0.0018215150859389483,0.019827807947862933
8,2025-03-18,20.428571428571427,0.2912967984396556,0.16246808746808747,2.858291533531914,25.20904138425961,42.172291318858335,506.0674958263,60.04756751185323,0.23304464683926568,0.003323049766604532,0.0018534001850808363,0.019420387236605476
8,2025-03-19,21.0,0.2853444174872747,0.14461094461094462,2.8701794191529237,25.102552939443324,42.17229131885834,506.06749582629993,59.68744846423418,0.23956337821938503,0.003255146314728289,0.0016496898294521074,0.019963614851615418
8,2025-03-20,19.571428571428573,0.33296346510632224,0.18797829154972012,2.7040701253967767,24.94946634576846,42.17229131885834,506.0674958263,61.46976138940425,0.2232665497690867,0.0037983739297382324,0.002144414978836163,0.018605545814090556
8,2025-03-21,21.0,0.35183553006133655,0.17261730844680154,2.6441815852877006,24.923217634499366,42.172291318858335,506.0674958263,61.7486729540301,0.23956337821938503,0.0040136622932905605,0.0019691802643168267,0.019963614851615418
8,2025-03-22,20.571428571428573,0.3513577469748578,0.16783947758201417,2.6867677394345644,24.787773633072042,42.172291318858335,506.06749582629993,62.285940034775436,0.23467432968429552,0.004008211848992802,0.0019146758213392406,0.019556194140357957
8,2025-03-23,21.0,0.33551359113070195,0.19485246459500116,2.581025585533478,24.74318085639931,42.172291318858335,506.0674958263,63.872953021788426,0.23956337821938503,0.003827465206180402,0.0022228340320357897,0.019963614851615418
8,2025-03-24,21.714285714285715,0.3489711480665197,0.21624652946732695,2.5613700260533916,24.786679554606305,42.172291318858335,506.0674958263,63.67281499556344,0.24771179244453417,0.003980986053900603,0.002466892815590982,0.02064264937037785
8,2025-03-25,22.285714285714285,0.32635210044747215,0.21862748184827926,2.5472003365267253,24.709039014696632,42.172291318858335,506.0674958263,63.916862614611055,0.2542305238246535,0.0037229529367708808,0.0024940541963414794,0.02118587698538779
8,2025-03-26,23.428571428571427,0.338256862352234,0.23053224375304118,2.442409793314968,24.621684961296484,42.172291318858335,506.0674958263,64.92579118603963,0.2672679865848921,0.0038587598405233664,0.002629861100093965,0.022272332215407677
8,2025-03-27,24.0,0.29857432266969436,0.2010537857031546,2.6340221359083293,24.694352153768957,42.172291318858335,506.06749582629993,62.80220841959972,0.2737867179650114,0.003406070161348414,0.0022935773384211433,0.02281555983041762
8,2025-03-28,24.142857142857142,0.2748128019323671,0.19558143547273985,2.6066757989327214,24.762005862750588,42.172291318858335,506.0674958263,63.128101276742576,0.27541640081004126,0.0031350039623263153,0.002231149971373629,0.022951366734170107
8,2025-03-29,24.285714285714285,0.2730012077294686,0.23698930296756385,2.5428908077036985,24.790485959308956,42.172291318858335,506.0674958263,64.26940562456866,0.2770460836550711,0.00311433769436398,0.0027035218105127103,0.023087173637922592
8,2025-03-30,24.571428571428573,0.24675782148608236,0.218153324131585,2.742196397049656,24.8514602116236,42.172291318858335,506.06749582629993,61.5000934552565,0.28030544934513074,0.0028149589198696113,0.0024886451094643324,0.02335878744542757
8,2025-03-31,24.142857142857142,0.27377645502645503,0.2308862433862434,2.750081487867049,24.856230047519485,42.172291318858335,506.0674958263,61.17959656084656,0.27541640081004126,0.003123181544907862,0.0026338994499996,0.022951366734170107
8,2025-04-01,23.285714285714285,0.28766534391534393,0.24675925925925926,2.7488639793248217,24.921067567119994,42.172291318858335,506.06749582629993,60.31650132275133,0.2656383037398623,0.003281622932619095,0.002814975321669581,0.022136525311655195
8,2025-04-02,22.714285714285715,0.2864748677248677,0.25985449735449734,2.7831811295860933,24.912461846060747,42.172291318858335,506.0674958263,61.241501322751326,0.259119572359743,0.0032680422422438466,0.0029643629157973155,0.02159329769664525
8,2025-04-03,24.285714285714285,0.2941377029739099,0.2675173326035395,2.63544415472586,24.938590962519104,42.172291318858335,506.0674958263,62.55157247765006,0.2770460836550711,0.0033554581802914232,0.0030517788538448926,0.023087173637922592
8,2025-04-04,22.142857142857142,0.3222364424697082,0.27434506369597644,2.7561928511817504,24.987661377073177,42.172291318858335,506.06749582629993,60.81391491462485,0.25260084097962365,0.003676002416354276,0.003129668107467642,0.021050070081635307
8,2025-04-05,22.0,0.32404803667260673,0.23914837632537608,2.736918613954256,25.003043003603413,42.172291318858335,506.0674958263,60.610498765556535,0.2509711581345938,0.0036966686843166114,0.002728152044199423,0.02091426317788282
8,2025-04-06,21.428571428571427,0.33140943533835326,0.2366178955340257,2.60602605273381,24.913345693335817,42.172291318858335,506.06749582629993,63.36366186654572,0.2444524267544745,0.0037806459001635587,0.002699284876252035,0.020371035562872872
8,2025-04-07,22.0,0.3147427686716866,0.20447503839116857,2.572062982324941,24.827417919987056,42.172291318858335,506.0674958263,64.08270948559333,0.2509711581345938,0.0035905162349100786,0.002332606236120323,0.02091426317788282
8,2025-04-08,21.571428571428573,0.3258538797827977,0.20288773680386699,2.496658094528192,24.844897164261024,42.172291318858335,506.0674958263,64.75889996178381,0.24608210959950433,0.0037172693450790656,0.0023144986489533246,0.020506842466625357
8,2025-04-09,21.285714285714285,0.3449014988304167,0.19971313362926382,2.5807168536225626,24.899029767690013,42.172291318858335,506.06749582629993,63.800169803053656,0.24282274390944464,0.003934560391083043,0.002278283474619329,0.02023522865912039
8,2025-04-10,20.428571428571427,0.32412617220801365,0.16651544675841354,2.583156407433878,24.907373118543806,42.172291318858335,506.0674958263,64.01563349977673,0.23304464683926568,0.0036975600373080897,0.0018995715691026514,0.019420387236605472
8,2025-04-11,20.714285714285715,0.33385638008063634,0.17049598634266827,2.4641276462149326,24.818846288661465,42.172291318858335,506.06749582629993,65.660480912426,0.23630401252932534,0.003808560107248202,0.0019449806886236065,0.01969200104411045
8,2025-04-12,20.0,0.3697431985761505,0.18981965784025284,2.5591111413913348,24.81954210005952,42.172291318858335,506.0674958263,64.81230975990702,0.22815559830417617,0.0042179490345020726,0.002165420880221844,0.019012966525348018
8,2025-04-13,19.0,0.3736251861537903,0.18011468889615342,2.5450523061142567,24.8659452228933,42.172291318858335,506.0674958263,63.14810168537286,0.21674781838896737,0.0042622338944213614,0.0020547087304236223,0.018062318199080617
8,2025-04-14,18.142857142857142,0.37362518615379026,0.2098765936580582,2.633656910866924,24.979073476900187,42.172291318858335,506.0674958263,62.28302232029349,0.20696972131878844,0.0042622338944213614,0.0023942259898048364,0.017247476776565702
8,2025-04-15,19.571428571428573,0.3412442337728379,0.19463849841996295,2.736214008043627,24.92743811460397,42.172291318858335,506.0674958263,62.203022320293485,0.2232665497690867,0.0038928391162146,0.002220393153001655,0.018605545814090556
8,2025-04-16,20.571428571428573,0.3221966147252188,0.17781310159456615,2.678371807607372,24.952315516972824,42.172291318858335,506.06749582629993,62.23603819330936,0.23467432968429552,0.0036755480702106223,0.002028452729031475,0.019556194140357964
8,2025-04-17,20.428571428571427,0.3749916457811195,0.1975759474443685,2.7912838272355924,24.913320885915528,42.172291318858335,506.0674958263,61.08640521758942,0.2330446468392657,0.004277822165112951,0.0022539029249842185,0.019420387236605476
8,2025-04-18,20.857142857142858,0.38626984126984126,0.17296897546897547,2.875138483578063,24.97105716773282,42.172291318858335,506.0674958263,59.677997835497834,0.2379336953743552,0.004406481337088991,0.001973192004309224,0.019827807947862933
8,2025-04-19,20.714285714285715,0.3573249299719888,0.16643302775655716,2.7968561857287737,25.040092747117253,42.172291318858335,506.06749582629993,60.11403891859775,0.23630401252932537,0.004076284159337849,0.0018986313512686435,0.01969200104411045
8,2025-04-20,21.571428571428573,0.38816908581614457,0.18997198879551822,2.7216279720109986,25.114389709591254,42.172291318858335,506.0674958263,60.83725320431203,0.24608210959950433,0.00442814750087838,0.002167158638233786,0.020506842466625364
8,2025-04-21,21.0,0.3711622830950562,0.18316926770708283,2.5439304248074848,25.047711278942764,42.172291318858335,506.0674958263,62.44042780748663,0.23956337821938498,0.0042341376383748285,0.002089554693232365,0.019963614851615415
8,2025-04-22,19.428571428571427,0.4083051402379133,0.20112845138055221,2.499099923947757,25.144746521952282,42.172291318858335,506.0674958263,62.055121685037655,0.22163686692405687,0.004657855178082585,0.0022944291080361154,0.01846973891033807
8,2025-04-23,18.857142857142858,0.42735275928553235,0.20548219287715086,2.5639515270454263,25.23086693197026,42.172291318858335,506.0674958263,61.21484957619412,0.21511813554393755,0.004875146224086561,0.002344095632837024,0.01792651129532813
8,2025-04-24,18.0,0.3827099021426753,0.19736530976026773,2.5486020636770728,25.189297444758672,42.172291318858335,506.06749582629993,61.56712230346685,0.20534003847375856,0.00436587033501474,0.0022515000166421473,0.017111669872813214
8,2025-04-25,18.571428571428573,0.35523737467014777,0.20635631875127672,2.5753685728795754,25.184991608433958,42.172291318858335,506.06749582629993,61.725963462308,0.21185876985387792,0.004052469787893619,0.002354067468427242,0.017654897487823163
8,2025-04-26,20.142857142857142,0.3558376147661862,0.21175847961562247,2.5157576739907386,25.055896371055862,42.172291318858335,506.0674958263,62.724162742019885,0.22978528114920602,0.004059317194805509,0.002415694130634252,0.019148773429100506
8,2025-04-27,21.571428571428573,0.3741006017791732,0.2060766614338043,2.616145456841313,25.090311626988786,42.17229131885834,506.06749582629993,62.371484170591316,0.24608210959950433,0.004267657331243981,0.0023508771992978386,0.020506842466625364
8,2025-04-28,23.571428571428573,0.38940672422815276,0.18566849816849818,2.8267088031378256,25.135857315432435,42.17229131885834,506.0674958263,59.51944335426479,0.268897669429922,0.004442266207497178,0.002118065364293577,0.022408139119160165
8,2025-04-29,26.0,0.354844512246586,0.16328535136138825,2.940807706403894,25.09333304221537,42.172291318858335,506.06749582629993,58.96908127394879,0.296602277795429,0.00404798809982867,0.001862723351708258,0.02471685648295242
8,2025-04-30,25.142857142857142,0.35484451224658603,0.15512208605526578,2.9203977991583137,24.99676147342127,42.172291318858335,506.06749582629993,59.001734335173275,0.28682418072525007,0.00404798809982867,0.0017695986177065533,0.023902015060437508
8,2025-05-01,26.428571428571427,0.3680587979608717,0.16012208605526576,2.8000799117076562,25.00933118719373,42.17229131885834,506.0674958263,59.54816290660184,0.30149132633051856,0.00419873376299393,0.0018266375172825975,0.02512427719420988
8,2025-05-02,25.571428571428573,0.39553132543339914,0.15242977836295807,2.7267850096010346,24.937310708068885,42.172291318858335,506.0674958263,60.843217851656796,0.2917132292603396,0.004512134310115051,0.0017388853640886836,0.024309435771694966
8,2025-05-03,24.714285714285715,0.4029524757116923,0.15428506593253138,2.777817300157323,25.0133611331808,42.172291318858335,506.0674958263,60.022253102120615,0.2819351321901606,0.004596793159207509,0.0017600500763617982,0.023494594349180054
8,2025-05-04,23.142857142857142,0.31387934645999166,0.12749935164681708,2.729394453697117,24.88677988328822,42.172291318858335,506.0674958263,60.963367047698846,0.26400862089483246,0.00358066650434516,0.0014544845429187052,0.022000718407902707
8,2025-05-05,21.571428571428573,0.3267845085248175,0.12389791107058659,2.592091418605347,24.858090412406852,42.172291318858335,506.06749582629993,63.403643158143026,0.2460821095995043,0.003727885752950796,0.001413400101447365,0.020506842466625364
8,2025-05-06,20.571428571428573,0.3375371966968606,0.17094092182327475,2.4973131202725734,24.8009448896772,42.172291318858335,506.06749582629993,63.82050183709847,0.2346743296842955,0.0038505500531143314,0.0019500564146628335,0.019556194140357964
8,2025-05-07,21.285714285714285,0.3184895776492415,0.20903615991851288,2.4370857690045358,24.708293174172262,42.172291318858335,506.0674958263,64.54669231328896,0.24282274390944464,0.0036332590071103538,0.002384638506670788,0.02023522865912039
8,2025-05-08,20.0,0.3052752919349558,0.23082187420422715,2.535997902379426,24.716769161644983,42.172291318858335,506.06749582629993,64.14312088471752,0.22815559830417617,0.0034825133439450946,0.0026331651405378373,0.019012966525348014
8,2025-05-09,19.0,0.2778027644624283,0.23851418189653484,2.519751835707183,24.814076204066083,42.17229131885834,506.06749582629993,63.90850550010214,0.21674781838896737,0.0031691127968239735,0.002720917293731751,0.018062318199080617
9,2025-01-01,12.714285714285714,0.44415584415584414,0.2541125541125542,3.3634218319502063,20.52995309301244,37.9739152689,569.6087290335,79.45930735930736,0.17172816738753746,0.005999084090555446,0.003432224523543905,0.011448544492502497
9,2025-01-02,12.857142857142858,0.43766233766233764,0.23679653679653684,3.207668109760913,20.321261465332565,37.9739152689,569.6087290335,78.58160173160172,0.17365769735818395,0.005911378182798787,0.003198342102859482,0.01157717982387893
9,2025-01-03,14.285714285714286,0.4138528138528138,0.2516774891774892,3.135967186448331,20.293332654103885,37.9739152689,569.6087290335,77.8107683982684,0.19295299706464883,0.005589789854357706,0.0033993348081351577,0.012863533137643256
9,2025-01-04,13.0,0.4043290043290043,0.25643939393939397,3.0656305958793366,20.280693893110904,37.9739152689,569.6087290335,77.84410173160174,0.17558722732883045,0.005461154522981273,0.003463652473823374,0.011705815155255362
9,2025-01-05,13.428571428571429,0.420995670995671,0.24453463203463205,2.9292818463934487,20.13508937658855,37.9739152689,569.6087290335,76.73695887445888,0.18137581724076987,0.00568626635289003,0.003302858309602833,0.012091721149384659
9,2025-01-06,13.142857142857142,0.41666666666666663,0.27916666666666673,3.0235809609445967,20.170952929124006,37.9739152689,569.6087290335,77.4498015873016,0.1775167572994769,0.005627795747718925,0.0037706231509716795,0.011834450486631797
9,2025-01-07,13.142857142857142,0.41666666666666663,0.30773809523809526,3.226080561680249,20.31780746455923,37.9739152689,569.6087290335,78.73551587301587,0.1775167572994769,0.005627795747718924,0.004156529145100977,0.011834450486631797
9,2025-01-08,11.285714285714286,0.40909090909090906,0.27202380952380956,3.223328389434045,20.27710558372798,37.9739152689,569.6087290335,78.79936868686869,0.1524328676810726,0.005525472188669489,0.003674146652439355,0.010162191178738173
9,2025-01-09,11.0,0.3805194805194804,0.2672619047619048,3.318040438311385,20.31862006438845,37.9739152689,569.6087290335,78.40174963924963,0.1485738077397796,0.005139566194540192,0.0036098289867511385,0.009904920515985308
9,2025-01-10,9.857142857142858,0.3269480519480519,0.22261904761904766,3.2690967537387943,20.293428282463,37.9739152689,569.6087290335,77.19639249639249,0.13313756797460768,0.004415992455547758,0.0030068508709241103,0.008875837864973845
9,2025-01-11,10.714285714285714,0.32694805194805193,0.24642857142857144,3.305137271570157,20.17365006056473,37.9739152689,569.6087290335,76.93448773448775,0.14471474779848664,0.004415992455547758,0.0033284391993651926,0.00964764985323244
9,2025-01-12,10.0,0.2936147186147186,0.2416666666666667,3.40853650634774,20.231742765677126,37.9739152689,569.6087290335,77.99639249639249,0.13506709794525418,0.0039657687957302444,0.003264121533676976,0.009004473196350279
9,2025-01-13,9.571428571428571,0.3174242424242424,0.21785714285714292,3.154770186957473,20.02786190502323,37.9739152689,569.6087290335,74.9090909090909,0.1292785080333147,0.0042873571241713255,0.002942533205235895,0.00861856720222098
9,2025-01-14,9.142857142857142,0.3357915893630179,0.17500000000000004,3.2697115580338236,20.189504779134957,37.9739152689,569.6087290335,76.36419294990722,0.12348991812137525,0.004535439548968732,0.002363674214041948,0.008232661208091683
9,2025-01-15,9.0,0.3124149659863945,0.1892857142857143,3.191273677335691,20.12129172316398,37.9739152689,569.6087290335,75.95510204081633,0.12156038815072877,0.00421969828104476,0.0025566272111065967,0.008104025876715252
9,2025-01-16,8.857142857142858,0.28543083900226757,0.19404761904761908,3.1811279791201232,20.122569003195284,37.9739152689,569.6087290335,76.74557823129251,0.11963085818008226,0.003855231508811535,0.0026209448767948135,0.007975390545338818
9,2025-01-17,9.285714285714286,0.30653473510616364,0.22813852813852817,3.21888526034285,20.193013425118135,37.9739152689,569.6087290335,77.89492888064316,0.12541944809202174,0.004140275709020675,0.0030814008925172704,0.008361296539468117
9,2025-01-18,9.571428571428571,0.3303442589156874,0.23153988868274586,3.2227711120905203,20.340651739519437,37.9739152689,569.6087290335,77.595609152752,0.12927850803331473,0.004461864037461757,0.0031273420822945683,0.00861856720222098
9,2025-01-19,10.0,0.37539920397063253,0.21066076780362497,3.092812079242584,20.289679234572837,37.9739152689,569.6087290335,77.06483992198277,0.13506709794525418,0.005070408105127188,0.002845333855815466,0.009004473196350279
9,2025-01-20,10.0,0.32778015635158486,0.1868512439941012,3.3354213206078156,20.573164140166046,37.9739152689,569.6087290335,80.4934113505542,0.13506709794525418,0.0044272314482450255,0.0025237455273743846,0.009004473196350279
9,2025-01-21,11.0,0.2971679114536257,0.21746348889206038,3.2430596420555573,20.507150499050113,37.9739152689,569.6087290335,79.46279910565625,0.1485738077397796,0.004013760740249349,0.0029372162353700606,0.009904920515985306
9,2025-01-22,11.0,0.31145362573934,0.2460349174634889,3.3548430277619454,20.65161796095058,37.9739152689,569.6087290335,79.79137053422768,0.1485738077397796,0.004206713737313998,0.0033231222294993583,0.009904920515985306
9,2025-01-23,11.142857142857142,0.3812948955806098,0.2269872984158699,3.4343362051233055,20.702803895293652,37.9739152689,569.6087290335,79.54375148660863,0.1505033377104261,0.00515003950074117,0.0030658515667464936,0.01003355584736174
9,2025-01-24,11.571428571428571,0.3933542647828362,0.21585557299843017,3.3409104856883443,20.61519011087979,37.9739152689,569.6087290335,78.629094714809,0.15629192762236555,0.005312921900860678,0.002915498582020793,0.010419461841491036
9,2025-01-25,11.285714285714286,0.3814495028780743,0.1767399267399268,3.470422993044818,20.64755413446074,37.9739152689,569.6087290335,79.30936682365254,0.1524328676810726,0.005152127736640138,0.002387174899581873,0.010162191178738173
9,2025-01-26,10.714285714285714,0.3570294784580499,0.2182539682539683,3.6169733756850997,20.80802677995174,37.9739152689,569.6087290335,79.90521541950113,0.14471474779848664,0.004822293553623644,0.0029478930107099126,0.00964764985323244
9,2025-01-27,12.714285714285714,0.37607709750566887,0.2611111111111111,3.6535855380331914,20.82054038339803,37.9739152689,569.6087290335,79.89331065759636,0.17172816738753746,0.005079564216376509,0.003526752001903859,0.011448544492502497
9,2025-01-28,12.285714285714286,0.3844258915687487,0.28244691816120393,3.584305880647603,20.77808846134709,37.9739152689,569.6087290335,79.72726242011956,0.165939577475598,0.005192328954920784,0.0038149285559614518,0.0110626384983732
9,2025-01-29,12.285714285714286,0.35585446299732004,0.2967326324469182,3.6264389301878386,20.803543976796426,37.9739152689,569.6087290335,80.74154813440528,0.165939577475598,0.004806422960791486,0.0040078815530261,0.0110626384983732
9,2025-01-30,12.285714285714286,0.3129973201401772,0.2967326324469182,3.591547213989712,20.87490344050923,37.9739152689,569.6087290335,81.84154813440527,0.165939577475598,0.00422756396959754,0.0040078815530261,0.0110626384983732
9,2025-01-31,11.142857142857142,0.28578643578643576,0.255916305916306,3.744061411210211,21.042297082972727,37.9739152689,569.6087290335,83.94018759018759,0.1505033377104261,0.0038600344513791615,0.0034565872756985327,0.01003355584736174
9,2025-02-01,12.0,0.2818181818181818,0.25988455988455994,3.605981060749003,20.94335824936289,37.9739152689,569.6087290335,83.89256854256855,0.162080517534305,0.0038064363966389815,0.0035101853304387127,0.010805367835620335
9,2025-02-02,13.142857142857142,0.26874628639334514,0.2300059417706477,3.552141904818953,20.80974942688003,37.9739152689,569.6087290335,83.72076648841356,0.1775167572994769,0.0036298780986713285,0.0031066235065126497,0.011834450486631795
9,2025-02-03,12.142857142857142,0.2588561765032353,0.24209385385855978,3.5658406791941415,20.77206631895411,37.9739152689,569.6087290335,83.47076648841356,0.1640100475049515,0.0034962952545496487,0.003269891427105814,0.010934003166996767
9,2025-02-04,11.714285714285714,0.2377522803993392,0.19014580191050784,3.556287557081127,20.7247642120922,37.9739152689,569.6087290335,83.64446778711485,0.15822145759301204,0.0032112510543405087,0.0025682441650525453,0.010548097172867468
9,2025-02-05,12.0,0.24727608992314873,0.13300294476765068,3.5278924756513796,20.693230745206044,37.9739152689,569.6087290335,82.71827731092438,0.162080517534305,0.0033398863857169413,0.00179643217679395,0.010805367835620333
9,2025-02-06,11.428571428571429,0.2758475184945773,0.17586008762479355,3.5588431363130857,20.575989875597575,37.9739152689,569.6087290335,81.79446778711485,0.15436239765171905,0.003725792379846239,0.002375291167987897,0.010290826510114606
9,2025-02-07,12.428571428571429,0.28500502765208646,0.2527831645478705,3.503930123388351,20.491690119142437,37.9739152689,569.6087290335,81.09300258564964,0.16786910744624445,0.003849480198477424,0.003414268844489852,0.011191273829749633
9,2025-02-08,11.428571428571429,0.2943845370315958,0.3148322265969325,3.6714615755316102,20.705334374090643,37.9739152689,569.6087290335,82.98910648175354,0.15436239765171905,0.003976166509681486,0.004252347518609033,0.010290826510114605
9,2025-02-09,10.571428571428571,0.29591242091242087,0.3071928071928072,3.565990365058798,20.635045313857795,37.9739152689,569.6087290335,82.39323176823177,0.14278521782784012,0.003996803193859524,0.004149164097718847,0.009519014521856007
9,2025-02-10,10.571428571428571,0.32887945387945383,0.3071928071928072,3.347900691899021,20.417436691402663,37.9739152689,569.6087290335,81.04158341658342,0.14278521782784012,0.00444207934093179,0.004149164097718847,0.009519014521856009
9,2025-02-11,10.857142857142858,0.3538794538794538,0.3500499500499501,3.3536834326191913,20.459772810112035,37.9739152689,569.6087290335,81.33801198801198,0.14664427776913308,0.004779747085794926,0.004728023088912793,0.009776285184608874
9,2025-02-12,9.857142857142858,0.38721278721278724,0.4357642357642358,3.3984944128866275,20.574681261064566,37.9739152689,569.6087290335,82.82134532134532,0.13313756797460768,0.005229970745612439,0.005885741071300687,0.008875837864973845
9,2025-02-13,11.0,0.34639646068217494,0.36433566433566433,3.298387792863433,20.59341425155451,37.9739152689,569.6087290335,82.68188953903238,0.1485738077397796,0.0046786764682848715,0.004920976085977442,0.009904920515985306
9,2025-02-14,10.428571428571429,0.3769214912072055,0.3350316350316351,3.3145400779133736,20.535810642719827,37.9739152689,569.6087290335,82.35954521668808,0.14085568785719363,0.005090969197055489,0.00452517506635765,0.009390379190479577
9,2025-02-15,10.428571428571429,0.40289551718123146,0.29607059607059616,3.2192039949106004,20.442170755238944,37.9739152689,569.6087290335,80.0868179439608,0.14085568785719366,0.005441792828082123,0.003998939619817699,0.009390379190479577
9,2025-02-16,10.0,0.40451889380460804,0.3058108558108558,3.255479844763117,20.498219376608528,37.9739152689,569.6087290335,79.9001296322725,0.13506709794525418,0.005463719305021287,0.004130498481452686,0.009004473196350279
9,2025-02-17,8.857142857142858,0.42429911358482786,0.308008658008658,3.277551078569392,20.55121605987201,37.9739152689,569.6087290335,79.82320655534942,0.11963085818008226,0.005730884993264647,0.004160183557924171,0.007975390545338818
9,2025-02-18,8.285714285714286,0.42906101834673255,0.33658008658008665,3.3325005498400957,20.553917467340817,37.9739152689,569.6087290335,79.81844465058751,0.11191273829749633,0.005795202658952864,0.004546089552053469,0.007460849219833088
9,2025-02-19,9.428571428571429,0.43785222713794136,0.2728438228438229,3.36274771216366,20.486403394231623,37.9739152689,569.6087290335,78.70415893630181,0.12734897806266823,0.0059139429648388,0.00368522233438042,0.008489931870844548
9,2025-02-20,8.571428571428571,0.4786685536685536,0.29070096570096576,3.372280304816124,20.48075442934739,37.9739152689,569.6087290335,78.90313852813854,0.11577179823878929,0.006465237242166369,0.003926413580711231,0.007718119882585953
9,2025-02-21,8.857142857142858,0.46712454212454213,0.3339910089910091,3.3458322240974634,20.556247656857465,37.9739152689,569.6087290335,78.78192640692642,0.11963085818008226,0.0063093156283767545,0.004511119632422288,0.007975390545338818
9,2025-02-22,9.285714285714286,0.4170317777460634,0.30523405166262313,3.3590003322135127,20.574845317423872,37.9739152689,569.6087290335,79.55650896722325,0.12541944809202174,0.005632727197111102,0.004122707755214229,0.008361296539468115
9,2025-02-23,10.0,0.4403834260977118,0.3134758099043814,3.5007428587100002,20.69812193783867,37.9739152689,569.6087290335,80.56337709909137,0.13506709794525418,0.005948131134620624,0.004234026791982295,0.009004473196350279
9,2025-02-24,10.571428571428571,0.35466914038342606,0.2722059686345401,3.627563487226143,20.805914010002137,37.9739152689,569.6087290335,82.32528186099614,0.14278521782784012,0.004790413152232732,0.0036766070226844213,0.009519014521856009
9,2025-02-25,11.428571428571429,0.34276437847866414,0.2364916829202544,3.7074047839598308,20.813218967533153,37.9739152689,569.6087290335,83.0633770990914,0.15436239765171905,0.0046296189880121906,0.0031942245300227985,0.010290826510114605
9,2025-02-26,11.857142857142858,0.3214731696874554,0.2591565180850896,3.6589364418218486,20.69527248935273,37.9739152689,569.6087290335,82.89373424194854,0.1601509875636585,0.004342044809694685,0.003500351881134982,0.010676732504243903
9,2025-02-27,12.428571428571429,0.2857588839731697,0.31272794665651815,3.727821655182436,20.77117625668856,37.9739152689,569.6087290335,82.90563900385328,0.16786910744624448,0.0038596623170330632,0.0042239256201274155,0.011191273829749633
9,2025-02-28,12.714285714285714,0.29974489795918363,0.2437968777254492,3.617396077419614,20.636223615276407,37.9739152689,569.6087290335,81.98655808477237,0.17172816738753746,0.004048567349124328,0.00329289367624904,0.011448544492502499
9,2025-03-01,12.0,0.29067460317460314,0.24946581196581202,3.556089347424668,20.52574529655607,37.9739152689,569.6087290335,83.01717032967032,0.16208051753430502,0.003926057509718201,0.003369462325877869,0.010805367835620335
9,2025-03-02,11.571428571428571,0.29946581196581196,0.21979548229548238,3.4662567236771022,20.44222736817093,37.9739152689,569.6087290335,82.65673076923076,0.15629192762236555,0.00404479781560414,0.0029687137935128292,0.010419461841491036
9,2025-03-03,11.714285714285714,0.35660866910866906,0.2039224664224665,3.4540652108382206,20.373868824356613,37.9739152689,569.6087290335,82.25196886446886,0.15822145759301204,0.0048166098038627345,0.002754321574552108,0.010548097172867468
9,2025-03-04,12.0,0.3923229548229548,0.19882042560613994,3.3100412176251885,20.352412588388464,37.9739152689,569.6087290335,80.66353349031921,0.162080517534305,0.005298992296524357,0.0026854097898861623,0.010805367835620335
9,2025-03-05,11.142857142857142,0.34768009768009767,0.21132042560613998,3.2527785815921706,20.432538763433943,37.9739152689,569.6087290335,80.59031920460492,0.1505033377104261,0.00469601418069733,0.00285424366231773,0.01003355584736174
9,2025-03-06,10.857142857142858,0.41196581196581195,0.18274899703471137,3.141260813346861,20.3049065453714,37.9739152689,569.6087290335,78.99984301412873,0.1466442777691331,0.005564302667488248,0.0024683376681884322,0.009776285184608876
9,2025-03-07,10.571428571428571,0.38499278499278494,0.21271902700474138,3.2247165194478353,20.319397878265164,37.9739152689,569.6087290335,79.71113172541745,0.14278521782784012,0.005199985819883667,0.002873134165526856,0.009519014521856009
9,2025-03-08,11.714285714285714,0.37845683728036666,0.22205609516533895,3.366990063557268,20.415026533138594,37.9739152689,569.6087290335,79.20693004474516,0.15822145759301204,0.0051117066708998415,0.002999247235503751,0.010548097172867468
9,2025-03-09,13.285714285714286,0.31315071483138707,0.24858670741023686,3.324334078218322,20.393774133494297,37.9739152689,569.6087290335,78.65318854814653,0.1794462872701234,0.004229635827175732,0.00335758851576667,0.011963085818008227
9,2025-03-10,14.0,0.30362690530757747,0.286681945505475,3.3165438568661436,20.48306144442548,37.9739152689,569.6087290335,78.7150933100513,0.18909393712335584,0.0041010004957993,0.0038721298412724005,0.01260626247489039
9,2025-03-11,13.142857142857142,0.30362690530757747,0.2917839863218015,3.378354141718045,20.505421995731385,37.9739152689,569.6087290335,79.72019535086761,0.17751675729947694,0.0041010004957993,0.0039410416259383465,0.011834450486631795
9,2025-03-12,12.857142857142858,0.3750554767361489,0.27035541489323006,3.5230449532547374,20.698600205111394,37.9739152689,569.6087290335,80.80233820801048,0.17365769735818395,0.0050657654811225436,0.003651612130341373,0.01157717982387893
9,2025-03-13,14.285714285714286,0.3036269053075776,0.23464112917894436,3.4888892788264796,20.680214851674275,37.9739152689,569.6087290335,81.3809096365819,0.19295299706464883,0.0041010004957993,0.003169229637679751,0.012863533137643254
9,2025-03-14,16.142857142857142,0.3063325330132053,0.1945978391356543,3.5764322651986715,20.816942975957,37.9739152689,569.6087290335,81.8170568227291,0.21803688668305315,0.004137544624031241,0.002628376539847023,0.014535792445536877
9,2025-03-15,18.142857142857142,0.32720539828834755,0.22468729427254777,3.506169732219256,20.80936909887485,37.9739152689,569.6087290335,81.53784836515251,0.24505030627210403,0.004419468357882815,0.0030347860782564346,0.016336687084806935
9,2025-03-16,17.857142857142858,0.3368724229929663,0.20642735871937917,3.520128273031986,20.78166227775503,37.9739152689,569.6087290335,81.24497332039776,0.24119124633081104,0.004550038055144608,0.0027881544278730496,0.016079416422054068
9,2025-03-17,18.428571428571427,0.34188495432128707,0.2360012935564719,3.6015415655759315,20.796203462731807,37.9739152689,569.6087290335,81.77329412240279,0.248909366213397,0.004617740861132203,0.003187600983199866,0.0165939577475598
9,2025-03-18,18.857142857142858,0.30941742185375454,0.21327402082919916,3.564068150509607,20.76750638283732,37.9739152689,569.6087290335,80.3479694470781,0.25469795612533647,0.004179211322348911,0.002880630306051561,0.016979863741689097
9,2025-03-19,18.571428571428573,0.30941742185375454,0.22517878273396105,3.5081193863760314,20.69846103788146,37.9739152689,569.6087290335,80.15154087564953,0.2508388961840435,0.004179211322348911,0.003041424470272102,0.01672259307893623
9,2025-03-20,16.857142857142858,0.3165602789966117,0.25375021130538966,3.7322959605949384,20.88916416142806,37.9739152689,569.6087290335,81.91939801850667,0.22768453653628565,0.004275687820881236,0.0034273304644013994,0.015178969102419042
9,2025-03-21,15.714285714285714,0.3016793266156594,0.2597025922577706,3.641497171399996,20.812307773457228,37.9739152689,569.6087290335,81.89558849469715,0.2122482967711137,0.004074695115605559,0.00350772754651167,0.01414988645140758
9,2025-03-22,12.285714285714286,0.29641270383751583,0.2248112163525698,3.3823677760314905,20.585305433530145,37.9739152689,569.6087290335,79.0055292451909,0.165939577475598,0.004003560370143938,0.003036459857828426,0.0110626384983732
9,2025-03-23,11.714285714285714,0.3425279920580672,0.2498738729941738,3.3935522128861586,20.58285779298406,37.9739152689,569.6087290335,79.13786007225858,0.15822145759301204,0.004626426185229821,0.0033749738877664063,0.010548097172867471
9,2025-03-24,10.142857142857142,0.34346784168212735,0.23577612863327155,3.524701929188827,20.70404227992944,37.9739152689,569.6087290335,80.11906307977736,0.13699662791590067,0.004639120461352495,0.003184559745926293,0.009133108527726712
9,2025-03-25,9.714285714285714,0.3223639455782313,0.27636054421768713,3.658585473388967,20.906368510188322,37.9739152689,569.6087290335,82.33010204081633,0.13120803800396122,0.004354076261143356,0.0037327216694054096,0.008747202533597414
9,2025-03-26,11.0,0.2890306122448979,0.26683673469387764,3.7141246156040277,20.932134114904493,37.9739152689,569.6087290335,83.06819727891157,0.1485738077397796,0.0039038526013258417,0.003604086338028976,0.009904920515985308
9,2025-03-27,11.428571428571429,0.30526437847866417,0.25709647495361787,3.4811777817526024,20.80084167145676,37.9739152689,569.6087290335,82.19969078540508,0.15436239765171905,0.004123117370717488,0.0034725274763939885,0.010290826510114605
9,2025-03-28,11.285714285714286,0.3070500927643784,0.28685837971552264,3.485535465618367,20.769149028260863,37.9739152689,569.6087290335,80.87826221397651,0.1524328676810726,0.004147236495350569,0.00387451288694534,0.010162191178738173
9,2025-03-29,12.428571428571429,0.27575757575757576,0.28549783549783553,3.69157453794801,20.93533677190386,37.9739152689,569.6087290335,84.41839826839828,0.16786910744624448,0.0037245775493994332,0.0038561364110344214,0.011191273829749632
9,2025-03-30,13.285714285714286,0.28119975262832403,0.2786951144094002,3.625701147455524,20.900804357361057,37.9739152689,569.6087290335,83.94628942486086,0.1794462872701234,0.0037980834530431094,0.003764254031479827,0.011963085818008227
9,2025-03-31,14.428571428571429,0.2901283240568954,0.2519094001236859,3.504276453658027,20.868627517572868,37.9739152689,569.6087290335,83.714146567718,0.19488252703529532,0.003918679076208515,0.00340246716198361,0.012992168469019688
9,2025-04-01,16.428571428571427,0.3112322201607916,0.21132498453927032,3.3591202469644883,20.679473985325068,37.9739152689,569.6087290335,82.67843228200373,0.22189594662434614,0.004203723276417655,0.002854305238504494,0.014793063108289746
9,2025-04-02,16.571428571428573,0.3267084106369821,0.20894403215831797,3.256483880016602,20.57695994288829,37.9739152689,569.6087290335,80.64569418676561,0.22382547659499266,0.0044127556899043584,0.0028221464056603857,0.014921698439666176
9,2025-04-03,17.142857142857142,0.30333178726035864,0.20201762523191102,3.344234397572028,20.568843498812225,37.9739152689,569.6087290335,80.18681972789115,0.23154359647757858,0.004097014421980387,0.002728593437386617,0.015436239765171906
9,2025-04-04,17.0,0.3053726035868892,0.19521490414347564,3.2923987915791035,20.598709493326137,37.9739152689,569.6087290335,80.81947278911564,0.2296140665069321,0.004124579135846766,0.0026367110578320216,0.015307604433795474
9,2025-04-05,17.285714285714285,0.3546723234748444,0.18457064644039442,3.384721962375617,20.682918585246632,37.9739152689,569.6087290335,80.56625150060025,0.23347312644822507,0.004790456145324769,0.0024929421580583626,0.01556487509654834
9,2025-04-06,16.0,0.3087539561279056,0.16756384371930594,3.4805246507912537,20.749009445251595,37.9739152689,569.6087290335,81.60026510604243,0.21610735671240672,0.0041702500833312554,0.0022632362091718756,0.014407157114160447
9,2025-04-07,15.857142857142858,0.30339681327076284,0.14077812943359166,3.3972522035976183,20.61398110773296,37.9739152689,569.6087290335,80.29431272509005,0.2141778267417602,0.004097892709432012,0.001901449339675659,0.014278521782784012
9,2025-04-08,14.571428571428571,0.36333687321082275,0.17174716040262264,3.477600752792628,20.718358551310452,37.9739152689,569.6087290335,80.51958745036475,0.1968120570059418,0.004907485704108859,0.002319739053592031,0.013120803800396121
9,2025-04-09,14.857142857142858,0.34944798432193386,0.18365192230738453,3.375122510743474,20.62801553149234,37.9739152689,569.6087290335,80.4967699900473,0.20067111694723477,0.00471989251251823,0.002480533217812571,0.013378074463148986
9,2025-04-10,14.0,0.352622587496537,0.19635033500579727,3.3218313531451704,20.585278423762333,37.9739152689,569.6087290335,79.97296046623777,0.18909393712335584,0.004762770956310373,0.0026520469929811477,0.01260626247489039
9,2025-04-11,13.428571428571429,0.36486748545572073,0.1698197227608993,3.334314247090576,20.558163932904538,37.9739152689,569.6087290335,79.76887883358471,0.18137581724076987,0.0049281592395086435,0.0022937057127182287,0.012091721149384659
9,2025-04-12,13.0,0.3672684458398744,0.20223268794697374,3.2172102794152595,20.498973176905764,37.9739152689,569.6087290335,79.47175998604571,0.17558722732883045,0.00496058831464556,0.0027314982270665914,0.011705815155255362
9,2025-04-13,13.857142857142858,0.3950462236176521,0.25778824350252927,3.2427181101000997,20.583368688795876,37.9739152689,569.6087290335,79.82096633525204,0.18716440715270935,0.00533577469782682,0.0034818709934291148,0.012477627143513957
9,2025-04-14,13.428571428571429,0.38552241409384264,0.25778824350252927,3.243542811479074,20.61271387448922,37.9739152689,569.6087290335,79.54953776382347,0.18137581724076993,0.005207139366450389,0.0034818709934291148,0.01209172114938466
9,2025-04-15,13.285714285714286,0.32233560090702945,0.23764172335600914,3.2544097433151,20.57182836030696,37.9739152689,569.6087290335,79.3718820861678,0.17944628727012343,0.004353693417895211,0.0032097577924405075,0.011963085818008229
9,2025-04-16,13.142857142857142,0.3414765906362544,0.20682939842603718,3.3975790853164134,20.655727496040416,37.9739152689,569.6087290335,79.79438442043484,0.17751675729947694,0.004612225211347846,0.002793584661516755,0.011834450486631795
9,2025-04-17,13.714285714285714,0.3317085808682447,0.1750833666800054,3.359740331070196,20.720642948500473,37.9739152689,569.6087290335,80.33650896255938,0.18523487718206288,0.0044802915381412485,0.002364800223595313,0.012348991812137528
9,2025-04-18,14.571428571428571,0.31563715229681616,0.16972622382286254,3.375177965287692,20.761595281099485,37.9739152689,569.6087290335,80.81865181970224,0.1968120570059418,0.004263219416443518,0.00229244284969607,0.013120803800396121
9,2025-04-19,15.0,0.30483283056812466,0.13731325863678812,3.32978541448237,20.65677108322786,37.9739152689,569.6087290335,79.40148495295554,0.20260064691788124,0.004117288578327397,0.001854650335347707,0.013506709794525418
9,2025-04-20,13.285714285714286,0.2889598146951088,0.10556722689075637,3.2719995546450606,20.517844552924448,37.9739152689,569.6087290335,79.52846907993967,0.17944628727012343,0.003902896359366676,0.0014258658974262651,0.011963085818008227
9,2025-04-21,12.714285714285714,0.29491219564748977,0.1412815126050421,3.4338552352671385,20.60725192582911,37.9739152689,569.6087290335,80.40942146089205,0.17172816738753746,0.003983293441476946,0.0019082483900878873,0.011448544492502499
9,2025-04-22,13.285714285714286,0.3127693385046326,0.1353291316526611,3.3460785930617862,20.552441934608034,37.9739152689,569.6087290335,80.08501669898729,0.1794462872701234,0.0042244846878077575,0.0018278513079776168,0.011963085818008229
9,2025-04-23,13.142857142857142,0.298588666235725,0.16316526610644264,3.2598240986110403,20.504372445464128,37.9739152689,569.6087290335,79.45318896789486,0.17751675729947694,0.004032950462780348,0.0022038258978462344,0.011834450486631797
9,2025-04-24,12.857142857142858,0.3025846702317291,0.20212630506748158,3.402248163497442,20.546682592381153,37.9739152689,569.6087290335,80.01063152533742,0.17365769735818395,0.004086923329092139,0.0027300613443861856,0.01157717982387893
9,2025-04-25,11.857142857142858,0.30754498769204647,0.22494376538494193,3.4781414422394823,20.58417349136058,37.9739152689,569.6087290335,81.02055216025805,0.1601509875636585,0.0041539208975173636,0.0030382501591422217,0.010676732504243903
9,2025-04-26,11.285714285714286,0.3120698745698745,0.27148545898545906,3.506384803372685,20.630346368124798,37.9739152689,569.6087290335,82.37413974913976,0.1524328676810726,0.004215037231429243,0.0036668753079501276,0.010162191178738173
9,2025-04-27,14.0,0.2987365412365412,0.26958069708069715,3.461514547855804,20.631975458995857,37.9739152689,569.6087290335,80.93604451104451,0.18909393712335584,0.004034947767502238,0.003641148241674841,0.012606262474890393
9,2025-04-28,14.857142857142858,0.26557327593041874,0.2644786562643706,3.2363614735422517,20.43388369743638,37.9739152689,569.6087290335,79.20135063349349,0.20067111694723477,0.003587021167173589,0.003572236457008895,0.013378074463148986
9,2025-04-29,14.428571428571429,0.25595789131503416,0.2795885463742607,3.345846118653498,20.510312737354134,37.9739152689,569.6087290335,80.1649495345924,0.19488252703529532,0.0034571489576108445,0.00377632135775035,0.012992168469019688
9,2025-04-30,13.857142857142858,0.2589340817912246,0.2825647368504512,3.3397693595157856,20.490322751803742,37.9739152689,569.6087290335,81.2274495345924,0.18716440715270938,0.00349734749866598,0.0038165198988054858,0.012477627143513957
9,2025-05-01,14.714285714285714,0.27497686253988773,0.2688137819230257,3.2834307729239236,20.48281284777106,37.9739152689,569.6087290335,81.32676198684602,0.19874158697658828,0.0037140326825353715,0.00363078974120315,0.013249439131772553
9,2025-05-02,15.571428571428571,0.3098974974605227,0.2656391787484225,3.27572551217222,20.46041771919388,37.9739152689,569.6087290335,80.83469849478253,0.2103187668004672,0.004185695564248957,0.0035879112974110056,0.014021251120031148
9,2025-05-03,15.857142857142858,0.3120952996583248,0.24878936189860568,3.3128432476353313,20.4439790176911,37.9739152689,569.6087290335,79.76290362298765,0.2141778267417602,0.004215380640720442,0.003360325711129625,0.014278521782784015
9,2025-05-04,14.142857142857142,0.31077661833964354,0.22505309816234192,3.417729180153059,20.51236195758011,37.9739152689,569.6087290335,80.33652999661402,0.19102346709400234,0.0041975695948375516,0.0030397268852375933,0.012734897806266824
9,2025-05-05,13.571428571428571,0.31893988364576603,0.19444085326438273,3.58732866030865,20.673312443165916,37.9739152689,569.6087290335,82.04265244559362,0.1833053472114164,0.0043078284503030645,0.002626256177241917,0.012220356480761094
9,2025-05-06,14.142857142857142,0.32540400775694894,0.1698771816418876,3.495260734710495,20.602818599541276,37.9739152689,569.6087290335,80.62894850247791,0.19102346709400234,0.004395137498748607,0.0022944817931488557,0.012734897806266824
9,2025-05-07,13.714285714285714,0.2777849601379013,0.15400416576887174,3.554131864143504,20.65304785690165,37.9739152689,569.6087290335,80.57736120089062,0.18523487718206286,0.003751960841866444,0.0020800895741881348,0.012348991812137526
9,2025-05-08,12.714285714285714,0.29291101055806934,0.17165122459240112,3.4485404765121257,20.59259669772238,37.9739152689,569.6087290335,78.68324355383177,0.17172816738753746,0.0039562640152290135,0.0023184432764444657,0.011448544492502499
9,2025-05-09,12.857142857142858,0.2619586296056884,0.17879408173525826,3.3580885801433786,20.530711768573585,37.9739152689,569.6087290335,77.24574355383177,0.17365769735818395,0.0035381991882556083,0.00241491977497679,0.01157717982387893
9,2025-05-10,11.142857142857142,0.2524348200818789,0.1406988436400202,3.5735008813318365,20.906263694964913,37.9739152689,569.6087290335,79.77907688716512,0.1505033377104261,0.0034095638568791753,0.0019003784494710599,0.010033555847361738
